epoch_index,wsmi_scalar,subject_id,band
0,0.00041283890311107584,patient12_window16s_stride1s-epo,delta
1,0.0008252590749862156,patient12_window16s_stride1s-epo,delta
2,0.0019733211613897467,patient12_window16s_stride1s-epo,delta
3,0.0014428638825443529,patient12_window16s_stride1s-epo,delta
4,0.001192403653867472,patient12_window16s_stride1s-epo,delta
5,0.0018444109719068654,patient12_window16s_stride1s-epo,delta
6,0.0010532996235319656,patient12_window16s_stride1s-epo,delta
7,0.0013020383355488393,patient12_window16s_stride1s-epo,delta
8,0.0018333544615475805,patient12_window16s_stride1s-epo,delta
9,0.0019164655867352238,patient12_window16s_stride1s-epo,delta
10,0.0014046635488042614,patient12_window16s_stride1s-epo,delta
11,0.0014176011316980874,patient12_window16s_stride1s-epo,delta
12,0.0016410588824413766,patient12_window16s_stride1s-epo,delta
13,0.0009249663348323075,patient12_window16s_stride1s-epo,delta
14,0.00037045538211095275,patient12_window16s_stride1s-epo,delta
15,-7.088083497512193e-05,patient12_window16s_stride1s-epo,delta
16,6.986209912900861e-05,patient12_window16s_stride1s-epo,delta
17,0.0007440160719352391,patient12_window16s_stride1s-epo,delta
18,7.591623893945394e-05,patient12_window16s_stride1s-epo,delta
19,-0.0003508848698155596,patient12_window16s_stride1s-epo,delta
20,0.0004342405434721976,patient12_window16s_stride1s-epo,delta
21,0.0003457360782665163,patient12_window16s_stride1s-epo,delta
22,0.00018753985659621328,patient12_window16s_stride1s-epo,delta
23,0.0007712392089123758,patient12_window16s_stride1s-epo,delta
24,0.0009621606143724704,patient12_window16s_stride1s-epo,delta
25,0.0010412800070276535,patient12_window16s_stride1s-epo,delta
26,0.002116920187438043,patient12_window16s_stride1s-epo,delta
27,0.0015973144881616897,patient12_window16s_stride1s-epo,delta
28,0.001853171166642405,patient12_window16s_stride1s-epo,delta
29,0.0021168945598530995,patient12_window16s_stride1s-epo,delta
30,0.0014907461836521467,patient12_window16s_stride1s-epo,delta
31,0.0018558857244594473,patient12_window16s_stride1s-epo,delta
32,0.0020064241653040046,patient12_window16s_stride1s-epo,delta
33,0.0015091596866826623,patient12_window16s_stride1s-epo,delta
34,0.002897951306167298,patient12_window16s_stride1s-epo,delta
35,0.0028436576536492154,patient12_window16s_stride1s-epo,delta
36,0.0027500849177772117,patient12_window16s_stride1s-epo,delta
37,0.0017796071683031896,patient12_window16s_stride1s-epo,delta
38,0.001525369501748126,patient12_window16s_stride1s-epo,delta
39,0.0005416134280896428,patient12_window16s_stride1s-epo,delta
40,0.0008617439054917491,patient12_window16s_stride1s-epo,delta
41,0.0007865281705108694,patient12_window16s_stride1s-epo,delta
42,0.0010529875995544736,patient12_window16s_stride1s-epo,delta
43,0.0006263236205360215,patient12_window16s_stride1s-epo,delta
44,0.0010482583073681937,patient12_window16s_stride1s-epo,delta
45,0.00046804586664638757,patient12_window16s_stride1s-epo,delta
46,0.0011208080890002684,patient12_window16s_stride1s-epo,delta
47,0.0015553109423888318,patient12_window16s_stride1s-epo,delta
48,0.0014988610696559325,patient12_window16s_stride1s-epo,delta
49,0.0010127572305054233,patient12_window16s_stride1s-epo,delta
50,0.0010650493959609105,patient12_window16s_stride1s-epo,delta
51,0.00048234117980111774,patient12_window16s_stride1s-epo,delta
52,0.0005149265263285665,patient12_window16s_stride1s-epo,delta
53,0.001268064499198221,patient12_window16s_stride1s-epo,delta
54,0.0008152666940213279,patient12_window16s_stride1s-epo,delta
55,-0.00010650061839279983,patient12_window16s_stride1s-epo,delta
56,-0.0008220314603515917,patient12_window16s_stride1s-epo,delta
57,-0.0009687931004725056,patient12_window16s_stride1s-epo,delta
58,-0.000587705485710434,patient12_window16s_stride1s-epo,delta
59,2.976955090763271e-05,patient12_window16s_stride1s-epo,delta
60,0.0010412071649821386,patient12_window16s_stride1s-epo,delta
61,0.0006291425564321734,patient12_window16s_stride1s-epo,delta
62,0.0004605265053975964,patient12_window16s_stride1s-epo,delta
63,0.000535577871258926,patient12_window16s_stride1s-epo,delta
64,-0.0008328856220422171,patient12_window16s_stride1s-epo,delta
65,0.0003726791091171984,patient12_window16s_stride1s-epo,delta
66,-0.00018914112845503102,patient12_window16s_stride1s-epo,delta
67,-0.00044825817969096403,patient12_window16s_stride1s-epo,delta
68,0.00019911295987441721,patient12_window16s_stride1s-epo,delta
69,0.0011308163566910747,patient12_window16s_stride1s-epo,delta
70,0.0012692970765506187,patient12_window16s_stride1s-epo,delta
71,0.0008765231425007391,patient12_window16s_stride1s-epo,delta
72,0.0013166144559276804,patient12_window16s_stride1s-epo,delta
73,0.0012551010816828521,patient12_window16s_stride1s-epo,delta
74,0.0008330684803136458,patient12_window16s_stride1s-epo,delta
75,-0.0003412512499977329,patient12_window16s_stride1s-epo,delta
76,-0.00026531221610964236,patient12_window16s_stride1s-epo,delta
77,-0.0006758704285217079,patient12_window16s_stride1s-epo,delta
78,0.0002968386068897914,patient12_window16s_stride1s-epo,delta
79,0.0002546930472223684,patient12_window16s_stride1s-epo,delta
80,-0.00016031409791714122,patient12_window16s_stride1s-epo,delta
81,0.000590097465031526,patient12_window16s_stride1s-epo,delta
82,0.0009064920588055129,patient12_window16s_stride1s-epo,delta
83,0.0008367244198754755,patient12_window16s_stride1s-epo,delta
84,0.0007639510055808788,patient12_window16s_stride1s-epo,delta
85,0.00042863091985637867,patient12_window16s_stride1s-epo,delta
86,9.397667876606126e-05,patient12_window16s_stride1s-epo,delta
87,-0.0002021198057048675,patient12_window16s_stride1s-epo,delta
88,8.300728275824974e-05,patient12_window16s_stride1s-epo,delta
89,0.001034528058455367,patient12_window16s_stride1s-epo,delta
90,0.00168706673774888,patient12_window16s_stride1s-epo,delta
91,0.001987772736240409,patient12_window16s_stride1s-epo,delta
92,0.001982453799881094,patient12_window16s_stride1s-epo,delta
93,0.002344490906794682,patient12_window16s_stride1s-epo,delta
94,0.0013952024581048873,patient12_window16s_stride1s-epo,delta
95,0.0007616710380163862,patient12_window16s_stride1s-epo,delta
96,0.00047648803055024485,patient12_window16s_stride1s-epo,delta
97,0.00044346656276103206,patient12_window16s_stride1s-epo,delta
98,5.695266578430799e-06,patient12_window16s_stride1s-epo,delta
99,0.0007300085007225458,patient12_window16s_stride1s-epo,delta
100,0.0006735351762615817,patient12_window16s_stride1s-epo,delta
101,0.0009478583445049151,patient12_window16s_stride1s-epo,delta
102,0.0005512215778545837,patient12_window16s_stride1s-epo,delta
103,6.835160752407708e-05,patient12_window16s_stride1s-epo,delta
104,0.0008504662563926389,patient12_window16s_stride1s-epo,delta
105,0.0013878811447678961,patient12_window16s_stride1s-epo,delta
106,0.0007496104959130399,patient12_window16s_stride1s-epo,delta
107,0.00047644100901324444,patient12_window16s_stride1s-epo,delta
108,0.0013919039376462713,patient12_window16s_stride1s-epo,delta
109,0.0008434333998442313,patient12_window16s_stride1s-epo,delta
110,0.0013369082637902454,patient12_window16s_stride1s-epo,delta
111,0.0010048320108840471,patient12_window16s_stride1s-epo,delta
112,0.001355245294629538,patient12_window16s_stride1s-epo,delta
113,0.0011141569545157536,patient12_window16s_stride1s-epo,delta
114,0.0013988618680269402,patient12_window16s_stride1s-epo,delta
115,0.0012719604593560163,patient12_window16s_stride1s-epo,delta
116,0.0010755295283814603,patient12_window16s_stride1s-epo,delta
117,0.0013175601806149993,patient12_window16s_stride1s-epo,delta
118,0.0009271865679215222,patient12_window16s_stride1s-epo,delta
119,0.0012476873831678674,patient12_window16s_stride1s-epo,delta
120,0.0016309335519337992,patient12_window16s_stride1s-epo,delta
121,0.0015828074087310005,patient12_window16s_stride1s-epo,delta
122,0.0015177436700134581,patient12_window16s_stride1s-epo,delta
123,0.0013522655515003563,patient12_window16s_stride1s-epo,delta
124,0.0016279787901484716,patient12_window16s_stride1s-epo,delta
125,0.0016189395499204746,patient12_window16s_stride1s-epo,delta
126,0.0017681321878999445,patient12_window16s_stride1s-epo,delta
127,0.0016759146539500494,patient12_window16s_stride1s-epo,delta
128,0.0020739642328018197,patient12_window16s_stride1s-epo,delta
129,0.00238890021486687,patient12_window16s_stride1s-epo,delta
130,0.0028924591247002887,patient12_window16s_stride1s-epo,delta
131,0.0015304385837263512,patient12_window16s_stride1s-epo,delta
132,0.0013675316374247878,patient12_window16s_stride1s-epo,delta
133,0.001703392996653759,patient12_window16s_stride1s-epo,delta
134,0.0013364653584393262,patient12_window16s_stride1s-epo,delta
135,0.0017002824831191,patient12_window16s_stride1s-epo,delta
136,0.0017450738909150134,patient12_window16s_stride1s-epo,delta
137,0.0007338966754508947,patient12_window16s_stride1s-epo,delta
138,0.001226785207574735,patient12_window16s_stride1s-epo,delta
139,0.002726842604522643,patient12_window16s_stride1s-epo,delta
140,0.003122528595010175,patient12_window16s_stride1s-epo,delta
141,0.0024956824815324523,patient12_window16s_stride1s-epo,delta
142,0.001954990001233383,patient12_window16s_stride1s-epo,delta
143,0.0015534521986053373,patient12_window16s_stride1s-epo,delta
144,0.001379648791537221,patient12_window16s_stride1s-epo,delta
145,0.0012258417726944018,patient12_window16s_stride1s-epo,delta
146,0.0015486974497415458,patient12_window16s_stride1s-epo,delta
147,0.001362875771424396,patient12_window16s_stride1s-epo,delta
148,0.0005442242011418189,patient12_window16s_stride1s-epo,delta
149,0.001212598517976458,patient12_window16s_stride1s-epo,delta
150,0.00046310935496175835,patient12_window16s_stride1s-epo,delta
151,0.0003561578268718618,patient12_window16s_stride1s-epo,delta
152,-0.00031281089031439643,patient12_window16s_stride1s-epo,delta
153,0.0003244902193239857,patient12_window16s_stride1s-epo,delta
154,0.00035745501538225424,patient12_window16s_stride1s-epo,delta
155,0.00019023998726854055,patient12_window16s_stride1s-epo,delta
156,-0.00016827693616769827,patient12_window16s_stride1s-epo,delta
157,-0.00048511210665072064,patient12_window16s_stride1s-epo,delta
158,-0.0002594689385065053,patient12_window16s_stride1s-epo,delta
159,-0.00018539546769261235,patient12_window16s_stride1s-epo,delta
160,0.00043728917939350585,patient12_window16s_stride1s-epo,delta
161,0.0008767462788486231,patient12_window16s_stride1s-epo,delta
162,0.0017750637630703711,patient12_window16s_stride1s-epo,delta
163,0.002899884752068178,patient12_window16s_stride1s-epo,delta
164,0.0022449442572349877,patient12_window16s_stride1s-epo,delta
165,0.0010363753258581486,patient12_window16s_stride1s-epo,delta
166,0.0008168493276231387,patient12_window16s_stride1s-epo,delta
167,0.0010030634425300554,patient12_window16s_stride1s-epo,delta
168,0.0009097722506721416,patient12_window16s_stride1s-epo,delta
169,0.00043746452417621067,patient12_window16s_stride1s-epo,delta
170,6.606552813762296e-05,patient12_window16s_stride1s-epo,delta
171,-0.0004938323421845704,patient12_window16s_stride1s-epo,delta
172,-0.00028046802476045077,patient12_window16s_stride1s-epo,delta
173,-0.00040798382292161106,patient12_window16s_stride1s-epo,delta
174,-0.0002737698679912322,patient12_window16s_stride1s-epo,delta
175,-0.0005822934162595192,patient12_window16s_stride1s-epo,delta
176,3.0180814053961226e-05,patient12_window16s_stride1s-epo,delta
177,-0.00019474796683397716,patient12_window16s_stride1s-epo,delta
178,0.0011483447943249903,patient12_window16s_stride1s-epo,delta
179,0.00043606625645962777,patient12_window16s_stride1s-epo,delta
180,0.00021363983069833906,patient12_window16s_stride1s-epo,delta
181,0.00024309070055809486,patient12_window16s_stride1s-epo,delta
182,-0.00015451908693730725,patient12_window16s_stride1s-epo,delta
183,0.0008205385259104204,patient12_window16s_stride1s-epo,delta
184,0.0004588250401159928,patient12_window16s_stride1s-epo,delta
185,0.0014335907731686396,patient12_window16s_stride1s-epo,delta
186,0.0009904937147749587,patient12_window16s_stride1s-epo,delta
187,0.0002953899285171677,patient12_window16s_stride1s-epo,delta
188,0.0006095049935571729,patient12_window16s_stride1s-epo,delta
189,0.0010120227298163137,patient12_window16s_stride1s-epo,delta
190,-0.0001133601437850677,patient12_window16s_stride1s-epo,delta
191,0.00021032043683738975,patient12_window16s_stride1s-epo,delta
192,0.0006896586244233644,patient12_window16s_stride1s-epo,delta
193,0.0013467639713152337,patient12_window16s_stride1s-epo,delta
194,0.0010231733130150913,patient12_window16s_stride1s-epo,delta
195,0.0011034869729900582,patient12_window16s_stride1s-epo,delta
196,0.0005161030127361459,patient12_window16s_stride1s-epo,delta
197,0.0016703560291901317,patient12_window16s_stride1s-epo,delta
198,0.0004399984175482001,patient12_window16s_stride1s-epo,delta
199,0.001173690609206728,patient12_window16s_stride1s-epo,delta
200,0.002193641397092022,patient12_window16s_stride1s-epo,delta
201,0.0021600024692705355,patient12_window16s_stride1s-epo,delta
202,0.0018832022803811864,patient12_window16s_stride1s-epo,delta
203,0.0017288122338512504,patient12_window16s_stride1s-epo,delta
204,0.0012785455947047285,patient12_window16s_stride1s-epo,delta
205,0.00136319383134348,patient12_window16s_stride1s-epo,delta
206,0.0004488198286707298,patient12_window16s_stride1s-epo,delta
207,0.001239305356512562,patient12_window16s_stride1s-epo,delta
208,0.00012033175316342354,patient12_window16s_stride1s-epo,delta
209,0.0003487565107141609,patient12_window16s_stride1s-epo,delta
210,-0.00029305934946160785,patient12_window16s_stride1s-epo,delta
211,0.0007044528504509055,patient12_window16s_stride1s-epo,delta
212,0.0006664801202158426,patient12_window16s_stride1s-epo,delta
213,0.0006768095213533286,patient12_window16s_stride1s-epo,delta
214,0.0003134531279191219,patient12_window16s_stride1s-epo,delta
215,0.00042099815256297664,patient12_window16s_stride1s-epo,delta
216,-0.0003324134003451279,patient12_window16s_stride1s-epo,delta
217,0.0003128798839366539,patient12_window16s_stride1s-epo,delta
218,0.0001051802977585466,patient12_window16s_stride1s-epo,delta
219,0.0013851137270722179,patient12_window16s_stride1s-epo,delta
220,0.0016235487426473128,patient12_window16s_stride1s-epo,delta
221,0.0006854232993895761,patient12_window16s_stride1s-epo,delta
222,0.0006640628634708665,patient12_window16s_stride1s-epo,delta
223,0.0011187299580141773,patient12_window16s_stride1s-epo,delta
224,0.0009071325361469269,patient12_window16s_stride1s-epo,delta
225,0.00047269496795549105,patient12_window16s_stride1s-epo,delta
226,-0.0010358810269710834,patient12_window16s_stride1s-epo,delta
227,-0.00042866897576991934,patient12_window16s_stride1s-epo,delta
228,-0.00036371347431531477,patient12_window16s_stride1s-epo,delta
229,-0.0012686928029176543,patient12_window16s_stride1s-epo,delta
230,-0.0006117484087797701,patient12_window16s_stride1s-epo,delta
231,2.575154418989925e-05,patient12_window16s_stride1s-epo,delta
232,0.0006491632905477262,patient12_window16s_stride1s-epo,delta
233,0.0011718885083296683,patient12_window16s_stride1s-epo,delta
234,0.0020232299957628004,patient12_window16s_stride1s-epo,delta
235,0.0014748265289160338,patient12_window16s_stride1s-epo,delta
236,0.0019628732085369516,patient12_window16s_stride1s-epo,delta
237,0.0019589771227606235,patient12_window16s_stride1s-epo,delta
238,0.0021225117989057724,patient12_window16s_stride1s-epo,delta
239,0.000936003066531146,patient12_window16s_stride1s-epo,delta
240,0.0012703905415162938,patient12_window16s_stride1s-epo,delta
241,0.0015639063092719385,patient12_window16s_stride1s-epo,delta
242,0.002172420342516813,patient12_window16s_stride1s-epo,delta
243,0.002095065051722112,patient12_window16s_stride1s-epo,delta
244,0.0011253074198254534,patient12_window16s_stride1s-epo,delta
245,0.0017035346347574012,patient12_window16s_stride1s-epo,delta
246,0.002293640480101295,patient12_window16s_stride1s-epo,delta
247,0.002473589039577485,patient12_window16s_stride1s-epo,delta
248,0.002801179909120192,patient12_window16s_stride1s-epo,delta
249,0.002562958474434902,patient12_window16s_stride1s-epo,delta
250,0.0023922447617555818,patient12_window16s_stride1s-epo,delta
251,0.0021629675351185406,patient12_window16s_stride1s-epo,delta
252,0.002523435643720175,patient12_window16s_stride1s-epo,delta
253,0.00216088425996106,patient12_window16s_stride1s-epo,delta
254,0.002560618602509797,patient12_window16s_stride1s-epo,delta
255,0.002890072165152931,patient12_window16s_stride1s-epo,delta
256,0.0021004360515003095,patient12_window16s_stride1s-epo,delta
257,0.0032220167193862527,patient12_window16s_stride1s-epo,delta
258,0.003120311778638222,patient12_window16s_stride1s-epo,delta
259,0.0035860919263078425,patient12_window16s_stride1s-epo,delta
260,0.0029091082577445936,patient12_window16s_stride1s-epo,delta
261,0.0022628547703678844,patient12_window16s_stride1s-epo,delta
262,0.001278788300216283,patient12_window16s_stride1s-epo,delta
263,0.0015506857865173833,patient12_window16s_stride1s-epo,delta
264,0.0012834190426309563,patient12_window16s_stride1s-epo,delta
265,0.001063856369062001,patient12_window16s_stride1s-epo,delta
266,0.0019333059594596458,patient12_window16s_stride1s-epo,delta
267,0.0019160466291192123,patient12_window16s_stride1s-epo,delta
268,0.0016947983963707747,patient12_window16s_stride1s-epo,delta
269,0.0015630211673885975,patient12_window16s_stride1s-epo,delta
270,0.0015329816531375474,patient12_window16s_stride1s-epo,delta
271,0.0016574264915264376,patient12_window16s_stride1s-epo,delta
272,0.001041795742630399,patient12_window16s_stride1s-epo,delta
273,0.000124755231423423,patient12_window16s_stride1s-epo,delta
274,0.0005280798107048953,patient12_window16s_stride1s-epo,delta
275,-3.841616494746057e-06,patient12_window16s_stride1s-epo,delta
276,0.0006702635252760147,patient12_window16s_stride1s-epo,delta
277,0.001024237315854909,patient12_window16s_stride1s-epo,delta
278,0.0025800315401388048,patient12_window16s_stride1s-epo,delta
279,0.0012832465443793628,patient12_window16s_stride1s-epo,delta
280,0.001229592420189907,patient12_window16s_stride1s-epo,delta
281,0.0014784108582396828,patient12_window16s_stride1s-epo,delta
282,0.0005556352080947724,patient12_window16s_stride1s-epo,delta
283,7.338497677630697e-05,patient12_window16s_stride1s-epo,delta
284,0.0007097897474890281,patient12_window16s_stride1s-epo,delta
285,-0.00034055580234075176,patient12_window16s_stride1s-epo,delta
286,-0.0009444456045182194,patient12_window16s_stride1s-epo,delta
287,-0.0010225333523471523,patient12_window16s_stride1s-epo,delta
288,-0.0002306565591560418,patient12_window16s_stride1s-epo,delta
289,-0.0001399864486014559,patient12_window16s_stride1s-epo,delta
290,0.0002506787047616823,patient12_window16s_stride1s-epo,delta
291,0.0008807242192897836,patient12_window16s_stride1s-epo,delta
292,0.0011233513593263925,patient12_window16s_stride1s-epo,delta
293,0.001041211589653094,patient12_window16s_stride1s-epo,delta
294,0.0006425539402048131,patient12_window16s_stride1s-epo,delta
295,0.0008934020798237529,patient12_window16s_stride1s-epo,delta
296,0.00039001475548275887,patient12_window16s_stride1s-epo,delta
297,-0.0002495235599377328,patient12_window16s_stride1s-epo,delta
298,-0.0004963908397755,patient12_window16s_stride1s-epo,delta
299,-0.0007186377715643198,patient12_window16s_stride1s-epo,delta
300,-0.0015924411641635677,patient12_window16s_stride1s-epo,delta
301,0.0001727694693754145,patient12_window16s_stride1s-epo,delta
302,-0.00027666828277384946,patient12_window16s_stride1s-epo,delta
303,0.0006484721311185942,patient12_window16s_stride1s-epo,delta
304,0.0010862281140330999,patient12_window16s_stride1s-epo,delta
305,0.0009550477804632459,patient12_window16s_stride1s-epo,delta
306,0.001454552514326896,patient12_window16s_stride1s-epo,delta
307,0.0006757328978014816,patient12_window16s_stride1s-epo,delta
308,0.0010276443483937612,patient12_window16s_stride1s-epo,delta
309,0.0016102321718483355,patient12_window16s_stride1s-epo,delta
310,0.0013398088756102012,patient12_window16s_stride1s-epo,delta
311,0.0013368468474976585,patient12_window16s_stride1s-epo,delta
312,0.0021783010817454764,patient12_window16s_stride1s-epo,delta
313,0.002025431074900053,patient12_window16s_stride1s-epo,delta
314,0.0013667813303266684,patient12_window16s_stride1s-epo,delta
315,0.0013645254677187196,patient12_window16s_stride1s-epo,delta
316,0.0018023471512519065,patient12_window16s_stride1s-epo,delta
317,0.0023742912468340833,patient12_window16s_stride1s-epo,delta
318,0.001387286571858043,patient12_window16s_stride1s-epo,delta
319,0.0011620954673609058,patient12_window16s_stride1s-epo,delta
320,0.0008472086099508396,patient12_window16s_stride1s-epo,delta
321,0.0005893047398512924,patient12_window16s_stride1s-epo,delta
322,0.0007839254227168397,patient12_window16s_stride1s-epo,delta
323,0.0005841248003871303,patient12_window16s_stride1s-epo,delta
324,7.07853021294875e-05,patient12_window16s_stride1s-epo,delta
325,0.0008468018692912986,patient12_window16s_stride1s-epo,delta
326,0.0009163654411642153,patient12_window16s_stride1s-epo,delta
327,0.0007667620667865769,patient12_window16s_stride1s-epo,delta
328,0.0007544304361119766,patient12_window16s_stride1s-epo,delta
329,0.0014303012713879635,patient12_window16s_stride1s-epo,delta
330,0.0013668754315989465,patient12_window16s_stride1s-epo,delta
331,0.0007588126911986707,patient12_window16s_stride1s-epo,delta
332,0.002186631757016519,patient12_window16s_stride1s-epo,delta
333,0.0020486500308675923,patient12_window16s_stride1s-epo,delta
334,0.0015166184424828077,patient12_window16s_stride1s-epo,delta
335,0.002584767076052925,patient12_window16s_stride1s-epo,delta
336,0.0023078653566891236,patient12_window16s_stride1s-epo,delta
337,0.0024733807453924334,patient12_window16s_stride1s-epo,delta
338,0.0026722565819298962,patient12_window16s_stride1s-epo,delta
339,0.0031199668295239734,patient12_window16s_stride1s-epo,delta
340,0.0020699416538330455,patient12_window16s_stride1s-epo,delta
341,0.002174435744559573,patient12_window16s_stride1s-epo,delta
342,0.0012821035777389105,patient12_window16s_stride1s-epo,delta
343,0.0014572712000865261,patient12_window16s_stride1s-epo,delta
344,0.0011062974384634465,patient12_window16s_stride1s-epo,delta
345,0.0007292705752079085,patient12_window16s_stride1s-epo,delta
346,0.00035876631079450623,patient12_window16s_stride1s-epo,delta
347,0.0005390399833999916,patient12_window16s_stride1s-epo,delta
348,-0.00018826049739682622,patient12_window16s_stride1s-epo,delta
349,-0.0009948805497849449,patient12_window16s_stride1s-epo,delta
350,-0.0008428749631978425,patient12_window16s_stride1s-epo,delta
351,-0.0015061201133192848,patient12_window16s_stride1s-epo,delta
352,-0.0009267114918982902,patient12_window16s_stride1s-epo,delta
353,-0.0006532785479006464,patient12_window16s_stride1s-epo,delta
354,-0.0009257690253472704,patient12_window16s_stride1s-epo,delta
355,-0.0006495785303537428,patient12_window16s_stride1s-epo,delta
356,0.00120249271371656,patient12_window16s_stride1s-epo,delta
357,0.0022401598878260287,patient12_window16s_stride1s-epo,delta
358,0.0014804424546544235,patient12_window16s_stride1s-epo,delta
359,0.0015524625525605068,patient12_window16s_stride1s-epo,delta
360,0.0006758908576586404,patient12_window16s_stride1s-epo,delta
361,0.0007603675283846428,patient12_window16s_stride1s-epo,delta
362,0.0012291938950570683,patient12_window16s_stride1s-epo,delta
363,0.0008504623288337651,patient12_window16s_stride1s-epo,delta
364,0.0012659360865526577,patient12_window16s_stride1s-epo,delta
365,0.0012993114386944957,patient12_window16s_stride1s-epo,delta
366,0.0007331576619002933,patient12_window16s_stride1s-epo,delta
367,0.0020199420594228133,patient12_window16s_stride1s-epo,delta
368,0.0010050179018086243,patient12_window16s_stride1s-epo,delta
369,0.0010745456748328397,patient12_window16s_stride1s-epo,delta
370,0.0013498056640387109,patient12_window16s_stride1s-epo,delta
371,0.0005140984168762355,patient12_window16s_stride1s-epo,delta
372,0.0002648920992635901,patient12_window16s_stride1s-epo,delta
373,0.0015255214488525035,patient12_window16s_stride1s-epo,delta
374,0.0022139875298508222,patient12_window16s_stride1s-epo,delta
375,0.0014697030100891476,patient12_window16s_stride1s-epo,delta
376,0.0014458353967443552,patient12_window16s_stride1s-epo,delta
377,0.000490277484375856,patient12_window16s_stride1s-epo,delta
378,2.7487783757373207e-05,patient12_window16s_stride1s-epo,delta
379,-0.00036336896259844354,patient12_window16s_stride1s-epo,delta
380,0.00019178903018103672,patient12_window16s_stride1s-epo,delta
381,0.00044177541533733656,patient12_window16s_stride1s-epo,delta
382,0.0004588827365407819,patient12_window16s_stride1s-epo,delta
383,0.000516529108849375,patient12_window16s_stride1s-epo,delta
384,0.0006595380662333984,patient12_window16s_stride1s-epo,delta
385,-0.00020781550179686562,patient12_window16s_stride1s-epo,delta
386,-0.0002516314812274346,patient12_window16s_stride1s-epo,delta
387,-0.00030781559181810865,patient12_window16s_stride1s-epo,delta
388,-0.0008963130362842162,patient12_window16s_stride1s-epo,delta
389,-0.0005526611401075977,patient12_window16s_stride1s-epo,delta
390,-0.0007256069279745606,patient12_window16s_stride1s-epo,delta
391,-0.00014734356274926066,patient12_window16s_stride1s-epo,delta
392,0.0011044001783125452,patient12_window16s_stride1s-epo,delta
393,0.0013864289674256907,patient12_window16s_stride1s-epo,delta
394,0.0024364525539342236,patient12_window16s_stride1s-epo,delta
395,0.003085499612564358,patient12_window16s_stride1s-epo,delta
396,0.002564732973067249,patient12_window16s_stride1s-epo,delta
397,0.002820186887947412,patient12_window16s_stride1s-epo,delta
398,0.0026735620543742104,patient12_window16s_stride1s-epo,delta
399,0.0032218530137374762,patient12_window16s_stride1s-epo,delta
400,0.0025702103711378417,patient12_window16s_stride1s-epo,delta
401,0.0037127033921428684,patient12_window16s_stride1s-epo,delta
402,0.00358708981151323,patient12_window16s_stride1s-epo,delta
403,0.003546933914357128,patient12_window16s_stride1s-epo,delta
404,0.0014658135551258412,patient12_window16s_stride1s-epo,delta
405,0.0017923375875535505,patient12_window16s_stride1s-epo,delta
406,0.0017352664956766448,patient12_window16s_stride1s-epo,delta
407,0.001825024108546063,patient12_window16s_stride1s-epo,delta
408,0.0009359559538537974,patient12_window16s_stride1s-epo,delta
409,0.00015536754468439858,patient12_window16s_stride1s-epo,delta
410,0.0007954580497785121,patient12_window16s_stride1s-epo,delta
411,-0.0002124335545796357,patient12_window16s_stride1s-epo,delta
412,0.0008013560250789594,patient12_window16s_stride1s-epo,delta
413,0.00042812506567620824,patient12_window16s_stride1s-epo,delta
414,0.00047329622594066635,patient12_window16s_stride1s-epo,delta
415,3.9797448467944596e-05,patient12_window16s_stride1s-epo,delta
416,0.00017203901947213316,patient12_window16s_stride1s-epo,delta
417,-0.0007882440477189053,patient12_window16s_stride1s-epo,delta
418,-0.0004270461616321454,patient12_window16s_stride1s-epo,delta
419,-6.258589276958321e-05,patient12_window16s_stride1s-epo,delta
420,0.0009591757929695464,patient12_window16s_stride1s-epo,delta
421,0.0009607114053896861,patient12_window16s_stride1s-epo,delta
422,0.0008987327696709105,patient12_window16s_stride1s-epo,delta
423,0.0010840403076979876,patient12_window16s_stride1s-epo,delta
424,0.0016150307811357584,patient12_window16s_stride1s-epo,delta
425,0.0023939415790475444,patient12_window16s_stride1s-epo,delta
426,0.0027831727764176875,patient12_window16s_stride1s-epo,delta
427,0.0017210400491264512,patient12_window16s_stride1s-epo,delta
428,0.002088382522652574,patient12_window16s_stride1s-epo,delta
429,0.002061125586912934,patient12_window16s_stride1s-epo,delta
430,0.0019144602293975283,patient12_window16s_stride1s-epo,delta
431,0.0014906154400391941,patient12_window16s_stride1s-epo,delta
432,0.0009524677110012157,patient12_window16s_stride1s-epo,delta
433,0.0005478214472232562,patient12_window16s_stride1s-epo,delta
434,0.0011385530916067131,patient12_window16s_stride1s-epo,delta
435,0.001457594431138603,patient12_window16s_stride1s-epo,delta
436,0.0011738711159351065,patient12_window16s_stride1s-epo,delta
437,0.0019778164049429935,patient12_window16s_stride1s-epo,delta
438,0.0013593149836926546,patient12_window16s_stride1s-epo,delta
439,0.0014310623356142008,patient12_window16s_stride1s-epo,delta
440,0.0010719064901750061,patient12_window16s_stride1s-epo,delta
441,0.0014195855798126036,patient12_window16s_stride1s-epo,delta
442,0.0007089993084412119,patient12_window16s_stride1s-epo,delta
443,6.077308465418868e-05,patient12_window16s_stride1s-epo,delta
444,0.0008142359949294486,patient12_window16s_stride1s-epo,delta
445,0.00119989402022531,patient12_window16s_stride1s-epo,delta
446,0.0011825833203793752,patient12_window16s_stride1s-epo,delta
447,0.0021960153911847165,patient12_window16s_stride1s-epo,delta
448,0.0025530198714966354,patient12_window16s_stride1s-epo,delta
449,0.0031390430330931075,patient12_window16s_stride1s-epo,delta
450,0.0021142768925280645,patient12_window16s_stride1s-epo,delta
451,0.0012846707776703176,patient12_window16s_stride1s-epo,delta
452,0.001631600130052035,patient12_window16s_stride1s-epo,delta
453,0.0016237897571451773,patient12_window16s_stride1s-epo,delta
454,0.0016302635985696557,patient12_window16s_stride1s-epo,delta
455,0.0020039982343511465,patient12_window16s_stride1s-epo,delta
456,0.0012903564592434088,patient12_window16s_stride1s-epo,delta
457,0.0009366987347842259,patient12_window16s_stride1s-epo,delta
458,0.001523318885992925,patient12_window16s_stride1s-epo,delta
459,0.0009166186064871431,patient12_window16s_stride1s-epo,delta
460,0.0003190902245203229,patient12_window16s_stride1s-epo,delta
461,0.0012479805747368257,patient12_window16s_stride1s-epo,delta
462,0.00032436537406195043,patient12_window16s_stride1s-epo,delta
463,-0.00018548282091501714,patient12_window16s_stride1s-epo,delta
464,-0.0004263223825234262,patient12_window16s_stride1s-epo,delta
465,0.00038012676260838573,patient12_window16s_stride1s-epo,delta
466,-0.0003082603945599858,patient12_window16s_stride1s-epo,delta
467,0.0007972989736682571,patient12_window16s_stride1s-epo,delta
468,0.0004423157495076029,patient12_window16s_stride1s-epo,delta
469,0.0006311791085944886,patient12_window16s_stride1s-epo,delta
470,0.0012036278393867661,patient12_window16s_stride1s-epo,delta
471,0.00042170414127403627,patient12_window16s_stride1s-epo,delta
472,-7.823389280488492e-05,patient12_window16s_stride1s-epo,delta
473,-0.0010003663301105616,patient12_window16s_stride1s-epo,delta
474,-0.00014490427229085854,patient12_window16s_stride1s-epo,delta
475,-4.163999268624756e-05,patient12_window16s_stride1s-epo,delta
476,-0.00015593833938639656,patient12_window16s_stride1s-epo,delta
477,-0.0004771263723248267,patient12_window16s_stride1s-epo,delta
478,5.9216832735427e-05,patient12_window16s_stride1s-epo,delta
479,0.0005775965123387905,patient12_window16s_stride1s-epo,delta
480,-0.0002650494080218204,patient12_window16s_stride1s-epo,delta
481,0.0005622093539864626,patient12_window16s_stride1s-epo,delta
482,0.0004890189892044831,patient12_window16s_stride1s-epo,delta
483,0.0015332260596050674,patient12_window16s_stride1s-epo,delta
484,0.00128758339314625,patient12_window16s_stride1s-epo,delta
485,0.0003245489028550086,patient12_window16s_stride1s-epo,delta
486,0.0001948707074988471,patient12_window16s_stride1s-epo,delta
487,6.460632107289487e-05,patient12_window16s_stride1s-epo,delta
488,0.000729571535567871,patient12_window16s_stride1s-epo,delta
489,0.00021253955351448547,patient12_window16s_stride1s-epo,delta
490,0.0010294560667583601,patient12_window16s_stride1s-epo,delta
491,0.00024461062039855813,patient12_window16s_stride1s-epo,delta
492,0.00014785224983175936,patient12_window16s_stride1s-epo,delta
493,0.0007426601587323713,patient12_window16s_stride1s-epo,delta
494,0.0014421494412420735,patient12_window16s_stride1s-epo,delta
495,0.0005813423386574407,patient12_window16s_stride1s-epo,delta
496,0.0013176477204887055,patient12_window16s_stride1s-epo,delta
497,0.001152327180752418,patient12_window16s_stride1s-epo,delta
498,0.002061497205898969,patient12_window16s_stride1s-epo,delta
499,0.0016531729403930346,patient12_window16s_stride1s-epo,delta
500,0.00253251921490315,patient12_window16s_stride1s-epo,delta
501,0.0038470353111829912,patient12_window16s_stride1s-epo,delta
502,0.0031674912389747754,patient12_window16s_stride1s-epo,delta
503,0.002846867891085646,patient12_window16s_stride1s-epo,delta
504,0.0025378263630979627,patient12_window16s_stride1s-epo,delta
505,0.0024486558331575435,patient12_window16s_stride1s-epo,delta
506,0.001844556790427847,patient12_window16s_stride1s-epo,delta
507,0.002123814190461754,patient12_window16s_stride1s-epo,delta
508,0.0027487841607209585,patient12_window16s_stride1s-epo,delta
509,0.0026592157752594477,patient12_window16s_stride1s-epo,delta
510,0.0011922590488162084,patient12_window16s_stride1s-epo,delta
511,0.0021573250226948723,patient12_window16s_stride1s-epo,delta
512,0.001396859083385607,patient12_window16s_stride1s-epo,delta
513,0.0007366840193141408,patient12_window16s_stride1s-epo,delta
514,0.00026758911535176903,patient12_window16s_stride1s-epo,delta
515,6.673520559629626e-05,patient12_window16s_stride1s-epo,delta
516,0.0001322009628157218,patient12_window16s_stride1s-epo,delta
517,-0.0006222605515205326,patient12_window16s_stride1s-epo,delta
518,-0.00010281328906935425,patient12_window16s_stride1s-epo,delta
519,0.00025302268043570094,patient12_window16s_stride1s-epo,delta
520,0.00042538602054841663,patient12_window16s_stride1s-epo,delta
521,0.000560920978492369,patient12_window16s_stride1s-epo,delta
522,0.001112275478072363,patient12_window16s_stride1s-epo,delta
523,0.0005940812552839304,patient12_window16s_stride1s-epo,delta
524,5.7908737073436846e-05,patient12_window16s_stride1s-epo,delta
525,-0.0009922079500055908,patient12_window16s_stride1s-epo,delta
526,-0.0009376916934470554,patient12_window16s_stride1s-epo,delta
527,-0.0008611361368802621,patient12_window16s_stride1s-epo,delta
528,-6.902748140895225e-05,patient12_window16s_stride1s-epo,delta
529,9.671822735188327e-05,patient12_window16s_stride1s-epo,delta
530,0.00037346882820277314,patient12_window16s_stride1s-epo,delta
531,0.00048488508915716755,patient12_window16s_stride1s-epo,delta
532,0.0003955087892154686,patient12_window16s_stride1s-epo,delta
533,2.3073637970966068e-05,patient12_window16s_stride1s-epo,delta
534,-0.00028821457665277795,patient12_window16s_stride1s-epo,delta
535,-0.0004621984702960308,patient12_window16s_stride1s-epo,delta
536,-0.0005315328591278694,patient12_window16s_stride1s-epo,delta
537,-0.0004192556503416721,patient12_window16s_stride1s-epo,delta
538,-0.0007337009261125818,patient12_window16s_stride1s-epo,delta
539,0.00035006846979816823,patient12_window16s_stride1s-epo,delta
540,-0.0007996581096818766,patient12_window16s_stride1s-epo,delta
541,-1.052805602284525e-05,patient12_window16s_stride1s-epo,delta
542,0.0006625429124175203,patient12_window16s_stride1s-epo,delta
543,-0.00022894443158138304,patient12_window16s_stride1s-epo,delta
544,-0.0011659843073869652,patient12_window16s_stride1s-epo,delta
545,-0.0018596047216142759,patient12_window16s_stride1s-epo,delta
546,-0.002272127476817544,patient12_window16s_stride1s-epo,delta
547,-0.0019565864098795324,patient12_window16s_stride1s-epo,delta
548,-0.0017716630950289536,patient12_window16s_stride1s-epo,delta
549,-0.0006818696749181695,patient12_window16s_stride1s-epo,delta
550,0.0002053349675015252,patient12_window16s_stride1s-epo,delta
551,-0.0001368414050635115,patient12_window16s_stride1s-epo,delta
552,-0.0005939889365405656,patient12_window16s_stride1s-epo,delta
553,-0.0010625619300720578,patient12_window16s_stride1s-epo,delta
554,-0.001142185652105404,patient12_window16s_stride1s-epo,delta
555,-0.001159678933144349,patient12_window16s_stride1s-epo,delta
556,-0.00032714342998635924,patient12_window16s_stride1s-epo,delta
557,0.0007339275543606517,patient12_window16s_stride1s-epo,delta
558,-0.0003290994928334444,patient12_window16s_stride1s-epo,delta
559,0.000336042681327734,patient12_window16s_stride1s-epo,delta
560,0.001283576506869711,patient12_window16s_stride1s-epo,delta
561,0.0009995494335487218,patient12_window16s_stride1s-epo,delta
562,0.0022257382872073682,patient12_window16s_stride1s-epo,delta
563,0.002095606522625751,patient12_window16s_stride1s-epo,delta
564,0.0017512179074942649,patient12_window16s_stride1s-epo,delta
565,0.002147133308205342,patient12_window16s_stride1s-epo,delta
566,0.0020105408197556578,patient12_window16s_stride1s-epo,delta
567,0.001534398795987118,patient12_window16s_stride1s-epo,delta
568,0.0012663923683488528,patient12_window16s_stride1s-epo,delta
569,0.0010209773036159817,patient12_window16s_stride1s-epo,delta
570,0.0005971519155633783,patient12_window16s_stride1s-epo,delta
571,0.0003223730087392006,patient12_window16s_stride1s-epo,delta
572,0.0007463015140353477,patient12_window16s_stride1s-epo,delta
573,-0.00019570155897319274,patient12_window16s_stride1s-epo,delta
574,0.0005012400902485183,patient12_window16s_stride1s-epo,delta
575,5.582972330210404e-05,patient12_window16s_stride1s-epo,delta
576,-5.134448924335689e-05,patient12_window16s_stride1s-epo,delta
577,-0.0005363548007248947,patient12_window16s_stride1s-epo,delta
578,-0.0011135273370517598,patient12_window16s_stride1s-epo,delta
579,-0.001591891127470094,patient12_window16s_stride1s-epo,delta
580,-0.0002452779597961996,patient12_window16s_stride1s-epo,delta
581,-0.00022354608893960785,patient12_window16s_stride1s-epo,delta
582,8.096694406101937e-05,patient12_window16s_stride1s-epo,delta
583,0.0002917532876722276,patient12_window16s_stride1s-epo,delta
584,0.000889788105193425,patient12_window16s_stride1s-epo,delta
585,0.001005056623760724,patient12_window16s_stride1s-epo,delta
586,0.0008443416310753078,patient12_window16s_stride1s-epo,delta
587,0.0006283768302527561,patient12_window16s_stride1s-epo,delta
588,7.52917787584061e-05,patient12_window16s_stride1s-epo,delta
589,-0.0007966168778375753,patient12_window16s_stride1s-epo,delta
590,0.00010818687330707569,patient12_window16s_stride1s-epo,delta
591,0.0003074667337128246,patient12_window16s_stride1s-epo,delta
592,-0.0006840442727975009,patient12_window16s_stride1s-epo,delta
593,-0.0008059699812041412,patient12_window16s_stride1s-epo,delta
594,-0.0006183180171943142,patient12_window16s_stride1s-epo,delta
595,0.00028792838727979164,patient12_window16s_stride1s-epo,delta
596,0.0012751244609906858,patient12_window16s_stride1s-epo,delta
597,0.0005528270173656545,patient12_window16s_stride1s-epo,delta
598,0.00040015587186974694,patient12_window16s_stride1s-epo,delta
599,5.469098373741792e-05,patient12_window16s_stride1s-epo,delta
600,-0.0001511746496833271,patient12_window16s_stride1s-epo,delta
601,-0.00023347020760593608,patient12_window16s_stride1s-epo,delta
602,0.0003627195221387055,patient12_window16s_stride1s-epo,delta
603,0.00016862157164548953,patient12_window16s_stride1s-epo,delta
604,0.0008492873756220475,patient12_window16s_stride1s-epo,delta
605,0.0011598188496741207,patient12_window16s_stride1s-epo,delta
606,0.00011830858246763777,patient12_window16s_stride1s-epo,delta
607,-0.000736337667812434,patient12_window16s_stride1s-epo,delta
608,-0.0005361686936787994,patient12_window16s_stride1s-epo,delta
609,-0.00022090930155701434,patient12_window16s_stride1s-epo,delta
610,-0.00023346160270321646,patient12_window16s_stride1s-epo,delta
611,-0.00033470652991338584,patient12_window16s_stride1s-epo,delta
612,-0.00033970042553385177,patient12_window16s_stride1s-epo,delta
613,-0.000520971493349255,patient12_window16s_stride1s-epo,delta
614,-0.00018858308803784194,patient12_window16s_stride1s-epo,delta
615,0.0002267498654999785,patient12_window16s_stride1s-epo,delta
616,6.763132498901433e-05,patient12_window16s_stride1s-epo,delta
617,-0.0009012184308073477,patient12_window16s_stride1s-epo,delta
618,-0.0007677028205192277,patient12_window16s_stride1s-epo,delta
619,-0.0015751530322366133,patient12_window16s_stride1s-epo,delta
620,-0.001489295871691437,patient12_window16s_stride1s-epo,delta
621,-0.0008812748691159702,patient12_window16s_stride1s-epo,delta
622,-0.0004657532815280298,patient12_window16s_stride1s-epo,delta
623,-0.0004880808844304136,patient12_window16s_stride1s-epo,delta
624,-0.0007796530292152404,patient12_window16s_stride1s-epo,delta
625,-0.0010331216943346012,patient12_window16s_stride1s-epo,delta
626,-0.0011307089061671515,patient12_window16s_stride1s-epo,delta
627,-0.0005420282969575953,patient12_window16s_stride1s-epo,delta
628,-0.0007942208480381566,patient12_window16s_stride1s-epo,delta
629,-0.0019040297204134975,patient12_window16s_stride1s-epo,delta
630,-0.0016695225899994004,patient12_window16s_stride1s-epo,delta
631,-0.002402756904807814,patient12_window16s_stride1s-epo,delta
632,-0.0029817852346354164,patient12_window16s_stride1s-epo,delta
633,-0.002166864986701289,patient12_window16s_stride1s-epo,delta
634,-0.0018895842005906326,patient12_window16s_stride1s-epo,delta
635,-0.0014986063804435699,patient12_window16s_stride1s-epo,delta
636,-0.0004835982324819536,patient12_window16s_stride1s-epo,delta
637,-0.0012384928035430816,patient12_window16s_stride1s-epo,delta
638,-0.000887165855456979,patient12_window16s_stride1s-epo,delta
639,-0.0013122603286615396,patient12_window16s_stride1s-epo,delta
640,-0.0004093455234422577,patient12_window16s_stride1s-epo,delta
641,-0.00041601688167640263,patient12_window16s_stride1s-epo,delta
642,0.00010222307315663929,patient12_window16s_stride1s-epo,delta
643,0.0002980097082172475,patient12_window16s_stride1s-epo,delta
644,0.00011656274101709596,patient12_window16s_stride1s-epo,delta
645,0.001546014194377011,patient12_window16s_stride1s-epo,delta
646,0.0008897546309047946,patient12_window16s_stride1s-epo,delta
647,0.0007272554006186559,patient12_window16s_stride1s-epo,delta
648,0.001170238106951661,patient12_window16s_stride1s-epo,delta
649,0.0008113558790558239,patient12_window16s_stride1s-epo,delta
650,0.0010433002843325185,patient12_window16s_stride1s-epo,delta
651,0.0005957087836198887,patient12_window16s_stride1s-epo,delta
652,0.0004176900166915433,patient12_window16s_stride1s-epo,delta
653,0.0005327572111675036,patient12_window16s_stride1s-epo,delta
654,0.00017860989664706878,patient12_window16s_stride1s-epo,delta
655,0.00018143037471651222,patient12_window16s_stride1s-epo,delta
656,-0.00012850742202883658,patient12_window16s_stride1s-epo,delta
657,4.118765938776894e-05,patient12_window16s_stride1s-epo,delta
658,-0.0006038318065865038,patient12_window16s_stride1s-epo,delta
659,-0.0003568279678128434,patient12_window16s_stride1s-epo,delta
660,-0.00014362157429316982,patient12_window16s_stride1s-epo,delta
661,-0.00041892149502249077,patient12_window16s_stride1s-epo,delta
662,-0.00046904485245092566,patient12_window16s_stride1s-epo,delta
663,-0.001147777207044114,patient12_window16s_stride1s-epo,delta
664,0.0005153329365301329,patient12_window16s_stride1s-epo,delta
665,0.0009011874416523554,patient12_window16s_stride1s-epo,delta
666,0.0007601464788948833,patient12_window16s_stride1s-epo,delta
667,0.00012437395155034443,patient12_window16s_stride1s-epo,delta
668,0.0006788224684199886,patient12_window16s_stride1s-epo,delta
669,-0.0002667376182889575,patient12_window16s_stride1s-epo,delta
670,-0.00031119985950364465,patient12_window16s_stride1s-epo,delta
671,0.0007782807304405592,patient12_window16s_stride1s-epo,delta
672,0.0018321973296568572,patient12_window16s_stride1s-epo,delta
673,0.003319576975077346,patient12_window16s_stride1s-epo,delta
674,0.00399000322757671,patient12_window16s_stride1s-epo,delta
675,0.004044243207733836,patient12_window16s_stride1s-epo,delta
676,0.003921784497319466,patient12_window16s_stride1s-epo,delta
677,0.0026511436436541273,patient12_window16s_stride1s-epo,delta
678,0.001081854141845856,patient12_window16s_stride1s-epo,delta
679,0.0014055908646320456,patient12_window16s_stride1s-epo,delta
680,0.0021370526020851157,patient12_window16s_stride1s-epo,delta
681,0.0011818012549045917,patient12_window16s_stride1s-epo,delta
682,-0.0012288657886206956,patient12_window16s_stride1s-epo,delta
683,-0.0005683563647656482,patient12_window16s_stride1s-epo,delta
684,-0.0009435382386177875,patient12_window16s_stride1s-epo,delta
685,-0.00015512503774310618,patient12_window16s_stride1s-epo,delta
686,2.53248971697744e-05,patient12_window16s_stride1s-epo,delta
687,0.0002979617375862475,patient12_window16s_stride1s-epo,delta
688,0.0007985767359218744,patient12_window16s_stride1s-epo,delta
689,0.0006776694526281558,patient12_window16s_stride1s-epo,delta
690,0.0008571062933268894,patient12_window16s_stride1s-epo,delta
691,0.0007566366176934114,patient12_window16s_stride1s-epo,delta
692,0.0012052577761156493,patient12_window16s_stride1s-epo,delta
693,0.00019331618774602315,patient12_window16s_stride1s-epo,delta
694,0.0005027488134819529,patient12_window16s_stride1s-epo,delta
695,4.271123076962779e-05,patient12_window16s_stride1s-epo,delta
696,-0.00016898426336262165,patient12_window16s_stride1s-epo,delta
697,-0.00020379840433002914,patient12_window16s_stride1s-epo,delta
698,-0.0010980430109191087,patient12_window16s_stride1s-epo,delta
699,-0.0011795646986826325,patient12_window16s_stride1s-epo,delta
700,-0.0011815862618512608,patient12_window16s_stride1s-epo,delta
701,-0.00029588168294548793,patient12_window16s_stride1s-epo,delta
702,-4.990695598420473e-05,patient12_window16s_stride1s-epo,delta
703,-9.925716785287074e-05,patient12_window16s_stride1s-epo,delta
704,0.0009393471338501675,patient12_window16s_stride1s-epo,delta
705,-0.0003066442121606214,patient12_window16s_stride1s-epo,delta
706,-0.0011834724013852504,patient12_window16s_stride1s-epo,delta
707,-0.0006094132688339117,patient12_window16s_stride1s-epo,delta
708,0.00023584940724442026,patient12_window16s_stride1s-epo,delta
709,0.0007259370730651686,patient12_window16s_stride1s-epo,delta
710,0.0016381044053124384,patient12_window16s_stride1s-epo,delta
711,0.002226751642361866,patient12_window16s_stride1s-epo,delta
712,0.0017740205609277678,patient12_window16s_stride1s-epo,delta
713,0.002273630552899202,patient12_window16s_stride1s-epo,delta
714,0.0014670149611826385,patient12_window16s_stride1s-epo,delta
715,0.0018375153367397716,patient12_window16s_stride1s-epo,delta
716,0.0011094802278597878,patient12_window16s_stride1s-epo,delta
717,0.0012370318595875886,patient12_window16s_stride1s-epo,delta
718,-0.0005294812125190082,patient12_window16s_stride1s-epo,delta
719,0.0003537132711488831,patient12_window16s_stride1s-epo,delta
720,-0.0012402430081273287,patient12_window16s_stride1s-epo,delta
721,6.332981717408082e-05,patient12_window16s_stride1s-epo,delta
722,1.9325037364136035e-05,patient12_window16s_stride1s-epo,delta
723,-0.0006993723155779098,patient12_window16s_stride1s-epo,delta
724,-0.0007240380389630342,patient12_window16s_stride1s-epo,delta
725,-0.0005035026248649607,patient12_window16s_stride1s-epo,delta
726,-0.0026210004370450925,patient12_window16s_stride1s-epo,delta
727,-0.0018235271657669274,patient12_window16s_stride1s-epo,delta
728,-0.0005504543876547433,patient12_window16s_stride1s-epo,delta
729,0.0004319471637149833,patient12_window16s_stride1s-epo,delta
730,0.0006949107130532396,patient12_window16s_stride1s-epo,delta
731,0.0010010634652238887,patient12_window16s_stride1s-epo,delta
732,0.0017322125289658034,patient12_window16s_stride1s-epo,delta
733,0.0012056232495930635,patient12_window16s_stride1s-epo,delta
734,0.002867093754381867,patient12_window16s_stride1s-epo,delta
735,0.002623067997685003,patient12_window16s_stride1s-epo,delta
736,0.001517530736238431,patient12_window16s_stride1s-epo,delta
737,0.0013755375656615946,patient12_window16s_stride1s-epo,delta
738,0.00023081567508584166,patient12_window16s_stride1s-epo,delta
739,-0.000217131256001865,patient12_window16s_stride1s-epo,delta
740,0.0004152312917056953,patient12_window16s_stride1s-epo,delta
741,7.11242009672318e-05,patient12_window16s_stride1s-epo,delta
742,0.000743914077680842,patient12_window16s_stride1s-epo,delta
743,0.0005553875143322861,patient12_window16s_stride1s-epo,delta
744,0.0005186455218130266,patient12_window16s_stride1s-epo,delta
745,0.00017283559639414374,patient12_window16s_stride1s-epo,delta
746,0.00047602646126236034,patient12_window16s_stride1s-epo,delta
747,0.0007126364390079306,patient12_window16s_stride1s-epo,delta
748,0.0021043274283913246,patient12_window16s_stride1s-epo,delta
749,0.0022294201678291375,patient12_window16s_stride1s-epo,delta
750,0.0022378235549943815,patient12_window16s_stride1s-epo,delta
751,0.0036730883854807638,patient12_window16s_stride1s-epo,delta
752,0.0036744951604468327,patient12_window16s_stride1s-epo,delta
753,0.004104898246012903,patient12_window16s_stride1s-epo,delta
754,0.003249264591000833,patient12_window16s_stride1s-epo,delta
755,0.0038653647414145053,patient12_window16s_stride1s-epo,delta
756,0.0028109152600282556,patient12_window16s_stride1s-epo,delta
757,0.002575455637241095,patient12_window16s_stride1s-epo,delta
758,0.0027584052667783726,patient12_window16s_stride1s-epo,delta
759,0.002724379053457457,patient12_window16s_stride1s-epo,delta
760,0.0018851966259481744,patient12_window16s_stride1s-epo,delta
761,0.0012263760605369326,patient12_window16s_stride1s-epo,delta
762,0.0003631935540891117,patient12_window16s_stride1s-epo,delta
763,-0.0012004945356193285,patient12_window16s_stride1s-epo,delta
764,-0.0010634592550137739,patient12_window16s_stride1s-epo,delta
765,-0.0019612953083951038,patient12_window16s_stride1s-epo,delta
766,-0.002789820327233678,patient12_window16s_stride1s-epo,delta
767,-0.002838165117269911,patient12_window16s_stride1s-epo,delta
768,-0.0023749554558840044,patient12_window16s_stride1s-epo,delta
769,-0.002556314380486705,patient12_window16s_stride1s-epo,delta
770,-0.0025587257868213164,patient12_window16s_stride1s-epo,delta
771,-0.003007473309812867,patient12_window16s_stride1s-epo,delta
772,-0.0027410276456344175,patient12_window16s_stride1s-epo,delta
773,-0.0029312307795488855,patient12_window16s_stride1s-epo,delta
774,-0.0026976197185519077,patient12_window16s_stride1s-epo,delta
775,-0.002734496915241785,patient12_window16s_stride1s-epo,delta
776,-0.003605858391584633,patient12_window16s_stride1s-epo,delta
777,-0.002958667947625697,patient12_window16s_stride1s-epo,delta
778,-0.0024011976761173057,patient12_window16s_stride1s-epo,delta
779,-0.002304576488048756,patient12_window16s_stride1s-epo,delta
780,-0.002361927530320617,patient12_window16s_stride1s-epo,delta
781,-0.0020077159438759455,patient12_window16s_stride1s-epo,delta
782,-0.0018279477004856921,patient12_window16s_stride1s-epo,delta
783,-0.0017491455529670122,patient12_window16s_stride1s-epo,delta
784,-0.001307299642085832,patient12_window16s_stride1s-epo,delta
785,-0.0015191686950867145,patient12_window16s_stride1s-epo,delta
786,-0.000893343568979803,patient12_window16s_stride1s-epo,delta
787,-0.001109903203472322,patient12_window16s_stride1s-epo,delta
788,-0.0019304324220137607,patient12_window16s_stride1s-epo,delta
789,-0.00041374644270703145,patient12_window16s_stride1s-epo,delta
790,1.233972128278759e-05,patient12_window16s_stride1s-epo,delta
791,5.0978993087761e-05,patient12_window16s_stride1s-epo,delta
792,0.0003003299786810825,patient12_window16s_stride1s-epo,delta
793,3.923478959163269e-05,patient12_window16s_stride1s-epo,delta
794,0.000843884420888802,patient12_window16s_stride1s-epo,delta
795,0.0005870787329663092,patient12_window16s_stride1s-epo,delta
796,0.0014302248576834361,patient12_window16s_stride1s-epo,delta
797,0.0014074112811457349,patient12_window16s_stride1s-epo,delta
798,0.001873497538957916,patient12_window16s_stride1s-epo,delta
799,0.0018305823200084692,patient12_window16s_stride1s-epo,delta
800,0.0008958792642499202,patient12_window16s_stride1s-epo,delta
801,0.00035754211707580307,patient12_window16s_stride1s-epo,delta
802,-0.0004335639762204235,patient12_window16s_stride1s-epo,delta
803,-0.0011817013113265482,patient12_window16s_stride1s-epo,delta
804,0.00042467793872184975,patient12_window16s_stride1s-epo,delta
805,6.899760650842605e-05,patient12_window16s_stride1s-epo,delta
806,-0.00026073991689680356,patient12_window16s_stride1s-epo,delta
807,0.00018774146084211098,patient12_window16s_stride1s-epo,delta
808,-0.00014347785822070027,patient12_window16s_stride1s-epo,delta
809,-0.000980185078971534,patient12_window16s_stride1s-epo,delta
810,-0.00028673203332248674,patient12_window16s_stride1s-epo,delta
811,-0.0006515373133424185,patient12_window16s_stride1s-epo,delta
812,-0.0012623064895006008,patient12_window16s_stride1s-epo,delta
813,-0.0011766806038948962,patient12_window16s_stride1s-epo,delta
814,-0.000784544542888171,patient12_window16s_stride1s-epo,delta
815,-0.0005108014053126906,patient12_window16s_stride1s-epo,delta
816,-0.001000653541935583,patient12_window16s_stride1s-epo,delta
817,-0.0003133847070729174,patient12_window16s_stride1s-epo,delta
818,0.0010035975169518365,patient12_window16s_stride1s-epo,delta
819,0.0006798868879224935,patient12_window16s_stride1s-epo,delta
820,0.0007361521983971258,patient12_window16s_stride1s-epo,delta
821,0.00014723995740782526,patient12_window16s_stride1s-epo,delta
822,0.00176703101642264,patient12_window16s_stride1s-epo,delta
823,0.0009630504354209697,patient12_window16s_stride1s-epo,delta
824,0.0009038899406539843,patient12_window16s_stride1s-epo,delta
825,0.0014022042774690048,patient12_window16s_stride1s-epo,delta
826,0.0015535004318127487,patient12_window16s_stride1s-epo,delta
827,0.0015181799012800468,patient12_window16s_stride1s-epo,delta
828,0.0019679716155264677,patient12_window16s_stride1s-epo,delta
829,0.0017559142690720048,patient12_window16s_stride1s-epo,delta
830,0.000754434190935724,patient12_window16s_stride1s-epo,delta
831,0.0004893442747525153,patient12_window16s_stride1s-epo,delta
832,0.0014226908864637575,patient12_window16s_stride1s-epo,delta
833,0.0009989340141005787,patient12_window16s_stride1s-epo,delta
834,0.000262086874987285,patient12_window16s_stride1s-epo,delta
835,0.0014534546969369245,patient12_window16s_stride1s-epo,delta
836,0.0014829324787927793,patient12_window16s_stride1s-epo,delta
837,0.0003016019074153211,patient12_window16s_stride1s-epo,delta
838,-0.0004510628536781109,patient12_window16s_stride1s-epo,delta
839,0.0018867220642696913,patient12_window16s_stride1s-epo,delta
840,0.0026844892213466033,patient12_window16s_stride1s-epo,delta
841,0.003002683967460028,patient12_window16s_stride1s-epo,delta
842,0.00333454738107159,patient12_window16s_stride1s-epo,delta
843,0.0018950210377829296,patient12_window16s_stride1s-epo,delta
844,0.0028433172814949694,patient12_window16s_stride1s-epo,delta
845,0.00350006780738032,patient12_window16s_stride1s-epo,delta
846,0.004280507817303661,patient12_window16s_stride1s-epo,delta
847,0.003069775146489348,patient12_window16s_stride1s-epo,delta
848,0.0033346257433451215,patient12_window16s_stride1s-epo,delta
849,0.003572904610996511,patient12_window16s_stride1s-epo,delta
850,0.004922929415695037,patient12_window16s_stride1s-epo,delta
851,0.004315080194069275,patient12_window16s_stride1s-epo,delta
852,0.004469487323354506,patient12_window16s_stride1s-epo,delta
853,0.003827500146900483,patient12_window16s_stride1s-epo,delta
854,0.00368653238091214,patient12_window16s_stride1s-epo,delta
855,0.0029131923610125547,patient12_window16s_stride1s-epo,delta
856,0.003488777961059973,patient12_window16s_stride1s-epo,delta
857,0.0023413083007636916,patient12_window16s_stride1s-epo,delta
858,0.0025516103041814263,patient12_window16s_stride1s-epo,delta
859,0.0028362687275330137,patient12_window16s_stride1s-epo,delta
860,0.002036947134972576,patient12_window16s_stride1s-epo,delta
861,0.002076959589740292,patient12_window16s_stride1s-epo,delta
862,0.0022317143231443994,patient12_window16s_stride1s-epo,delta
863,0.0023362034317268225,patient12_window16s_stride1s-epo,delta
864,0.0022687158998443207,patient12_window16s_stride1s-epo,delta
865,0.0011674558027221595,patient12_window16s_stride1s-epo,delta
866,0.001065384831149116,patient12_window16s_stride1s-epo,delta
867,0.0007111489246594562,patient12_window16s_stride1s-epo,delta
868,0.0015626022515133405,patient12_window16s_stride1s-epo,delta
869,0.0016794045770176919,patient12_window16s_stride1s-epo,delta
870,0.0015323303002262555,patient12_window16s_stride1s-epo,delta
871,0.0008020780712475429,patient12_window16s_stride1s-epo,delta
872,0.0003824531545179223,patient12_window16s_stride1s-epo,delta
873,-1.1611484668166724e-05,patient12_window16s_stride1s-epo,delta
874,0.00031311616807420955,patient12_window16s_stride1s-epo,delta
875,0.00011859311131182351,patient12_window16s_stride1s-epo,delta
876,-0.0005082521871137598,patient12_window16s_stride1s-epo,delta
877,-0.00035960041976529876,patient12_window16s_stride1s-epo,delta
878,-0.0002872452520662269,patient12_window16s_stride1s-epo,delta
879,-0.00021160161364086133,patient12_window16s_stride1s-epo,delta
880,-0.0003331884644020318,patient12_window16s_stride1s-epo,delta
881,0.0015562365369196035,patient12_window16s_stride1s-epo,delta
882,0.0012286953672339016,patient12_window16s_stride1s-epo,delta
883,0.0003245925164783976,patient12_window16s_stride1s-epo,delta
884,0.0012881889172577216,patient12_window16s_stride1s-epo,delta
885,0.0016071332676021169,patient12_window16s_stride1s-epo,delta
886,0.0017240478285453845,patient12_window16s_stride1s-epo,delta
887,-6.501535249935182e-05,patient12_window16s_stride1s-epo,delta
888,-0.0003195701101686984,patient12_window16s_stride1s-epo,delta
889,0.00036585705686321545,patient12_window16s_stride1s-epo,delta
890,-0.00043403400747464056,patient12_window16s_stride1s-epo,delta
891,-0.0015188993860114257,patient12_window16s_stride1s-epo,delta
892,-0.0010117970934885958,patient12_window16s_stride1s-epo,delta
893,-0.0016938194304325065,patient12_window16s_stride1s-epo,delta
894,-0.0009692951406880786,patient12_window16s_stride1s-epo,delta
895,-0.0015856329491231724,patient12_window16s_stride1s-epo,delta
896,-0.001133988552926637,patient12_window16s_stride1s-epo,delta
897,-0.0011108194485458245,patient12_window16s_stride1s-epo,delta
898,0.0004412604265710734,patient12_window16s_stride1s-epo,delta
899,-0.00014018819613690795,patient12_window16s_stride1s-epo,delta
900,-0.0006856224655170591,patient12_window16s_stride1s-epo,delta
901,-0.0009358042715481837,patient12_window16s_stride1s-epo,delta
902,-0.0011837941267675265,patient12_window16s_stride1s-epo,delta
903,-0.0006065053577303273,patient12_window16s_stride1s-epo,delta
904,-0.0007022296442739311,patient12_window16s_stride1s-epo,delta
905,-0.00023256023010978196,patient12_window16s_stride1s-epo,delta
906,0.000641840599815666,patient12_window16s_stride1s-epo,delta
907,-0.0005094772014058739,patient12_window16s_stride1s-epo,delta
908,-0.0003073946804146481,patient12_window16s_stride1s-epo,delta
909,-0.0015879899967113384,patient12_window16s_stride1s-epo,delta
910,-0.0010024264778802057,patient12_window16s_stride1s-epo,delta
911,-0.00026025663422871766,patient12_window16s_stride1s-epo,delta
912,-0.0010678946681104422,patient12_window16s_stride1s-epo,delta
913,-0.0018034380040078193,patient12_window16s_stride1s-epo,delta
914,-0.0005878814689032235,patient12_window16s_stride1s-epo,delta
915,-0.0011419692543198816,patient12_window16s_stride1s-epo,delta
916,-0.0009199830359163488,patient12_window16s_stride1s-epo,delta
917,-0.0006660870671026934,patient12_window16s_stride1s-epo,delta
918,-0.0010635230617945426,patient12_window16s_stride1s-epo,delta
919,-0.0006964516575873621,patient12_window16s_stride1s-epo,delta
920,-0.0008555615595788385,patient12_window16s_stride1s-epo,delta
921,9.603097974866397e-05,patient12_window16s_stride1s-epo,delta
922,3.761826114615676e-05,patient12_window16s_stride1s-epo,delta
923,2.8735408355288283e-05,patient12_window16s_stride1s-epo,delta
924,0.0012744553618973438,patient12_window16s_stride1s-epo,delta
925,-0.0005841586809345172,patient12_window16s_stride1s-epo,delta
926,-0.00027847652772502784,patient12_window16s_stride1s-epo,delta
927,-0.0013766811019965757,patient12_window16s_stride1s-epo,delta
928,-0.0009179297883458535,patient12_window16s_stride1s-epo,delta
929,-0.001392508774069423,patient12_window16s_stride1s-epo,delta
930,-0.002338373230846853,patient12_window16s_stride1s-epo,delta
931,-0.001693521894947951,patient12_window16s_stride1s-epo,delta
932,-0.0007076819565985014,patient12_window16s_stride1s-epo,delta
933,0.0005976659886964635,patient12_window16s_stride1s-epo,delta
934,0.0003713093071148533,patient12_window16s_stride1s-epo,delta
935,0.0002484691789633522,patient12_window16s_stride1s-epo,delta
936,-0.00039712152500479534,patient12_window16s_stride1s-epo,delta
937,7.80912895241931e-05,patient12_window16s_stride1s-epo,delta
938,0.0014128350813956555,patient12_window16s_stride1s-epo,delta
939,0.0013078756431495126,patient12_window16s_stride1s-epo,delta
940,0.0017231229187411117,patient12_window16s_stride1s-epo,delta
941,0.00225569261835393,patient12_window16s_stride1s-epo,delta
942,0.0029773706385114724,patient12_window16s_stride1s-epo,delta
943,0.002888385875576503,patient12_window16s_stride1s-epo,delta
944,0.003571178238153788,patient12_window16s_stride1s-epo,delta
945,0.003656104459128704,patient12_window16s_stride1s-epo,delta
946,0.0031779291910887303,patient12_window16s_stride1s-epo,delta
947,0.003418087620347119,patient12_window16s_stride1s-epo,delta
948,0.004099326532480807,patient12_window16s_stride1s-epo,delta
949,0.004312196869329966,patient12_window16s_stride1s-epo,delta
950,0.002515920786666312,patient12_window16s_stride1s-epo,delta
951,0.003353080101910737,patient12_window16s_stride1s-epo,delta
952,0.0031224919198592624,patient12_window16s_stride1s-epo,delta
953,0.0034597630706821913,patient12_window16s_stride1s-epo,delta
954,0.003202050488603756,patient12_window16s_stride1s-epo,delta
955,0.003957537759572351,patient12_window16s_stride1s-epo,delta
956,0.003870626489410323,patient12_window16s_stride1s-epo,delta
957,0.0034464315887396705,patient12_window16s_stride1s-epo,delta
958,0.0035147388009013282,patient12_window16s_stride1s-epo,delta
959,0.002741134523445496,patient12_window16s_stride1s-epo,delta
960,0.002969646403938059,patient12_window16s_stride1s-epo,delta
961,0.0023007127461482676,patient12_window16s_stride1s-epo,delta
962,0.001923435696959012,patient12_window16s_stride1s-epo,delta
963,0.0008396218531421927,patient12_window16s_stride1s-epo,delta
964,0.0009105466836977792,patient12_window16s_stride1s-epo,delta
965,0.0009362645405445967,patient12_window16s_stride1s-epo,delta
966,0.0011349195297387816,patient12_window16s_stride1s-epo,delta
967,0.0008138295450869601,patient12_window16s_stride1s-epo,delta
968,0.0005877920039613434,patient12_window16s_stride1s-epo,delta
969,-0.00011600914715655446,patient12_window16s_stride1s-epo,delta
970,0.00011759599539508361,patient12_window16s_stride1s-epo,delta
971,4.732653993933504e-05,patient12_window16s_stride1s-epo,delta
972,-0.0003806506882249031,patient12_window16s_stride1s-epo,delta
973,-0.00015674200679017294,patient12_window16s_stride1s-epo,delta
974,-0.000479436311644833,patient12_window16s_stride1s-epo,delta
975,0.00013347494285514258,patient12_window16s_stride1s-epo,delta
976,-7.046519337788631e-06,patient12_window16s_stride1s-epo,delta
977,0.0005952587711660132,patient12_window16s_stride1s-epo,delta
978,0.000569752865613562,patient12_window16s_stride1s-epo,delta
979,0.00039648679561616213,patient12_window16s_stride1s-epo,delta
980,0.001246357952870347,patient12_window16s_stride1s-epo,delta
981,0.0005978559962355862,patient12_window16s_stride1s-epo,delta
982,0.0005322095127032135,patient12_window16s_stride1s-epo,delta
983,0.00012936009527733,patient12_window16s_stride1s-epo,delta
984,0.00045907253335268996,patient12_window16s_stride1s-epo,delta
985,0.0005843430397070511,patient12_window16s_stride1s-epo,delta
986,0.00029774308371128015,patient12_window16s_stride1s-epo,delta
987,-0.00045505138385548054,patient12_window16s_stride1s-epo,delta
988,-0.00040375397825262937,patient12_window16s_stride1s-epo,delta
989,0.0005855921252667731,patient12_window16s_stride1s-epo,delta
990,0.0002699312224440503,patient12_window16s_stride1s-epo,delta
991,0.0005654769022312479,patient12_window16s_stride1s-epo,delta
992,0.0005771783267952398,patient12_window16s_stride1s-epo,delta
993,0.00117246058578942,patient12_window16s_stride1s-epo,delta
994,-0.0005356280543642307,patient12_window16s_stride1s-epo,delta
995,-0.0005873752596771739,patient12_window16s_stride1s-epo,delta
996,-0.0015602118186843362,patient12_window16s_stride1s-epo,delta
997,-0.002299655939691421,patient12_window16s_stride1s-epo,delta
998,-0.0017567962229261365,patient12_window16s_stride1s-epo,delta
999,-0.002251616020954418,patient12_window16s_stride1s-epo,delta
1000,-0.003825401986425227,patient12_window16s_stride1s-epo,delta
1001,-0.0028310334163375002,patient12_window16s_stride1s-epo,delta
1002,-0.001714451170423387,patient12_window16s_stride1s-epo,delta
1003,-0.0020611720794453665,patient12_window16s_stride1s-epo,delta
1004,-0.0014152726152859203,patient12_window16s_stride1s-epo,delta
1005,-0.00032424013447702137,patient12_window16s_stride1s-epo,delta
1006,0.0007101390367136025,patient12_window16s_stride1s-epo,delta
1007,0.00024072299191207804,patient12_window16s_stride1s-epo,delta
1008,0.0014536523377738464,patient12_window16s_stride1s-epo,delta
1009,0.0006783826447429272,patient12_window16s_stride1s-epo,delta
1010,0.0007109011379348091,patient12_window16s_stride1s-epo,delta
1011,0.0006801218790203435,patient12_window16s_stride1s-epo,delta
1012,0.0022306092376117043,patient12_window16s_stride1s-epo,delta
1013,0.003680559424115351,patient12_window16s_stride1s-epo,delta
1014,0.0033859839429571776,patient12_window16s_stride1s-epo,delta
1015,0.0042021277441141765,patient12_window16s_stride1s-epo,delta
1016,0.005045601866086511,patient12_window16s_stride1s-epo,delta
1017,0.006932353958482194,patient12_window16s_stride1s-epo,delta
1018,0.006881153502840998,patient12_window16s_stride1s-epo,delta
1019,0.0074549694486246,patient12_window16s_stride1s-epo,delta
1020,0.005783384327980047,patient12_window16s_stride1s-epo,delta
1021,0.002849046970450304,patient12_window16s_stride1s-epo,delta
1022,0.001966405785567893,patient12_window16s_stride1s-epo,delta
1023,0.0010600656539832998,patient12_window16s_stride1s-epo,delta
1024,0.0016996080347481928,patient12_window16s_stride1s-epo,delta
1025,0.0019399147463244656,patient12_window16s_stride1s-epo,delta
1026,0.0017969430881910008,patient12_window16s_stride1s-epo,delta
1027,0.0025399778294398815,patient12_window16s_stride1s-epo,delta
1028,0.0013165541665728095,patient12_window16s_stride1s-epo,delta
1029,0.0013324810392382597,patient12_window16s_stride1s-epo,delta
1030,0.0015808346776879647,patient12_window16s_stride1s-epo,delta
1031,0.002112360002600725,patient12_window16s_stride1s-epo,delta
1032,0.0021206932704297067,patient12_window16s_stride1s-epo,delta
1033,0.0013865266099559793,patient12_window16s_stride1s-epo,delta
1034,0.0006210159648211251,patient12_window16s_stride1s-epo,delta
1035,0.0006491419473136018,patient12_window16s_stride1s-epo,delta
1036,0.0007513378753730541,patient12_window16s_stride1s-epo,delta
1037,0.0016569936682751826,patient12_window16s_stride1s-epo,delta
1038,0.0014312027225165398,patient12_window16s_stride1s-epo,delta
1039,0.001618031963655026,patient12_window16s_stride1s-epo,delta
1040,0.00033605934155698413,patient12_window16s_stride1s-epo,delta
1041,-9.539379021498782e-05,patient12_window16s_stride1s-epo,delta
1042,0.0006174244610215767,patient12_window16s_stride1s-epo,delta
1043,0.0004516517320014405,patient12_window16s_stride1s-epo,delta
1044,0.0007507360992720141,patient12_window16s_stride1s-epo,delta
1045,0.00022845516753495422,patient12_window16s_stride1s-epo,delta
1046,-0.00010273202677677694,patient12_window16s_stride1s-epo,delta
1047,0.00036535980774112366,patient12_window16s_stride1s-epo,delta
1048,0.0015521116916196122,patient12_window16s_stride1s-epo,delta
1049,0.0026326044467706155,patient12_window16s_stride1s-epo,delta
1050,0.0018481442948262944,patient12_window16s_stride1s-epo,delta
1051,0.002501802961496491,patient12_window16s_stride1s-epo,delta
1052,0.0022133401794368775,patient12_window16s_stride1s-epo,delta
1053,0.0014855183897370765,patient12_window16s_stride1s-epo,delta
1054,0.002296728649306416,patient12_window16s_stride1s-epo,delta
1055,0.0015423752443090584,patient12_window16s_stride1s-epo,delta
1056,0.0019387273938761107,patient12_window16s_stride1s-epo,delta
1057,0.0021954257622409305,patient12_window16s_stride1s-epo,delta
1058,0.0025212066517421245,patient12_window16s_stride1s-epo,delta
1059,0.0031285283073837667,patient12_window16s_stride1s-epo,delta
1060,0.0022245046295112742,patient12_window16s_stride1s-epo,delta
1061,0.0020965425499306343,patient12_window16s_stride1s-epo,delta
1062,0.002440431440179034,patient12_window16s_stride1s-epo,delta
1063,0.0013206359950563205,patient12_window16s_stride1s-epo,delta
1064,0.0005065999320941504,patient12_window16s_stride1s-epo,delta
1065,0.0002543647439120838,patient12_window16s_stride1s-epo,delta
1066,-0.0011324452939775573,patient12_window16s_stride1s-epo,delta
1067,-0.0010428762255677642,patient12_window16s_stride1s-epo,delta
1068,-0.0017538116492552699,patient12_window16s_stride1s-epo,delta
1069,-0.0018977048115713323,patient12_window16s_stride1s-epo,delta
1070,-0.002774883616958615,patient12_window16s_stride1s-epo,delta
1071,-0.0028357530697123027,patient12_window16s_stride1s-epo,delta
1072,-0.003452778157326067,patient12_window16s_stride1s-epo,delta
1073,-0.0024907584716820324,patient12_window16s_stride1s-epo,delta
1074,-0.0023753878189242223,patient12_window16s_stride1s-epo,delta
1075,-0.0027555424643164084,patient12_window16s_stride1s-epo,delta
1076,-0.0010847955171244417,patient12_window16s_stride1s-epo,delta
1077,-0.002473725044320408,patient12_window16s_stride1s-epo,delta
1078,-0.0012317238774538664,patient12_window16s_stride1s-epo,delta
1079,-7.395906173793462e-05,patient12_window16s_stride1s-epo,delta
1080,0.001015346613541116,patient12_window16s_stride1s-epo,delta
1081,0.001440169123157456,patient12_window16s_stride1s-epo,delta
1082,0.001547598320339653,patient12_window16s_stride1s-epo,delta
1083,0.002982489652595017,patient12_window16s_stride1s-epo,delta
1084,0.0025806472367581375,patient12_window16s_stride1s-epo,delta
1085,0.0034693872252078797,patient12_window16s_stride1s-epo,delta
1086,0.002408995288521248,patient12_window16s_stride1s-epo,delta
1087,0.0011333488441155938,patient12_window16s_stride1s-epo,delta
1088,0.002805948404969019,patient12_window16s_stride1s-epo,delta
1089,0.0031257729036698037,patient12_window16s_stride1s-epo,delta
1090,0.0010575049610744782,patient12_window16s_stride1s-epo,delta
1091,0.0002045636153247426,patient12_window16s_stride1s-epo,delta
1092,-0.0005331731900691882,patient12_window16s_stride1s-epo,delta
1093,-0.0011355488114416943,patient12_window16s_stride1s-epo,delta
1094,-0.0021327496381060023,patient12_window16s_stride1s-epo,delta
1095,-0.002548541918700088,patient12_window16s_stride1s-epo,delta
1096,-0.002627189747099228,patient12_window16s_stride1s-epo,delta
1097,-0.002624103132329106,patient12_window16s_stride1s-epo,delta
1098,-0.0032093599256327134,patient12_window16s_stride1s-epo,delta
1099,-0.0021262347300577637,patient12_window16s_stride1s-epo,delta
1100,-0.0019933703557500015,patient12_window16s_stride1s-epo,delta
1101,-0.002383702765625624,patient12_window16s_stride1s-epo,delta
1102,-0.0026276919703628054,patient12_window16s_stride1s-epo,delta
1103,-0.0027667763938136053,patient12_window16s_stride1s-epo,delta
1104,-0.0036977555389286986,patient12_window16s_stride1s-epo,delta
1105,-0.003573348239355926,patient12_window16s_stride1s-epo,delta
1106,-0.0023599019724711862,patient12_window16s_stride1s-epo,delta
1107,-0.0023711104522261346,patient12_window16s_stride1s-epo,delta
1108,-0.0016090262914213482,patient12_window16s_stride1s-epo,delta
1109,-0.001792672446517744,patient12_window16s_stride1s-epo,delta
1110,-0.002021312011750427,patient12_window16s_stride1s-epo,delta
1111,-0.0015524023373669413,patient12_window16s_stride1s-epo,delta
1112,-0.002023118435519886,patient12_window16s_stride1s-epo,delta
1113,-0.0008215590432172823,patient12_window16s_stride1s-epo,delta
1114,0.0004825599119584007,patient12_window16s_stride1s-epo,delta
1115,-0.0006132890501332685,patient12_window16s_stride1s-epo,delta
1116,-0.0009577745797133658,patient12_window16s_stride1s-epo,delta
1117,-0.00042758576679781553,patient12_window16s_stride1s-epo,delta
1118,-0.001990459181659177,patient12_window16s_stride1s-epo,delta
1119,-0.002144879072529546,patient12_window16s_stride1s-epo,delta
1120,-0.0003359470922547334,patient12_window16s_stride1s-epo,delta
1121,-0.00037295950146186305,patient12_window16s_stride1s-epo,delta
1122,-0.0008280003366328818,patient12_window16s_stride1s-epo,delta
1123,-0.0006750591095792277,patient12_window16s_stride1s-epo,delta
1124,-0.0008815812762380851,patient12_window16s_stride1s-epo,delta
1125,-0.0014182369443287333,patient12_window16s_stride1s-epo,delta
1126,-0.0009862914863936517,patient12_window16s_stride1s-epo,delta
1127,-0.00036716793445313515,patient12_window16s_stride1s-epo,delta
1128,-0.0007473383350992827,patient12_window16s_stride1s-epo,delta
1129,-0.000780351817463817,patient12_window16s_stride1s-epo,delta
1130,-0.00013687112416746987,patient12_window16s_stride1s-epo,delta
1131,-0.0004826303330482025,patient12_window16s_stride1s-epo,delta
1132,0.0002496220362426862,patient12_window16s_stride1s-epo,delta
1133,0.0023947796752746132,patient12_window16s_stride1s-epo,delta
1134,0.004371400799138461,patient12_window16s_stride1s-epo,delta
1135,0.004482072506505607,patient12_window16s_stride1s-epo,delta
1136,0.004781009881787524,patient12_window16s_stride1s-epo,delta
1137,0.004084855299974753,patient12_window16s_stride1s-epo,delta
1138,0.005849701884167222,patient12_window16s_stride1s-epo,delta
1139,0.008818432405058925,patient12_window16s_stride1s-epo,delta
1140,0.009241232652033709,patient12_window16s_stride1s-epo,delta
1141,0.009315894739948118,patient12_window16s_stride1s-epo,delta
1142,0.009366596992027047,patient12_window16s_stride1s-epo,delta
1143,0.011081375445824847,patient12_window16s_stride1s-epo,delta
1144,0.010403604075849728,patient12_window16s_stride1s-epo,delta
1145,0.011274671845358205,patient12_window16s_stride1s-epo,delta
1146,0.010677932162909092,patient12_window16s_stride1s-epo,delta
1147,0.011164138356703563,patient12_window16s_stride1s-epo,delta
1148,0.009133219890592053,patient12_window16s_stride1s-epo,delta
1149,0.008288972667382365,patient12_window16s_stride1s-epo,delta
1150,0.005398623609199379,patient12_window16s_stride1s-epo,delta
1151,0.004560565747193736,patient12_window16s_stride1s-epo,delta
1152,0.0030546761023371965,patient12_window16s_stride1s-epo,delta
1153,0.003647668993426775,patient12_window16s_stride1s-epo,delta
1154,0.00257143394430076,patient12_window16s_stride1s-epo,delta
1155,0.0011443337544064438,patient12_window16s_stride1s-epo,delta
1156,0.0015626460876384148,patient12_window16s_stride1s-epo,delta
1157,0.0002764514931057279,patient12_window16s_stride1s-epo,delta
1158,-0.00031224507289081275,patient12_window16s_stride1s-epo,delta
1159,0.0005408138470541444,patient12_window16s_stride1s-epo,delta
1160,0.0007629764616020792,patient12_window16s_stride1s-epo,delta
1161,0.00015251734022119282,patient12_window16s_stride1s-epo,delta
1162,-7.079270978287356e-05,patient12_window16s_stride1s-epo,delta
1163,0.00011540150118569612,patient12_window16s_stride1s-epo,delta
1164,0.0011995881751525697,patient12_window16s_stride1s-epo,delta
1165,0.000388852787347389,patient12_window16s_stride1s-epo,delta
1166,0.0006221508676799325,patient12_window16s_stride1s-epo,delta
1167,0.0007388921869076599,patient12_window16s_stride1s-epo,delta
1168,0.00021154887089829737,patient12_window16s_stride1s-epo,delta
1169,-0.0004524161280726889,patient12_window16s_stride1s-epo,delta
1170,1.2896984662921673e-05,patient12_window16s_stride1s-epo,delta
1171,-0.0009539018716155963,patient12_window16s_stride1s-epo,delta
1172,-0.0005964810015846392,patient12_window16s_stride1s-epo,delta
1173,7.009910978792908e-05,patient12_window16s_stride1s-epo,delta
1174,0.0006828134032304148,patient12_window16s_stride1s-epo,delta
1175,0.000436660447348846,patient12_window16s_stride1s-epo,delta
1176,0.0006144390528294763,patient12_window16s_stride1s-epo,delta
1177,-0.0005388228629787789,patient12_window16s_stride1s-epo,delta
1178,-0.0005710493538320006,patient12_window16s_stride1s-epo,delta
1179,-0.0015306034712472883,patient12_window16s_stride1s-epo,delta
1180,-0.001547041542970418,patient12_window16s_stride1s-epo,delta
1181,-0.0006201945707931792,patient12_window16s_stride1s-epo,delta
1182,-0.0008076372886636838,patient12_window16s_stride1s-epo,delta
1183,-0.0002464216423763782,patient12_window16s_stride1s-epo,delta
1184,0.0001935636397688197,patient12_window16s_stride1s-epo,delta
1185,0.000319017401198852,patient12_window16s_stride1s-epo,delta
1186,-9.865010869735339e-05,patient12_window16s_stride1s-epo,delta
1187,-2.869926911514294e-05,patient12_window16s_stride1s-epo,delta
1188,-0.0003913877026145461,patient12_window16s_stride1s-epo,delta
1189,-0.000909544138638058,patient12_window16s_stride1s-epo,delta
1190,-0.0004735433963258141,patient12_window16s_stride1s-epo,delta
1191,-0.000794690080983814,patient12_window16s_stride1s-epo,delta
1192,-0.0009525108060916395,patient12_window16s_stride1s-epo,delta
1193,-0.00010713903148094527,patient12_window16s_stride1s-epo,delta
1194,-0.0009297634140850646,patient12_window16s_stride1s-epo,delta
1195,-0.0008505099446295804,patient12_window16s_stride1s-epo,delta
1196,-0.00036978146615495314,patient12_window16s_stride1s-epo,delta
1197,-0.0008508551004206527,patient12_window16s_stride1s-epo,delta
1198,0.0005667990997499734,patient12_window16s_stride1s-epo,delta
1199,0.0008322100375496881,patient12_window16s_stride1s-epo,delta
1200,0.00040720227146993817,patient12_window16s_stride1s-epo,delta
1201,0.0014173857218379765,patient12_window16s_stride1s-epo,delta
1202,0.0004918489770724017,patient12_window16s_stride1s-epo,delta
1203,0.0010737207658690687,patient12_window16s_stride1s-epo,delta
1204,0.000610180867599075,patient12_window16s_stride1s-epo,delta
1205,0.0003862822486107787,patient12_window16s_stride1s-epo,delta
1206,4.9097097291834576e-05,patient12_window16s_stride1s-epo,delta
1207,-0.00014308538787484616,patient12_window16s_stride1s-epo,delta
1208,-0.0011693457063253563,patient12_window16s_stride1s-epo,delta
1209,0.0005914922523922057,patient12_window16s_stride1s-epo,delta
1210,-0.0003883148746356535,patient12_window16s_stride1s-epo,delta
1211,0.0006309155116292903,patient12_window16s_stride1s-epo,delta
1212,-0.0004098107216229925,patient12_window16s_stride1s-epo,delta
1213,0.00015852684300624297,patient12_window16s_stride1s-epo,delta
1214,4.9832573382053405e-05,patient12_window16s_stride1s-epo,delta
1215,0.0003889055154986454,patient12_window16s_stride1s-epo,delta
1216,0.00042088185191346166,patient12_window16s_stride1s-epo,delta
1217,0.0005394909525605631,patient12_window16s_stride1s-epo,delta
1218,0.0007487321044029184,patient12_window16s_stride1s-epo,delta
1219,0.0009369662474277356,patient12_window16s_stride1s-epo,delta
1220,-0.00022955834641863858,patient12_window16s_stride1s-epo,delta
1221,0.000504644268171873,patient12_window16s_stride1s-epo,delta
1222,0.0009312242460142536,patient12_window16s_stride1s-epo,delta
1223,0.0013165842337329637,patient12_window16s_stride1s-epo,delta
1224,0.0007073609890648449,patient12_window16s_stride1s-epo,delta
1225,0.0005688466045065472,patient12_window16s_stride1s-epo,delta
1226,0.0011010334547016437,patient12_window16s_stride1s-epo,delta
1227,-1.2233093732475823e-05,patient12_window16s_stride1s-epo,delta
1228,0.0009802223140630412,patient12_window16s_stride1s-epo,delta
1229,0.0007390977392020292,patient12_window16s_stride1s-epo,delta
1230,0.0010119703853051245,patient12_window16s_stride1s-epo,delta
1231,0.0013204454045243328,patient12_window16s_stride1s-epo,delta
1232,0.0017056618728998648,patient12_window16s_stride1s-epo,delta
1233,0.0018247856906248214,patient12_window16s_stride1s-epo,delta
1234,0.0009743333852935345,patient12_window16s_stride1s-epo,delta
1235,0.0008129144030684628,patient12_window16s_stride1s-epo,delta
1236,0.0008858343626890763,patient12_window16s_stride1s-epo,delta
1237,0.0019868282221968104,patient12_window16s_stride1s-epo,delta
1238,0.002826977135237121,patient12_window16s_stride1s-epo,delta
1239,0.0027934258191617085,patient12_window16s_stride1s-epo,delta
1240,0.002480268849657915,patient12_window16s_stride1s-epo,delta
1241,0.0022280035285396453,patient12_window16s_stride1s-epo,delta
1242,0.0017198257535602469,patient12_window16s_stride1s-epo,delta
1243,0.0032298498564906136,patient12_window16s_stride1s-epo,delta
1244,0.0027993274554361115,patient12_window16s_stride1s-epo,delta
1245,0.0017095023209987975,patient12_window16s_stride1s-epo,delta
1246,0.002081624054122102,patient12_window16s_stride1s-epo,delta
1247,0.0008336928305131632,patient12_window16s_stride1s-epo,delta
1248,0.0007560768929921707,patient12_window16s_stride1s-epo,delta
1249,0.0006060392968348853,patient12_window16s_stride1s-epo,delta
1250,0.0005720444601173839,patient12_window16s_stride1s-epo,delta
1251,0.00024727083417568606,patient12_window16s_stride1s-epo,delta
1252,2.873779950079595e-05,patient12_window16s_stride1s-epo,delta
1253,8.74383787787861e-05,patient12_window16s_stride1s-epo,delta
1254,0.00020198341919783831,patient12_window16s_stride1s-epo,delta
1255,0.0005842823157008488,patient12_window16s_stride1s-epo,delta
1256,0.00027397161676790804,patient12_window16s_stride1s-epo,delta
1257,0.0010256077008896664,patient12_window16s_stride1s-epo,delta
1258,0.0012150726343081752,patient12_window16s_stride1s-epo,delta
1259,0.0027897643967187812,patient12_window16s_stride1s-epo,delta
1260,0.0014076327346319102,patient12_window16s_stride1s-epo,delta
1261,0.002036303288783992,patient12_window16s_stride1s-epo,delta
1262,0.0024919469247321967,patient12_window16s_stride1s-epo,delta
1263,0.0029309861546462698,patient12_window16s_stride1s-epo,delta
1264,0.0039132469013626135,patient12_window16s_stride1s-epo,delta
1265,0.0034659529060568984,patient12_window16s_stride1s-epo,delta
1266,0.0037238125115680366,patient12_window16s_stride1s-epo,delta
1267,0.003050330809764397,patient12_window16s_stride1s-epo,delta
1268,0.0023601808189674207,patient12_window16s_stride1s-epo,delta
1269,0.003023127930504317,patient12_window16s_stride1s-epo,delta
1270,0.003410696803775318,patient12_window16s_stride1s-epo,delta
1271,0.003447574308873637,patient12_window16s_stride1s-epo,delta
1272,0.0031074356672680476,patient12_window16s_stride1s-epo,delta
1273,0.001364330780022234,patient12_window16s_stride1s-epo,delta
1274,0.0018442970573089858,patient12_window16s_stride1s-epo,delta
1275,0.0027997215862748375,patient12_window16s_stride1s-epo,delta
1276,0.0022171875171042594,patient12_window16s_stride1s-epo,delta
1277,0.0013025420310115619,patient12_window16s_stride1s-epo,delta
1278,0.00014021744008734253,patient12_window16s_stride1s-epo,delta
1279,0.0008103736312441921,patient12_window16s_stride1s-epo,delta
1280,0.00025652354616220935,patient12_window16s_stride1s-epo,delta
1281,-0.0008235923102858686,patient12_window16s_stride1s-epo,delta
1282,-0.0008093805912324873,patient12_window16s_stride1s-epo,delta
1283,0.0005593065019338368,patient12_window16s_stride1s-epo,delta
1284,0.00032836291052531217,patient12_window16s_stride1s-epo,delta
1285,-0.00019425836157341435,patient12_window16s_stride1s-epo,delta
1286,0.0008486999008600881,patient12_window16s_stride1s-epo,delta
1287,-5.952145137833269e-05,patient12_window16s_stride1s-epo,delta
1288,-0.0002312281544279014,patient12_window16s_stride1s-epo,delta
1289,-0.00012029796033331033,patient12_window16s_stride1s-epo,delta
1290,0.00026930237417412004,patient12_window16s_stride1s-epo,delta
1291,0.00027386049877734696,patient12_window16s_stride1s-epo,delta
1292,0.0014003672893927034,patient12_window16s_stride1s-epo,delta
1293,0.0012458470347133407,patient12_window16s_stride1s-epo,delta
1294,0.00040552672014582374,patient12_window16s_stride1s-epo,delta
1295,0.0005480621920595839,patient12_window16s_stride1s-epo,delta
1296,0.001481783489981697,patient12_window16s_stride1s-epo,delta
1297,0.0005310696912844395,patient12_window16s_stride1s-epo,delta
1298,0.0008162934203075393,patient12_window16s_stride1s-epo,delta
1299,-0.0003983729773341311,patient12_window16s_stride1s-epo,delta
1300,0.000711320965426999,patient12_window16s_stride1s-epo,delta
1301,-0.00015358062071106466,patient12_window16s_stride1s-epo,delta
1302,-0.00017105632160600788,patient12_window16s_stride1s-epo,delta
1303,-0.00010341344151756496,patient12_window16s_stride1s-epo,delta
1304,-0.00043286969231898307,patient12_window16s_stride1s-epo,delta
1305,0.0009155053070021762,patient12_window16s_stride1s-epo,delta
1306,0.0012346949486608434,patient12_window16s_stride1s-epo,delta
1307,0.00040406129765006567,patient12_window16s_stride1s-epo,delta
1308,0.0006369241076028166,patient12_window16s_stride1s-epo,delta
1309,0.0008794445500082993,patient12_window16s_stride1s-epo,delta
1310,-3.5772512770343305e-05,patient12_window16s_stride1s-epo,delta
1311,0.0005339865480124838,patient12_window16s_stride1s-epo,delta
1312,0.0010824519649060146,patient12_window16s_stride1s-epo,delta
1313,0.0018038360256094575,patient12_window16s_stride1s-epo,delta
1314,0.0009449381342268298,patient12_window16s_stride1s-epo,delta
1315,0.0011307160555260238,patient12_window16s_stride1s-epo,delta
1316,7.903668164208942e-05,patient12_window16s_stride1s-epo,delta
1317,0.0008956640875330818,patient12_window16s_stride1s-epo,delta
1318,0.0016077840113180475,patient12_window16s_stride1s-epo,delta
1319,0.0004004963941226417,patient12_window16s_stride1s-epo,delta
1320,0.001990168200844166,patient12_window16s_stride1s-epo,delta
1321,0.0011808582752354756,patient12_window16s_stride1s-epo,delta
1322,0.0015564527471555165,patient12_window16s_stride1s-epo,delta
1323,0.0017787708919320799,patient12_window16s_stride1s-epo,delta
1324,0.0008552781667494855,patient12_window16s_stride1s-epo,delta
1325,0.00012768246942511464,patient12_window16s_stride1s-epo,delta
1326,0.0011160508607398068,patient12_window16s_stride1s-epo,delta
1327,0.0011859106686956842,patient12_window16s_stride1s-epo,delta
1328,0.001066463523547989,patient12_window16s_stride1s-epo,delta
1329,0.0008088464025278081,patient12_window16s_stride1s-epo,delta
1330,0.0008256100454092324,patient12_window16s_stride1s-epo,delta
1331,0.0005143745872572782,patient12_window16s_stride1s-epo,delta
1332,0.0006481177814417981,patient12_window16s_stride1s-epo,delta
1333,-9.102849227463964e-05,patient12_window16s_stride1s-epo,delta
1334,0.0005603555872273953,patient12_window16s_stride1s-epo,delta
1335,0.00017654222691592417,patient12_window16s_stride1s-epo,delta
1336,-0.0003679380615272236,patient12_window16s_stride1s-epo,delta
1337,-0.00043183232244671917,patient12_window16s_stride1s-epo,delta
1338,0.0007659368145734794,patient12_window16s_stride1s-epo,delta
1339,0.0003028764844662509,patient12_window16s_stride1s-epo,delta
1340,0.0008037197535550743,patient12_window16s_stride1s-epo,delta
1341,0.0011387975476537231,patient12_window16s_stride1s-epo,delta
1342,0.0005262398392974684,patient12_window16s_stride1s-epo,delta
1343,0.0002548188178691995,patient12_window16s_stride1s-epo,delta
1344,0.0008160019415914599,patient12_window16s_stride1s-epo,delta
1345,0.0008092750847754697,patient12_window16s_stride1s-epo,delta
1346,0.001722346962710188,patient12_window16s_stride1s-epo,delta
1347,0.0017365351667406146,patient12_window16s_stride1s-epo,delta
1348,0.0016633256960406032,patient12_window16s_stride1s-epo,delta
1349,0.0019340799513164993,patient12_window16s_stride1s-epo,delta
1350,0.0016688331817385535,patient12_window16s_stride1s-epo,delta
1351,0.0017118761162862495,patient12_window16s_stride1s-epo,delta
1352,0.002264055895969272,patient12_window16s_stride1s-epo,delta
1353,0.002658213095148643,patient12_window16s_stride1s-epo,delta
1354,0.003682486923347909,patient12_window16s_stride1s-epo,delta
1355,0.003207988335887403,patient12_window16s_stride1s-epo,delta
1356,0.0016112178766497145,patient12_window16s_stride1s-epo,delta
1357,0.0022837998911805256,patient12_window16s_stride1s-epo,delta
1358,0.0018997115863225856,patient12_window16s_stride1s-epo,delta
1359,0.0010497211916229141,patient12_window16s_stride1s-epo,delta
1360,0.001452008152157776,patient12_window16s_stride1s-epo,delta
1361,0.001578546205853206,patient12_window16s_stride1s-epo,delta
1362,0.0011943316801311002,patient12_window16s_stride1s-epo,delta
1363,0.0022116974747402587,patient12_window16s_stride1s-epo,delta
1364,0.0020898620626308866,patient12_window16s_stride1s-epo,delta
1365,0.0031703948490741578,patient12_window16s_stride1s-epo,delta
1366,0.0021820234021337408,patient12_window16s_stride1s-epo,delta
1367,0.003238494664549272,patient12_window16s_stride1s-epo,delta
1368,0.0021262680787273052,patient12_window16s_stride1s-epo,delta
1369,0.002128243045175115,patient12_window16s_stride1s-epo,delta
1370,0.0012157852496596207,patient12_window16s_stride1s-epo,delta
1371,0.000963574579439079,patient12_window16s_stride1s-epo,delta
1372,0.0008136395569777868,patient12_window16s_stride1s-epo,delta
1373,0.0007697896639462515,patient12_window16s_stride1s-epo,delta
1374,0.0008289134145943118,patient12_window16s_stride1s-epo,delta
1375,0.0010127953116403157,patient12_window16s_stride1s-epo,delta
1376,0.0009087481114803093,patient12_window16s_stride1s-epo,delta
1377,0.000983284677012452,patient12_window16s_stride1s-epo,delta
1378,0.0007449668059199581,patient12_window16s_stride1s-epo,delta
1379,-0.0004764440114552578,patient12_window16s_stride1s-epo,delta
1380,-0.000254371537289473,patient12_window16s_stride1s-epo,delta
1381,-0.001116502655401705,patient12_window16s_stride1s-epo,delta
1382,-0.00095356243330648,patient12_window16s_stride1s-epo,delta
1383,-0.0009843780222641206,patient12_window16s_stride1s-epo,delta
1384,0.0007579428583149563,patient12_window16s_stride1s-epo,delta
1385,0.0002872146171700531,patient12_window16s_stride1s-epo,delta
1386,0.00048729811618430485,patient12_window16s_stride1s-epo,delta
1387,0.0007014717812460115,patient12_window16s_stride1s-epo,delta
1388,0.001419551413118899,patient12_window16s_stride1s-epo,delta
1389,0.0010691536715649146,patient12_window16s_stride1s-epo,delta
1390,0.0008958150662828473,patient12_window16s_stride1s-epo,delta
1391,0.001370078263561879,patient12_window16s_stride1s-epo,delta
1392,-0.00025858109282243965,patient12_window16s_stride1s-epo,delta
1393,-0.0015540315115892174,patient12_window16s_stride1s-epo,delta
1394,-0.0005309650933391669,patient12_window16s_stride1s-epo,delta
1395,0.000965127934115165,patient12_window16s_stride1s-epo,delta
1396,9.640932238712772e-06,patient12_window16s_stride1s-epo,delta
1397,-0.00011764761980390138,patient12_window16s_stride1s-epo,delta
1398,4.3847096704785234e-05,patient12_window16s_stride1s-epo,delta
1399,-0.0004669337000873992,patient12_window16s_stride1s-epo,delta
1400,0.00035567725246793614,patient12_window16s_stride1s-epo,delta
1401,0.0017410839544499748,patient12_window16s_stride1s-epo,delta
1402,0.0008605181818720159,patient12_window16s_stride1s-epo,delta
1403,0.001192870652178128,patient12_window16s_stride1s-epo,delta
1404,0.0006574173667988052,patient12_window16s_stride1s-epo,delta
1405,-0.0010347332273418792,patient12_window16s_stride1s-epo,delta
1406,0.00044051825476723773,patient12_window16s_stride1s-epo,delta
1407,0.0007341693859815754,patient12_window16s_stride1s-epo,delta
1408,0.0005053864179858093,patient12_window16s_stride1s-epo,delta
1409,0.0009093554291160866,patient12_window16s_stride1s-epo,delta
1410,0.002360918350737335,patient12_window16s_stride1s-epo,delta
1411,0.0015266384195911564,patient12_window16s_stride1s-epo,delta
1412,0.0011270095332983378,patient12_window16s_stride1s-epo,delta
1413,0.0007539811512759038,patient12_window16s_stride1s-epo,delta
1414,0.000305066816940578,patient12_window16s_stride1s-epo,delta
1415,-0.0010156506300423478,patient12_window16s_stride1s-epo,delta
1416,-0.0011650048295085806,patient12_window16s_stride1s-epo,delta
1417,-0.0019787162521838837,patient12_window16s_stride1s-epo,delta
1418,-0.0012110639876568223,patient12_window16s_stride1s-epo,delta
1419,-0.0006402382396010432,patient12_window16s_stride1s-epo,delta
1420,-0.0007389789710216273,patient12_window16s_stride1s-epo,delta
1421,0.0004769221500245398,patient12_window16s_stride1s-epo,delta
1422,0.0005917305848981195,patient12_window16s_stride1s-epo,delta
1423,-0.0004465576996724598,patient12_window16s_stride1s-epo,delta
1424,-0.000490498745776048,patient12_window16s_stride1s-epo,delta
1425,-0.0014515193556151444,patient12_window16s_stride1s-epo,delta
1426,-0.00011150424924364335,patient12_window16s_stride1s-epo,delta
1427,0.0003217505428627733,patient12_window16s_stride1s-epo,delta
1428,0.0006190921103087079,patient12_window16s_stride1s-epo,delta
1429,0.0008884236037109903,patient12_window16s_stride1s-epo,delta
1430,0.0013434021114273327,patient12_window16s_stride1s-epo,delta
1431,0.003558619213549001,patient12_window16s_stride1s-epo,delta
1432,0.004458245609825105,patient12_window16s_stride1s-epo,delta
1433,0.0025640026202144637,patient12_window16s_stride1s-epo,delta
1434,0.001610169077367999,patient12_window16s_stride1s-epo,delta
1435,0.001969789820139141,patient12_window16s_stride1s-epo,delta
1436,0.0025278246009947385,patient12_window16s_stride1s-epo,delta
1437,0.002164180415501232,patient12_window16s_stride1s-epo,delta
1438,0.0023644454986996967,patient12_window16s_stride1s-epo,delta
1439,0.0016876357107083546,patient12_window16s_stride1s-epo,delta
1440,0.0015687989214170975,patient12_window16s_stride1s-epo,delta
1441,0.0013695679562315288,patient12_window16s_stride1s-epo,delta
1442,0.001340617873297271,patient12_window16s_stride1s-epo,delta
1443,0.0007919825505658737,patient12_window16s_stride1s-epo,delta
1444,0.0014821149710215879,patient12_window16s_stride1s-epo,delta
1445,0.0013951877574403908,patient12_window16s_stride1s-epo,delta
1446,0.0011816434124069547,patient12_window16s_stride1s-epo,delta
1447,0.0023377961888581896,patient12_window16s_stride1s-epo,delta
1448,0.002028901560948348,patient12_window16s_stride1s-epo,delta
1449,0.0021918769238267913,patient12_window16s_stride1s-epo,delta
1450,0.0014084869602655485,patient12_window16s_stride1s-epo,delta
1451,0.001268700979718413,patient12_window16s_stride1s-epo,delta
1452,0.0009433800626374499,patient12_window16s_stride1s-epo,delta
1453,0.0012621504189660431,patient12_window16s_stride1s-epo,delta
1454,0.00019729299941729684,patient12_window16s_stride1s-epo,delta
1455,-0.0004966515904723789,patient12_window16s_stride1s-epo,delta
1456,-0.00035098285454125623,patient12_window16s_stride1s-epo,delta
1457,-0.0004973371054903646,patient12_window16s_stride1s-epo,delta
1458,-0.000564280380931385,patient12_window16s_stride1s-epo,delta
1459,-0.0003312445826425932,patient12_window16s_stride1s-epo,delta
1460,-0.0005571726724451687,patient12_window16s_stride1s-epo,delta
1461,-0.0001476816855847525,patient12_window16s_stride1s-epo,delta
1462,-0.00026472886832101426,patient12_window16s_stride1s-epo,delta
1463,-0.00039163944290718927,patient12_window16s_stride1s-epo,delta
1464,-0.0003553943235206232,patient12_window16s_stride1s-epo,delta
1465,-0.000987478772721236,patient12_window16s_stride1s-epo,delta
1466,-0.0011172356993796886,patient12_window16s_stride1s-epo,delta
1467,-0.0010576579127230098,patient12_window16s_stride1s-epo,delta
1468,-0.0006441145207787977,patient12_window16s_stride1s-epo,delta
1469,-0.001283579049182971,patient12_window16s_stride1s-epo,delta
1470,-0.00016361452142113877,patient12_window16s_stride1s-epo,delta
1471,-0.00032060031962073807,patient12_window16s_stride1s-epo,delta
1472,-0.0008143578017514261,patient12_window16s_stride1s-epo,delta
1473,-0.0011178434341398641,patient12_window16s_stride1s-epo,delta
1474,-0.000644846671049216,patient12_window16s_stride1s-epo,delta
1475,-0.0008529182279574351,patient12_window16s_stride1s-epo,delta
1476,-0.0013400962916592062,patient12_window16s_stride1s-epo,delta
1477,-0.0013197083819205242,patient12_window16s_stride1s-epo,delta
1478,-0.0005041138721189159,patient12_window16s_stride1s-epo,delta
1479,-0.0021617298291535707,patient12_window16s_stride1s-epo,delta
1480,-0.002580400879758965,patient12_window16s_stride1s-epo,delta
1481,-0.0020221449002374445,patient12_window16s_stride1s-epo,delta
1482,-0.001266646504969097,patient12_window16s_stride1s-epo,delta
1483,-0.0007699453934410616,patient12_window16s_stride1s-epo,delta
1484,-0.0008981909705619587,patient12_window16s_stride1s-epo,delta
1485,-0.00023114242946934406,patient12_window16s_stride1s-epo,delta
1486,-0.0002902658698265843,patient12_window16s_stride1s-epo,delta
1487,-0.0002876664073575709,patient12_window16s_stride1s-epo,delta
1488,-0.00022471034848267773,patient12_window16s_stride1s-epo,delta
1489,0.0011775710456411288,patient12_window16s_stride1s-epo,delta
1490,0.001074858552014489,patient12_window16s_stride1s-epo,delta
1491,0.0011803982363295382,patient12_window16s_stride1s-epo,delta
1492,0.0008464041845224814,patient12_window16s_stride1s-epo,delta
1493,3.792125266594455e-05,patient12_window16s_stride1s-epo,delta
1494,0.0003277253623449217,patient12_window16s_stride1s-epo,delta
1495,0.0011958954769088232,patient12_window16s_stride1s-epo,delta
1496,0.0014338530715107575,patient12_window16s_stride1s-epo,delta
1497,0.0013016567298101361,patient12_window16s_stride1s-epo,delta
1498,0.0011202636974306105,patient12_window16s_stride1s-epo,delta
1499,0.001955410929737841,patient12_window16s_stride1s-epo,delta
1500,0.0011711727193844676,patient12_window16s_stride1s-epo,delta
1501,0.0007029971099952387,patient12_window16s_stride1s-epo,delta
1502,-8.975322116409893e-06,patient12_window16s_stride1s-epo,delta
1503,0.0006534058334579674,patient12_window16s_stride1s-epo,delta
1504,-5.881542543740506e-05,patient12_window16s_stride1s-epo,delta
1505,-0.001908979862683802,patient12_window16s_stride1s-epo,delta
1506,-0.00226387165894592,patient12_window16s_stride1s-epo,delta
1507,-0.0015621601680175265,patient12_window16s_stride1s-epo,delta
1508,-0.002262098776622075,patient12_window16s_stride1s-epo,delta
1509,-0.002687965642234568,patient12_window16s_stride1s-epo,delta
1510,-0.0012673472798122836,patient12_window16s_stride1s-epo,delta
1511,-0.0023792503716235955,patient12_window16s_stride1s-epo,delta
1512,-0.0018480797550640617,patient12_window16s_stride1s-epo,delta
1513,-0.0006255808270091076,patient12_window16s_stride1s-epo,delta
1514,-0.00011779690390701277,patient12_window16s_stride1s-epo,delta
1515,-0.0008989819975477243,patient12_window16s_stride1s-epo,delta
1516,-0.0005875806411539072,patient12_window16s_stride1s-epo,delta
1517,-0.0009213214388576141,patient12_window16s_stride1s-epo,delta
1518,-5.3866804534888474e-05,patient12_window16s_stride1s-epo,delta
1519,-3.057478096388627e-05,patient12_window16s_stride1s-epo,delta
1520,0.00035056488756323833,patient12_window16s_stride1s-epo,delta
1521,0.0008557090339825745,patient12_window16s_stride1s-epo,delta
1522,0.000819223613148409,patient12_window16s_stride1s-epo,delta
1523,0.0014831712297522718,patient12_window16s_stride1s-epo,delta
1524,0.001547046655364488,patient12_window16s_stride1s-epo,delta
1525,0.0025690222670495476,patient12_window16s_stride1s-epo,delta
1526,0.0019541274117218796,patient12_window16s_stride1s-epo,delta
1527,0.0009323229795122936,patient12_window16s_stride1s-epo,delta
1528,0.0005647320332661204,patient12_window16s_stride1s-epo,delta
1529,0.0016488199673269535,patient12_window16s_stride1s-epo,delta
1530,0.0007603526128524579,patient12_window16s_stride1s-epo,delta
1531,0.00114819554931492,patient12_window16s_stride1s-epo,delta
1532,0.0017619546193137169,patient12_window16s_stride1s-epo,delta
1533,0.0012424382948582086,patient12_window16s_stride1s-epo,delta
1534,0.0007171158251686495,patient12_window16s_stride1s-epo,delta
1535,0.0009950178075975162,patient12_window16s_stride1s-epo,delta
1536,0.001668137589936007,patient12_window16s_stride1s-epo,delta
1537,0.0018891626998066928,patient12_window16s_stride1s-epo,delta
1538,0.0015708627673968868,patient12_window16s_stride1s-epo,delta
1539,0.0004287401911824149,patient12_window16s_stride1s-epo,delta
1540,-0.00015238960423455365,patient12_window16s_stride1s-epo,delta
1541,-0.0012587288369821392,patient12_window16s_stride1s-epo,delta
1542,0.00018774232464685228,patient12_window16s_stride1s-epo,delta
1543,0.0002912901968598232,patient12_window16s_stride1s-epo,delta
1544,0.0009710357633446205,patient12_window16s_stride1s-epo,delta
1545,-0.0005861078186164426,patient12_window16s_stride1s-epo,delta
1546,-0.0005792320803942451,patient12_window16s_stride1s-epo,delta
1547,-0.0006669183361075209,patient12_window16s_stride1s-epo,delta
1548,-0.00039325095433955084,patient12_window16s_stride1s-epo,delta
1549,-0.0006073245746519169,patient12_window16s_stride1s-epo,delta
1550,-0.00046882035599874025,patient12_window16s_stride1s-epo,delta
1551,-0.0015411440587510164,patient12_window16s_stride1s-epo,delta
1552,-0.0020650406024669385,patient12_window16s_stride1s-epo,delta
1553,-0.0023199029524837056,patient12_window16s_stride1s-epo,delta
1554,-0.0021381421689118402,patient12_window16s_stride1s-epo,delta
1555,-0.0014252431724898567,patient12_window16s_stride1s-epo,delta
1556,-0.002117338589578511,patient12_window16s_stride1s-epo,delta
1557,-0.0017045991154143888,patient12_window16s_stride1s-epo,delta
1558,-0.0011177576063895378,patient12_window16s_stride1s-epo,delta
1559,-0.0010673327570369878,patient12_window16s_stride1s-epo,delta
1560,-0.0016301915700008493,patient12_window16s_stride1s-epo,delta
1561,-0.0016529526947628658,patient12_window16s_stride1s-epo,delta
1562,-0.0011558464998036111,patient12_window16s_stride1s-epo,delta
1563,-0.0006250905894685575,patient12_window16s_stride1s-epo,delta
1564,-0.0003228594310466958,patient12_window16s_stride1s-epo,delta
1565,0.0003294070459090349,patient12_window16s_stride1s-epo,delta
1566,0.00037436881319620897,patient12_window16s_stride1s-epo,delta
1567,0.0014185454142519615,patient12_window16s_stride1s-epo,delta
1568,0.0006377100782725325,patient12_window16s_stride1s-epo,delta
1569,0.0032253375079473834,patient12_window16s_stride1s-epo,delta
1570,0.0038433425299725108,patient12_window16s_stride1s-epo,delta
1571,0.0036178364828356032,patient12_window16s_stride1s-epo,delta
1572,0.003926889484149053,patient12_window16s_stride1s-epo,delta
1573,0.004966882764936393,patient12_window16s_stride1s-epo,delta
1574,0.004269934669183545,patient12_window16s_stride1s-epo,delta
1575,0.0036126858112138995,patient12_window16s_stride1s-epo,delta
1576,0.003227825232840946,patient12_window16s_stride1s-epo,delta
1577,0.00334634387895749,patient12_window16s_stride1s-epo,delta
1578,0.00512661154215492,patient12_window16s_stride1s-epo,delta
1579,0.0032220801922101367,patient12_window16s_stride1s-epo,delta
1580,0.003924568224558701,patient12_window16s_stride1s-epo,delta
1581,0.00307174252064849,patient12_window16s_stride1s-epo,delta
1582,0.002376773399355247,patient12_window16s_stride1s-epo,delta
1583,0.002134731530786167,patient12_window16s_stride1s-epo,delta
1584,0.0013055247909982547,patient12_window16s_stride1s-epo,delta
1585,0.0012081379802888874,patient12_window16s_stride1s-epo,delta
1586,-0.0003317420062824675,patient12_window16s_stride1s-epo,delta
1587,-7.989937187465257e-05,patient12_window16s_stride1s-epo,delta
1588,9.313388980783495e-05,patient12_window16s_stride1s-epo,delta
1589,-3.195047267885864e-05,patient12_window16s_stride1s-epo,delta
1590,-0.00010153750290178636,patient12_window16s_stride1s-epo,delta
1591,0.0004834112390665594,patient12_window16s_stride1s-epo,delta
1592,0.0005526047588993029,patient12_window16s_stride1s-epo,delta
1593,0.0006418692920291607,patient12_window16s_stride1s-epo,delta
1594,3.503066095662695e-05,patient12_window16s_stride1s-epo,delta
1595,0.0006375012826785661,patient12_window16s_stride1s-epo,delta
1596,-0.00044323170570766135,patient12_window16s_stride1s-epo,delta
1597,0.0012140589706257515,patient12_window16s_stride1s-epo,delta
1598,0.001083605994401842,patient12_window16s_stride1s-epo,delta
1599,0.0005789540530973871,patient12_window16s_stride1s-epo,delta
1600,0.00023266612075547848,patient12_window16s_stride1s-epo,delta
1601,-0.00035425636228267305,patient12_window16s_stride1s-epo,delta
1602,-0.000749171432195568,patient12_window16s_stride1s-epo,delta
1603,-0.0006310029359231016,patient12_window16s_stride1s-epo,delta
1604,-0.0007676639011224133,patient12_window16s_stride1s-epo,delta
1605,-0.0010323487873856324,patient12_window16s_stride1s-epo,delta
1606,-0.0007847105126696245,patient12_window16s_stride1s-epo,delta
1607,-0.001400695978664481,patient12_window16s_stride1s-epo,delta
1608,-0.0005323351646894588,patient12_window16s_stride1s-epo,delta
1609,2.0457208115283244e-05,patient12_window16s_stride1s-epo,delta
1610,1.818719581804754e-05,patient12_window16s_stride1s-epo,delta
1611,0.000946938843173965,patient12_window16s_stride1s-epo,delta
1612,0.0006916980036146403,patient12_window16s_stride1s-epo,delta
1613,0.00015311423174597472,patient12_window16s_stride1s-epo,delta
1614,0.0008321025383869464,patient12_window16s_stride1s-epo,delta
1615,0.00015091593960572043,patient12_window16s_stride1s-epo,delta
1616,-0.000486270538379278,patient12_window16s_stride1s-epo,delta
1617,-0.00028786079211271106,patient12_window16s_stride1s-epo,delta
1618,0.00041838925719936166,patient12_window16s_stride1s-epo,delta
1619,0.0011131462621499844,patient12_window16s_stride1s-epo,delta
1620,0.00029426977585263013,patient12_window16s_stride1s-epo,delta
1621,0.0001473339821593914,patient12_window16s_stride1s-epo,delta
1622,0.0006422539469905993,patient12_window16s_stride1s-epo,delta
1623,0.0008922267542367394,patient12_window16s_stride1s-epo,delta
1624,-0.00014970836463441248,patient12_window16s_stride1s-epo,delta
1625,0.0004441585405460761,patient12_window16s_stride1s-epo,delta
1626,-0.0008400007364436077,patient12_window16s_stride1s-epo,delta
1627,-0.001322020139184562,patient12_window16s_stride1s-epo,delta
1628,-0.0014932006291691604,patient12_window16s_stride1s-epo,delta
1629,-0.0007858126067854677,patient12_window16s_stride1s-epo,delta
1630,-0.0015954712570636733,patient12_window16s_stride1s-epo,delta
1631,-0.0012458395875021987,patient12_window16s_stride1s-epo,delta
1632,-0.0006890978877596268,patient12_window16s_stride1s-epo,delta
1633,-0.0003449285888285682,patient12_window16s_stride1s-epo,delta
1634,-0.000992844162255635,patient12_window16s_stride1s-epo,delta
1635,-0.001523280124466224,patient12_window16s_stride1s-epo,delta
1636,-0.001442547315398197,patient12_window16s_stride1s-epo,delta
1637,-0.0007408743409580919,patient12_window16s_stride1s-epo,delta
1638,-0.0003283978066177716,patient12_window16s_stride1s-epo,delta
1639,-0.0001544452354760507,patient12_window16s_stride1s-epo,delta
1640,-0.0004331179429944059,patient12_window16s_stride1s-epo,delta
1641,-0.0004884999416233616,patient12_window16s_stride1s-epo,delta
1642,0.0001622186909879272,patient12_window16s_stride1s-epo,delta
1643,-0.0004025659627334644,patient12_window16s_stride1s-epo,delta
1644,-0.0003052805235046729,patient12_window16s_stride1s-epo,delta
1645,-2.713960616591487e-05,patient12_window16s_stride1s-epo,delta
1646,-0.00022253112378254082,patient12_window16s_stride1s-epo,delta
1647,-0.000189278871053762,patient12_window16s_stride1s-epo,delta
1648,-0.0005131350031394972,patient12_window16s_stride1s-epo,delta
1649,-0.0004709212565828143,patient12_window16s_stride1s-epo,delta
1650,0.0001996480195411127,patient12_window16s_stride1s-epo,delta
1651,-0.00024118816165352085,patient12_window16s_stride1s-epo,delta
1652,0.0008825134655967802,patient12_window16s_stride1s-epo,delta
1653,0.0009434858146816018,patient12_window16s_stride1s-epo,delta
1654,2.3269081310010324e-05,patient12_window16s_stride1s-epo,delta
1655,0.00024409967045900717,patient12_window16s_stride1s-epo,delta
1656,-0.0006892870835029421,patient12_window16s_stride1s-epo,delta
1657,0.0005021516528496671,patient12_window16s_stride1s-epo,delta
1658,3.815116064680601e-05,patient12_window16s_stride1s-epo,delta
1659,0.000512574133679026,patient12_window16s_stride1s-epo,delta
1660,0.001834473202305865,patient12_window16s_stride1s-epo,delta
1661,0.0023947624894056574,patient12_window16s_stride1s-epo,delta
1662,0.002658327007458031,patient12_window16s_stride1s-epo,delta
1663,0.0029336916876159186,patient12_window16s_stride1s-epo,delta
1664,0.0028980839268886783,patient12_window16s_stride1s-epo,delta
1665,0.002651283712776051,patient12_window16s_stride1s-epo,delta
1666,0.0019715058379101607,patient12_window16s_stride1s-epo,delta
1667,0.0016247416720538742,patient12_window16s_stride1s-epo,delta
1668,5.847396030894251e-05,patient12_window16s_stride1s-epo,delta
1669,0.0004604756545627699,patient12_window16s_stride1s-epo,delta
1670,0.0013885943013492855,patient12_window16s_stride1s-epo,delta
1671,0.0008036620688468996,patient12_window16s_stride1s-epo,delta
1672,0.0008825346555021568,patient12_window16s_stride1s-epo,delta
1673,0.0003176120631379868,patient12_window16s_stride1s-epo,delta
1674,0.0007257005075035089,patient12_window16s_stride1s-epo,delta
1675,0.0007661050705622852,patient12_window16s_stride1s-epo,delta
1676,0.00024300451367340688,patient12_window16s_stride1s-epo,delta
1677,-0.0002774689619652786,patient12_window16s_stride1s-epo,delta
1678,3.238751194874707e-05,patient12_window16s_stride1s-epo,delta
1679,-7.898078842134514e-05,patient12_window16s_stride1s-epo,delta
1680,-0.0011092459546598649,patient12_window16s_stride1s-epo,delta
1681,-0.0004585676861030601,patient12_window16s_stride1s-epo,delta
1682,-0.0006984054286696355,patient12_window16s_stride1s-epo,delta
1683,-0.0009507343625645313,patient12_window16s_stride1s-epo,delta
1684,-0.0008062495943483485,patient12_window16s_stride1s-epo,delta
1685,-8.577730690265176e-05,patient12_window16s_stride1s-epo,delta
1686,0.00019968182577283369,patient12_window16s_stride1s-epo,delta
1687,0.0003922545005073906,patient12_window16s_stride1s-epo,delta
1688,0.000684605105823239,patient12_window16s_stride1s-epo,delta
1689,0.00040609196799928687,patient12_window16s_stride1s-epo,delta
1690,0.0008654296435972014,patient12_window16s_stride1s-epo,delta
1691,0.0007686484443280575,patient12_window16s_stride1s-epo,delta
1692,-3.882510788106873e-05,patient12_window16s_stride1s-epo,delta
1693,7.088204830393303e-05,patient12_window16s_stride1s-epo,delta
1694,-0.0008548676513523241,patient12_window16s_stride1s-epo,delta
1695,-0.00015599037562705157,patient12_window16s_stride1s-epo,delta
1696,0.0007231255625325831,patient12_window16s_stride1s-epo,delta
1697,0.0004461415782644763,patient12_window16s_stride1s-epo,delta
1698,0.00035257592581323385,patient12_window16s_stride1s-epo,delta
1699,0.0008443367477947317,patient12_window16s_stride1s-epo,delta
1700,0.0008401528543272285,patient12_window16s_stride1s-epo,delta
1701,0.0007413546113289492,patient12_window16s_stride1s-epo,delta
1702,0.0008317272718803124,patient12_window16s_stride1s-epo,delta
1703,0.0018128309746272577,patient12_window16s_stride1s-epo,delta
1704,0.0011655232848757466,patient12_window16s_stride1s-epo,delta
1705,0.001153947283964779,patient12_window16s_stride1s-epo,delta
1706,0.0010376767432560675,patient12_window16s_stride1s-epo,delta
1707,0.0015740545946012353,patient12_window16s_stride1s-epo,delta
1708,0.0019999702552451534,patient12_window16s_stride1s-epo,delta
1709,0.0024253859099311495,patient12_window16s_stride1s-epo,delta
1710,0.0029213734680074693,patient12_window16s_stride1s-epo,delta
1711,0.002410330208061348,patient12_window16s_stride1s-epo,delta
1712,0.0013021216661276377,patient12_window16s_stride1s-epo,delta
1713,0.002732884514340967,patient12_window16s_stride1s-epo,delta
1714,0.0010835697105466523,patient12_window16s_stride1s-epo,delta
1715,0.0012136989052107595,patient12_window16s_stride1s-epo,delta
1716,0.0005594315956267388,patient12_window16s_stride1s-epo,delta
1717,-0.00048776207521014116,patient12_window16s_stride1s-epo,delta
1718,7.053436497359954e-06,patient12_window16s_stride1s-epo,delta
1719,0.0008356699770909912,patient12_window16s_stride1s-epo,delta
1720,0.000578217817151353,patient12_window16s_stride1s-epo,delta
1721,0.0008381533460928382,patient12_window16s_stride1s-epo,delta
1722,0.0007754752870900264,patient12_window16s_stride1s-epo,delta
1723,9.841366613098056e-05,patient12_window16s_stride1s-epo,delta
1724,-0.0008893043619465239,patient12_window16s_stride1s-epo,delta
1725,-0.0015830696502220959,patient12_window16s_stride1s-epo,delta
1726,-0.00031888149838962896,patient12_window16s_stride1s-epo,delta
1727,-0.00045547219072784493,patient12_window16s_stride1s-epo,delta
1728,-6.065657833793349e-06,patient12_window16s_stride1s-epo,delta
1729,0.0010112802677718336,patient12_window16s_stride1s-epo,delta
1730,0.0005906713311338516,patient12_window16s_stride1s-epo,delta
1731,0.0009334237234510937,patient12_window16s_stride1s-epo,delta
1732,0.0020098749920384115,patient12_window16s_stride1s-epo,delta
1733,0.0029207889385953804,patient12_window16s_stride1s-epo,delta
1734,0.0018281695524278974,patient12_window16s_stride1s-epo,delta
1735,0.0024469150839500826,patient12_window16s_stride1s-epo,delta
1736,0.0032034344651984126,patient12_window16s_stride1s-epo,delta
1737,0.003134309885480848,patient12_window16s_stride1s-epo,delta
1738,0.002245656749571311,patient12_window16s_stride1s-epo,delta
1739,0.0022446457973363436,patient12_window16s_stride1s-epo,delta
1740,0.0016559984840931587,patient12_window16s_stride1s-epo,delta
1741,0.0019495874567156482,patient12_window16s_stride1s-epo,delta
1742,0.00106494895228872,patient12_window16s_stride1s-epo,delta
1743,0.0016960290357084188,patient12_window16s_stride1s-epo,delta
1744,0.0003780420440378118,patient12_window16s_stride1s-epo,delta
1745,0.0007899457657651108,patient12_window16s_stride1s-epo,delta
1746,-0.00046754625205315124,patient12_window16s_stride1s-epo,delta
1747,0.00020415261080773743,patient12_window16s_stride1s-epo,delta
1748,-0.00018879189370114564,patient12_window16s_stride1s-epo,delta
1749,-0.0005215837474740976,patient12_window16s_stride1s-epo,delta
1750,-0.0001301480419680351,patient12_window16s_stride1s-epo,delta
1751,-0.0006555369729565462,patient12_window16s_stride1s-epo,delta
1752,-0.0004439737736286722,patient12_window16s_stride1s-epo,delta
1753,0.0004572837394784187,patient12_window16s_stride1s-epo,delta
1754,4.6787097242314525e-06,patient12_window16s_stride1s-epo,delta
1755,0.00033011030518993425,patient12_window16s_stride1s-epo,delta
1756,0.0002278129737244162,patient12_window16s_stride1s-epo,delta
1757,-0.0003158416443083052,patient12_window16s_stride1s-epo,delta
1758,-0.0004662349776197099,patient12_window16s_stride1s-epo,delta
1759,-2.2307938442742056e-05,patient12_window16s_stride1s-epo,delta
1760,0.00029866420619021694,patient12_window16s_stride1s-epo,delta
1761,-1.8455952184097284e-05,patient12_window16s_stride1s-epo,delta
1762,0.0001568530532013694,patient12_window16s_stride1s-epo,delta
1763,0.0008681426111356188,patient12_window16s_stride1s-epo,delta
1764,0.0009537003752713534,patient12_window16s_stride1s-epo,delta
1765,0.0011245058695640733,patient12_window16s_stride1s-epo,delta
1766,0.0013119718527178996,patient12_window16s_stride1s-epo,delta
1767,0.0012600592868032617,patient12_window16s_stride1s-epo,delta
1768,0.0020824598853843366,patient12_window16s_stride1s-epo,delta
1769,0.00208128996535197,patient12_window16s_stride1s-epo,delta
1770,0.0011783354295014559,patient12_window16s_stride1s-epo,delta
1771,0.0015418787466129021,patient12_window16s_stride1s-epo,delta
1772,0.0005034896388829189,patient12_window16s_stride1s-epo,delta
1773,0.00044018309004545864,patient12_window16s_stride1s-epo,delta
1774,0.0004495722251695104,patient12_window16s_stride1s-epo,delta
1775,7.391836914688489e-05,patient12_window16s_stride1s-epo,delta
1776,0.0005002363909372075,patient12_window16s_stride1s-epo,delta
1777,0.0010271469563003786,patient12_window16s_stride1s-epo,delta
1778,0.0005388334474859337,patient12_window16s_stride1s-epo,delta
1779,0.0003531535502282791,patient12_window16s_stride1s-epo,delta
1780,-0.0007697456809237339,patient12_window16s_stride1s-epo,delta
1781,-3.0442758852397157e-05,patient12_window16s_stride1s-epo,delta
1782,0.0004535199892361022,patient12_window16s_stride1s-epo,delta
1783,0.0005304301518949613,patient12_window16s_stride1s-epo,delta
1784,0.0006224207886591813,patient12_window16s_stride1s-epo,delta
1785,0.001061085615100739,patient12_window16s_stride1s-epo,delta
1786,0.001250044393991426,patient12_window16s_stride1s-epo,delta
1787,0.0003423220242429764,patient12_window16s_stride1s-epo,delta
1788,-5.1712697849466265e-05,patient12_window16s_stride1s-epo,delta
1789,0.000584671551056682,patient12_window16s_stride1s-epo,delta
1790,0.0008528783476826194,patient12_window16s_stride1s-epo,delta
1791,0.001172508993630663,patient12_window16s_stride1s-epo,delta
1792,0.0007347189954673527,patient12_window16s_stride1s-epo,delta
1793,-4.2974090395585086e-05,patient12_window16s_stride1s-epo,delta
1794,0.0010045540724281385,patient12_window16s_stride1s-epo,delta
1795,0.002355881333991079,patient12_window16s_stride1s-epo,delta
1796,0.0036239081036374982,patient12_window16s_stride1s-epo,delta
1797,0.003613382865353677,patient12_window16s_stride1s-epo,delta
1798,0.001984374101301537,patient12_window16s_stride1s-epo,delta
1799,0.0009752317602901229,patient12_window16s_stride1s-epo,delta
1800,0.0026395055931632766,patient12_window16s_stride1s-epo,delta
1801,0.002526424602995943,patient12_window16s_stride1s-epo,delta
1802,0.0015841123686250761,patient12_window16s_stride1s-epo,delta
1803,0.0012825297120357194,patient12_window16s_stride1s-epo,delta
1804,0.000634506152717444,patient12_window16s_stride1s-epo,delta
1805,-0.0001994233489342089,patient12_window16s_stride1s-epo,delta
1806,0.00011749257640816682,patient12_window16s_stride1s-epo,delta
1807,-0.0006877476050785745,patient12_window16s_stride1s-epo,delta
1808,-0.00038563661766773637,patient12_window16s_stride1s-epo,delta
1809,-0.000914440072051916,patient12_window16s_stride1s-epo,delta
1810,-0.0029709421327728646,patient12_window16s_stride1s-epo,delta
1811,-0.002873705707656846,patient12_window16s_stride1s-epo,delta
1812,-0.003207535268171562,patient12_window16s_stride1s-epo,delta
1813,-0.001758835406090983,patient12_window16s_stride1s-epo,delta
1814,-0.00023826559810506294,patient12_window16s_stride1s-epo,delta
1815,-0.0002309887745696764,patient12_window16s_stride1s-epo,delta
1816,-0.0006974397053271878,patient12_window16s_stride1s-epo,delta
1817,0.0004555581707987949,patient12_window16s_stride1s-epo,delta
1818,-0.00010108310297004645,patient12_window16s_stride1s-epo,delta
1819,-0.00025421509323938124,patient12_window16s_stride1s-epo,delta
1820,0.0007869271107877998,patient12_window16s_stride1s-epo,delta
1821,0.0008348061082986804,patient12_window16s_stride1s-epo,delta
1822,-0.0006187885204735064,patient12_window16s_stride1s-epo,delta
1823,-0.00024460997824966743,patient12_window16s_stride1s-epo,delta
1824,-0.0006822883690530862,patient12_window16s_stride1s-epo,delta
1825,-0.000786462684604628,patient12_window16s_stride1s-epo,delta
1826,0.0003699709394029843,patient12_window16s_stride1s-epo,delta
1827,0.0004539809972955446,patient12_window16s_stride1s-epo,delta
1828,0.0005913837709310371,patient12_window16s_stride1s-epo,delta
1829,-0.0005691580012545486,patient12_window16s_stride1s-epo,delta
1830,0.0006991241086531214,patient12_window16s_stride1s-epo,delta
1831,0.001437125404348266,patient12_window16s_stride1s-epo,delta
1832,0.0004306217823853475,patient12_window16s_stride1s-epo,delta
1833,0.0005376221574519641,patient12_window16s_stride1s-epo,delta
1834,-0.00015555781217806286,patient12_window16s_stride1s-epo,delta
1835,0.0005079449334030728,patient12_window16s_stride1s-epo,delta
1836,0.0003558701955532225,patient12_window16s_stride1s-epo,delta
1837,0.00025772458310813385,patient12_window16s_stride1s-epo,delta
1838,0.0002124987809801001,patient12_window16s_stride1s-epo,delta
1839,-1.837842195260503e-05,patient12_window16s_stride1s-epo,delta
1840,-3.7826423948824736e-05,patient12_window16s_stride1s-epo,delta
1841,4.6126676895001325e-05,patient12_window16s_stride1s-epo,delta
1842,0.0008764810168129393,patient12_window16s_stride1s-epo,delta
1843,-0.0007948620912749094,patient12_window16s_stride1s-epo,delta
1844,-0.00028069447862334685,patient12_window16s_stride1s-epo,delta
1845,-0.0010674621528083638,patient12_window16s_stride1s-epo,delta
1846,-0.001115174089771876,patient12_window16s_stride1s-epo,delta
1847,-0.0016351702816087528,patient12_window16s_stride1s-epo,delta
1848,-0.0016872921429416077,patient12_window16s_stride1s-epo,delta
1849,-0.001067583302579499,patient12_window16s_stride1s-epo,delta
1850,-0.0008360458047867234,patient12_window16s_stride1s-epo,delta
1851,-0.0006442431944442572,patient12_window16s_stride1s-epo,delta
1852,-0.0003286097366826597,patient12_window16s_stride1s-epo,delta
1853,7.234938651964143e-05,patient12_window16s_stride1s-epo,delta
1854,0.0004272286817053889,patient12_window16s_stride1s-epo,delta
1855,0.0016323274621752116,patient12_window16s_stride1s-epo,delta
1856,0.0013829392241018108,patient12_window16s_stride1s-epo,delta
1857,0.0020265626971579303,patient12_window16s_stride1s-epo,delta
1858,0.001640904070004941,patient12_window16s_stride1s-epo,delta
1859,0.0008954152257485053,patient12_window16s_stride1s-epo,delta
1860,0.0003941920601165497,patient12_window16s_stride1s-epo,delta
1861,5.023659044118395e-05,patient12_window16s_stride1s-epo,delta
1862,0.00019967112348320536,patient12_window16s_stride1s-epo,delta
1863,-0.00040058227984562467,patient12_window16s_stride1s-epo,delta
1864,-0.0003960331000439476,patient12_window16s_stride1s-epo,delta
1865,0.0002665088588353014,patient12_window16s_stride1s-epo,delta
1866,-0.0004247165796833732,patient12_window16s_stride1s-epo,delta
1867,-0.00021574382832697248,patient12_window16s_stride1s-epo,delta
1868,0.00023348452096597246,patient12_window16s_stride1s-epo,delta
1869,0.00026844436551293216,patient12_window16s_stride1s-epo,delta
1870,0.0014048518813764746,patient12_window16s_stride1s-epo,delta
1871,0.0013812966387646587,patient12_window16s_stride1s-epo,delta
1872,0.0024642626799715136,patient12_window16s_stride1s-epo,delta
1873,0.0018537889175760057,patient12_window16s_stride1s-epo,delta
1874,0.0021217431917322756,patient12_window16s_stride1s-epo,delta
1875,0.002442186872199979,patient12_window16s_stride1s-epo,delta
1876,0.0027056497666427337,patient12_window16s_stride1s-epo,delta
1877,0.0010810921874164412,patient12_window16s_stride1s-epo,delta
1878,0.0018306576076118008,patient12_window16s_stride1s-epo,delta
1879,0.0011595843887874805,patient12_window16s_stride1s-epo,delta
1880,0.0017510157827941837,patient12_window16s_stride1s-epo,delta
1881,0.0009804689845836119,patient12_window16s_stride1s-epo,delta
1882,0.002234392277109156,patient12_window16s_stride1s-epo,delta
1883,0.001190361029395962,patient12_window16s_stride1s-epo,delta
1884,0.0024076362732545426,patient12_window16s_stride1s-epo,delta
1885,0.0019337340918596626,patient12_window16s_stride1s-epo,delta
1886,0.001815128925607586,patient12_window16s_stride1s-epo,delta
1887,0.0012845924402501852,patient12_window16s_stride1s-epo,delta
1888,0.0015907148264078933,patient12_window16s_stride1s-epo,delta
1889,0.0016712658212293169,patient12_window16s_stride1s-epo,delta
1890,0.0013692666540323132,patient12_window16s_stride1s-epo,delta
1891,0.0011287249816541128,patient12_window16s_stride1s-epo,delta
1892,0.0009573955332203379,patient12_window16s_stride1s-epo,delta
1893,0.00017077231375777058,patient12_window16s_stride1s-epo,delta
1894,0.00016028850681234754,patient12_window16s_stride1s-epo,delta
1895,0.001387054538785153,patient12_window16s_stride1s-epo,delta
1896,0.0014037767651892818,patient12_window16s_stride1s-epo,delta
1897,0.0022485401108260448,patient12_window16s_stride1s-epo,delta
1898,0.0017207646999085162,patient12_window16s_stride1s-epo,delta
1899,0.002052867250615344,patient12_window16s_stride1s-epo,delta
1900,0.0011431757332211342,patient12_window16s_stride1s-epo,delta
1901,0.001227274787294069,patient12_window16s_stride1s-epo,delta
1902,0.0011842422971120117,patient12_window16s_stride1s-epo,delta
1903,0.002456905983380773,patient12_window16s_stride1s-epo,delta
1904,0.0013801250882878263,patient12_window16s_stride1s-epo,delta
1905,-0.0003455889332827795,patient12_window16s_stride1s-epo,delta
1906,-0.0012746831785595402,patient12_window16s_stride1s-epo,delta
1907,0.00021840369113023,patient12_window16s_stride1s-epo,delta
1908,-0.0002575097852794279,patient12_window16s_stride1s-epo,delta
1909,2.242827813000657e-05,patient12_window16s_stride1s-epo,delta
1910,-0.0010428538851928169,patient12_window16s_stride1s-epo,delta
1911,-0.0012942410976146733,patient12_window16s_stride1s-epo,delta
1912,-0.00042222274612307433,patient12_window16s_stride1s-epo,delta
1913,-0.0004575178147684456,patient12_window16s_stride1s-epo,delta
1914,-0.001207437466368386,patient12_window16s_stride1s-epo,delta
1915,-0.00016024559097998085,patient12_window16s_stride1s-epo,delta
1916,-0.0010436702805112,patient12_window16s_stride1s-epo,delta
1917,-0.00028742372684555415,patient12_window16s_stride1s-epo,delta
1918,0.0004821161537043964,patient12_window16s_stride1s-epo,delta
1919,0.0010948846290721745,patient12_window16s_stride1s-epo,delta
1920,0.0015290569466486579,patient12_window16s_stride1s-epo,delta
1921,0.001338391901118552,patient12_window16s_stride1s-epo,delta
1922,0.00012546491479026032,patient12_window16s_stride1s-epo,delta
1923,0.0001460854552231506,patient12_window16s_stride1s-epo,delta
1924,0.00020311505497025594,patient12_window16s_stride1s-epo,delta
1925,0.0003292880411436985,patient12_window16s_stride1s-epo,delta
1926,0.0018405252342267543,patient12_window16s_stride1s-epo,delta
1927,0.0024076597850293518,patient12_window16s_stride1s-epo,delta
1928,0.0017406326525407335,patient12_window16s_stride1s-epo,delta
1929,0.002811738226081755,patient12_window16s_stride1s-epo,delta
1930,0.0007293605210740359,patient12_window16s_stride1s-epo,delta
1931,0.0009078405930399363,patient12_window16s_stride1s-epo,delta
1932,0.0014836616241507283,patient12_window16s_stride1s-epo,delta
1933,0.0010877017163267804,patient12_window16s_stride1s-epo,delta
1934,0.00031622724134750294,patient12_window16s_stride1s-epo,delta
1935,1.4740936585749273e-05,patient12_window16s_stride1s-epo,delta
1936,-0.0004138028253544698,patient12_window16s_stride1s-epo,delta
1937,0.0001299636554883984,patient12_window16s_stride1s-epo,delta
1938,0.0008694317702656116,patient12_window16s_stride1s-epo,delta
1939,-0.00024534368880789774,patient12_window16s_stride1s-epo,delta
1940,-0.00023676161683816122,patient12_window16s_stride1s-epo,delta
1941,0.0007851821378553121,patient12_window16s_stride1s-epo,delta
1942,0.0005110766206592139,patient12_window16s_stride1s-epo,delta
1943,0.0006059173198635871,patient12_window16s_stride1s-epo,delta
1944,-0.0001462242778216986,patient12_window16s_stride1s-epo,delta
1945,0.00033770582675407015,patient12_window16s_stride1s-epo,delta
1946,0.0009121368883081433,patient12_window16s_stride1s-epo,delta
1947,0.00043232034696770943,patient12_window16s_stride1s-epo,delta
1948,0.0005428484770501535,patient12_window16s_stride1s-epo,delta
1949,0.0003535360023973768,patient12_window16s_stride1s-epo,delta
1950,0.0007564742991041692,patient12_window16s_stride1s-epo,delta
1951,0.0007010562331561227,patient12_window16s_stride1s-epo,delta
1952,0.0009708587349346873,patient12_window16s_stride1s-epo,delta
1953,0.001899602162577167,patient12_window16s_stride1s-epo,delta
1954,0.00177668646613287,patient12_window16s_stride1s-epo,delta
1955,0.001496356282577194,patient12_window16s_stride1s-epo,delta
1956,0.0013315645206125974,patient12_window16s_stride1s-epo,delta
1957,0.00035017806257804337,patient12_window16s_stride1s-epo,delta
1958,0.0005838331034418344,patient12_window16s_stride1s-epo,delta
1959,-0.0004959979435415785,patient12_window16s_stride1s-epo,delta
1960,-0.0008514477900047093,patient12_window16s_stride1s-epo,delta
1961,-0.0007740464891200169,patient12_window16s_stride1s-epo,delta
1962,-0.0007654437117182593,patient12_window16s_stride1s-epo,delta
1963,-0.0012515972404652724,patient12_window16s_stride1s-epo,delta
1964,-0.002115861302044385,patient12_window16s_stride1s-epo,delta
1965,-0.0012538487671221522,patient12_window16s_stride1s-epo,delta
1966,-7.352608559358808e-06,patient12_window16s_stride1s-epo,delta
1967,-0.0007807501821595359,patient12_window16s_stride1s-epo,delta
1968,-0.0014052259867045295,patient12_window16s_stride1s-epo,delta
1969,-0.001495737615121871,patient12_window16s_stride1s-epo,delta
1970,-0.0002599521160620404,patient12_window16s_stride1s-epo,delta
1971,-0.0009478496106285864,patient12_window16s_stride1s-epo,delta
1972,-0.000341821710311484,patient12_window16s_stride1s-epo,delta
1973,-0.0002668924179390843,patient12_window16s_stride1s-epo,delta
1974,-0.00040542440794458776,patient12_window16s_stride1s-epo,delta
1975,0.00020235911672608113,patient12_window16s_stride1s-epo,delta
1976,0.0006158204552871141,patient12_window16s_stride1s-epo,delta
1977,0.0007561194905653703,patient12_window16s_stride1s-epo,delta
1978,0.0010243980681926704,patient12_window16s_stride1s-epo,delta
1979,0.0019431758086451048,patient12_window16s_stride1s-epo,delta
1980,0.0031788337518522934,patient12_window16s_stride1s-epo,delta
1981,0.0015134028738149287,patient12_window16s_stride1s-epo,delta
1982,0.0020534445276150183,patient12_window16s_stride1s-epo,delta
1983,0.0026155905507220766,patient12_window16s_stride1s-epo,delta
1984,0.002684176399760663,patient12_window16s_stride1s-epo,delta
1985,0.0018190975692768698,patient12_window16s_stride1s-epo,delta
1986,0.0018545918395075564,patient12_window16s_stride1s-epo,delta
1987,0.0012501250121547043,patient12_window16s_stride1s-epo,delta
1988,0.0012438663992340364,patient12_window16s_stride1s-epo,delta
1989,0.0012481199525340037,patient12_window16s_stride1s-epo,delta
1990,0.0035432218035651337,patient12_window16s_stride1s-epo,delta
1991,0.0016072459286827787,patient12_window16s_stride1s-epo,delta
1992,0.0016205451713178839,patient12_window16s_stride1s-epo,delta
1993,0.002487278101933967,patient12_window16s_stride1s-epo,delta
1994,0.001390280584131406,patient12_window16s_stride1s-epo,delta
1995,0.00013802289811799676,patient12_window16s_stride1s-epo,delta
1996,0.0008431165056992342,patient12_window16s_stride1s-epo,delta
1997,0.0005412616325065334,patient12_window16s_stride1s-epo,delta
1998,0.0010913721043588037,patient12_window16s_stride1s-epo,delta
1999,1.837650476997856e-05,patient12_window16s_stride1s-epo,delta
2000,0.0012084701775907992,patient12_window16s_stride1s-epo,delta
2001,0.0010965579499726062,patient12_window16s_stride1s-epo,delta
2002,0.0019032714655728624,patient12_window16s_stride1s-epo,delta
2003,0.000833863384787436,patient12_window16s_stride1s-epo,delta
2004,0.0006451191675543291,patient12_window16s_stride1s-epo,delta
2005,0.0005457427391609379,patient12_window16s_stride1s-epo,delta
2006,0.0006960996783957359,patient12_window16s_stride1s-epo,delta
2007,0.00041213489450481607,patient12_window16s_stride1s-epo,delta
2008,-0.00029761222974812964,patient12_window16s_stride1s-epo,delta
2009,0.0011311788541905343,patient12_window16s_stride1s-epo,delta
2010,0.0014719371890098442,patient12_window16s_stride1s-epo,delta
2011,0.00027504523089614256,patient12_window16s_stride1s-epo,delta
2012,0.0005156989892978872,patient12_window16s_stride1s-epo,delta
2013,0.0003812593639282684,patient12_window16s_stride1s-epo,delta
2014,0.0003250479072372252,patient12_window16s_stride1s-epo,delta
2015,-0.0010971686408849394,patient12_window16s_stride1s-epo,delta
2016,-0.001471667764781105,patient12_window16s_stride1s-epo,delta
2017,-0.0017532838499057734,patient12_window16s_stride1s-epo,delta
2018,-0.0014138301663412034,patient12_window16s_stride1s-epo,delta
2019,-0.0019661431982168666,patient12_window16s_stride1s-epo,delta
2020,-0.002160593163147525,patient12_window16s_stride1s-epo,delta
2021,-0.0007927587085109085,patient12_window16s_stride1s-epo,delta
2022,-0.0010195906636713773,patient12_window16s_stride1s-epo,delta
2023,-0.000939493363935036,patient12_window16s_stride1s-epo,delta
2024,-0.001515050462317252,patient12_window16s_stride1s-epo,delta
2025,-0.0005160177705339244,patient12_window16s_stride1s-epo,delta
2026,-0.0002707634363531015,patient12_window16s_stride1s-epo,delta
2027,-0.00018063888663135574,patient12_window16s_stride1s-epo,delta
2028,-0.0006644362402554259,patient12_window16s_stride1s-epo,delta
2029,-0.0003279576141446601,patient12_window16s_stride1s-epo,delta
2030,0.0007296915162306737,patient12_window16s_stride1s-epo,delta
2031,0.0007306461489819046,patient12_window16s_stride1s-epo,delta
2032,0.00032236811181497553,patient12_window16s_stride1s-epo,delta
2033,0.0005113506769559202,patient12_window16s_stride1s-epo,delta
2034,0.00013175367747979202,patient12_window16s_stride1s-epo,delta
2035,0.0004810743257072257,patient12_window16s_stride1s-epo,delta
2036,0.0006573742696215743,patient12_window16s_stride1s-epo,delta
2037,-0.0004602328879214622,patient12_window16s_stride1s-epo,delta
2038,-0.0006572973834798287,patient12_window16s_stride1s-epo,delta
2039,-0.0008390457542854592,patient12_window16s_stride1s-epo,delta
2040,-0.00044710440601974466,patient12_window16s_stride1s-epo,delta
2041,-0.0005647270562496784,patient12_window16s_stride1s-epo,delta
2042,-0.00043031749855617306,patient12_window16s_stride1s-epo,delta
2043,0.00023272195556026822,patient12_window16s_stride1s-epo,delta
2044,-0.0008198253488074455,patient12_window16s_stride1s-epo,delta
2045,8.662391974607237e-05,patient12_window16s_stride1s-epo,delta
2046,-0.0013375718262754778,patient12_window16s_stride1s-epo,delta
2047,-0.0003976160494818804,patient12_window16s_stride1s-epo,delta
2048,0.0004826704601277863,patient12_window16s_stride1s-epo,delta
2049,0.00039741603153950825,patient12_window16s_stride1s-epo,delta
2050,0.00034977333611879865,patient12_window16s_stride1s-epo,delta
2051,0.00034759789111907594,patient12_window16s_stride1s-epo,delta
2052,0.00033324539015009113,patient12_window16s_stride1s-epo,delta
2053,0.0001954086471072949,patient12_window16s_stride1s-epo,delta
2054,0.00025492073405455597,patient12_window16s_stride1s-epo,delta
2055,0.0006879852407616152,patient12_window16s_stride1s-epo,delta
2056,-0.0003920062963145214,patient12_window16s_stride1s-epo,delta
2057,-0.001006358395467845,patient12_window16s_stride1s-epo,delta
2058,-0.000729780616521318,patient12_window16s_stride1s-epo,delta
2059,-0.00021825728676513236,patient12_window16s_stride1s-epo,delta
2060,0.0011155164538080551,patient12_window16s_stride1s-epo,delta
2061,0.00015509168681546404,patient12_window16s_stride1s-epo,delta
2062,0.0007210685605589327,patient12_window16s_stride1s-epo,delta
2063,-0.000678415920176171,patient12_window16s_stride1s-epo,delta
2064,-0.0017970498831354814,patient12_window16s_stride1s-epo,delta
2065,-0.0015404254254770874,patient12_window16s_stride1s-epo,delta
2066,-0.0011882279795515946,patient12_window16s_stride1s-epo,delta
2067,-0.00045178422851143313,patient12_window16s_stride1s-epo,delta
2068,-0.0005242292471097504,patient12_window16s_stride1s-epo,delta
2069,-0.0007092682295409355,patient12_window16s_stride1s-epo,delta
2070,-0.00019392404034610097,patient12_window16s_stride1s-epo,delta
2071,-0.000347313089379476,patient12_window16s_stride1s-epo,delta
2072,0.0010888256295143188,patient12_window16s_stride1s-epo,delta
2073,0.0012358217430366635,patient12_window16s_stride1s-epo,delta
2074,0.0006968510148108935,patient12_window16s_stride1s-epo,delta
2075,-1.1374392150388315e-05,patient12_window16s_stride1s-epo,delta
2076,0.00018329002248553504,patient12_window16s_stride1s-epo,delta
2077,-0.0008285603514246424,patient12_window16s_stride1s-epo,delta
2078,-0.0007433618578351339,patient12_window16s_stride1s-epo,delta
2079,0.0005141943517455349,patient12_window16s_stride1s-epo,delta
2080,0.00011476743238640365,patient12_window16s_stride1s-epo,delta
2081,0.0003133329804820296,patient12_window16s_stride1s-epo,delta
2082,0.00031118783603997123,patient12_window16s_stride1s-epo,delta
2083,0.00020992306874915133,patient12_window16s_stride1s-epo,delta
2084,-0.00033082595530195286,patient12_window16s_stride1s-epo,delta
2085,-8.994098041794493e-05,patient12_window16s_stride1s-epo,delta
2086,-0.00016476178308077446,patient12_window16s_stride1s-epo,delta
2087,-0.0008377122808948192,patient12_window16s_stride1s-epo,delta
2088,-0.0006763687282758281,patient12_window16s_stride1s-epo,delta
2089,-0.0007934017988931321,patient12_window16s_stride1s-epo,delta
2090,-0.0010534010825402676,patient12_window16s_stride1s-epo,delta
2091,-0.0008579318549896182,patient12_window16s_stride1s-epo,delta
2092,-0.0008588931707166567,patient12_window16s_stride1s-epo,delta
2093,2.4229284017083226e-05,patient12_window16s_stride1s-epo,delta
2094,-8.566901898614304e-05,patient12_window16s_stride1s-epo,delta
2095,0.0007183261897553745,patient12_window16s_stride1s-epo,delta
2096,-8.782097947702036e-05,patient12_window16s_stride1s-epo,delta
2097,2.8180145006505977e-05,patient12_window16s_stride1s-epo,delta
2098,-0.00033375404022860204,patient12_window16s_stride1s-epo,delta
2099,-0.00034334730007635925,patient12_window16s_stride1s-epo,delta
2100,-0.0015623501373999297,patient12_window16s_stride1s-epo,delta
2101,2.996505885451193e-05,patient12_window16s_stride1s-epo,delta
2102,-0.0007824262481950367,patient12_window16s_stride1s-epo,delta
2103,-0.0006400599135257599,patient12_window16s_stride1s-epo,delta
2104,-0.0009448779530204236,patient12_window16s_stride1s-epo,delta
2105,-0.0004942993849920966,patient12_window16s_stride1s-epo,delta
2106,4.916507356127136e-05,patient12_window16s_stride1s-epo,delta
2107,-0.0012414174434044753,patient12_window16s_stride1s-epo,delta
2108,-0.0006936559340955415,patient12_window16s_stride1s-epo,delta
2109,-0.00011696977025593606,patient12_window16s_stride1s-epo,delta
2110,0.0007542613127265658,patient12_window16s_stride1s-epo,delta
2111,0.0009270083994120967,patient12_window16s_stride1s-epo,delta
2112,0.000516573724652512,patient12_window16s_stride1s-epo,delta
2113,0.00017033755846124275,patient12_window16s_stride1s-epo,delta
2114,0.0003775067789705133,patient12_window16s_stride1s-epo,delta
2115,-0.0002791844536991532,patient12_window16s_stride1s-epo,delta
2116,0.00101464552825508,patient12_window16s_stride1s-epo,delta
2117,0.001153485951057733,patient12_window16s_stride1s-epo,delta
2118,0.003031992320992271,patient12_window16s_stride1s-epo,delta
2119,0.003575194034729204,patient12_window16s_stride1s-epo,delta
2120,0.005711016165315797,patient12_window16s_stride1s-epo,delta
2121,0.00443094729510498,patient12_window16s_stride1s-epo,delta
2122,0.005097973800491522,patient12_window16s_stride1s-epo,delta
2123,0.00496950702472684,patient12_window16s_stride1s-epo,delta
2124,0.004714496080850398,patient12_window16s_stride1s-epo,delta
2125,0.0044021815509445155,patient12_window16s_stride1s-epo,delta
2126,0.005118767279431408,patient12_window16s_stride1s-epo,delta
2127,0.004314128313784453,patient12_window16s_stride1s-epo,delta
2128,0.004567930242388968,patient12_window16s_stride1s-epo,delta
2129,0.002665047891785098,patient12_window16s_stride1s-epo,delta
2130,0.002543384167963115,patient12_window16s_stride1s-epo,delta
2131,0.003737102329711488,patient12_window16s_stride1s-epo,delta
2132,0.002674143655474127,patient12_window16s_stride1s-epo,delta
2133,0.0026196999517537527,patient12_window16s_stride1s-epo,delta
2134,0.0020797775999916663,patient12_window16s_stride1s-epo,delta
2135,0.000835717053531525,patient12_window16s_stride1s-epo,delta
2136,0.00016828871840637998,patient12_window16s_stride1s-epo,delta
2137,-0.00035146596928682916,patient12_window16s_stride1s-epo,delta
2138,-7.973820700225975e-05,patient12_window16s_stride1s-epo,delta
2139,0.0011271132195975046,patient12_window16s_stride1s-epo,delta
2140,0.0007212470138005325,patient12_window16s_stride1s-epo,delta
2141,-0.0001244038563535161,patient12_window16s_stride1s-epo,delta
2142,7.044027472922472e-05,patient12_window16s_stride1s-epo,delta
2143,0.0004896582398076024,patient12_window16s_stride1s-epo,delta
2144,8.101851865216653e-05,patient12_window16s_stride1s-epo,delta
2145,-0.00036537612313392454,patient12_window16s_stride1s-epo,delta
2146,-0.0010435799303914,patient12_window16s_stride1s-epo,delta
2147,-0.0008710808526375848,patient12_window16s_stride1s-epo,delta
2148,-0.001624011151539036,patient12_window16s_stride1s-epo,delta
2149,-0.0012394857434710371,patient12_window16s_stride1s-epo,delta
2150,-0.0020321293258059943,patient12_window16s_stride1s-epo,delta
2151,-0.0010473841443265856,patient12_window16s_stride1s-epo,delta
2152,-0.001372321778082821,patient12_window16s_stride1s-epo,delta
2153,-0.0003830051833353397,patient12_window16s_stride1s-epo,delta
2154,-0.00104629046347279,patient12_window16s_stride1s-epo,delta
2155,-0.0016421064324723023,patient12_window16s_stride1s-epo,delta
2156,-0.0010250594009193262,patient12_window16s_stride1s-epo,delta
2157,-0.0014998407047553718,patient12_window16s_stride1s-epo,delta
2158,-0.0015977493442624127,patient12_window16s_stride1s-epo,delta
2159,-0.0012151897568914523,patient12_window16s_stride1s-epo,delta
2160,-0.0005451431585981107,patient12_window16s_stride1s-epo,delta
2161,-0.0007401883679107097,patient12_window16s_stride1s-epo,delta
2162,-0.0003058996364782575,patient12_window16s_stride1s-epo,delta
2163,-0.0005880492184566362,patient12_window16s_stride1s-epo,delta
2164,-0.00037103274219784564,patient12_window16s_stride1s-epo,delta
2165,0.00017435844359448894,patient12_window16s_stride1s-epo,delta
2166,0.00016452821124975526,patient12_window16s_stride1s-epo,delta
2167,-0.00023259418033012196,patient12_window16s_stride1s-epo,delta
2168,-0.0009755155162087096,patient12_window16s_stride1s-epo,delta
2169,-3.178685824211394e-05,patient12_window16s_stride1s-epo,delta
2170,7.206360491102878e-07,patient12_window16s_stride1s-epo,delta
2171,-0.00012298765564420274,patient12_window16s_stride1s-epo,delta
2172,-0.00020411079881953872,patient12_window16s_stride1s-epo,delta
2173,3.0080399727857293e-06,patient12_window16s_stride1s-epo,delta
2174,8.207211479580628e-05,patient12_window16s_stride1s-epo,delta
2175,0.0005015623582990645,patient12_window16s_stride1s-epo,delta
2176,0.0001038318872375969,patient12_window16s_stride1s-epo,delta
2177,0.00040369463643870823,patient12_window16s_stride1s-epo,delta
2178,-0.00020723215989935383,patient12_window16s_stride1s-epo,delta
2179,-0.0007749744449950854,patient12_window16s_stride1s-epo,delta
2180,-0.0008895945761013655,patient12_window16s_stride1s-epo,delta
2181,-5.7059315443765405e-05,patient12_window16s_stride1s-epo,delta
2182,-0.0006807137992880723,patient12_window16s_stride1s-epo,delta
2183,0.0006814435888666676,patient12_window16s_stride1s-epo,delta
2184,0.000944115057009896,patient12_window16s_stride1s-epo,delta
2185,0.002118983123217749,patient12_window16s_stride1s-epo,delta
2186,0.0023189844442568467,patient12_window16s_stride1s-epo,delta
2187,0.002056823901987748,patient12_window16s_stride1s-epo,delta
2188,0.001302161387658829,patient12_window16s_stride1s-epo,delta
2189,0.00063748813902743,patient12_window16s_stride1s-epo,delta
2190,-6.330402065512015e-05,patient12_window16s_stride1s-epo,delta
2191,-0.0005887828146559496,patient12_window16s_stride1s-epo,delta
2192,-0.00032391812865124566,patient12_window16s_stride1s-epo,delta
2193,0.0004585178394889888,patient12_window16s_stride1s-epo,delta
2194,-0.00012488657024195248,patient12_window16s_stride1s-epo,delta
2195,-0.0005287601884410596,patient12_window16s_stride1s-epo,delta
2196,-0.0007272089988754897,patient12_window16s_stride1s-epo,delta
2197,-0.0003052368366724096,patient12_window16s_stride1s-epo,delta
2198,-0.00023916802085523976,patient12_window16s_stride1s-epo,delta
2199,-0.0007475863436827269,patient12_window16s_stride1s-epo,delta
2200,-0.0007234107456384831,patient12_window16s_stride1s-epo,delta
2201,-1.7748836637017207e-05,patient12_window16s_stride1s-epo,delta
2202,-0.00018488727618699814,patient12_window16s_stride1s-epo,delta
2203,-0.00021010459656721554,patient12_window16s_stride1s-epo,delta
2204,-0.00037062966038336917,patient12_window16s_stride1s-epo,delta
2205,0.0002235752904117025,patient12_window16s_stride1s-epo,delta
2206,-0.0004938847593418187,patient12_window16s_stride1s-epo,delta
2207,-0.0008543262796432454,patient12_window16s_stride1s-epo,delta
2208,-0.0005633963039527484,patient12_window16s_stride1s-epo,delta
2209,-0.0005486654570195154,patient12_window16s_stride1s-epo,delta
2210,-0.00015904908007338082,patient12_window16s_stride1s-epo,delta
2211,0.0007965796001546371,patient12_window16s_stride1s-epo,delta
2212,0.00022281871065519513,patient12_window16s_stride1s-epo,delta
2213,0.0003592840008885777,patient12_window16s_stride1s-epo,delta
2214,0.0005308656510508741,patient12_window16s_stride1s-epo,delta
2215,0.0004594544974614822,patient12_window16s_stride1s-epo,delta
2216,-0.00036975332129455217,patient12_window16s_stride1s-epo,delta
2217,0.0008535223854267903,patient12_window16s_stride1s-epo,delta
2218,0.0005178729695055334,patient12_window16s_stride1s-epo,delta
2219,0.000621310474651129,patient12_window16s_stride1s-epo,delta
2220,0.0001066978634916113,patient12_window16s_stride1s-epo,delta
2221,0.0007556232958917891,patient12_window16s_stride1s-epo,delta
2222,0.0009261075609865679,patient12_window16s_stride1s-epo,delta
2223,0.0017763472879702331,patient12_window16s_stride1s-epo,delta
2224,0.0023066661430293455,patient12_window16s_stride1s-epo,delta
2225,0.0018466662357455334,patient12_window16s_stride1s-epo,delta
2226,0.001450962930525683,patient12_window16s_stride1s-epo,delta
2227,0.0031693909478970467,patient12_window16s_stride1s-epo,delta
2228,0.002683920484231416,patient12_window16s_stride1s-epo,delta
2229,0.0019137586334777687,patient12_window16s_stride1s-epo,delta
2230,0.0007111686357517345,patient12_window16s_stride1s-epo,delta
2231,0.0005624805192376212,patient12_window16s_stride1s-epo,delta
2232,-0.00022899349574077502,patient12_window16s_stride1s-epo,delta
2233,-0.0003190280723684657,patient12_window16s_stride1s-epo,delta
2234,-0.0010744261115641584,patient12_window16s_stride1s-epo,delta
2235,-0.00023214573955792722,patient12_window16s_stride1s-epo,delta
2236,-0.00026713218700882526,patient12_window16s_stride1s-epo,delta
2237,0.0004418592551907484,patient12_window16s_stride1s-epo,delta
2238,0.00028918421582997894,patient12_window16s_stride1s-epo,delta
2239,0.00045827307882075643,patient12_window16s_stride1s-epo,delta
2240,-1.7656504181631843e-05,patient12_window16s_stride1s-epo,delta
2241,-0.0008605684785966678,patient12_window16s_stride1s-epo,delta
2242,-0.0017221764663779863,patient12_window16s_stride1s-epo,delta
2243,-0.0005788234480976746,patient12_window16s_stride1s-epo,delta
2244,-0.0010121525704489245,patient12_window16s_stride1s-epo,delta
2245,-0.0008119282451938906,patient12_window16s_stride1s-epo,delta
2246,-0.00096748816475551,patient12_window16s_stride1s-epo,delta
2247,-0.0007380192364052306,patient12_window16s_stride1s-epo,delta
2248,-0.0009785090414041366,patient12_window16s_stride1s-epo,delta
2249,-0.0016487707101143863,patient12_window16s_stride1s-epo,delta
2250,-0.0005706101276134133,patient12_window16s_stride1s-epo,delta
2251,0.0003390058545332072,patient12_window16s_stride1s-epo,delta
2252,0.0007228012650781544,patient12_window16s_stride1s-epo,delta
2253,0.0011609914195858531,patient12_window16s_stride1s-epo,delta
2254,0.0008954278589546133,patient12_window16s_stride1s-epo,delta
2255,0.00032984275158259223,patient12_window16s_stride1s-epo,delta
2256,0.0007423771346199893,patient12_window16s_stride1s-epo,delta
2257,0.0012356059010334977,patient12_window16s_stride1s-epo,delta
2258,0.0007849281420683448,patient12_window16s_stride1s-epo,delta
2259,0.0010230356078257702,patient12_window16s_stride1s-epo,delta
2260,0.0009386055977621549,patient12_window16s_stride1s-epo,delta
2261,0.0004485633770925219,patient12_window16s_stride1s-epo,delta
2262,0.0015196525561474187,patient12_window16s_stride1s-epo,delta
2263,0.0007583184387827983,patient12_window16s_stride1s-epo,delta
2264,0.0009361051068389376,patient12_window16s_stride1s-epo,delta
2265,0.00023260860305387797,patient12_window16s_stride1s-epo,delta
2266,0.00047118794140632385,patient12_window16s_stride1s-epo,delta
2267,-0.0002150198378432992,patient12_window16s_stride1s-epo,delta
2268,-0.00023230432119562843,patient12_window16s_stride1s-epo,delta
2269,0.0006420492189682446,patient12_window16s_stride1s-epo,delta
2270,0.0013526766642436541,patient12_window16s_stride1s-epo,delta
2271,0.0007071985659520326,patient12_window16s_stride1s-epo,delta
2272,0.0014380191241741527,patient12_window16s_stride1s-epo,delta
2273,0.0017779771950472262,patient12_window16s_stride1s-epo,delta
2274,0.0013429378978852156,patient12_window16s_stride1s-epo,delta
2275,0.0011567566611657997,patient12_window16s_stride1s-epo,delta
2276,0.0015664219468335928,patient12_window16s_stride1s-epo,delta
2277,0.0010701211325892996,patient12_window16s_stride1s-epo,delta
2278,0.001805334296243387,patient12_window16s_stride1s-epo,delta
2279,0.0009290187151881728,patient12_window16s_stride1s-epo,delta
2280,0.0007201845803357954,patient12_window16s_stride1s-epo,delta
2281,0.001051907912855169,patient12_window16s_stride1s-epo,delta
2282,0.0008010191630117901,patient12_window16s_stride1s-epo,delta
2283,0.0014170758876131556,patient12_window16s_stride1s-epo,delta
2284,0.0018168002905685492,patient12_window16s_stride1s-epo,delta
2285,0.0008217977740257377,patient12_window16s_stride1s-epo,delta
2286,-1.206407541420404e-05,patient12_window16s_stride1s-epo,delta
2287,0.00012470816226250943,patient12_window16s_stride1s-epo,delta
2288,-0.0003232057720736101,patient12_window16s_stride1s-epo,delta
2289,-0.000715123200541742,patient12_window16s_stride1s-epo,delta
2290,-0.00035991835884733984,patient12_window16s_stride1s-epo,delta
2291,0.00024101509474818084,patient12_window16s_stride1s-epo,delta
2292,0.0004927425801532229,patient12_window16s_stride1s-epo,delta
2293,-0.00024610314479745827,patient12_window16s_stride1s-epo,delta
2294,-0.0011889358560335263,patient12_window16s_stride1s-epo,delta
2295,-0.0007885598377580793,patient12_window16s_stride1s-epo,delta
2296,1.2428954298133639e-05,patient12_window16s_stride1s-epo,delta
2297,-0.0001518246245446762,patient12_window16s_stride1s-epo,delta
2298,-0.0012927072290753786,patient12_window16s_stride1s-epo,delta
2299,-0.0012923029068683562,patient12_window16s_stride1s-epo,delta
2300,-0.0010309882208366294,patient12_window16s_stride1s-epo,delta
2301,-0.0002352360318962073,patient12_window16s_stride1s-epo,delta
2302,-0.00020995947489304057,patient12_window16s_stride1s-epo,delta
2303,-0.0002360496284155885,patient12_window16s_stride1s-epo,delta
2304,-0.0015037954353599866,patient12_window16s_stride1s-epo,delta
2305,-0.00036006883777328326,patient12_window16s_stride1s-epo,delta
2306,-0.0014604277896779051,patient12_window16s_stride1s-epo,delta
2307,-0.0014857535883862532,patient12_window16s_stride1s-epo,delta
2308,-0.002339903511211626,patient12_window16s_stride1s-epo,delta
2309,-0.0016930340786940482,patient12_window16s_stride1s-epo,delta
2310,-0.0017623677081218452,patient12_window16s_stride1s-epo,delta
2311,-0.0020774671090476172,patient12_window16s_stride1s-epo,delta
2312,-0.0021983333427101825,patient12_window16s_stride1s-epo,delta
2313,-0.0014631736196742723,patient12_window16s_stride1s-epo,delta
2314,-0.0016375045460751375,patient12_window16s_stride1s-epo,delta
2315,0.00024290867124458876,patient12_window16s_stride1s-epo,delta
2316,0.00249419995035946,patient12_window16s_stride1s-epo,delta
2317,0.00035296187226679487,patient12_window16s_stride1s-epo,delta
2318,-0.0005902151518414683,patient12_window16s_stride1s-epo,delta
2319,-7.676550526056642e-05,patient12_window16s_stride1s-epo,delta
2320,-0.0014034251792306638,patient12_window16s_stride1s-epo,delta
2321,0.00012374333624561853,patient12_window16s_stride1s-epo,delta
2322,0.0007140460791100667,patient12_window16s_stride1s-epo,delta
2323,-3.7376337271581414e-05,patient12_window16s_stride1s-epo,delta
2324,0.00041576482348006945,patient12_window16s_stride1s-epo,delta
2325,-0.0005070833051544268,patient12_window16s_stride1s-epo,delta
2326,0.001373795205187843,patient12_window16s_stride1s-epo,delta
2327,0.003423341807816299,patient12_window16s_stride1s-epo,delta
2328,0.005403631933293001,patient12_window16s_stride1s-epo,delta
2329,0.0031287885552655887,patient12_window16s_stride1s-epo,delta
2330,0.0026238579912366204,patient12_window16s_stride1s-epo,delta
2331,0.0012974467439246563,patient12_window16s_stride1s-epo,delta
2332,0.0013662842655717772,patient12_window16s_stride1s-epo,delta
2333,0.0013429975527338778,patient12_window16s_stride1s-epo,delta
2334,0.0020170897466384712,patient12_window16s_stride1s-epo,delta
2335,0.003872638989638443,patient12_window16s_stride1s-epo,delta
2336,0.0031856787452872255,patient12_window16s_stride1s-epo,delta
2337,0.0033643530143046144,patient12_window16s_stride1s-epo,delta
2338,0.003086579156568008,patient12_window16s_stride1s-epo,delta
2339,0.0024360607412252456,patient12_window16s_stride1s-epo,delta
2340,0.0014932891013057694,patient12_window16s_stride1s-epo,delta
2341,0.0015189075867545962,patient12_window16s_stride1s-epo,delta
2342,-0.0003857051876959806,patient12_window16s_stride1s-epo,delta
2343,-0.00020016018140479907,patient12_window16s_stride1s-epo,delta
2344,-0.00026187881515303915,patient12_window16s_stride1s-epo,delta
2345,0.0005372719613483801,patient12_window16s_stride1s-epo,delta
2346,0.0008926748366438896,patient12_window16s_stride1s-epo,delta
2347,0.0008792276788730207,patient12_window16s_stride1s-epo,delta
2348,0.0004742438501942532,patient12_window16s_stride1s-epo,delta
2349,0.0011545434608114604,patient12_window16s_stride1s-epo,delta
2350,0.0018492997550119844,patient12_window16s_stride1s-epo,delta
2351,0.0020549449269675725,patient12_window16s_stride1s-epo,delta
2352,0.002028105627386546,patient12_window16s_stride1s-epo,delta
2353,0.0024616229543475117,patient12_window16s_stride1s-epo,delta
2354,0.0028805345536752937,patient12_window16s_stride1s-epo,delta
2355,0.001413461904383813,patient12_window16s_stride1s-epo,delta
2356,0.0018353630224433504,patient12_window16s_stride1s-epo,delta
2357,0.002066712764904118,patient12_window16s_stride1s-epo,delta
2358,0.0018300058341780845,patient12_window16s_stride1s-epo,delta
2359,-0.00026693566988155067,patient12_window16s_stride1s-epo,delta
2360,-0.00034959525616780503,patient12_window16s_stride1s-epo,delta
2361,-0.0003338834272685851,patient12_window16s_stride1s-epo,delta
2362,-0.0010194668952781638,patient12_window16s_stride1s-epo,delta
2363,-0.0007609207833257083,patient12_window16s_stride1s-epo,delta
2364,-0.0007459402751577395,patient12_window16s_stride1s-epo,delta
2365,-0.0006980950871540209,patient12_window16s_stride1s-epo,delta
2366,-0.001640432784076532,patient12_window16s_stride1s-epo,delta
2367,-0.0014784065892513455,patient12_window16s_stride1s-epo,delta
2368,-0.0015047135586883959,patient12_window16s_stride1s-epo,delta
2369,-0.0011674377571995436,patient12_window16s_stride1s-epo,delta
2370,-0.0009684124250921759,patient12_window16s_stride1s-epo,delta
2371,-0.0007070515796650849,patient12_window16s_stride1s-epo,delta
2372,0.00018429615286918142,patient12_window16s_stride1s-epo,delta
2373,0.0002595781574286834,patient12_window16s_stride1s-epo,delta
2374,0.00045835233787064767,patient12_window16s_stride1s-epo,delta
2375,0.0011431599404671314,patient12_window16s_stride1s-epo,delta
2376,0.0016428664722955206,patient12_window16s_stride1s-epo,delta
2377,0.00215027053445594,patient12_window16s_stride1s-epo,delta
2378,0.001604447307523003,patient12_window16s_stride1s-epo,delta
2379,0.0019400430370780006,patient12_window16s_stride1s-epo,delta
2380,0.002114331594153411,patient12_window16s_stride1s-epo,delta
2381,0.001818182653339723,patient12_window16s_stride1s-epo,delta
2382,0.002419406753148221,patient12_window16s_stride1s-epo,delta
2383,0.0016469160653371235,patient12_window16s_stride1s-epo,delta
2384,0.0018833685396982222,patient12_window16s_stride1s-epo,delta
2385,0.0007053161286776494,patient12_window16s_stride1s-epo,delta
2386,0.001122458003673724,patient12_window16s_stride1s-epo,delta
2387,0.00021380994643105888,patient12_window16s_stride1s-epo,delta
2388,0.0010309454977417937,patient12_window16s_stride1s-epo,delta
2389,0.0007413915073697994,patient12_window16s_stride1s-epo,delta
2390,0.0008637485407769836,patient12_window16s_stride1s-epo,delta
2391,0.0017606728727575973,patient12_window16s_stride1s-epo,delta
2392,-0.0006130533057691585,patient12_window16s_stride1s-epo,delta
2393,-0.0010155541293980544,patient12_window16s_stride1s-epo,delta
2394,-0.0011717717076894158,patient12_window16s_stride1s-epo,delta
2395,-0.0001534538475802943,patient12_window16s_stride1s-epo,delta
2396,-0.0004775325478809705,patient12_window16s_stride1s-epo,delta
2397,-0.00021832180674147638,patient12_window16s_stride1s-epo,delta
2398,-0.0011338359771402545,patient12_window16s_stride1s-epo,delta
2399,0.001109741057402919,patient12_window16s_stride1s-epo,delta
2400,0.0004270896917840185,patient12_window16s_stride1s-epo,delta
2401,0.0007982023732560187,patient12_window16s_stride1s-epo,delta
2402,0.00026974944244753207,patient12_window16s_stride1s-epo,delta
2403,0.00040767187812146917,patient12_window16s_stride1s-epo,delta
2404,0.001406654952364113,patient12_window16s_stride1s-epo,delta
2405,0.00015549131278900667,patient12_window16s_stride1s-epo,delta
2406,0.0009779022408629417,patient12_window16s_stride1s-epo,delta
2407,0.0011714209143959462,patient12_window16s_stride1s-epo,delta
2408,0.0009792403714828108,patient12_window16s_stride1s-epo,delta
2409,0.0006754241706684578,patient12_window16s_stride1s-epo,delta
2410,0.0008547613446663123,patient12_window16s_stride1s-epo,delta
2411,0.0006178478307312324,patient12_window16s_stride1s-epo,delta
2412,0.00022155388524696738,patient12_window16s_stride1s-epo,delta
2413,1.203421660226173e-05,patient12_window16s_stride1s-epo,delta
2414,0.0001874672429932479,patient12_window16s_stride1s-epo,delta
2415,5.9981360836887294e-05,patient12_window16s_stride1s-epo,delta
2416,0.0018857182554782876,patient12_window16s_stride1s-epo,delta
2417,0.0011896879417695292,patient12_window16s_stride1s-epo,delta
2418,0.0017099032873927182,patient12_window16s_stride1s-epo,delta
2419,0.0017945948118660963,patient12_window16s_stride1s-epo,delta
2420,0.0016436236227371404,patient12_window16s_stride1s-epo,delta
2421,0.001650376603269182,patient12_window16s_stride1s-epo,delta
2422,0.0023349680630249158,patient12_window16s_stride1s-epo,delta
2423,0.003351785053251849,patient12_window16s_stride1s-epo,delta
2424,0.004017060076694291,patient12_window16s_stride1s-epo,delta
2425,0.004197238354993196,patient12_window16s_stride1s-epo,delta
2426,0.003941281247779185,patient12_window16s_stride1s-epo,delta
2427,0.003735472346710143,patient12_window16s_stride1s-epo,delta
2428,0.003463967202182102,patient12_window16s_stride1s-epo,delta
2429,0.003643088717675215,patient12_window16s_stride1s-epo,delta
2430,0.0027476470026881854,patient12_window16s_stride1s-epo,delta
2431,0.001548366173806654,patient12_window16s_stride1s-epo,delta
2432,0.00035773040310905564,patient12_window16s_stride1s-epo,delta
2433,0.0016414896630038136,patient12_window16s_stride1s-epo,delta
2434,0.0013252558689111143,patient12_window16s_stride1s-epo,delta
2435,0.0023502581997363074,patient12_window16s_stride1s-epo,delta
2436,0.0038728551335435036,patient12_window16s_stride1s-epo,delta
2437,0.003672800524915693,patient12_window16s_stride1s-epo,delta
2438,0.003448925938723968,patient12_window16s_stride1s-epo,delta
2439,0.0030725047358099618,patient12_window16s_stride1s-epo,delta
2440,0.0022581753378039847,patient12_window16s_stride1s-epo,delta
2441,0.001703497670934612,patient12_window16s_stride1s-epo,delta
2442,0.0007486922160845888,patient12_window16s_stride1s-epo,delta
2443,0.00012074908769803441,patient12_window16s_stride1s-epo,delta
2444,0.0016681610028588011,patient12_window16s_stride1s-epo,delta
2445,0.0003355186343889128,patient12_window16s_stride1s-epo,delta
2446,0.00022627271719399838,patient12_window16s_stride1s-epo,delta
2447,0.0006369189489250101,patient12_window16s_stride1s-epo,delta
2448,0.0005747782546107721,patient12_window16s_stride1s-epo,delta
2449,-1.13528590473685e-05,patient12_window16s_stride1s-epo,delta
2450,-0.0009308743014907132,patient12_window16s_stride1s-epo,delta
2451,-0.00017142651774714797,patient12_window16s_stride1s-epo,delta
2452,-0.0005273149307115464,patient12_window16s_stride1s-epo,delta
2453,-0.0012785882180176755,patient12_window16s_stride1s-epo,delta
2454,-0.0016582571704851037,patient12_window16s_stride1s-epo,delta
2455,-0.001058116297973871,patient12_window16s_stride1s-epo,delta
2456,-0.0005925892415299887,patient12_window16s_stride1s-epo,delta
2457,-0.00027145881314259517,patient12_window16s_stride1s-epo,delta
2458,-0.0014179429574221194,patient12_window16s_stride1s-epo,delta
2459,0.0008778025793312618,patient12_window16s_stride1s-epo,delta
2460,-0.0009342755182944589,patient12_window16s_stride1s-epo,delta
2461,-3.378318089188594e-05,patient12_window16s_stride1s-epo,delta
2462,-0.00041322581082954226,patient12_window16s_stride1s-epo,delta
2463,-8.32656630337953e-05,patient12_window16s_stride1s-epo,delta
2464,0.0008180878495733436,patient12_window16s_stride1s-epo,delta
2465,0.00033697703939588,patient12_window16s_stride1s-epo,delta
2466,0.000403122403280207,patient12_window16s_stride1s-epo,delta
2467,-0.00015955654182563022,patient12_window16s_stride1s-epo,delta
2468,-0.00023473248024199526,patient12_window16s_stride1s-epo,delta
2469,-0.001222666416371581,patient12_window16s_stride1s-epo,delta
2470,-0.0013163030233430569,patient12_window16s_stride1s-epo,delta
2471,-0.0014302982393346309,patient12_window16s_stride1s-epo,delta
2472,-0.0013511961044469101,patient12_window16s_stride1s-epo,delta
2473,-0.0005163715842905798,patient12_window16s_stride1s-epo,delta
2474,-0.0006008796144532243,patient12_window16s_stride1s-epo,delta
2475,-0.0005265208327896871,patient12_window16s_stride1s-epo,delta
2476,-0.0005901375254713309,patient12_window16s_stride1s-epo,delta
2477,-0.0007624387343157628,patient12_window16s_stride1s-epo,delta
2478,0.00038744840902464443,patient12_window16s_stride1s-epo,delta
2479,0.0009002954147232561,patient12_window16s_stride1s-epo,delta
2480,0.000862290537187697,patient12_window16s_stride1s-epo,delta
2481,-0.00012057821724344762,patient12_window16s_stride1s-epo,delta
2482,0.00010087280364110748,patient12_window16s_stride1s-epo,delta
2483,0.0009757570507846597,patient12_window16s_stride1s-epo,delta
2484,0.001576745298949614,patient12_window16s_stride1s-epo,delta
2485,0.0020170375036249627,patient12_window16s_stride1s-epo,delta
2486,0.0009640315833489983,patient12_window16s_stride1s-epo,delta
2487,0.0009738294999412457,patient12_window16s_stride1s-epo,delta
2488,0.0010624207005696155,patient12_window16s_stride1s-epo,delta
2489,0.001227203549944277,patient12_window16s_stride1s-epo,delta
2490,0.0006451395862293004,patient12_window16s_stride1s-epo,delta
2491,0.0006457279910766978,patient12_window16s_stride1s-epo,delta
2492,0.0008230228280526443,patient12_window16s_stride1s-epo,delta
2493,0.00045210800707063217,patient12_window16s_stride1s-epo,delta
2494,-0.000699539738773216,patient12_window16s_stride1s-epo,delta
2495,-0.0008761672287094125,patient12_window16s_stride1s-epo,delta
2496,-0.0009121187446214691,patient12_window16s_stride1s-epo,delta
2497,-0.0009745011744024321,patient12_window16s_stride1s-epo,delta
2498,-0.00015987002837131753,patient12_window16s_stride1s-epo,delta
2499,4.7534251891865394e-05,patient12_window16s_stride1s-epo,delta
2500,0.0004404895610741497,patient12_window16s_stride1s-epo,delta
2501,-0.0006811192302093729,patient12_window16s_stride1s-epo,delta
2502,0.0010313658917155456,patient12_window16s_stride1s-epo,delta
2503,0.0015185022632142168,patient12_window16s_stride1s-epo,delta
2504,0.0003735837797318328,patient12_window16s_stride1s-epo,delta
2505,0.00033942462560005224,patient12_window16s_stride1s-epo,delta
2506,0.0008355009927045564,patient12_window16s_stride1s-epo,delta
2507,2.437136307238715e-05,patient12_window16s_stride1s-epo,delta
2508,0.0004210418013506503,patient12_window16s_stride1s-epo,delta
2509,0.0005479494387962012,patient12_window16s_stride1s-epo,delta
2510,0.00016426562423284982,patient12_window16s_stride1s-epo,delta
2511,-0.0011303004236599369,patient12_window16s_stride1s-epo,delta
2512,-0.0014348254835353368,patient12_window16s_stride1s-epo,delta
2513,-0.0016289162900877008,patient12_window16s_stride1s-epo,delta
2514,-0.0017707654183486395,patient12_window16s_stride1s-epo,delta
2515,-0.0020374703663451686,patient12_window16s_stride1s-epo,delta
2516,-0.0016984664023525092,patient12_window16s_stride1s-epo,delta
2517,-0.0008432629513969296,patient12_window16s_stride1s-epo,delta
2518,-0.000801951607950409,patient12_window16s_stride1s-epo,delta
2519,-0.00037503722501858714,patient12_window16s_stride1s-epo,delta
2520,-0.00013661930991390572,patient12_window16s_stride1s-epo,delta
2521,-0.0001251571246251945,patient12_window16s_stride1s-epo,delta
2522,-0.0004731650843653031,patient12_window16s_stride1s-epo,delta
2523,-0.0003646308018719101,patient12_window16s_stride1s-epo,delta
2524,-0.0006736078608688467,patient12_window16s_stride1s-epo,delta
2525,-0.0005119838348007934,patient12_window16s_stride1s-epo,delta
2526,0.00027820361426501297,patient12_window16s_stride1s-epo,delta
2527,0.001606051810018177,patient12_window16s_stride1s-epo,delta
2528,0.0015131552499838,patient12_window16s_stride1s-epo,delta
2529,0.0005217833206782313,patient12_window16s_stride1s-epo,delta
2530,0.0012565205756902775,patient12_window16s_stride1s-epo,delta
2531,0.00047586136667651836,patient12_window16s_stride1s-epo,delta
2532,0.0011679211986006823,patient12_window16s_stride1s-epo,delta
2533,-0.0008991100180057921,patient12_window16s_stride1s-epo,delta
2534,-0.0005375788522556741,patient12_window16s_stride1s-epo,delta
2535,-0.000984795976138352,patient12_window16s_stride1s-epo,delta
2536,-0.0013933206724647239,patient12_window16s_stride1s-epo,delta
2537,-0.003156865101037996,patient12_window16s_stride1s-epo,delta
2538,-0.004289703387231708,patient12_window16s_stride1s-epo,delta
2539,-0.003805320802245812,patient12_window16s_stride1s-epo,delta
2540,-0.0027404946242693467,patient12_window16s_stride1s-epo,delta
2541,-0.002594264217713662,patient12_window16s_stride1s-epo,delta
2542,-0.0030172521142726562,patient12_window16s_stride1s-epo,delta
2543,-0.0038914419216313488,patient12_window16s_stride1s-epo,delta
2544,-0.003021741944994491,patient12_window16s_stride1s-epo,delta
2545,-0.0017954042093960686,patient12_window16s_stride1s-epo,delta
2546,-0.0020380643629138943,patient12_window16s_stride1s-epo,delta
2547,-0.001787470558447116,patient12_window16s_stride1s-epo,delta
2548,-0.0026170658303353417,patient12_window16s_stride1s-epo,delta
2549,-0.0017511390990921829,patient12_window16s_stride1s-epo,delta
2550,-0.0018980144903259534,patient12_window16s_stride1s-epo,delta
2551,-0.002310044948808377,patient12_window16s_stride1s-epo,delta
2552,-0.0022631854978017937,patient12_window16s_stride1s-epo,delta
2553,-0.00041599135504909033,patient12_window16s_stride1s-epo,delta
2554,-0.00032500285999029704,patient12_window16s_stride1s-epo,delta
2555,-0.00019932497038242742,patient12_window16s_stride1s-epo,delta
2556,-0.0017309566412799567,patient12_window16s_stride1s-epo,delta
2557,-0.0004176046408225297,patient12_window16s_stride1s-epo,delta
2558,-0.00033579613759482873,patient12_window16s_stride1s-epo,delta
2559,-0.0012973488765040742,patient12_window16s_stride1s-epo,delta
2560,-8.4359320702899e-05,patient12_window16s_stride1s-epo,delta
2561,-0.0021083522306248833,patient12_window16s_stride1s-epo,delta
2562,-0.0015849549329649331,patient12_window16s_stride1s-epo,delta
2563,-0.0014642844324164088,patient12_window16s_stride1s-epo,delta
2564,-0.00016393643527270573,patient12_window16s_stride1s-epo,delta
2565,-9.579929847467315e-05,patient12_window16s_stride1s-epo,delta
2566,-0.00042011799149276535,patient12_window16s_stride1s-epo,delta
2567,0.0002228053318075822,patient12_window16s_stride1s-epo,delta
2568,-0.0006495410751635216,patient12_window16s_stride1s-epo,delta
2569,0.0002943855034498857,patient12_window16s_stride1s-epo,delta
2570,0.0008258666287662665,patient12_window16s_stride1s-epo,delta
2571,-0.00028799762242934864,patient12_window16s_stride1s-epo,delta
2572,0.0002954894399105021,patient12_window16s_stride1s-epo,delta
2573,-0.000571596333743376,patient12_window16s_stride1s-epo,delta
2574,-0.0007078154319999633,patient12_window16s_stride1s-epo,delta
2575,-0.0014422747264169243,patient12_window16s_stride1s-epo,delta
2576,-0.0007971100334471025,patient12_window16s_stride1s-epo,delta
2577,-0.00028266356696712223,patient12_window16s_stride1s-epo,delta
2578,-0.0006001933884855324,patient12_window16s_stride1s-epo,delta
2579,-0.0006085095279058882,patient12_window16s_stride1s-epo,delta
2580,-0.001231942760983252,patient12_window16s_stride1s-epo,delta
2581,-0.0018741228171858955,patient12_window16s_stride1s-epo,delta
2582,-0.0021006359760701162,patient12_window16s_stride1s-epo,delta
2583,-0.0016779580308779439,patient12_window16s_stride1s-epo,delta
2584,-0.000587992541996923,patient12_window16s_stride1s-epo,delta
2585,-0.0021721248690288594,patient12_window16s_stride1s-epo,delta
2586,-0.0015005513255766725,patient12_window16s_stride1s-epo,delta
2587,-0.00016966838445671537,patient12_window16s_stride1s-epo,delta
2588,7.64104514142419e-05,patient12_window16s_stride1s-epo,delta
2589,8.755072483922155e-05,patient12_window16s_stride1s-epo,delta
2590,-0.0005383926247262862,patient12_window16s_stride1s-epo,delta
2591,6.800707513291629e-05,patient12_window16s_stride1s-epo,delta
2592,-0.00042333945537124354,patient12_window16s_stride1s-epo,delta
2593,-5.1992236868959396e-05,patient12_window16s_stride1s-epo,delta
2594,0.0007314488029536621,patient12_window16s_stride1s-epo,delta
2595,0.0009056090207286052,patient12_window16s_stride1s-epo,delta
2596,0.0005243871011368342,patient12_window16s_stride1s-epo,delta
2597,0.001398219776890999,patient12_window16s_stride1s-epo,delta
2598,0.0014595425814615314,patient12_window16s_stride1s-epo,delta
2599,0.0014589168460273794,patient12_window16s_stride1s-epo,delta
2600,0.0015051497091802416,patient12_window16s_stride1s-epo,delta
2601,0.0020186118520070105,patient12_window16s_stride1s-epo,delta
2602,0.000984132318972783,patient12_window16s_stride1s-epo,delta
2603,0.0015898714902509218,patient12_window16s_stride1s-epo,delta
2604,0.0020830438343365392,patient12_window16s_stride1s-epo,delta
2605,0.0019805646375764224,patient12_window16s_stride1s-epo,delta
2606,0.0016871502754248484,patient12_window16s_stride1s-epo,delta
2607,0.0016753624351793484,patient12_window16s_stride1s-epo,delta
2608,0.0015990583506652533,patient12_window16s_stride1s-epo,delta
2609,0.0018443660954234535,patient12_window16s_stride1s-epo,delta
2610,0.0008218697282705624,patient12_window16s_stride1s-epo,delta
2611,0.0004128460684437141,patient12_window16s_stride1s-epo,delta
2612,-0.0001108605280017037,patient12_window16s_stride1s-epo,delta
2613,0.0002030320791531425,patient12_window16s_stride1s-epo,delta
2614,0.0008258729063765208,patient12_window16s_stride1s-epo,delta
2615,-0.00020430975476268953,patient12_window16s_stride1s-epo,delta
2616,-0.0003963243190555409,patient12_window16s_stride1s-epo,delta
2617,-0.0008882495285957684,patient12_window16s_stride1s-epo,delta
2618,-0.001096280492253683,patient12_window16s_stride1s-epo,delta
2619,0.00033013500497279383,patient12_window16s_stride1s-epo,delta
2620,-0.00021622070252508638,patient12_window16s_stride1s-epo,delta
2621,-0.0011004274434064602,patient12_window16s_stride1s-epo,delta
2622,-0.00039064421090241575,patient12_window16s_stride1s-epo,delta
2623,-0.000617243037693102,patient12_window16s_stride1s-epo,delta
2624,-0.0012070119934577206,patient12_window16s_stride1s-epo,delta
2625,0.000248555548954364,patient12_window16s_stride1s-epo,delta
2626,0.0003074656362976099,patient12_window16s_stride1s-epo,delta
2627,-0.0011581725319405527,patient12_window16s_stride1s-epo,delta
2628,-0.00034635591289117857,patient12_window16s_stride1s-epo,delta
2629,-0.0002615756333203402,patient12_window16s_stride1s-epo,delta
2630,0.00012680212818080464,patient12_window16s_stride1s-epo,delta
2631,0.00020628895173060603,patient12_window16s_stride1s-epo,delta
2632,-0.0007054839373817822,patient12_window16s_stride1s-epo,delta
2633,-0.001621560656528373,patient12_window16s_stride1s-epo,delta
2634,-0.0012927324736649287,patient12_window16s_stride1s-epo,delta
2635,-0.0012060987363640536,patient12_window16s_stride1s-epo,delta
2636,-0.0017167335399295967,patient12_window16s_stride1s-epo,delta
2637,-0.00030449224446803394,patient12_window16s_stride1s-epo,delta
2638,-0.0006161308481233324,patient12_window16s_stride1s-epo,delta
2639,-0.0005975885449596432,patient12_window16s_stride1s-epo,delta
2640,-0.0007279082157726621,patient12_window16s_stride1s-epo,delta
2641,-0.0009510788510653827,patient12_window16s_stride1s-epo,delta
2642,-0.0008347602141980638,patient12_window16s_stride1s-epo,delta
2643,0.00031357700944057516,patient12_window16s_stride1s-epo,delta
2644,0.0005057133772462684,patient12_window16s_stride1s-epo,delta
2645,0.000524000967414757,patient12_window16s_stride1s-epo,delta
2646,0.0011855851779486823,patient12_window16s_stride1s-epo,delta
2647,0.001628178607423314,patient12_window16s_stride1s-epo,delta
2648,0.00025460991049897747,patient12_window16s_stride1s-epo,delta
2649,0.0010216806740968208,patient12_window16s_stride1s-epo,delta
2650,0.0009665051190314715,patient12_window16s_stride1s-epo,delta
2651,0.00015388488627540972,patient12_window16s_stride1s-epo,delta
2652,0.0005173968909259377,patient12_window16s_stride1s-epo,delta
2653,0.0018463261085422719,patient12_window16s_stride1s-epo,delta
2654,0.003316950285570318,patient12_window16s_stride1s-epo,delta
2655,0.0024927133274635473,patient12_window16s_stride1s-epo,delta
2656,0.002361533197433842,patient12_window16s_stride1s-epo,delta
2657,0.0026762552029383434,patient12_window16s_stride1s-epo,delta
2658,0.002471501969350769,patient12_window16s_stride1s-epo,delta
2659,0.0002735950903835527,patient12_window16s_stride1s-epo,delta
2660,0.0007412154663094718,patient12_window16s_stride1s-epo,delta
2661,-0.0004822199715425948,patient12_window16s_stride1s-epo,delta
2662,-6.266927016376578e-05,patient12_window16s_stride1s-epo,delta
2663,-0.00047173094026956415,patient12_window16s_stride1s-epo,delta
2664,-0.0003419906113389156,patient12_window16s_stride1s-epo,delta
2665,-0.0005536044561094437,patient12_window16s_stride1s-epo,delta
2666,0.00014950765742126207,patient12_window16s_stride1s-epo,delta
2667,0.0008490633025967566,patient12_window16s_stride1s-epo,delta
2668,-0.00015963150766758877,patient12_window16s_stride1s-epo,delta
2669,-0.0002650876488913559,patient12_window16s_stride1s-epo,delta
2670,0.00020190970970844377,patient12_window16s_stride1s-epo,delta
2671,-0.0006087640001424853,patient12_window16s_stride1s-epo,delta
2672,-0.00034595987318216846,patient12_window16s_stride1s-epo,delta
2673,-0.0007830987709597958,patient12_window16s_stride1s-epo,delta
2674,-7.762269304128325e-05,patient12_window16s_stride1s-epo,delta
2675,0.00033434252478870517,patient12_window16s_stride1s-epo,delta
2676,-0.00020180874423454142,patient12_window16s_stride1s-epo,delta
2677,8.769725400027441e-05,patient12_window16s_stride1s-epo,delta
2678,0.00010752869719328969,patient12_window16s_stride1s-epo,delta
2679,0.00037180181172622356,patient12_window16s_stride1s-epo,delta
2680,-0.0002136465492676695,patient12_window16s_stride1s-epo,delta
2681,0.0003914110527170274,patient12_window16s_stride1s-epo,delta
2682,0.0008076491459210809,patient12_window16s_stride1s-epo,delta
2683,0.00034015321725269814,patient12_window16s_stride1s-epo,delta
2684,0.00021348356948361891,patient12_window16s_stride1s-epo,delta
2685,0.00030892017461489233,patient12_window16s_stride1s-epo,delta
2686,-0.00010938433828704332,patient12_window16s_stride1s-epo,delta
2687,0.00045888080798973143,patient12_window16s_stride1s-epo,delta
2688,0.0005301192360178694,patient12_window16s_stride1s-epo,delta
2689,-0.0006391601847014396,patient12_window16s_stride1s-epo,delta
2690,7.421263299267733e-05,patient12_window16s_stride1s-epo,delta
2691,-5.931549934131336e-05,patient12_window16s_stride1s-epo,delta
2692,-6.230839209268291e-05,patient12_window16s_stride1s-epo,delta
2693,0.00036441968701670524,patient12_window16s_stride1s-epo,delta
2694,-0.0002528474926327299,patient12_window16s_stride1s-epo,delta
2695,6.113985551378407e-05,patient12_window16s_stride1s-epo,delta
2696,-0.00019483550505795425,patient12_window16s_stride1s-epo,delta
2697,-0.0008160249682276709,patient12_window16s_stride1s-epo,delta
2698,-0.00011050799561908687,patient12_window16s_stride1s-epo,delta
2699,-0.0007164930874185353,patient12_window16s_stride1s-epo,delta
2700,-0.0012144661635960937,patient12_window16s_stride1s-epo,delta
2701,-0.0010225932652208405,patient12_window16s_stride1s-epo,delta
2702,-0.0011875936885328672,patient12_window16s_stride1s-epo,delta
2703,-0.0012101948561180785,patient12_window16s_stride1s-epo,delta
2704,-0.002181672924659654,patient12_window16s_stride1s-epo,delta
2705,-0.0017617498373772092,patient12_window16s_stride1s-epo,delta
2706,-0.001098080238146269,patient12_window16s_stride1s-epo,delta
2707,-0.0012669584384140309,patient12_window16s_stride1s-epo,delta
2708,-0.0013561784656610696,patient12_window16s_stride1s-epo,delta
2709,-0.0009075960201387103,patient12_window16s_stride1s-epo,delta
2710,-0.0035767377627004206,patient12_window16s_stride1s-epo,delta
2711,-0.003185927715879367,patient12_window16s_stride1s-epo,delta
2712,-0.0034643126311800455,patient12_window16s_stride1s-epo,delta
2713,-0.004036563611545823,patient12_window16s_stride1s-epo,delta
2714,-0.0033624592322109054,patient12_window16s_stride1s-epo,delta
2715,-0.002714306285492598,patient12_window16s_stride1s-epo,delta
2716,-0.0028819058551618317,patient12_window16s_stride1s-epo,delta
2717,-0.002767504924490923,patient12_window16s_stride1s-epo,delta
2718,-0.0027397555328850963,patient12_window16s_stride1s-epo,delta
2719,-0.002103466225892315,patient12_window16s_stride1s-epo,delta
2720,-0.0012491780201284682,patient12_window16s_stride1s-epo,delta
2721,-0.0022558317460576404,patient12_window16s_stride1s-epo,delta
2722,-0.0017767832205098583,patient12_window16s_stride1s-epo,delta
2723,-0.0019757022268782165,patient12_window16s_stride1s-epo,delta
2724,-0.0018019247746613233,patient12_window16s_stride1s-epo,delta
2725,-0.0018811074263119804,patient12_window16s_stride1s-epo,delta
2726,0.0005275716651770173,patient12_window16s_stride1s-epo,delta
2727,8.323629534598508e-05,patient12_window16s_stride1s-epo,delta
2728,6.520933880966029e-05,patient12_window16s_stride1s-epo,delta
2729,0.0009497647531228803,patient12_window16s_stride1s-epo,delta
2730,0.0012135106288079798,patient12_window16s_stride1s-epo,delta
2731,0.00049699547001386,patient12_window16s_stride1s-epo,delta
2732,0.0014178631468946311,patient12_window16s_stride1s-epo,delta
2733,0.0020005953929831404,patient12_window16s_stride1s-epo,delta
2734,0.0017875834558630588,patient12_window16s_stride1s-epo,delta
2735,0.002016318599845985,patient12_window16s_stride1s-epo,delta
2736,0.0011623639451229576,patient12_window16s_stride1s-epo,delta
2737,0.0011785557272332898,patient12_window16s_stride1s-epo,delta
2738,0.0006114320763364137,patient12_window16s_stride1s-epo,delta
2739,0.0004917675691683909,patient12_window16s_stride1s-epo,delta
2740,0.001296171198996322,patient12_window16s_stride1s-epo,delta
2741,0.002100387651265874,patient12_window16s_stride1s-epo,delta
2742,0.001216927784986998,patient12_window16s_stride1s-epo,delta
2743,0.0011195206709636383,patient12_window16s_stride1s-epo,delta
2744,0.0012958767970364872,patient12_window16s_stride1s-epo,delta
2745,0.0010831074770903935,patient12_window16s_stride1s-epo,delta
2746,0.0005234265181001104,patient12_window16s_stride1s-epo,delta
2747,-0.00019188090700187732,patient12_window16s_stride1s-epo,delta
2748,0.0006233988954612553,patient12_window16s_stride1s-epo,delta
2749,0.0002503409837330768,patient12_window16s_stride1s-epo,delta
2750,0.0003091318592116509,patient12_window16s_stride1s-epo,delta
2751,0.00030948728665816433,patient12_window16s_stride1s-epo,delta
2752,-0.00022947726236582805,patient12_window16s_stride1s-epo,delta
2753,-0.0015796831941342353,patient12_window16s_stride1s-epo,delta
2754,-0.0009945943866675644,patient12_window16s_stride1s-epo,delta
2755,-0.001056336780531254,patient12_window16s_stride1s-epo,delta
2756,-0.0002590194900234201,patient12_window16s_stride1s-epo,delta
2757,-0.00017381028950125805,patient12_window16s_stride1s-epo,delta
2758,8.762938596410635e-05,patient12_window16s_stride1s-epo,delta
2759,0.00015647628501023987,patient12_window16s_stride1s-epo,delta
2760,-0.0013453394085667662,patient12_window16s_stride1s-epo,delta
2761,-0.0017540269205360013,patient12_window16s_stride1s-epo,delta
2762,-0.001414396359124543,patient12_window16s_stride1s-epo,delta
2763,-0.0007818797250034143,patient12_window16s_stride1s-epo,delta
2764,-0.00080059916295415,patient12_window16s_stride1s-epo,delta
2765,-0.0009405242920087132,patient12_window16s_stride1s-epo,delta
2766,-0.0009769254155505848,patient12_window16s_stride1s-epo,delta
2767,0.0004367847806954677,patient12_window16s_stride1s-epo,delta
2768,-0.0012283094917939215,patient12_window16s_stride1s-epo,delta
2769,0.0008433922636341489,patient12_window16s_stride1s-epo,delta
2770,0.001507144192230534,patient12_window16s_stride1s-epo,delta
2771,0.0023089950100138278,patient12_window16s_stride1s-epo,delta
2772,0.0015345269801752665,patient12_window16s_stride1s-epo,delta
2773,0.0012241365770790619,patient12_window16s_stride1s-epo,delta
2774,0.001439682863005065,patient12_window16s_stride1s-epo,delta
2775,0.00012187931426116088,patient12_window16s_stride1s-epo,delta
2776,0.0006976286317492592,patient12_window16s_stride1s-epo,delta
2777,-3.380807216262621e-05,patient12_window16s_stride1s-epo,delta
2778,0.0003498401749024081,patient12_window16s_stride1s-epo,delta
2779,-0.00029632686717757933,patient12_window16s_stride1s-epo,delta
2780,-0.0011795673272255046,patient12_window16s_stride1s-epo,delta
2781,-0.001693668590023225,patient12_window16s_stride1s-epo,delta
2782,-0.0009658317754074977,patient12_window16s_stride1s-epo,delta
2783,-0.002059376749872773,patient12_window16s_stride1s-epo,delta
2784,-0.0010213968183094932,patient12_window16s_stride1s-epo,delta
2785,-0.000625093596867157,patient12_window16s_stride1s-epo,delta
2786,-0.0014934837369008369,patient12_window16s_stride1s-epo,delta
2787,-0.0012760772346499666,patient12_window16s_stride1s-epo,delta
2788,-0.00013747686429283694,patient12_window16s_stride1s-epo,delta
2789,0.0008669489420202992,patient12_window16s_stride1s-epo,delta
2790,-4.802157334074304e-05,patient12_window16s_stride1s-epo,delta
2791,-0.0003683077986719434,patient12_window16s_stride1s-epo,delta
2792,-1.914957903104494e-05,patient12_window16s_stride1s-epo,delta
2793,-0.00047507733378270446,patient12_window16s_stride1s-epo,delta
2794,-0.0012902399695699327,patient12_window16s_stride1s-epo,delta
2795,-0.001219360649001118,patient12_window16s_stride1s-epo,delta
2796,-8.458338614002137e-05,patient12_window16s_stride1s-epo,delta
2797,0.0010526642379341837,patient12_window16s_stride1s-epo,delta
2798,0.0006111495153920757,patient12_window16s_stride1s-epo,delta
2799,0.0022278151636435702,patient12_window16s_stride1s-epo,delta
2800,0.0006508106010688612,patient12_window16s_stride1s-epo,delta
2801,0.0013554488087534967,patient12_window16s_stride1s-epo,delta
2802,0.001704680341002602,patient12_window16s_stride1s-epo,delta
2803,0.001360460819977309,patient12_window16s_stride1s-epo,delta
2804,-0.0004864817475150558,patient12_window16s_stride1s-epo,delta
2805,0.00015156903725299246,patient12_window16s_stride1s-epo,delta
2806,-0.0017151578941313238,patient12_window16s_stride1s-epo,delta
2807,-0.0014317348774851874,patient12_window16s_stride1s-epo,delta
2808,-0.0001487923573740975,patient12_window16s_stride1s-epo,delta
2809,-2.5232722752902186e-05,patient12_window16s_stride1s-epo,delta
2810,-5.232172150840632e-05,patient12_window16s_stride1s-epo,delta
2811,-2.739742932666245e-05,patient12_window16s_stride1s-epo,delta
2812,-0.0005842635088584546,patient12_window16s_stride1s-epo,delta
2813,-0.0015782912830756602,patient12_window16s_stride1s-epo,delta
2814,-0.0022228281632388942,patient12_window16s_stride1s-epo,delta
2815,-0.002638877426512595,patient12_window16s_stride1s-epo,delta
2816,-0.0016741333152589287,patient12_window16s_stride1s-epo,delta
2817,-0.0012507200999450536,patient12_window16s_stride1s-epo,delta
2818,-0.001458271789045507,patient12_window16s_stride1s-epo,delta
2819,-0.00035220549543242205,patient12_window16s_stride1s-epo,delta
2820,-0.00027448339610577677,patient12_window16s_stride1s-epo,delta
2821,-0.00035325367488707395,patient12_window16s_stride1s-epo,delta
2822,0.0001659045520030984,patient12_window16s_stride1s-epo,delta
2823,0.0019995081987892287,patient12_window16s_stride1s-epo,delta
2824,0.002188636005528454,patient12_window16s_stride1s-epo,delta
2825,0.002185039479712487,patient12_window16s_stride1s-epo,delta
2826,0.0032386593709565785,patient12_window16s_stride1s-epo,delta
2827,0.003450762341573868,patient12_window16s_stride1s-epo,delta
2828,0.002105415512150234,patient12_window16s_stride1s-epo,delta
2829,0.0015658166781367874,patient12_window16s_stride1s-epo,delta
2830,0.0015431236322622447,patient12_window16s_stride1s-epo,delta
2831,0.002311313715985382,patient12_window16s_stride1s-epo,delta
2832,0.0028945634696522864,patient12_window16s_stride1s-epo,delta
2833,0.0017762767626161356,patient12_window16s_stride1s-epo,delta
2834,0.0009926728868462286,patient12_window16s_stride1s-epo,delta
2835,0.001060866713810019,patient12_window16s_stride1s-epo,delta
2836,0.0005297947089966705,patient12_window16s_stride1s-epo,delta
2837,0.0007958891889724787,patient12_window16s_stride1s-epo,delta
2838,-0.0004621036386692262,patient12_window16s_stride1s-epo,delta
2839,-0.0011217475018145376,patient12_window16s_stride1s-epo,delta
2840,-0.00046272880081325504,patient12_window16s_stride1s-epo,delta
2841,-0.0010315639427010267,patient12_window16s_stride1s-epo,delta
2842,-0.0010976488284095323,patient12_window16s_stride1s-epo,delta
2843,0.0008384044350208548,patient12_window16s_stride1s-epo,delta
2844,0.0004578729695000601,patient12_window16s_stride1s-epo,delta
2845,0.00012296708203460492,patient12_window16s_stride1s-epo,delta
2846,-0.0007057101804601931,patient12_window16s_stride1s-epo,delta
2847,0.00019525926882611155,patient12_window16s_stride1s-epo,delta
2848,9.729327482447164e-05,patient12_window16s_stride1s-epo,delta
2849,0.0001594718978389694,patient12_window16s_stride1s-epo,delta
2850,0.00046977790063019715,patient12_window16s_stride1s-epo,delta
2851,0.0014016064841041098,patient12_window16s_stride1s-epo,delta
2852,0.0007033432044043951,patient12_window16s_stride1s-epo,delta
2853,0.0002946459892146427,patient12_window16s_stride1s-epo,delta
2854,0.0013729900833318188,patient12_window16s_stride1s-epo,delta
2855,-0.0002488320403890274,patient12_window16s_stride1s-epo,delta
2856,0.0001038207205115638,patient12_window16s_stride1s-epo,delta
2857,-0.00015148941192765115,patient12_window16s_stride1s-epo,delta
2858,-0.0003260836090254888,patient12_window16s_stride1s-epo,delta
2859,-0.0007924927476817249,patient12_window16s_stride1s-epo,delta
2860,-0.0018254580102061752,patient12_window16s_stride1s-epo,delta
2861,-0.002187705905366937,patient12_window16s_stride1s-epo,delta
2862,-0.0013917454228509372,patient12_window16s_stride1s-epo,delta
2863,0.00013538037155862487,patient12_window16s_stride1s-epo,delta
2864,0.001129172344364122,patient12_window16s_stride1s-epo,delta
2865,0.001396251456225208,patient12_window16s_stride1s-epo,delta
2866,0.0005366018396472944,patient12_window16s_stride1s-epo,delta
2867,8.858050565278644e-05,patient12_window16s_stride1s-epo,delta
2868,0.0004751027612139474,patient12_window16s_stride1s-epo,delta
2869,0.000846203105896992,patient12_window16s_stride1s-epo,delta
2870,0.0011030427660737808,patient12_window16s_stride1s-epo,delta
2871,0.0019365338032073967,patient12_window16s_stride1s-epo,delta
2872,0.0014040779850392894,patient12_window16s_stride1s-epo,delta
2873,0.00048444010144036245,patient12_window16s_stride1s-epo,delta
2874,0.001330308544253753,patient12_window16s_stride1s-epo,delta
2875,0.001517423523465879,patient12_window16s_stride1s-epo,delta
2876,6.868771957562837e-05,patient12_window16s_stride1s-epo,delta
2877,0.0006353573794989708,patient12_window16s_stride1s-epo,delta
2878,0.00017319474074200316,patient12_window16s_stride1s-epo,delta
2879,-0.00016131251600303253,patient12_window16s_stride1s-epo,delta
2880,-0.0006900804319993899,patient12_window16s_stride1s-epo,delta
2881,0.0004720989402664121,patient12_window16s_stride1s-epo,delta
2882,0.0011954122945040586,patient12_window16s_stride1s-epo,delta
2883,0.0009384895791944674,patient12_window16s_stride1s-epo,delta
2884,2.224269318370872e-05,patient12_window16s_stride1s-epo,delta
2885,0.00018393129266489403,patient12_window16s_stride1s-epo,delta
2886,-0.0005431193316176613,patient12_window16s_stride1s-epo,delta
2887,-0.00013801077244245602,patient12_window16s_stride1s-epo,delta
2888,0.0007077073005027316,patient12_window16s_stride1s-epo,delta
2889,-0.00027524050883844274,patient12_window16s_stride1s-epo,delta
2890,-0.0001370255280402343,patient12_window16s_stride1s-epo,delta
2891,-0.00016265939240111486,patient12_window16s_stride1s-epo,delta
2892,-0.00023311553913384504,patient12_window16s_stride1s-epo,delta
2893,-0.0016309984198910152,patient12_window16s_stride1s-epo,delta
2894,-0.0016628913149041584,patient12_window16s_stride1s-epo,delta
2895,-0.0007737470275368103,patient12_window16s_stride1s-epo,delta
2896,-0.000497706181090084,patient12_window16s_stride1s-epo,delta
2897,-0.0006301655012162228,patient12_window16s_stride1s-epo,delta
2898,-0.0015708299819575525,patient12_window16s_stride1s-epo,delta
2899,-0.0007749656162018512,patient12_window16s_stride1s-epo,delta
2900,-0.0005995173489959299,patient12_window16s_stride1s-epo,delta
2901,5.440550571111899e-05,patient12_window16s_stride1s-epo,delta
2902,-0.0005799073126338547,patient12_window16s_stride1s-epo,delta
2903,-0.00048506728230608524,patient12_window16s_stride1s-epo,delta
2904,-0.0005008871982218441,patient12_window16s_stride1s-epo,delta
2905,-0.0009103715693825903,patient12_window16s_stride1s-epo,delta
2906,-0.00055541047429236,patient12_window16s_stride1s-epo,delta
2907,-0.0005371431134776996,patient12_window16s_stride1s-epo,delta
2908,-5.768607637153556e-05,patient12_window16s_stride1s-epo,delta
2909,-0.0008833867594028671,patient12_window16s_stride1s-epo,delta
2910,-6.644769724875896e-05,patient12_window16s_stride1s-epo,delta
2911,-0.0011729277823492616,patient12_window16s_stride1s-epo,delta
2912,-0.0009724988522494664,patient12_window16s_stride1s-epo,delta
2913,0.00026609308345261175,patient12_window16s_stride1s-epo,delta
2914,-0.0008799928207087281,patient12_window16s_stride1s-epo,delta
2915,0.0004914061883649652,patient12_window16s_stride1s-epo,delta
2916,-0.00027734114316239986,patient12_window16s_stride1s-epo,delta
2917,-0.0005764952266282382,patient12_window16s_stride1s-epo,delta
2918,7.219062515352995e-07,patient12_window16s_stride1s-epo,delta
2919,0.0011499496066818538,patient12_window16s_stride1s-epo,delta
2920,0.001020810836949511,patient12_window16s_stride1s-epo,delta
2921,0.0015490412269654082,patient12_window16s_stride1s-epo,delta
2922,0.0011463012322525266,patient12_window16s_stride1s-epo,delta
2923,0.0018176969021717687,patient12_window16s_stride1s-epo,delta
2924,0.0016830083047466235,patient12_window16s_stride1s-epo,delta
2925,0.001961403365327828,patient12_window16s_stride1s-epo,delta
2926,0.001216833866833615,patient12_window16s_stride1s-epo,delta
2927,2.872255793196707e-05,patient12_window16s_stride1s-epo,delta
2928,0.0003069233040480752,patient12_window16s_stride1s-epo,delta
2929,0.0003685473436654129,patient12_window16s_stride1s-epo,delta
2930,0.0008802226653070082,patient12_window16s_stride1s-epo,delta
2931,0.0003804767314288595,patient12_window16s_stride1s-epo,delta
2932,-0.00045636943777795406,patient12_window16s_stride1s-epo,delta
2933,-0.00055592581486245,patient12_window16s_stride1s-epo,delta
2934,-0.0007884572387661045,patient12_window16s_stride1s-epo,delta
2935,-0.0004760528243243942,patient12_window16s_stride1s-epo,delta
2936,0.0003768685556390542,patient12_window16s_stride1s-epo,delta
2937,-0.00041158802008102983,patient12_window16s_stride1s-epo,delta
2938,-0.0018186485060177461,patient12_window16s_stride1s-epo,delta
2939,-0.002133005094072969,patient12_window16s_stride1s-epo,delta
2940,-0.001926778920298289,patient12_window16s_stride1s-epo,delta
2941,-0.0013433890866810828,patient12_window16s_stride1s-epo,delta
2942,-0.0014458235118306503,patient12_window16s_stride1s-epo,delta
2943,-0.000937366383766116,patient12_window16s_stride1s-epo,delta
2944,-0.0010933414519096666,patient12_window16s_stride1s-epo,delta
2945,-0.0015812787853799993,patient12_window16s_stride1s-epo,delta
2946,-0.0011356497604960625,patient12_window16s_stride1s-epo,delta
2947,0.00014583327624494705,patient12_window16s_stride1s-epo,delta
2948,0.00043512677526004787,patient12_window16s_stride1s-epo,delta
2949,0.00015634612095771875,patient12_window16s_stride1s-epo,delta
2950,-0.0004577506990145636,patient12_window16s_stride1s-epo,delta
2951,0.0004681299927487052,patient12_window16s_stride1s-epo,delta
2952,0.0007087365317937085,patient12_window16s_stride1s-epo,delta
2953,0.0014765489998716551,patient12_window16s_stride1s-epo,delta
2954,0.0005267559001585899,patient12_window16s_stride1s-epo,delta
2955,0.0014749104339814303,patient12_window16s_stride1s-epo,delta
2956,-7.799508683433527e-05,patient12_window16s_stride1s-epo,delta
2957,0.00024398587784862805,patient12_window16s_stride1s-epo,delta
2958,-0.00028292457314370523,patient12_window16s_stride1s-epo,delta
2959,-0.0006222179518650203,patient12_window16s_stride1s-epo,delta
2960,-0.0009631196286258114,patient12_window16s_stride1s-epo,delta
2961,0.0003337521872202464,patient12_window16s_stride1s-epo,delta
2962,0.0003158913100278151,patient12_window16s_stride1s-epo,delta
2963,-0.0003114319376016199,patient12_window16s_stride1s-epo,delta
2964,-0.00013229554410920313,patient12_window16s_stride1s-epo,delta
2965,-0.00041533000055473345,patient12_window16s_stride1s-epo,delta
2966,0.00041747569811566613,patient12_window16s_stride1s-epo,delta
2967,-0.0009602548793030647,patient12_window16s_stride1s-epo,delta
2968,0.00025318509829280744,patient12_window16s_stride1s-epo,delta
2969,-0.0006520667924560727,patient12_window16s_stride1s-epo,delta
2970,-0.0003462560973354616,patient12_window16s_stride1s-epo,delta
2971,-0.0008683922261434489,patient12_window16s_stride1s-epo,delta
2972,-0.0005912819985414079,patient12_window16s_stride1s-epo,delta
2973,-0.0005959332801343714,patient12_window16s_stride1s-epo,delta
2974,-0.0010037250812377967,patient12_window16s_stride1s-epo,delta
2975,-0.0015048952318270031,patient12_window16s_stride1s-epo,delta
2976,-0.0010314378111260633,patient12_window16s_stride1s-epo,delta
2977,-0.0005977112496611902,patient12_window16s_stride1s-epo,delta
2978,-0.0018016155158799012,patient12_window16s_stride1s-epo,delta
2979,-0.001352317280399469,patient12_window16s_stride1s-epo,delta
2980,-0.0011648883068039837,patient12_window16s_stride1s-epo,delta
2981,-0.001375284060864252,patient12_window16s_stride1s-epo,delta
2982,-0.0005512811339081887,patient12_window16s_stride1s-epo,delta
2983,-0.0009122265888900564,patient12_window16s_stride1s-epo,delta
2984,-0.0001233852973390344,patient12_window16s_stride1s-epo,delta
2985,-4.995081918861362e-05,patient12_window16s_stride1s-epo,delta
2986,0.0004922209474351586,patient12_window16s_stride1s-epo,delta
2987,8.391806194150548e-05,patient12_window16s_stride1s-epo,delta
2988,0.001187645860019729,patient12_window16s_stride1s-epo,delta
2989,0.0014188429439907916,patient12_window16s_stride1s-epo,delta
2990,0.0010864672720437669,patient12_window16s_stride1s-epo,delta
2991,0.0016428160699002456,patient12_window16s_stride1s-epo,delta
2992,0.0016097875218797917,patient12_window16s_stride1s-epo,delta
2993,0.001394601733181178,patient12_window16s_stride1s-epo,delta
2994,0.0009358159911400111,patient12_window16s_stride1s-epo,delta
2995,0.0010825942794164785,patient12_window16s_stride1s-epo,delta
2996,-0.00036997320380679723,patient12_window16s_stride1s-epo,delta
2997,-0.000358570981905425,patient12_window16s_stride1s-epo,delta
2998,-0.0006233693814598043,patient12_window16s_stride1s-epo,delta
2999,0.00016685072042626917,patient12_window16s_stride1s-epo,delta
3000,0.00041267273307452935,patient12_window16s_stride1s-epo,delta
3001,0.0003797003152727048,patient12_window16s_stride1s-epo,delta
3002,0.0007968870766721789,patient12_window16s_stride1s-epo,delta
3003,0.0012290665368543696,patient12_window16s_stride1s-epo,delta
3004,0.0020134585246983465,patient12_window16s_stride1s-epo,delta
3005,0.0014745574135722106,patient12_window16s_stride1s-epo,delta
3006,0.0011017821333343524,patient12_window16s_stride1s-epo,delta
3007,0.00033174673603632044,patient12_window16s_stride1s-epo,delta
3008,-8.849522205274354e-05,patient12_window16s_stride1s-epo,delta
3009,-0.0003182038442666132,patient12_window16s_stride1s-epo,delta
3010,-8.754192562467646e-05,patient12_window16s_stride1s-epo,delta
3011,-0.0005777208956710382,patient12_window16s_stride1s-epo,delta
3012,0.00042582580999699543,patient12_window16s_stride1s-epo,delta
3013,0.0003463804196752663,patient12_window16s_stride1s-epo,delta
3014,0.0005333837537673873,patient12_window16s_stride1s-epo,delta
3015,0.0011486860073723862,patient12_window16s_stride1s-epo,delta
3016,0.00020911049369916308,patient12_window16s_stride1s-epo,delta
3017,-9.615260640681644e-05,patient12_window16s_stride1s-epo,delta
3018,-2.3205129248184196e-05,patient12_window16s_stride1s-epo,delta
3019,0.0007313341744927235,patient12_window16s_stride1s-epo,delta
3020,0.0005139276403903942,patient12_window16s_stride1s-epo,delta
3021,0.000831212603571927,patient12_window16s_stride1s-epo,delta
3022,0.001215514433830065,patient12_window16s_stride1s-epo,delta
3023,0.0017563202812766916,patient12_window16s_stride1s-epo,delta
3024,0.001051712212990143,patient12_window16s_stride1s-epo,delta
3025,0.00016986556372153966,patient12_window16s_stride1s-epo,delta
3026,-0.00036836136530214215,patient12_window16s_stride1s-epo,delta
3027,6.553815264623455e-06,patient12_window16s_stride1s-epo,delta
3028,-0.0004910716260888807,patient12_window16s_stride1s-epo,delta
3029,-0.0007279634183956068,patient12_window16s_stride1s-epo,delta
3030,8.107790656913905e-05,patient12_window16s_stride1s-epo,delta
3031,-0.0010399573152814116,patient12_window16s_stride1s-epo,delta
3032,-0.0010293930673771854,patient12_window16s_stride1s-epo,delta
3033,-0.0018569859116813587,patient12_window16s_stride1s-epo,delta
3034,-0.0021567870902859916,patient12_window16s_stride1s-epo,delta
3035,-0.0011742629182470196,patient12_window16s_stride1s-epo,delta
3036,-0.001702420715016602,patient12_window16s_stride1s-epo,delta
3037,-0.0016477498177463643,patient12_window16s_stride1s-epo,delta
3038,-0.0007272345651059259,patient12_window16s_stride1s-epo,delta
3039,-0.0011293240841104603,patient12_window16s_stride1s-epo,delta
3040,-0.0004757086739158797,patient12_window16s_stride1s-epo,delta
3041,-6.901791067980422e-05,patient12_window16s_stride1s-epo,delta
3042,-0.0017706941221540373,patient12_window16s_stride1s-epo,delta
3043,-0.0009823032681288658,patient12_window16s_stride1s-epo,delta
3044,-0.0012216219180243636,patient12_window16s_stride1s-epo,delta
3045,-0.0007271643573771622,patient12_window16s_stride1s-epo,delta
3046,-0.0009745408834270447,patient12_window16s_stride1s-epo,delta
3047,-0.0010984731804435286,patient12_window16s_stride1s-epo,delta
3048,-0.000763484853649079,patient12_window16s_stride1s-epo,delta
3049,-0.00022576997529929652,patient12_window16s_stride1s-epo,delta
3050,-0.0008226446324385016,patient12_window16s_stride1s-epo,delta
3051,-0.001079264156694429,patient12_window16s_stride1s-epo,delta
3052,-8.670914647950761e-05,patient12_window16s_stride1s-epo,delta
3053,0.0001924431896684904,patient12_window16s_stride1s-epo,delta
3054,-0.00011807206945712816,patient12_window16s_stride1s-epo,delta
3055,0.00013044332952926943,patient12_window16s_stride1s-epo,delta
3056,-0.0001488968234864524,patient12_window16s_stride1s-epo,delta
3057,-0.0006377674085565974,patient12_window16s_stride1s-epo,delta
3058,0.0012974722730486217,patient12_window16s_stride1s-epo,delta
3059,0.0018777290468273548,patient12_window16s_stride1s-epo,delta
3060,0.0019335324469802366,patient12_window16s_stride1s-epo,delta
3061,0.0022605713689060444,patient12_window16s_stride1s-epo,delta
3062,0.0017621163825271324,patient12_window16s_stride1s-epo,delta
3063,0.0013558872372632625,patient12_window16s_stride1s-epo,delta
3064,0.0002490027458630268,patient12_window16s_stride1s-epo,delta
3065,0.0001599671866360737,patient12_window16s_stride1s-epo,delta
3066,0.000518184651683424,patient12_window16s_stride1s-epo,delta
3067,0.0009948841325506006,patient12_window16s_stride1s-epo,delta
3068,0.0017792494807048324,patient12_window16s_stride1s-epo,delta
3069,0.0025571541608836296,patient12_window16s_stride1s-epo,delta
3070,0.0020409330471158034,patient12_window16s_stride1s-epo,delta
3071,0.0014554562568629926,patient12_window16s_stride1s-epo,delta
3072,0.001744616470073896,patient12_window16s_stride1s-epo,delta
3073,0.00072048840749957,patient12_window16s_stride1s-epo,delta
3074,7.634135033787434e-06,patient12_window16s_stride1s-epo,delta
3075,0.00013047090938453267,patient12_window16s_stride1s-epo,delta
3076,0.0004981073137169842,patient12_window16s_stride1s-epo,delta
3077,0.0002139226408790012,patient12_window16s_stride1s-epo,delta
3078,0.0007297348411309907,patient12_window16s_stride1s-epo,delta
3079,0.0007052340755996657,patient12_window16s_stride1s-epo,delta
3080,0.0012149504528234877,patient12_window16s_stride1s-epo,delta
3081,0.0014120766221414583,patient12_window16s_stride1s-epo,delta
3082,0.0008882038287423353,patient12_window16s_stride1s-epo,delta
3083,2.8114322409719682e-05,patient12_window16s_stride1s-epo,delta
3084,0.0007722625559281016,patient12_window16s_stride1s-epo,delta
3085,0.0006430219933562521,patient12_window16s_stride1s-epo,delta
3086,0.0010327675089241701,patient12_window16s_stride1s-epo,delta
3087,0.0018824747902536816,patient12_window16s_stride1s-epo,delta
3088,-0.0002523659188952634,patient12_window16s_stride1s-epo,delta
3089,-0.0005755923154254885,patient12_window16s_stride1s-epo,delta
3090,0.0005456205843554648,patient12_window16s_stride1s-epo,delta
3091,-0.00011800867783836492,patient12_window16s_stride1s-epo,delta
3092,0.0001193018283404078,patient12_window16s_stride1s-epo,delta
3093,-0.00023764686949307573,patient12_window16s_stride1s-epo,delta
3094,0.00016343941629591964,patient12_window16s_stride1s-epo,delta
3095,0.00019648234072789232,patient12_window16s_stride1s-epo,delta
3096,8.778793364679688e-05,patient12_window16s_stride1s-epo,delta
3097,-0.0009685829406793813,patient12_window16s_stride1s-epo,delta
3098,-0.0015385155161628417,patient12_window16s_stride1s-epo,delta
3099,-0.0019912580492534447,patient12_window16s_stride1s-epo,delta
3100,-0.0015697802083382822,patient12_window16s_stride1s-epo,delta
3101,-0.0017053969197328986,patient12_window16s_stride1s-epo,delta
3102,-0.0018013996328648172,patient12_window16s_stride1s-epo,delta
3103,-0.0014183796325382128,patient12_window16s_stride1s-epo,delta
3104,-0.0006620835757497582,patient12_window16s_stride1s-epo,delta
3105,-0.0016612252252968468,patient12_window16s_stride1s-epo,delta
3106,-0.001352927718616668,patient12_window16s_stride1s-epo,delta
3107,-0.001190967506354193,patient12_window16s_stride1s-epo,delta
3108,-0.0010246918300276869,patient12_window16s_stride1s-epo,delta
3109,-0.001396713292215596,patient12_window16s_stride1s-epo,delta
3110,-0.0002954504930059227,patient12_window16s_stride1s-epo,delta
3111,-0.00016790599172269362,patient12_window16s_stride1s-epo,delta
3112,-0.00020773470388846127,patient12_window16s_stride1s-epo,delta
3113,0.00024325072390183743,patient12_window16s_stride1s-epo,delta
3114,0.0007986810785417906,patient12_window16s_stride1s-epo,delta
3115,0.0003428533267518172,patient12_window16s_stride1s-epo,delta
3116,0.00014889500729940922,patient12_window16s_stride1s-epo,delta
3117,-0.00020019981126140633,patient12_window16s_stride1s-epo,delta
3118,0.0002804974543475346,patient12_window16s_stride1s-epo,delta
3119,4.391673427537505e-06,patient12_window16s_stride1s-epo,delta
3120,8.510877040823003e-05,patient12_window16s_stride1s-epo,delta
3121,-0.0006906722087815301,patient12_window16s_stride1s-epo,delta
3122,-0.00039840588850824403,patient12_window16s_stride1s-epo,delta
3123,-0.0003202512971763037,patient12_window16s_stride1s-epo,delta
3124,-0.002141820706976228,patient12_window16s_stride1s-epo,delta
3125,-0.0017089239963257767,patient12_window16s_stride1s-epo,delta
3126,-0.0018639937553431747,patient12_window16s_stride1s-epo,delta
3127,-0.001239270490416566,patient12_window16s_stride1s-epo,delta
3128,-0.0017717972062001061,patient12_window16s_stride1s-epo,delta
3129,-0.001704238678247947,patient12_window16s_stride1s-epo,delta
3130,-0.002337325498619785,patient12_window16s_stride1s-epo,delta
3131,-0.0024232084458950917,patient12_window16s_stride1s-epo,delta
3132,-0.0015242620214011432,patient12_window16s_stride1s-epo,delta
3133,-0.0015015963875785296,patient12_window16s_stride1s-epo,delta
3134,-0.0021239456283584576,patient12_window16s_stride1s-epo,delta
3135,-0.0018356406914562106,patient12_window16s_stride1s-epo,delta
3136,-0.0015841962299137885,patient12_window16s_stride1s-epo,delta
3137,-0.002987880057201151,patient12_window16s_stride1s-epo,delta
3138,-0.0030538155342482018,patient12_window16s_stride1s-epo,delta
3139,-0.002837803994329244,patient12_window16s_stride1s-epo,delta
3140,-0.0027001292699281895,patient12_window16s_stride1s-epo,delta
3141,-0.0020861098396055605,patient12_window16s_stride1s-epo,delta
3142,-0.0015062981293705903,patient12_window16s_stride1s-epo,delta
3143,-0.0014998822157514372,patient12_window16s_stride1s-epo,delta
3144,-0.0005812547712329562,patient12_window16s_stride1s-epo,delta
3145,4.600072356616874e-05,patient12_window16s_stride1s-epo,delta
3146,-0.0014002651371464033,patient12_window16s_stride1s-epo,delta
3147,-0.001275107937446121,patient12_window16s_stride1s-epo,delta
3148,-0.001808808788477235,patient12_window16s_stride1s-epo,delta
3149,-0.0017152023136828966,patient12_window16s_stride1s-epo,delta
3150,-0.002337696111985941,patient12_window16s_stride1s-epo,delta
3151,-0.002659199368812018,patient12_window16s_stride1s-epo,delta
3152,-0.002504047542626303,patient12_window16s_stride1s-epo,delta
3153,-0.00023277339093378326,patient12_window16s_stride1s-epo,delta
3154,0.0021166321075645972,patient12_window16s_stride1s-epo,delta
3155,0.002177551403718277,patient12_window16s_stride1s-epo,delta
3156,0.0019540878114594393,patient12_window16s_stride1s-epo,delta
3157,-0.0008015429841706775,patient12_window16s_stride1s-epo,delta
3158,-0.000647451609715852,patient12_window16s_stride1s-epo,delta
3159,-0.0013221079426107031,patient12_window16s_stride1s-epo,delta
3160,-0.0021268261002492105,patient12_window16s_stride1s-epo,delta
3161,-0.001216150877070685,patient12_window16s_stride1s-epo,delta
3162,-4.6461271190166624e-05,patient12_window16s_stride1s-epo,delta
3163,-0.000396570835369329,patient12_window16s_stride1s-epo,delta
3164,-0.0006148162101131384,patient12_window16s_stride1s-epo,delta
3165,-0.0001461863136542874,patient12_window16s_stride1s-epo,delta
3166,0.0013131341521643275,patient12_window16s_stride1s-epo,delta
3167,0.0022649964990768155,patient12_window16s_stride1s-epo,delta
3168,0.00048702143277437387,patient12_window16s_stride1s-epo,delta
3169,0.000702633152398849,patient12_window16s_stride1s-epo,delta
3170,-0.0007341924275917638,patient12_window16s_stride1s-epo,delta
3171,-0.0013359319927505608,patient12_window16s_stride1s-epo,delta
3172,-0.0006384364898419519,patient12_window16s_stride1s-epo,delta
3173,6.0420074775971955e-05,patient12_window16s_stride1s-epo,delta
3174,0.0005352408754066803,patient12_window16s_stride1s-epo,delta
3175,0.0016004840764669772,patient12_window16s_stride1s-epo,delta
3176,0.001148959630918444,patient12_window16s_stride1s-epo,delta
3177,0.0004157813969211304,patient12_window16s_stride1s-epo,delta
3178,-0.0003853309813253181,patient12_window16s_stride1s-epo,delta
3179,0.0013347404431102168,patient12_window16s_stride1s-epo,delta
3180,0.00189114630714386,patient12_window16s_stride1s-epo,delta
3181,0.0013313106119547434,patient12_window16s_stride1s-epo,delta
3182,0.001340921620998659,patient12_window16s_stride1s-epo,delta
3183,0.0025769426469867155,patient12_window16s_stride1s-epo,delta
3184,0.002425721532276253,patient12_window16s_stride1s-epo,delta
3185,0.001799627348392248,patient12_window16s_stride1s-epo,delta
3186,0.0016389498202707062,patient12_window16s_stride1s-epo,delta
3187,0.0022750989519184925,patient12_window16s_stride1s-epo,delta
3188,0.0012315631031897568,patient12_window16s_stride1s-epo,delta
3189,0.0013177873342632913,patient12_window16s_stride1s-epo,delta
3190,0.0016270736509271582,patient12_window16s_stride1s-epo,delta
3191,0.0020289377324172533,patient12_window16s_stride1s-epo,delta
3192,0.002151754009086155,patient12_window16s_stride1s-epo,delta
3193,0.0021854727320578774,patient12_window16s_stride1s-epo,delta
3194,0.0022165627635852276,patient12_window16s_stride1s-epo,delta
3195,0.0011829649303881258,patient12_window16s_stride1s-epo,delta
3196,0.001716636983209203,patient12_window16s_stride1s-epo,delta
3197,0.00203679573138276,patient12_window16s_stride1s-epo,delta
3198,0.0011718890840136502,patient12_window16s_stride1s-epo,delta
3199,0.0011100846349331181,patient12_window16s_stride1s-epo,delta
3200,-0.00011777094908655752,patient12_window16s_stride1s-epo,delta
3201,0.0012852690225382012,patient12_window16s_stride1s-epo,delta
3202,0.001026809550716432,patient12_window16s_stride1s-epo,delta
3203,0.0011010992526302838,patient12_window16s_stride1s-epo,delta
3204,-5.9157073180315075e-05,patient12_window16s_stride1s-epo,delta
3205,0.000405517265816942,patient12_window16s_stride1s-epo,delta
3206,-0.0007624618762007513,patient12_window16s_stride1s-epo,delta
3207,-9.624717718094293e-05,patient12_window16s_stride1s-epo,delta
3208,-0.0020735842980793176,patient12_window16s_stride1s-epo,delta
3209,-0.0020057525736745427,patient12_window16s_stride1s-epo,delta
3210,-0.0006766816434923302,patient12_window16s_stride1s-epo,delta
3211,-0.0004256609593508691,patient12_window16s_stride1s-epo,delta
3212,-0.00017401952219160314,patient12_window16s_stride1s-epo,delta
3213,0.0002326811140455707,patient12_window16s_stride1s-epo,delta
3214,6.575500865323536e-05,patient12_window16s_stride1s-epo,delta
3215,-0.0004621608446988588,patient12_window16s_stride1s-epo,delta
3216,0.0006702321085406206,patient12_window16s_stride1s-epo,delta
3217,0.0007174223107670239,patient12_window16s_stride1s-epo,delta
3218,0.0008064951410612913,patient12_window16s_stride1s-epo,delta
3219,0.001574603803756916,patient12_window16s_stride1s-epo,delta
3220,0.0021499757184157936,patient12_window16s_stride1s-epo,delta
3221,0.002506178691034966,patient12_window16s_stride1s-epo,delta
3222,0.0030165690179024185,patient12_window16s_stride1s-epo,delta
3223,0.0018940537327206133,patient12_window16s_stride1s-epo,delta
3224,0.002528224987618172,patient12_window16s_stride1s-epo,delta
3225,0.0018782116102720962,patient12_window16s_stride1s-epo,delta
3226,0.0011549600181094198,patient12_window16s_stride1s-epo,delta
3227,0.0017822793169162208,patient12_window16s_stride1s-epo,delta
3228,0.0017192603320549083,patient12_window16s_stride1s-epo,delta
3229,0.0007377263896272886,patient12_window16s_stride1s-epo,delta
3230,0.0014407896538326166,patient12_window16s_stride1s-epo,delta
3231,0.0011479212086530578,patient12_window16s_stride1s-epo,delta
3232,0.001255073335879463,patient12_window16s_stride1s-epo,delta
3233,0.000354347265182351,patient12_window16s_stride1s-epo,delta
3234,0.0014059279397753107,patient12_window16s_stride1s-epo,delta
3235,0.000498216356914132,patient12_window16s_stride1s-epo,delta
3236,0.000306058660039006,patient12_window16s_stride1s-epo,delta
3237,-0.00026643404059369064,patient12_window16s_stride1s-epo,delta
3238,0.0003207626560314708,patient12_window16s_stride1s-epo,delta
3239,0.0012614186931088121,patient12_window16s_stride1s-epo,delta
3240,-0.00025664771312285616,patient12_window16s_stride1s-epo,delta
3241,0.0011051717069632632,patient12_window16s_stride1s-epo,delta
3242,0.002433423544757841,patient12_window16s_stride1s-epo,delta
3243,0.0014501375423513958,patient12_window16s_stride1s-epo,delta
3244,0.0016142540661903417,patient12_window16s_stride1s-epo,delta
3245,0.0015320747380356229,patient12_window16s_stride1s-epo,delta
3246,0.0008563680978457627,patient12_window16s_stride1s-epo,delta
3247,0.000853510000695832,patient12_window16s_stride1s-epo,delta
3248,0.0009627510585804838,patient12_window16s_stride1s-epo,delta
3249,0.0010722031676472683,patient12_window16s_stride1s-epo,delta
3250,0.0015349194428855182,patient12_window16s_stride1s-epo,delta
3251,0.0008851870710917124,patient12_window16s_stride1s-epo,delta
3252,0.001299795583345707,patient12_window16s_stride1s-epo,delta
3253,0.0014829975805315762,patient12_window16s_stride1s-epo,delta
3254,0.0003169172863945553,patient12_window16s_stride1s-epo,delta
3255,0.0002491992166600551,patient12_window16s_stride1s-epo,delta
3256,-0.0009746632293876384,patient12_window16s_stride1s-epo,delta
3257,-0.0009716079942116922,patient12_window16s_stride1s-epo,delta
3258,-0.0013039555363256663,patient12_window16s_stride1s-epo,delta
3259,0.0010842704330168674,patient12_window16s_stride1s-epo,delta
3260,-0.00012207093619165193,patient12_window16s_stride1s-epo,delta
3261,-0.0006368179737610543,patient12_window16s_stride1s-epo,delta
3262,-0.0013490408811391071,patient12_window16s_stride1s-epo,delta
3263,-0.0009176646740002032,patient12_window16s_stride1s-epo,delta
3264,-0.00035540598422940586,patient12_window16s_stride1s-epo,delta
3265,-7.101151694122477e-05,patient12_window16s_stride1s-epo,delta
3266,0.00015005795599617975,patient12_window16s_stride1s-epo,delta
3267,-0.00012000998241684694,patient12_window16s_stride1s-epo,delta
3268,0.0003130571761142912,patient12_window16s_stride1s-epo,delta
3269,0.0008207829163637989,patient12_window16s_stride1s-epo,delta
3270,0.001815537788270615,patient12_window16s_stride1s-epo,delta
3271,0.0014922519674406777,patient12_window16s_stride1s-epo,delta
3272,0.0017245055494204363,patient12_window16s_stride1s-epo,delta
3273,0.0021302810407933127,patient12_window16s_stride1s-epo,delta
3274,0.0018964928487033733,patient12_window16s_stride1s-epo,delta
3275,0.0012880851218299324,patient12_window16s_stride1s-epo,delta
3276,0.002065180922891853,patient12_window16s_stride1s-epo,delta
3277,0.001132788027326466,patient12_window16s_stride1s-epo,delta
3278,0.0007837347851724748,patient12_window16s_stride1s-epo,delta
3279,0.0014767117492588732,patient12_window16s_stride1s-epo,delta
3280,0.001697840197670286,patient12_window16s_stride1s-epo,delta
3281,0.0012797293744308733,patient12_window16s_stride1s-epo,delta
3282,0.00016664005338877698,patient12_window16s_stride1s-epo,delta
3283,2.1262648529664486e-07,patient12_window16s_stride1s-epo,delta
3284,-0.00014088234705225051,patient12_window16s_stride1s-epo,delta
3285,-0.000582929258139872,patient12_window16s_stride1s-epo,delta
3286,-0.0002252274408918388,patient12_window16s_stride1s-epo,delta
3287,-0.001001841738313179,patient12_window16s_stride1s-epo,delta
3288,-0.0016495739371920437,patient12_window16s_stride1s-epo,delta
3289,-0.0012350024549143237,patient12_window16s_stride1s-epo,delta
3290,-0.0006445447676731753,patient12_window16s_stride1s-epo,delta
3291,-0.0014738801934539914,patient12_window16s_stride1s-epo,delta
3292,-0.0028799196519868927,patient12_window16s_stride1s-epo,delta
3293,-0.00276713311340481,patient12_window16s_stride1s-epo,delta
3294,-0.0021866681196946744,patient12_window16s_stride1s-epo,delta
3295,-0.002126891498062153,patient12_window16s_stride1s-epo,delta
3296,-0.00161097655202018,patient12_window16s_stride1s-epo,delta
3297,-0.0008308025859001685,patient12_window16s_stride1s-epo,delta
3298,0.0007143688277549002,patient12_window16s_stride1s-epo,delta
3299,0.0003410524019931041,patient12_window16s_stride1s-epo,delta
3300,0.0014559907256573986,patient12_window16s_stride1s-epo,delta
3301,0.0002898096587968145,patient12_window16s_stride1s-epo,delta
3302,-0.0006312965115506363,patient12_window16s_stride1s-epo,delta
3303,0.0010993320886480663,patient12_window16s_stride1s-epo,delta
3304,0.0009259739961917028,patient12_window16s_stride1s-epo,delta
3305,-5.922263776713759e-05,patient12_window16s_stride1s-epo,delta
3306,-0.00012960679860347352,patient12_window16s_stride1s-epo,delta
3307,-0.0005852439417729487,patient12_window16s_stride1s-epo,delta
3308,0.0006745610300358381,patient12_window16s_stride1s-epo,delta
3309,0.0009907958721765365,patient12_window16s_stride1s-epo,delta
3310,0.0011793570364090728,patient12_window16s_stride1s-epo,delta
3311,0.0011210736172005294,patient12_window16s_stride1s-epo,delta
3312,0.0008116784961974654,patient12_window16s_stride1s-epo,delta
3313,0.0019710096280396894,patient12_window16s_stride1s-epo,delta
3314,0.0018884340115704365,patient12_window16s_stride1s-epo,delta
3315,0.0014103483164040964,patient12_window16s_stride1s-epo,delta
3316,0.0012184564453642758,patient12_window16s_stride1s-epo,delta
3317,0.0011595916729750717,patient12_window16s_stride1s-epo,delta
3318,0.0010858671110954457,patient12_window16s_stride1s-epo,delta
3319,0.0001799656959600582,patient12_window16s_stride1s-epo,delta
3320,3.169298449930633e-05,patient12_window16s_stride1s-epo,delta
3321,3.370850893969895e-05,patient12_window16s_stride1s-epo,delta
3322,0.0002714891859064168,patient12_window16s_stride1s-epo,delta
3323,0.0011174386052906211,patient12_window16s_stride1s-epo,delta
3324,0.00028680912749265517,patient12_window16s_stride1s-epo,delta
3325,-0.0005082272856451703,patient12_window16s_stride1s-epo,delta
3326,-0.0011875704070829578,patient12_window16s_stride1s-epo,delta
3327,-0.0005281514760893995,patient12_window16s_stride1s-epo,delta
3328,-0.0011166318135374686,patient12_window16s_stride1s-epo,delta
3329,-0.0003443872427128607,patient12_window16s_stride1s-epo,delta
3330,-0.0013084500547019193,patient12_window16s_stride1s-epo,delta
3331,-0.0011976565302561403,patient12_window16s_stride1s-epo,delta
3332,-0.0006536693513601776,patient12_window16s_stride1s-epo,delta
3333,-0.0005190082467959133,patient12_window16s_stride1s-epo,delta
3334,0.00028016474027663747,patient12_window16s_stride1s-epo,delta
3335,0.00014388982318429042,patient12_window16s_stride1s-epo,delta
3336,-0.0002641376818786296,patient12_window16s_stride1s-epo,delta
3337,0.0005763503572059627,patient12_window16s_stride1s-epo,delta
3338,0.0011000042597128744,patient12_window16s_stride1s-epo,delta
3339,0.0010728489959212872,patient12_window16s_stride1s-epo,delta
3340,0.002516732329962117,patient12_window16s_stride1s-epo,delta
3341,0.002448258506576814,patient12_window16s_stride1s-epo,delta
3342,0.0032438936702848297,patient12_window16s_stride1s-epo,delta
3343,0.003338543981834292,patient12_window16s_stride1s-epo,delta
3344,0.0026150785949725724,patient12_window16s_stride1s-epo,delta
3345,0.0011464555995813978,patient12_window16s_stride1s-epo,delta
3346,0.002099546632246826,patient12_window16s_stride1s-epo,delta
3347,0.0016410836100253753,patient12_window16s_stride1s-epo,delta
3348,0.0020094044160508836,patient12_window16s_stride1s-epo,delta
3349,0.0019657652787186063,patient12_window16s_stride1s-epo,delta
3350,0.0011816008670901361,patient12_window16s_stride1s-epo,delta
3351,0.0007874718605115098,patient12_window16s_stride1s-epo,delta
3352,0.0008433281713550326,patient12_window16s_stride1s-epo,delta
3353,0.00011430777763741276,patient12_window16s_stride1s-epo,delta
3354,0.0006417111460319051,patient12_window16s_stride1s-epo,delta
3355,0.00020205371640296465,patient12_window16s_stride1s-epo,delta
3356,-0.000586669522359841,patient12_window16s_stride1s-epo,delta
3357,-0.0013926583025894608,patient12_window16s_stride1s-epo,delta
3358,-0.0007405502506748269,patient12_window16s_stride1s-epo,delta
3359,-0.001249748316039919,patient12_window16s_stride1s-epo,delta
3360,-0.0004216699698113137,patient12_window16s_stride1s-epo,delta
3361,-0.00023966592092127613,patient12_window16s_stride1s-epo,delta
3362,-0.0005330261627072802,patient12_window16s_stride1s-epo,delta
3363,-0.0006698486949652717,patient12_window16s_stride1s-epo,delta
3364,-2.628195302307713e-05,patient12_window16s_stride1s-epo,delta
3365,-0.00037729107908871917,patient12_window16s_stride1s-epo,delta
3366,-0.00018962700319049517,patient12_window16s_stride1s-epo,delta
3367,0.0002464195564195438,patient12_window16s_stride1s-epo,delta
3368,0.00013726373076169523,patient12_window16s_stride1s-epo,delta
3369,-0.0006489691161481861,patient12_window16s_stride1s-epo,delta
3370,-0.00020871988978728414,patient12_window16s_stride1s-epo,delta
3371,-0.0009053674351088558,patient12_window16s_stride1s-epo,delta
3372,6.656732364003442e-05,patient12_window16s_stride1s-epo,delta
3373,0.00036638315645103563,patient12_window16s_stride1s-epo,delta
3374,0.00047144663261132426,patient12_window16s_stride1s-epo,delta
3375,-3.070799682250228e-05,patient12_window16s_stride1s-epo,delta
3376,0.0003686098552776194,patient12_window16s_stride1s-epo,delta
3377,0.0003989080110503937,patient12_window16s_stride1s-epo,delta
3378,-1.2192227477363558e-05,patient12_window16s_stride1s-epo,delta
3379,-0.0004162482233446177,patient12_window16s_stride1s-epo,delta
3380,9.450197429720988e-05,patient12_window16s_stride1s-epo,delta
3381,0.0003069028430801159,patient12_window16s_stride1s-epo,delta
3382,-0.0006644282234031989,patient12_window16s_stride1s-epo,delta
3383,-0.00031180321734115217,patient12_window16s_stride1s-epo,delta
3384,1.9183765877236443e-05,patient12_window16s_stride1s-epo,delta
3385,0.000544224947374822,patient12_window16s_stride1s-epo,delta
3386,-0.00067817285591091,patient12_window16s_stride1s-epo,delta
3387,0.0005802254675181301,patient12_window16s_stride1s-epo,delta
3388,0.00013156153890448124,patient12_window16s_stride1s-epo,delta
3389,4.617431831919925e-05,patient12_window16s_stride1s-epo,delta
3390,0.0002679003425257667,patient12_window16s_stride1s-epo,delta
3391,-0.0002604170607445921,patient12_window16s_stride1s-epo,delta
3392,0.00045360776721439734,patient12_window16s_stride1s-epo,delta
3393,0.0005423965604689211,patient12_window16s_stride1s-epo,delta
3394,0.0005408758231926342,patient12_window16s_stride1s-epo,delta
3395,0.0003997698614044865,patient12_window16s_stride1s-epo,delta
3396,0.0009710973903154687,patient12_window16s_stride1s-epo,delta
3397,0.0016886988435760603,patient12_window16s_stride1s-epo,delta
3398,0.0013664763033756843,patient12_window16s_stride1s-epo,delta
3399,0.0007379471523797337,patient12_window16s_stride1s-epo,delta
3400,0.0003244128907332165,patient12_window16s_stride1s-epo,delta
3401,0.000812921836377392,patient12_window16s_stride1s-epo,delta
3402,0.0005020783984972094,patient12_window16s_stride1s-epo,delta
3403,0.0009507306523245064,patient12_window16s_stride1s-epo,delta
3404,0.0008977729047350972,patient12_window16s_stride1s-epo,delta
3405,0.000636653758839361,patient12_window16s_stride1s-epo,delta
3406,0.001046317903665735,patient12_window16s_stride1s-epo,delta
3407,0.0002687792942797721,patient12_window16s_stride1s-epo,delta
3408,8.342568478325193e-05,patient12_window16s_stride1s-epo,delta
3409,0.0004844279584641756,patient12_window16s_stride1s-epo,delta
3410,0.00047654483735810237,patient12_window16s_stride1s-epo,delta
3411,0.0005272687787435275,patient12_window16s_stride1s-epo,delta
3412,0.0001589128794168888,patient12_window16s_stride1s-epo,delta
3413,-0.000353084407260556,patient12_window16s_stride1s-epo,delta
3414,0.0005527282180318873,patient12_window16s_stride1s-epo,delta
3415,0.0013525036770315236,patient12_window16s_stride1s-epo,delta
3416,0.0005537571398435406,patient12_window16s_stride1s-epo,delta
3417,0.0002767342867591455,patient12_window16s_stride1s-epo,delta
3418,5.693827726350748e-06,patient12_window16s_stride1s-epo,delta
3419,-0.0007302894752397791,patient12_window16s_stride1s-epo,delta
3420,-0.0006909923037359583,patient12_window16s_stride1s-epo,delta
3421,-0.00014661415928591913,patient12_window16s_stride1s-epo,delta
3422,0.0001682646938625478,patient12_window16s_stride1s-epo,delta
3423,0.0003898193094101879,patient12_window16s_stride1s-epo,delta
3424,0.0006755458759449155,patient12_window16s_stride1s-epo,delta
3425,-0.0003238653199050152,patient12_window16s_stride1s-epo,delta
3426,-8.220192327954212e-05,patient12_window16s_stride1s-epo,delta
3427,1.1591850927751892e-05,patient12_window16s_stride1s-epo,delta
3428,-0.00019947588182381645,patient12_window16s_stride1s-epo,delta
3429,-0.00036300982996925453,patient12_window16s_stride1s-epo,delta
3430,-0.00048735718344660307,patient12_window16s_stride1s-epo,delta
3431,2.9421992514124457e-05,patient12_window16s_stride1s-epo,delta
3432,-0.0004942340196286535,patient12_window16s_stride1s-epo,delta
3433,-0.00025554643364216113,patient12_window16s_stride1s-epo,delta
3434,-0.0001973184230474767,patient12_window16s_stride1s-epo,delta
3435,-0.00043538644396879793,patient12_window16s_stride1s-epo,delta
3436,-0.0006206405130639201,patient12_window16s_stride1s-epo,delta
3437,-0.0007434035783432758,patient12_window16s_stride1s-epo,delta
3438,-0.0007004659454647327,patient12_window16s_stride1s-epo,delta
3439,2.65709084594075e-05,patient12_window16s_stride1s-epo,delta
3440,-0.0007799641971963755,patient12_window16s_stride1s-epo,delta
3441,-0.000633753317024095,patient12_window16s_stride1s-epo,delta
3442,-0.0007535828051285971,patient12_window16s_stride1s-epo,delta
3443,-9.740991607584162e-06,patient12_window16s_stride1s-epo,delta
3444,0.00023134622121258759,patient12_window16s_stride1s-epo,delta
3445,-0.0005161543869538477,patient12_window16s_stride1s-epo,delta
3446,-0.0003586980573282446,patient12_window16s_stride1s-epo,delta
3447,2.8797735574673494e-05,patient12_window16s_stride1s-epo,delta
3448,-0.0011836915573782457,patient12_window16s_stride1s-epo,delta
3449,-0.0004918587621025645,patient12_window16s_stride1s-epo,delta
3450,-0.0015308293136385464,patient12_window16s_stride1s-epo,delta
3451,-0.0005817287814177387,patient12_window16s_stride1s-epo,delta
3452,-0.0011617993766791187,patient12_window16s_stride1s-epo,delta
3453,-0.002103712878200869,patient12_window16s_stride1s-epo,delta
3454,-0.0015306387760328094,patient12_window16s_stride1s-epo,delta
3455,-0.0012830178893132066,patient12_window16s_stride1s-epo,delta
3456,-0.00038765060473427206,patient12_window16s_stride1s-epo,delta
3457,-0.0012505998227927083,patient12_window16s_stride1s-epo,delta
3458,-0.0009787000180631192,patient12_window16s_stride1s-epo,delta
3459,-0.0008247142237935294,patient12_window16s_stride1s-epo,delta
3460,-0.0002520086672529617,patient12_window16s_stride1s-epo,delta
3461,-0.001157452745105494,patient12_window16s_stride1s-epo,delta
3462,-0.00010423541687464739,patient12_window16s_stride1s-epo,delta
3463,-0.00021526924969080756,patient12_window16s_stride1s-epo,delta
3464,0.0011621118554775575,patient12_window16s_stride1s-epo,delta
3465,0.0009472643960499668,patient12_window16s_stride1s-epo,delta
3466,0.0013636265125585797,patient12_window16s_stride1s-epo,delta
3467,0.001550171435961078,patient12_window16s_stride1s-epo,delta
3468,0.002093702858356074,patient12_window16s_stride1s-epo,delta
3469,0.0018530016094124582,patient12_window16s_stride1s-epo,delta
3470,0.002284896151694742,patient12_window16s_stride1s-epo,delta
3471,0.002901067288592138,patient12_window16s_stride1s-epo,delta
3472,0.0031689181103803942,patient12_window16s_stride1s-epo,delta
3473,0.0038927628228242364,patient12_window16s_stride1s-epo,delta
3474,0.0036075760787568504,patient12_window16s_stride1s-epo,delta
3475,0.0023539608065796633,patient12_window16s_stride1s-epo,delta
3476,0.0015024305489662127,patient12_window16s_stride1s-epo,delta
3477,0.0014649425557920937,patient12_window16s_stride1s-epo,delta
3478,0.0016738670510217785,patient12_window16s_stride1s-epo,delta
3479,0.0011286060773904813,patient12_window16s_stride1s-epo,delta
3480,0.0010967911937360213,patient12_window16s_stride1s-epo,delta
3481,-0.00020956190348090495,patient12_window16s_stride1s-epo,delta
3482,-0.00015110777909706078,patient12_window16s_stride1s-epo,delta
3483,-0.0007523764716124074,patient12_window16s_stride1s-epo,delta
3484,-0.000604246114486813,patient12_window16s_stride1s-epo,delta
3485,-0.0009388241039527281,patient12_window16s_stride1s-epo,delta
3486,-0.0002781267877835374,patient12_window16s_stride1s-epo,delta
3487,-0.0008270986012706867,patient12_window16s_stride1s-epo,delta
3488,-0.001219538493440108,patient12_window16s_stride1s-epo,delta
3489,-0.0011513015577137092,patient12_window16s_stride1s-epo,delta
3490,-0.00061590596770656,patient12_window16s_stride1s-epo,delta
3491,-0.00012775921658715776,patient12_window16s_stride1s-epo,delta
3492,-0.0002573809648734711,patient12_window16s_stride1s-epo,delta
3493,-1.5314868470136527e-05,patient12_window16s_stride1s-epo,delta
3494,-0.00017230463943172634,patient12_window16s_stride1s-epo,delta
3495,0.0004793188179691285,patient12_window16s_stride1s-epo,delta
3496,0.0007641407807968177,patient12_window16s_stride1s-epo,delta
3497,0.0020531448516457255,patient12_window16s_stride1s-epo,delta
3498,0.001555718521534494,patient12_window16s_stride1s-epo,delta
3499,0.00185208524734056,patient12_window16s_stride1s-epo,delta
3500,0.0018965156260090095,patient12_window16s_stride1s-epo,delta
3501,0.001122561176511338,patient12_window16s_stride1s-epo,delta
3502,0.002151934035775383,patient12_window16s_stride1s-epo,delta
3503,0.0024704756746368084,patient12_window16s_stride1s-epo,delta
3504,0.0015685732799444732,patient12_window16s_stride1s-epo,delta
3505,0.0010091422699985849,patient12_window16s_stride1s-epo,delta
3506,0.000612087771797949,patient12_window16s_stride1s-epo,delta
3507,0.000733482862326407,patient12_window16s_stride1s-epo,delta
3508,0.0008071899342938986,patient12_window16s_stride1s-epo,delta
3509,0.0008205191756818002,patient12_window16s_stride1s-epo,delta
3510,0.0015876489281259403,patient12_window16s_stride1s-epo,delta
3511,0.0009910852645043198,patient12_window16s_stride1s-epo,delta
3512,0.0009149637178446334,patient12_window16s_stride1s-epo,delta
3513,0.0015982545552297163,patient12_window16s_stride1s-epo,delta
3514,0.0010312719338368512,patient12_window16s_stride1s-epo,delta
3515,0.001118716508095648,patient12_window16s_stride1s-epo,delta
3516,3.3569786848301864e-05,patient12_window16s_stride1s-epo,delta
3517,-0.0001885827825408503,patient12_window16s_stride1s-epo,delta
3518,0.00064038175773561,patient12_window16s_stride1s-epo,delta
3519,0.0006150794848319065,patient12_window16s_stride1s-epo,delta
3520,0.0005971293061913914,patient12_window16s_stride1s-epo,delta
3521,6.138323803406718e-05,patient12_window16s_stride1s-epo,delta
3522,-0.0004991059581276157,patient12_window16s_stride1s-epo,delta
3523,-8.568767324108434e-06,patient12_window16s_stride1s-epo,delta
3524,0.0006377915974994491,patient12_window16s_stride1s-epo,delta
3525,0.0007103772252498303,patient12_window16s_stride1s-epo,delta
3526,0.0009555905159914351,patient12_window16s_stride1s-epo,delta
3527,0.0007120777893859654,patient12_window16s_stride1s-epo,delta
3528,0.0012388040818996505,patient12_window16s_stride1s-epo,delta
3529,0.00018888307965695712,patient12_window16s_stride1s-epo,delta
3530,9.289858779992376e-05,patient12_window16s_stride1s-epo,delta
3531,0.0010878021103076336,patient12_window16s_stride1s-epo,delta
3532,0.0012603953779816972,patient12_window16s_stride1s-epo,delta
3533,0.0009596702443615199,patient12_window16s_stride1s-epo,delta
3534,0.0013076884369779297,patient12_window16s_stride1s-epo,delta
3535,0.0005881167356345055,patient12_window16s_stride1s-epo,delta
3536,0.0011464359802138206,patient12_window16s_stride1s-epo,delta
3537,0.0007075509600726297,patient12_window16s_stride1s-epo,delta
3538,0.001413376632258387,patient12_window16s_stride1s-epo,delta
3539,0.0008565686228425622,patient12_window16s_stride1s-epo,delta
3540,0.0008578974872423762,patient12_window16s_stride1s-epo,delta
3541,0.00037749494280097073,patient12_window16s_stride1s-epo,delta
3542,-0.0007568870199244719,patient12_window16s_stride1s-epo,delta
3543,-0.000830214552283902,patient12_window16s_stride1s-epo,delta
3544,-0.0007727766939676932,patient12_window16s_stride1s-epo,delta
3545,-0.001288124098078604,patient12_window16s_stride1s-epo,delta
3546,-0.0003097088637593399,patient12_window16s_stride1s-epo,delta
3547,-0.0007523405735411683,patient12_window16s_stride1s-epo,delta
3548,-0.0008833278661411444,patient12_window16s_stride1s-epo,delta
3549,3.5854042250856926e-05,patient12_window16s_stride1s-epo,delta
3550,-0.0006211712282029075,patient12_window16s_stride1s-epo,delta
3551,0.00026734115011011047,patient12_window16s_stride1s-epo,delta
3552,0.0009302057070319001,patient12_window16s_stride1s-epo,delta
3553,-9.460532419312984e-06,patient12_window16s_stride1s-epo,delta
3554,-0.0002869617958284019,patient12_window16s_stride1s-epo,delta
3555,0.00030400151338346647,patient12_window16s_stride1s-epo,delta
3556,-0.000807730403591781,patient12_window16s_stride1s-epo,delta
3557,-0.0005444771518243468,patient12_window16s_stride1s-epo,delta
3558,-0.00012811091148254587,patient12_window16s_stride1s-epo,delta
3559,-0.00046067545929459684,patient12_window16s_stride1s-epo,delta
3560,0.000534379173866258,patient12_window16s_stride1s-epo,delta
3561,4.559009184021603e-05,patient12_window16s_stride1s-epo,delta
3562,-0.001039285158239352,patient12_window16s_stride1s-epo,delta
3563,-0.0013246675596618634,patient12_window16s_stride1s-epo,delta
3564,-0.0009701679731858952,patient12_window16s_stride1s-epo,delta
3565,-0.0003675405888490164,patient12_window16s_stride1s-epo,delta
3566,-0.0006587211894239803,patient12_window16s_stride1s-epo,delta
3567,-0.001074324144034779,patient12_window16s_stride1s-epo,delta
3568,-0.0006440469263403544,patient12_window16s_stride1s-epo,delta
3569,-0.0010397906580701184,patient12_window16s_stride1s-epo,delta
3570,-0.00021913069589955583,patient12_window16s_stride1s-epo,delta
3571,-0.0009613493378938651,patient12_window16s_stride1s-epo,delta
3572,-0.0010118797054417595,patient12_window16s_stride1s-epo,delta
3573,-0.0006188078073507635,patient12_window16s_stride1s-epo,delta
3574,-0.0007919843978784317,patient12_window16s_stride1s-epo,delta
3575,-0.0008282870554668136,patient12_window16s_stride1s-epo,delta
3576,-0.0002806735222889569,patient12_window16s_stride1s-epo,delta
3577,-9.552158145219197e-05,patient12_window16s_stride1s-epo,delta
3578,6.473624341481393e-06,patient12_window16s_stride1s-epo,delta
3579,0.0007318215782320784,patient12_window16s_stride1s-epo,delta
3580,0.0015806070714,patient12_window16s_stride1s-epo,delta
3581,0.002863270758362191,patient12_window16s_stride1s-epo,delta
3582,0.003339248547146412,patient12_window16s_stride1s-epo,delta
3583,0.0044763165380833905,patient12_window16s_stride1s-epo,delta
3584,0.002651088495980591,patient12_window16s_stride1s-epo,delta
3585,0.0024045064499041385,patient12_window16s_stride1s-epo,delta
3586,0.0025169786061723857,patient12_window16s_stride1s-epo,delta
3587,0.003130964294998791,patient12_window16s_stride1s-epo,delta
3588,0.0030350058353595145,patient12_window16s_stride1s-epo,delta
3589,0.0030712137929659916,patient12_window16s_stride1s-epo,delta
3590,0.0030902642486018363,patient12_window16s_stride1s-epo,delta
3591,0.0019066108751565663,patient12_window16s_stride1s-epo,delta
3592,-0.0009012205815874437,patient12_window16s_stride1s-epo,delta
3593,-0.0011276642726698535,patient12_window16s_stride1s-epo,delta
3594,-0.0019171769248752756,patient12_window16s_stride1s-epo,delta
3595,-0.0026087265323392287,patient12_window16s_stride1s-epo,delta
3596,-0.002195888875205487,patient12_window16s_stride1s-epo,delta
3597,-0.004136068760347198,patient12_window16s_stride1s-epo,delta
3598,-0.00392782486779517,patient12_window16s_stride1s-epo,delta
3599,-0.004275164878603453,patient12_window16s_stride1s-epo,delta
3600,-0.003730086598150173,patient12_window16s_stride1s-epo,delta
3601,-0.0044935545738650304,patient12_window16s_stride1s-epo,delta
3602,-0.00488901128958074,patient12_window16s_stride1s-epo,delta
3603,-0.003976594145785374,patient12_window16s_stride1s-epo,delta
3604,-0.003469795972696229,patient12_window16s_stride1s-epo,delta
3605,-0.003660677189588936,patient12_window16s_stride1s-epo,delta
3606,-0.003345377210191355,patient12_window16s_stride1s-epo,delta
3607,-0.002151760190634009,patient12_window16s_stride1s-epo,delta
3608,-0.0010178404522800102,patient12_window16s_stride1s-epo,delta
3609,-0.00045580063088737166,patient12_window16s_stride1s-epo,delta
3610,0.00048189670995333434,patient12_window16s_stride1s-epo,delta
3611,0.0009178224674164494,patient12_window16s_stride1s-epo,delta
3612,0.001426893696139355,patient12_window16s_stride1s-epo,delta
3613,0.001690907011137148,patient12_window16s_stride1s-epo,delta
3614,0.0020457076413906063,patient12_window16s_stride1s-epo,delta
3615,0.0018998172112998915,patient12_window16s_stride1s-epo,delta
3616,0.0023904537708437056,patient12_window16s_stride1s-epo,delta
3617,0.001101717170090042,patient12_window16s_stride1s-epo,delta
3618,0.0019122240746424798,patient12_window16s_stride1s-epo,delta
3619,0.002484376238101494,patient12_window16s_stride1s-epo,delta
3620,0.0017546576938246754,patient12_window16s_stride1s-epo,delta
3621,0.0027525575638421267,patient12_window16s_stride1s-epo,delta
3622,0.0023491522538961573,patient12_window16s_stride1s-epo,delta
3623,0.002564928837082858,patient12_window16s_stride1s-epo,delta
3624,0.0026354072470824346,patient12_window16s_stride1s-epo,delta
3625,0.0030676140121899545,patient12_window16s_stride1s-epo,delta
3626,0.0029754689750903025,patient12_window16s_stride1s-epo,delta
3627,0.0027860099327189805,patient12_window16s_stride1s-epo,delta
3628,0.00293270808268606,patient12_window16s_stride1s-epo,delta
3629,0.0019492331416683755,patient12_window16s_stride1s-epo,delta
3630,0.0020756830207498828,patient12_window16s_stride1s-epo,delta
3631,0.0021165023761204114,patient12_window16s_stride1s-epo,delta
3632,0.0011560706256471375,patient12_window16s_stride1s-epo,delta
3633,0.00046860188613626183,patient12_window16s_stride1s-epo,delta
3634,0.0011053602951804405,patient12_window16s_stride1s-epo,delta
3635,0.0007438241457605997,patient12_window16s_stride1s-epo,delta
3636,0.0018867856597104763,patient12_window16s_stride1s-epo,delta
3637,0.0017964191606411747,patient12_window16s_stride1s-epo,delta
3638,0.001203191447604941,patient12_window16s_stride1s-epo,delta
3639,6.353321779136685e-05,patient12_window16s_stride1s-epo,delta
3640,0.0007584538401480897,patient12_window16s_stride1s-epo,delta
3641,0.0010576252414688028,patient12_window16s_stride1s-epo,delta
3642,0.0007115403829261678,patient12_window16s_stride1s-epo,delta
3643,0.0006559946967783358,patient12_window16s_stride1s-epo,delta
3644,0.0013534952219564562,patient12_window16s_stride1s-epo,delta
3645,0.0013301494990813692,patient12_window16s_stride1s-epo,delta
3646,0.002386139615852216,patient12_window16s_stride1s-epo,delta
3647,0.0012632603897385216,patient12_window16s_stride1s-epo,delta
3648,0.001562530777334999,patient12_window16s_stride1s-epo,delta
3649,0.0013550038835333082,patient12_window16s_stride1s-epo,delta
3650,0.0015111876536614596,patient12_window16s_stride1s-epo,delta
3651,0.0017367086896884001,patient12_window16s_stride1s-epo,delta
3652,0.0010253371053785812,patient12_window16s_stride1s-epo,delta
3653,-0.00010891440005743748,patient12_window16s_stride1s-epo,delta
3654,-0.0002500335000736764,patient12_window16s_stride1s-epo,delta
3655,0.0015053016878293312,patient12_window16s_stride1s-epo,delta
3656,0.0005079722633700695,patient12_window16s_stride1s-epo,delta
3657,0.0010250528934208243,patient12_window16s_stride1s-epo,delta
3658,-1.6080149522600405e-05,patient12_window16s_stride1s-epo,delta
3659,-0.0002750481849771194,patient12_window16s_stride1s-epo,delta
3660,0.000556666575997045,patient12_window16s_stride1s-epo,delta
3661,0.0005960538055148508,patient12_window16s_stride1s-epo,delta
3662,0.00011081330594828866,patient12_window16s_stride1s-epo,delta
3663,0.0006648163088435539,patient12_window16s_stride1s-epo,delta
3664,-3.087580899375946e-05,patient12_window16s_stride1s-epo,delta
3665,-0.00012528290090696857,patient12_window16s_stride1s-epo,delta
3666,0.0001360937388108955,patient12_window16s_stride1s-epo,delta
3667,-0.00031782487084837537,patient12_window16s_stride1s-epo,delta
3668,0.00010246772492931832,patient12_window16s_stride1s-epo,delta
3669,0.001271906833970451,patient12_window16s_stride1s-epo,delta
3670,0.0007274929052226968,patient12_window16s_stride1s-epo,delta
3671,0.0007709534037968329,patient12_window16s_stride1s-epo,delta
3672,0.0008348222327366412,patient12_window16s_stride1s-epo,delta
3673,0.0006036957775787604,patient12_window16s_stride1s-epo,delta
3674,0.0006045981793682454,patient12_window16s_stride1s-epo,delta
3675,0.0008653346282750992,patient12_window16s_stride1s-epo,delta
3676,0.0003305353560029709,patient12_window16s_stride1s-epo,delta
3677,0.0007721451507988994,patient12_window16s_stride1s-epo,delta
3678,0.0017027039686023193,patient12_window16s_stride1s-epo,delta
3679,0.002084101874515374,patient12_window16s_stride1s-epo,delta
3680,0.001529831934140451,patient12_window16s_stride1s-epo,delta
3681,0.001624223438802235,patient12_window16s_stride1s-epo,delta
3682,0.0019223686067672745,patient12_window16s_stride1s-epo,delta
3683,0.002508059841959053,patient12_window16s_stride1s-epo,delta
3684,0.0024577821563452917,patient12_window16s_stride1s-epo,delta
3685,0.0017344909682553966,patient12_window16s_stride1s-epo,delta
3686,0.0015050573886680734,patient12_window16s_stride1s-epo,delta
3687,0.002079519829911878,patient12_window16s_stride1s-epo,delta
3688,0.0026957459847549753,patient12_window16s_stride1s-epo,delta
3689,0.0020528389553678356,patient12_window16s_stride1s-epo,delta
3690,0.001146076336754979,patient12_window16s_stride1s-epo,delta
3691,0.0013588594594134938,patient12_window16s_stride1s-epo,delta
3692,0.0012215591869753214,patient12_window16s_stride1s-epo,delta
3693,0.0012207935128167782,patient12_window16s_stride1s-epo,delta
3694,0.0008894965615968695,patient12_window16s_stride1s-epo,delta
3695,0.0009850711803279556,patient12_window16s_stride1s-epo,delta
3696,0.001114360862282673,patient12_window16s_stride1s-epo,delta
3697,3.137289118888085e-05,patient12_window16s_stride1s-epo,delta
3698,0.0006252697006046259,patient12_window16s_stride1s-epo,delta
3699,0.000823751034562942,patient12_window16s_stride1s-epo,delta
3700,0.0020005461724374378,patient12_window16s_stride1s-epo,delta
3701,0.0019430821368089457,patient12_window16s_stride1s-epo,delta
3702,0.0019414025248867906,patient12_window16s_stride1s-epo,delta
3703,0.000981249770132838,patient12_window16s_stride1s-epo,delta
3704,0.002065515596187296,patient12_window16s_stride1s-epo,delta
3705,0.0014238447807861073,patient12_window16s_stride1s-epo,delta
3706,0.002141635230685874,patient12_window16s_stride1s-epo,delta
3707,0.0015405785254546586,patient12_window16s_stride1s-epo,delta
3708,0.0021253075340231706,patient12_window16s_stride1s-epo,delta
3709,0.002016461249420666,patient12_window16s_stride1s-epo,delta
3710,0.0017224596252767726,patient12_window16s_stride1s-epo,delta
3711,0.0006286956183585189,patient12_window16s_stride1s-epo,delta
3712,0.0007724378698643575,patient12_window16s_stride1s-epo,delta
3713,0.001330710965000936,patient12_window16s_stride1s-epo,delta
3714,0.001418870289493602,patient12_window16s_stride1s-epo,delta
3715,0.0008366481591751821,patient12_window16s_stride1s-epo,delta
3716,0.0009762866539567321,patient12_window16s_stride1s-epo,delta
3717,0.0001832801875071633,patient12_window16s_stride1s-epo,delta
3718,0.0009838451845973952,patient12_window16s_stride1s-epo,delta
3719,0.0011295709898487285,patient12_window16s_stride1s-epo,delta
3720,0.0014037101178266756,patient12_window16s_stride1s-epo,delta
3721,0.0015374191210790233,patient12_window16s_stride1s-epo,delta
3722,0.001618454181631226,patient12_window16s_stride1s-epo,delta
3723,0.0018636126184092214,patient12_window16s_stride1s-epo,delta
3724,0.000879518338779292,patient12_window16s_stride1s-epo,delta
3725,0.0012480642449543282,patient12_window16s_stride1s-epo,delta
3726,0.0012541100154535548,patient12_window16s_stride1s-epo,delta
3727,0.0013427987890820745,patient12_window16s_stride1s-epo,delta
3728,0.001313589299967831,patient12_window16s_stride1s-epo,delta
3729,0.0008558404601167857,patient12_window16s_stride1s-epo,delta
3730,0.0003488660904967904,patient12_window16s_stride1s-epo,delta
3731,0.0006768653889928328,patient12_window16s_stride1s-epo,delta
3732,0.0007927631047516593,patient12_window16s_stride1s-epo,delta
3733,0.0007708253246372183,patient12_window16s_stride1s-epo,delta
3734,0.001671097934374371,patient12_window16s_stride1s-epo,delta
3735,0.001500791523904195,patient12_window16s_stride1s-epo,delta
3736,0.0016194059626138157,patient12_window16s_stride1s-epo,delta
3737,0.0017595161719198798,patient12_window16s_stride1s-epo,delta
3738,0.000709015171385348,patient12_window16s_stride1s-epo,delta
3739,-0.0003359185019643742,patient12_window16s_stride1s-epo,delta
3740,9.121572447502614e-05,patient12_window16s_stride1s-epo,delta
3741,-0.0005916383558419544,patient12_window16s_stride1s-epo,delta
3742,0.00036199237471841125,patient12_window16s_stride1s-epo,delta
3743,0.0009922150828249642,patient12_window16s_stride1s-epo,delta
3744,0.0005532849261584598,patient12_window16s_stride1s-epo,delta
3745,-0.0004965595704972074,patient12_window16s_stride1s-epo,delta
3746,0.0005351347405614634,patient12_window16s_stride1s-epo,delta
3747,0.00039252812667717424,patient12_window16s_stride1s-epo,delta
3748,-0.0002106173624661399,patient12_window16s_stride1s-epo,delta
3749,2.6003532879667585e-05,patient12_window16s_stride1s-epo,delta
3750,-0.0008903720767244182,patient12_window16s_stride1s-epo,delta
3751,-0.0007173869604210625,patient12_window16s_stride1s-epo,delta
3752,-0.0005448723853447864,patient12_window16s_stride1s-epo,delta
3753,-0.00038598583358174604,patient12_window16s_stride1s-epo,delta
3754,0.00020566430748353027,patient12_window16s_stride1s-epo,delta
3755,-0.0006525315175386148,patient12_window16s_stride1s-epo,delta
3756,-0.00012640383077415328,patient12_window16s_stride1s-epo,delta
3757,-0.00012916894686045783,patient12_window16s_stride1s-epo,delta
3758,-0.0002892719110881267,patient12_window16s_stride1s-epo,delta
3759,-0.0013039413809337683,patient12_window16s_stride1s-epo,delta
3760,-0.0004041507150276181,patient12_window16s_stride1s-epo,delta
3761,0.00034531306175359093,patient12_window16s_stride1s-epo,delta
3762,0.0001647793578812154,patient12_window16s_stride1s-epo,delta
3763,-0.00047451837177221176,patient12_window16s_stride1s-epo,delta
3764,-7.032154345463269e-05,patient12_window16s_stride1s-epo,delta
3765,-0.0006291115725028403,patient12_window16s_stride1s-epo,delta
3766,-0.00025545831847662004,patient12_window16s_stride1s-epo,delta
3767,-0.0006054322412163629,patient12_window16s_stride1s-epo,delta
3768,-0.0007948146450758633,patient12_window16s_stride1s-epo,delta
3769,9.690265269343572e-05,patient12_window16s_stride1s-epo,delta
3770,-0.0003342052082942371,patient12_window16s_stride1s-epo,delta
3771,-6.653776155972277e-05,patient12_window16s_stride1s-epo,delta
3772,-0.0004130693831070129,patient12_window16s_stride1s-epo,delta
3773,-0.0006876590694007236,patient12_window16s_stride1s-epo,delta
3774,-0.00013070871713693897,patient12_window16s_stride1s-epo,delta
3775,0.0008233515576814394,patient12_window16s_stride1s-epo,delta
3776,0.0011959242097102994,patient12_window16s_stride1s-epo,delta
3777,0.0015280434023577456,patient12_window16s_stride1s-epo,delta
3778,0.0009264983849425327,patient12_window16s_stride1s-epo,delta
3779,0.0008185488668954588,patient12_window16s_stride1s-epo,delta
3780,0.0013437487070013274,patient12_window16s_stride1s-epo,delta
3781,0.0005092633037239112,patient12_window16s_stride1s-epo,delta
3782,-0.00011065303777907797,patient12_window16s_stride1s-epo,delta
3783,-0.00027633716812669126,patient12_window16s_stride1s-epo,delta
3784,-0.0008992908004914956,patient12_window16s_stride1s-epo,delta
3785,-0.0011395722521773393,patient12_window16s_stride1s-epo,delta
3786,-0.0019286599000501881,patient12_window16s_stride1s-epo,delta
3787,-0.0014884453458115189,patient12_window16s_stride1s-epo,delta
3788,-0.0009863662109362316,patient12_window16s_stride1s-epo,delta
3789,-0.0006393088605062099,patient12_window16s_stride1s-epo,delta
3790,-0.0013805323086390215,patient12_window16s_stride1s-epo,delta
3791,-0.0006050532857380346,patient12_window16s_stride1s-epo,delta
3792,-0.0008996069950209898,patient12_window16s_stride1s-epo,delta
3793,-0.0013666315859902213,patient12_window16s_stride1s-epo,delta
3794,-0.0009283798213749736,patient12_window16s_stride1s-epo,delta
3795,-0.0006600775901848666,patient12_window16s_stride1s-epo,delta
3796,4.998653720340645e-05,patient12_window16s_stride1s-epo,delta
3797,0.0010491748980113694,patient12_window16s_stride1s-epo,delta
3798,0.0016926737161341314,patient12_window16s_stride1s-epo,delta
3799,0.0009052029853677099,patient12_window16s_stride1s-epo,delta
3800,0.0005918143106023571,patient12_window16s_stride1s-epo,delta
3801,0.00032824336098285475,patient12_window16s_stride1s-epo,delta
3802,0.00039151905541508295,patient12_window16s_stride1s-epo,delta
3803,-9.318431202993111e-07,patient12_window16s_stride1s-epo,delta
3804,-0.0006308357283642079,patient12_window16s_stride1s-epo,delta
3805,-0.0004021649222494001,patient12_window16s_stride1s-epo,delta
3806,-0.0004762784385144874,patient12_window16s_stride1s-epo,delta
3807,-0.00023018237078033238,patient12_window16s_stride1s-epo,delta
3808,-0.00071537026741729,patient12_window16s_stride1s-epo,delta
3809,-0.0008409410643728259,patient12_window16s_stride1s-epo,delta
3810,-0.0004863628502778608,patient12_window16s_stride1s-epo,delta
3811,-0.0009573190258732164,patient12_window16s_stride1s-epo,delta
3812,-0.0006019617843871461,patient12_window16s_stride1s-epo,delta
3813,-0.0005878693951520161,patient12_window16s_stride1s-epo,delta
3814,-2.350245241999501e-05,patient12_window16s_stride1s-epo,delta
3815,-0.00042273836532527923,patient12_window16s_stride1s-epo,delta
3816,-0.001293006822753603,patient12_window16s_stride1s-epo,delta
3817,2.736685329074695e-05,patient12_window16s_stride1s-epo,delta
3818,-0.00035627886606120774,patient12_window16s_stride1s-epo,delta
3819,0.001928834435981918,patient12_window16s_stride1s-epo,delta
3820,0.002888449851242595,patient12_window16s_stride1s-epo,delta
3821,0.0006429605322170502,patient12_window16s_stride1s-epo,delta
3822,0.0013893279311296169,patient12_window16s_stride1s-epo,delta
3823,0.0008483281773489267,patient12_window16s_stride1s-epo,delta
3824,0.0008550133463739657,patient12_window16s_stride1s-epo,delta
3825,0.0007757857246767215,patient12_window16s_stride1s-epo,delta
3826,-0.0004927451141098195,patient12_window16s_stride1s-epo,delta
3827,-0.0009128293646249316,patient12_window16s_stride1s-epo,delta
3828,-0.0011955771231645712,patient12_window16s_stride1s-epo,delta
3829,-0.0017075429070430564,patient12_window16s_stride1s-epo,delta
3830,-0.0019285097356741706,patient12_window16s_stride1s-epo,delta
3831,-0.0009807551762751323,patient12_window16s_stride1s-epo,delta
3832,-0.0006581198861765788,patient12_window16s_stride1s-epo,delta
3833,-0.0018743113767188814,patient12_window16s_stride1s-epo,delta
3834,-0.0011517145311778353,patient12_window16s_stride1s-epo,delta
3835,-0.0015515109652127592,patient12_window16s_stride1s-epo,delta
3836,-0.0008709423470455209,patient12_window16s_stride1s-epo,delta
3837,-0.0009656311891364689,patient12_window16s_stride1s-epo,delta
3838,-0.0007377765494793466,patient12_window16s_stride1s-epo,delta
3839,-0.0006422898795073051,patient12_window16s_stride1s-epo,delta
3840,-0.00048359634770163266,patient12_window16s_stride1s-epo,delta
3841,-0.0004202419697928357,patient12_window16s_stride1s-epo,delta
3842,-0.00010709719319557355,patient12_window16s_stride1s-epo,delta
3843,0.00032353266068806846,patient12_window16s_stride1s-epo,delta
3844,0.0006603917801213374,patient12_window16s_stride1s-epo,delta
3845,0.0013162971525577359,patient12_window16s_stride1s-epo,delta
3846,0.001193421845571265,patient12_window16s_stride1s-epo,delta
3847,0.001827406153466322,patient12_window16s_stride1s-epo,delta
3848,0.0009025192813088052,patient12_window16s_stride1s-epo,delta
3849,0.0002212990907179594,patient12_window16s_stride1s-epo,delta
3850,0.0007509710852294923,patient12_window16s_stride1s-epo,delta
3851,0.0003583740068265398,patient12_window16s_stride1s-epo,delta
3852,0.00020085500730260766,patient12_window16s_stride1s-epo,delta
3853,0.00019469715082083463,patient12_window16s_stride1s-epo,delta
3854,-0.00026879565613177007,patient12_window16s_stride1s-epo,delta
3855,0.00039904319577708033,patient12_window16s_stride1s-epo,delta
3856,0.0008249635355597213,patient12_window16s_stride1s-epo,delta
3857,0.0008521791303161346,patient12_window16s_stride1s-epo,delta
3858,0.0010647708581999833,patient12_window16s_stride1s-epo,delta
3859,0.001049367104904862,patient12_window16s_stride1s-epo,delta
3860,-0.00021350657634628846,patient12_window16s_stride1s-epo,delta
3861,-0.0010232708871721445,patient12_window16s_stride1s-epo,delta
3862,-0.0005511493006832818,patient12_window16s_stride1s-epo,delta
3863,-0.0006099727268524324,patient12_window16s_stride1s-epo,delta
3864,-0.00032490789164330193,patient12_window16s_stride1s-epo,delta
3865,0.00017664872574718607,patient12_window16s_stride1s-epo,delta
3866,0.0003762740924702514,patient12_window16s_stride1s-epo,delta
3867,0.0011134913251870059,patient12_window16s_stride1s-epo,delta
3868,0.000320822832129771,patient12_window16s_stride1s-epo,delta
3869,0.0002462783239441403,patient12_window16s_stride1s-epo,delta
3870,0.0003918290146092804,patient12_window16s_stride1s-epo,delta
3871,7.048243488229527e-06,patient12_window16s_stride1s-epo,delta
3872,-0.00020935985958248128,patient12_window16s_stride1s-epo,delta
3873,0.00026444033082280227,patient12_window16s_stride1s-epo,delta
3874,0.000130190788413735,patient12_window16s_stride1s-epo,delta
3875,0.00043742399421260817,patient12_window16s_stride1s-epo,delta
3876,-0.00014275495209507743,patient12_window16s_stride1s-epo,delta
3877,-0.0002902685463443873,patient12_window16s_stride1s-epo,delta
3878,-0.0011176680191284862,patient12_window16s_stride1s-epo,delta
3879,-0.0008378683696947054,patient12_window16s_stride1s-epo,delta
3880,-0.0008611247698976997,patient12_window16s_stride1s-epo,delta
3881,-0.0022227500942418295,patient12_window16s_stride1s-epo,delta
3882,-0.001514100272896099,patient12_window16s_stride1s-epo,delta
3883,-0.0012478237372458047,patient12_window16s_stride1s-epo,delta
3884,-0.002193144139394574,patient12_window16s_stride1s-epo,delta
3885,-0.00217645589022293,patient12_window16s_stride1s-epo,delta
3886,-0.0012186798772862643,patient12_window16s_stride1s-epo,delta
3887,-0.0006948470320154415,patient12_window16s_stride1s-epo,delta
3888,-0.0015868527864344602,patient12_window16s_stride1s-epo,delta
3889,-0.001322666755439168,patient12_window16s_stride1s-epo,delta
3890,-0.001745838019878849,patient12_window16s_stride1s-epo,delta
3891,-0.0014957171996268306,patient12_window16s_stride1s-epo,delta
3892,-0.0017988810961684927,patient12_window16s_stride1s-epo,delta
3893,-0.002230299359977096,patient12_window16s_stride1s-epo,delta
3894,-0.0008917722758034012,patient12_window16s_stride1s-epo,delta
3895,-0.0006178992476113768,patient12_window16s_stride1s-epo,delta
3896,-0.0003197072279727301,patient12_window16s_stride1s-epo,delta
3897,3.363669185472578e-05,patient12_window16s_stride1s-epo,delta
3898,-0.0008995903172946459,patient12_window16s_stride1s-epo,delta
3899,-0.0005848334551251609,patient12_window16s_stride1s-epo,delta
3900,0.0001403133255070946,patient12_window16s_stride1s-epo,delta
3901,-0.00013168281171029383,patient12_window16s_stride1s-epo,delta
3902,-0.000630465105031301,patient12_window16s_stride1s-epo,delta
3903,-9.67664585204803e-05,patient12_window16s_stride1s-epo,delta
3904,-0.0006322653060906566,patient12_window16s_stride1s-epo,delta
3905,-8.42695913471058e-05,patient12_window16s_stride1s-epo,delta
3906,-0.00042370468991439916,patient12_window16s_stride1s-epo,delta
3907,-0.00025360891740161036,patient12_window16s_stride1s-epo,delta
3908,-0.00011868438370679887,patient12_window16s_stride1s-epo,delta
3909,-0.0006170629335381072,patient12_window16s_stride1s-epo,delta
3910,-0.00011951903577766962,patient12_window16s_stride1s-epo,delta
3911,0.00037378534104795633,patient12_window16s_stride1s-epo,delta
3912,0.0004665390374118093,patient12_window16s_stride1s-epo,delta
3913,0.0007249427033341265,patient12_window16s_stride1s-epo,delta
3914,0.0003303954144018995,patient12_window16s_stride1s-epo,delta
3915,0.0013427532428745663,patient12_window16s_stride1s-epo,delta
3916,0.0016781000506676932,patient12_window16s_stride1s-epo,delta
3917,0.0019690369446753084,patient12_window16s_stride1s-epo,delta
3918,0.0008525426509821548,patient12_window16s_stride1s-epo,delta
3919,0.0005417695168081545,patient12_window16s_stride1s-epo,delta
3920,0.0009113238300947825,patient12_window16s_stride1s-epo,delta
3921,0.0005554026972151595,patient12_window16s_stride1s-epo,delta
3922,0.0015244290782660175,patient12_window16s_stride1s-epo,delta
3923,0.0014728459242000728,patient12_window16s_stride1s-epo,delta
3924,0.0027315368755470117,patient12_window16s_stride1s-epo,delta
3925,0.00160183299401409,patient12_window16s_stride1s-epo,delta
3926,0.000698413954406492,patient12_window16s_stride1s-epo,delta
3927,0.0008455003336007766,patient12_window16s_stride1s-epo,delta
3928,0.0013352250562013686,patient12_window16s_stride1s-epo,delta
3929,0.000847082738845611,patient12_window16s_stride1s-epo,delta
3930,0.0002884551340886679,patient12_window16s_stride1s-epo,delta
3931,-0.00015173859758274777,patient12_window16s_stride1s-epo,delta
3932,-0.0008516650705058745,patient12_window16s_stride1s-epo,delta
3933,-0.0012138604945820207,patient12_window16s_stride1s-epo,delta
3934,-0.0007345691108561663,patient12_window16s_stride1s-epo,delta
3935,-0.000551996223907987,patient12_window16s_stride1s-epo,delta
3936,-0.0011933809568746014,patient12_window16s_stride1s-epo,delta
3937,-0.0009328323487519525,patient12_window16s_stride1s-epo,delta
3938,-0.0014371902524217008,patient12_window16s_stride1s-epo,delta
3939,-0.0016078869737021413,patient12_window16s_stride1s-epo,delta
3940,-0.00156625674862796,patient12_window16s_stride1s-epo,delta
3941,-0.002593755809021954,patient12_window16s_stride1s-epo,delta
3942,-0.0009555016621033699,patient12_window16s_stride1s-epo,delta
3943,-0.0013632245591965238,patient12_window16s_stride1s-epo,delta
3944,-0.0015787455733747295,patient12_window16s_stride1s-epo,delta
3945,-0.0013100059578416577,patient12_window16s_stride1s-epo,delta
3946,-0.0003023069490168945,patient12_window16s_stride1s-epo,delta
3947,-0.00011600722614894877,patient12_window16s_stride1s-epo,delta
3948,0.00042327167656456676,patient12_window16s_stride1s-epo,delta
3949,0.0004308291220518707,patient12_window16s_stride1s-epo,delta
3950,0.0008113405479440582,patient12_window16s_stride1s-epo,delta
3951,0.000413715988357291,patient12_window16s_stride1s-epo,delta
3952,0.0005312683231048788,patient12_window16s_stride1s-epo,delta
3953,0.00014285116371937838,patient12_window16s_stride1s-epo,delta
3954,-5.303318243645188e-05,patient12_window16s_stride1s-epo,delta
3955,9.784928423536177e-05,patient12_window16s_stride1s-epo,delta
3956,0.0007473336276917707,patient12_window16s_stride1s-epo,delta
3957,-0.00030382942947758396,patient12_window16s_stride1s-epo,delta
3958,-0.0007601755556830249,patient12_window16s_stride1s-epo,delta
3959,-5.301271909631238e-05,patient12_window16s_stride1s-epo,delta
3960,0.00022032239333050367,patient12_window16s_stride1s-epo,delta
3961,0.0010101071423363169,patient12_window16s_stride1s-epo,delta
3962,0.0006089617730397339,patient12_window16s_stride1s-epo,delta
3963,0.0007645349416440678,patient12_window16s_stride1s-epo,delta
3964,0.001230238906633253,patient12_window16s_stride1s-epo,delta
3965,0.0005043776617204247,patient12_window16s_stride1s-epo,delta
3966,0.0005369672549870995,patient12_window16s_stride1s-epo,delta
3967,0.0002616858338516537,patient12_window16s_stride1s-epo,delta
3968,-0.0003234179753166298,patient12_window16s_stride1s-epo,delta
3969,0.000755907543943274,patient12_window16s_stride1s-epo,delta
3970,0.00048121014800678926,patient12_window16s_stride1s-epo,delta
3971,-0.00016150923947087735,patient12_window16s_stride1s-epo,delta
3972,0.0004957080443836425,patient12_window16s_stride1s-epo,delta
3973,3.5543297328097752e-06,patient12_window16s_stride1s-epo,delta
3974,-0.0002803763235803487,patient12_window16s_stride1s-epo,delta
3975,-0.0013285410003017856,patient12_window16s_stride1s-epo,delta
3976,-0.0011834984479299918,patient12_window16s_stride1s-epo,delta
3977,-0.0014552622563364745,patient12_window16s_stride1s-epo,delta
3978,-0.001690257969908932,patient12_window16s_stride1s-epo,delta
3979,-0.0012041442703923653,patient12_window16s_stride1s-epo,delta
3980,-0.0015013894620708077,patient12_window16s_stride1s-epo,delta
3981,-0.0017253435862475371,patient12_window16s_stride1s-epo,delta
3982,-0.001460724765885369,patient12_window16s_stride1s-epo,delta
3983,-0.0014892658183676367,patient12_window16s_stride1s-epo,delta
3984,-0.0013195051793520609,patient12_window16s_stride1s-epo,delta
3985,-0.0018407937577152084,patient12_window16s_stride1s-epo,delta
3986,-0.00219790935161075,patient12_window16s_stride1s-epo,delta
3987,-0.0011761335578638508,patient12_window16s_stride1s-epo,delta
3988,-0.0015416983730003856,patient12_window16s_stride1s-epo,delta
3989,-0.0008774909690604718,patient12_window16s_stride1s-epo,delta
3990,-0.0018162405830290202,patient12_window16s_stride1s-epo,delta
3991,-0.0006820457012381702,patient12_window16s_stride1s-epo,delta
3992,-0.0005030607536913354,patient12_window16s_stride1s-epo,delta
3993,-0.0016576880262745577,patient12_window16s_stride1s-epo,delta
3994,-0.0008078470097723835,patient12_window16s_stride1s-epo,delta
3995,-0.001027161377344189,patient12_window16s_stride1s-epo,delta
3996,-0.0011137444084662784,patient12_window16s_stride1s-epo,delta
3997,-0.00045144623584090024,patient12_window16s_stride1s-epo,delta
3998,-0.0011390740579262106,patient12_window16s_stride1s-epo,delta
3999,-0.0008498889666663148,patient12_window16s_stride1s-epo,delta
4000,-0.00026203446106368226,patient12_window16s_stride1s-epo,delta
4001,-0.0014072228809218416,patient12_window16s_stride1s-epo,delta
4002,-0.002137146195547054,patient12_window16s_stride1s-epo,delta
4003,-0.001695600413545605,patient12_window16s_stride1s-epo,delta
4004,-0.001612645207587206,patient12_window16s_stride1s-epo,delta
4005,-0.001786734476071912,patient12_window16s_stride1s-epo,delta
4006,-0.00143675110626485,patient12_window16s_stride1s-epo,delta
4007,-0.0011255424028385845,patient12_window16s_stride1s-epo,delta
4008,-0.0015675508449166766,patient12_window16s_stride1s-epo,delta
4009,-0.0018014459929774785,patient12_window16s_stride1s-epo,delta
4010,-0.0018550842269946834,patient12_window16s_stride1s-epo,delta
4011,-0.0015519170812147882,patient12_window16s_stride1s-epo,delta
4012,-0.0020008450446321103,patient12_window16s_stride1s-epo,delta
4013,-0.00216140719913415,patient12_window16s_stride1s-epo,delta
4014,-0.0011670311216356963,patient12_window16s_stride1s-epo,delta
4015,-0.0011455534356594474,patient12_window16s_stride1s-epo,delta
4016,-0.0008907581682865117,patient12_window16s_stride1s-epo,delta
4017,-0.0011315962172219179,patient12_window16s_stride1s-epo,delta
4018,-0.0008983112986434628,patient12_window16s_stride1s-epo,delta
4019,-0.0014215855608915966,patient12_window16s_stride1s-epo,delta
4020,-0.0017300847629076468,patient12_window16s_stride1s-epo,delta
4021,-0.0007005666720880796,patient12_window16s_stride1s-epo,delta
4022,-0.00014851900772613617,patient12_window16s_stride1s-epo,delta
4023,0.00035175148803441277,patient12_window16s_stride1s-epo,delta
4024,-7.359110067209534e-05,patient12_window16s_stride1s-epo,delta
4025,0.0003620503180271363,patient12_window16s_stride1s-epo,delta
4026,0.0011487216581811297,patient12_window16s_stride1s-epo,delta
4027,0.0004827119845534644,patient12_window16s_stride1s-epo,delta
4028,-5.843509677650498e-05,patient12_window16s_stride1s-epo,delta
4029,-3.290889274629289e-05,patient12_window16s_stride1s-epo,delta
4030,-0.00022992615516438458,patient12_window16s_stride1s-epo,delta
4031,-0.001296914374422383,patient12_window16s_stride1s-epo,delta
4032,-0.0024073538025190582,patient12_window16s_stride1s-epo,delta
4033,-0.0011027857513198787,patient12_window16s_stride1s-epo,delta
4034,-0.0006576804861880241,patient12_window16s_stride1s-epo,delta
4035,-0.00014938786523536384,patient12_window16s_stride1s-epo,delta
4036,-0.00015696114273864288,patient12_window16s_stride1s-epo,delta
4037,-0.00039547133003650376,patient12_window16s_stride1s-epo,delta
4038,-0.000200995250541091,patient12_window16s_stride1s-epo,delta
4039,-0.0007620166325327899,patient12_window16s_stride1s-epo,delta
4040,-0.0005481637521966224,patient12_window16s_stride1s-epo,delta
4041,-0.0022413418292377904,patient12_window16s_stride1s-epo,delta
4042,-0.0016115152967060345,patient12_window16s_stride1s-epo,delta
4043,-0.0036014077237748526,patient12_window16s_stride1s-epo,delta
4044,-0.002493953608646294,patient12_window16s_stride1s-epo,delta
4045,-0.0037247247283529877,patient12_window16s_stride1s-epo,delta
4046,-0.002764827485512876,patient12_window16s_stride1s-epo,delta
4047,-0.0025863398474093267,patient12_window16s_stride1s-epo,delta
4048,-0.002270080760170248,patient12_window16s_stride1s-epo,delta
4049,-0.0025095059633675884,patient12_window16s_stride1s-epo,delta
4050,-0.003072418388401534,patient12_window16s_stride1s-epo,delta
4051,-0.0029027137682410787,patient12_window16s_stride1s-epo,delta
4052,-0.003428562909065158,patient12_window16s_stride1s-epo,delta
4053,-0.003609153212944326,patient12_window16s_stride1s-epo,delta
4054,-0.0038802575387581794,patient12_window16s_stride1s-epo,delta
4055,-0.004663784096323164,patient12_window16s_stride1s-epo,delta
4056,-0.004185803099869352,patient12_window16s_stride1s-epo,delta
4057,-0.0048146705018104925,patient12_window16s_stride1s-epo,delta
4058,-0.004096129107603067,patient12_window16s_stride1s-epo,delta
4059,-0.002834054387572613,patient12_window16s_stride1s-epo,delta
4060,-0.0033164087066696033,patient12_window16s_stride1s-epo,delta
4061,-0.0015865630665392871,patient12_window16s_stride1s-epo,delta
4062,-0.001601034665330456,patient12_window16s_stride1s-epo,delta
4063,-0.0016637835475515977,patient12_window16s_stride1s-epo,delta
4064,-0.0015598651176124512,patient12_window16s_stride1s-epo,delta
4065,-0.002409464588887082,patient12_window16s_stride1s-epo,delta
4066,-0.0013154467027529928,patient12_window16s_stride1s-epo,delta
4067,-0.0017687680699147374,patient12_window16s_stride1s-epo,delta
4068,-0.0014682547558312682,patient12_window16s_stride1s-epo,delta
4069,-0.0010813784188199178,patient12_window16s_stride1s-epo,delta
4070,5.45530584299227e-05,patient12_window16s_stride1s-epo,delta
4071,-4.999436454521821e-05,patient12_window16s_stride1s-epo,delta
4072,0.00023474335889438864,patient12_window16s_stride1s-epo,delta
4073,0.0009239988349444044,patient12_window16s_stride1s-epo,delta
4074,0.0015156378543133503,patient12_window16s_stride1s-epo,delta
4075,0.0002446608681519294,patient12_window16s_stride1s-epo,delta
4076,3.286281304897986e-06,patient12_window16s_stride1s-epo,delta
4077,3.9644817154955953e-05,patient12_window16s_stride1s-epo,delta
4078,0.0008376950882011446,patient12_window16s_stride1s-epo,delta
4079,0.00040925580447405164,patient12_window16s_stride1s-epo,delta
4080,-0.00010410044162418108,patient12_window16s_stride1s-epo,delta
4081,0.0007755272843214653,patient12_window16s_stride1s-epo,delta
4082,0.0007732832275210396,patient12_window16s_stride1s-epo,delta
4083,0.0002884320288202085,patient12_window16s_stride1s-epo,delta
4084,0.0009403443931086202,patient12_window16s_stride1s-epo,delta
4085,-0.00023706961853383742,patient12_window16s_stride1s-epo,delta
4086,-0.0008806441116462585,patient12_window16s_stride1s-epo,delta
4087,-0.0005267737470740656,patient12_window16s_stride1s-epo,delta
4088,-0.0007233430640694843,patient12_window16s_stride1s-epo,delta
4089,-0.0008460045409624092,patient12_window16s_stride1s-epo,delta
4090,-0.001527633153272988,patient12_window16s_stride1s-epo,delta
4091,-0.00039652499897298966,patient12_window16s_stride1s-epo,delta
4092,-0.00047128052209358074,patient12_window16s_stride1s-epo,delta
4093,-0.0003491821980676061,patient12_window16s_stride1s-epo,delta
4094,-0.00029915574966457977,patient12_window16s_stride1s-epo,delta
4095,0.00015369147845777507,patient12_window16s_stride1s-epo,delta
4096,-0.0003164851472601142,patient12_window16s_stride1s-epo,delta
4097,-0.0003083361190170841,patient12_window16s_stride1s-epo,delta
4098,-0.0006511509697733871,patient12_window16s_stride1s-epo,delta
4099,5.276395848787424e-05,patient12_window16s_stride1s-epo,delta
4100,-0.0005639013936507726,patient12_window16s_stride1s-epo,delta
4101,-0.0008199172227261215,patient12_window16s_stride1s-epo,delta
4102,-0.00015287700738732848,patient12_window16s_stride1s-epo,delta
4103,-0.0006652353665520994,patient12_window16s_stride1s-epo,delta
4104,-0.0007091930543955579,patient12_window16s_stride1s-epo,delta
4105,-0.00017754177140051665,patient12_window16s_stride1s-epo,delta
4106,-0.0004288650553650813,patient12_window16s_stride1s-epo,delta
4107,0.0004328612067468372,patient12_window16s_stride1s-epo,delta
4108,0.0004566859510558878,patient12_window16s_stride1s-epo,delta
4109,0.00040641577597233975,patient12_window16s_stride1s-epo,delta
4110,0.0004247735162149887,patient12_window16s_stride1s-epo,delta
4111,0.0002642311327738276,patient12_window16s_stride1s-epo,delta
4112,0.0004817924941651547,patient12_window16s_stride1s-epo,delta
4113,0.0008220325931475686,patient12_window16s_stride1s-epo,delta
4114,-0.00028657432311980684,patient12_window16s_stride1s-epo,delta
4115,0.00033453447475040646,patient12_window16s_stride1s-epo,delta
4116,0.0004995820610810915,patient12_window16s_stride1s-epo,delta
4117,0.0010414952546803928,patient12_window16s_stride1s-epo,delta
4118,0.0007916036762038272,patient12_window16s_stride1s-epo,delta
4119,0.002499866343887052,patient12_window16s_stride1s-epo,delta
4120,0.002539110751558124,patient12_window16s_stride1s-epo,delta
4121,0.002556724719191411,patient12_window16s_stride1s-epo,delta
4122,0.002286462669612742,patient12_window16s_stride1s-epo,delta
4123,0.001374706718088268,patient12_window16s_stride1s-epo,delta
4124,0.0022638829026730735,patient12_window16s_stride1s-epo,delta
4125,0.0016113092969028094,patient12_window16s_stride1s-epo,delta
4126,0.0014353463061536219,patient12_window16s_stride1s-epo,delta
4127,0.00043374163499268064,patient12_window16s_stride1s-epo,delta
4128,0.0015692142619812013,patient12_window16s_stride1s-epo,delta
4129,0.0034144053179546515,patient12_window16s_stride1s-epo,delta
4130,0.003472368170248175,patient12_window16s_stride1s-epo,delta
4131,0.0015883295604452515,patient12_window16s_stride1s-epo,delta
4132,0.000825833356125397,patient12_window16s_stride1s-epo,delta
4133,0.0010293271296871879,patient12_window16s_stride1s-epo,delta
4134,0.0004362940119886029,patient12_window16s_stride1s-epo,delta
4135,-0.0005578632456488334,patient12_window16s_stride1s-epo,delta
4136,0.00010351749306339153,patient12_window16s_stride1s-epo,delta
4137,0.00029409145431280175,patient12_window16s_stride1s-epo,delta
4138,-2.1485323437482463e-05,patient12_window16s_stride1s-epo,delta
4139,0.0007506122309228003,patient12_window16s_stride1s-epo,delta
4140,0.0010240240837030659,patient12_window16s_stride1s-epo,delta
4141,0.0019256177912593674,patient12_window16s_stride1s-epo,delta
4142,0.0011532116951151593,patient12_window16s_stride1s-epo,delta
4143,0.0008145152474228591,patient12_window16s_stride1s-epo,delta
4144,0.0010429683295598816,patient12_window16s_stride1s-epo,delta
4145,-7.211951378364642e-05,patient12_window16s_stride1s-epo,delta
4146,0.0007301338778486581,patient12_window16s_stride1s-epo,delta
4147,0.0013597913157959891,patient12_window16s_stride1s-epo,delta
4148,-7.090131072718104e-05,patient12_window16s_stride1s-epo,delta
4149,0.0003620939023593997,patient12_window16s_stride1s-epo,delta
4150,0.0004366274375470525,patient12_window16s_stride1s-epo,delta
4151,3.837607734502276e-05,patient12_window16s_stride1s-epo,delta
4152,-0.00018673313031263627,patient12_window16s_stride1s-epo,delta
4153,-0.0003632588246414652,patient12_window16s_stride1s-epo,delta
4154,-0.0016038360165856716,patient12_window16s_stride1s-epo,delta
4155,-0.0008492445996267627,patient12_window16s_stride1s-epo,delta
4156,-0.0007810480743196283,patient12_window16s_stride1s-epo,delta
4157,-0.0007702347988126599,patient12_window16s_stride1s-epo,delta
4158,-0.0017440546353428297,patient12_window16s_stride1s-epo,delta
4159,-0.0018609495179643292,patient12_window16s_stride1s-epo,delta
4160,-0.0029397598592247934,patient12_window16s_stride1s-epo,delta
4161,-0.0029165253166052907,patient12_window16s_stride1s-epo,delta
4162,-0.0034843064114277616,patient12_window16s_stride1s-epo,delta
4163,-0.004114536933537228,patient12_window16s_stride1s-epo,delta
4164,-0.003836527364186837,patient12_window16s_stride1s-epo,delta
4165,-0.0028094186867309917,patient12_window16s_stride1s-epo,delta
4166,-0.0029316725118433582,patient12_window16s_stride1s-epo,delta
4167,-0.003648663303285368,patient12_window16s_stride1s-epo,delta
4168,-0.00350966858694401,patient12_window16s_stride1s-epo,delta
4169,-0.0033868108289863102,patient12_window16s_stride1s-epo,delta
4170,-0.0025462903243918056,patient12_window16s_stride1s-epo,delta
4171,-0.003419158478298669,patient12_window16s_stride1s-epo,delta
4172,-0.003608220856160939,patient12_window16s_stride1s-epo,delta
4173,-0.0030066763281756284,patient12_window16s_stride1s-epo,delta
4174,-0.0017530265394045444,patient12_window16s_stride1s-epo,delta
4175,-0.0014858427986491002,patient12_window16s_stride1s-epo,delta
4176,-0.001163125715579244,patient12_window16s_stride1s-epo,delta
4177,-0.0005463000348186559,patient12_window16s_stride1s-epo,delta
4178,-0.0005834312380122955,patient12_window16s_stride1s-epo,delta
4179,-0.0008113969505766052,patient12_window16s_stride1s-epo,delta
4180,-0.0019414856720488573,patient12_window16s_stride1s-epo,delta
4181,-0.0012004042205968396,patient12_window16s_stride1s-epo,delta
4182,-0.0017516915893484284,patient12_window16s_stride1s-epo,delta
4183,-0.003041191241828519,patient12_window16s_stride1s-epo,delta
4184,-0.004416032835591691,patient12_window16s_stride1s-epo,delta
4185,-0.004441963536370413,patient12_window16s_stride1s-epo,delta
4186,-0.004046168508678647,patient12_window16s_stride1s-epo,delta
4187,-0.004058013821177496,patient12_window16s_stride1s-epo,delta
4188,-0.0029275789305929566,patient12_window16s_stride1s-epo,delta
4189,-0.003235236697717526,patient12_window16s_stride1s-epo,delta
4190,-0.002590959646666531,patient12_window16s_stride1s-epo,delta
4191,-0.0033160462108973404,patient12_window16s_stride1s-epo,delta
4192,-0.002840209424213044,patient12_window16s_stride1s-epo,delta
4193,-0.0033689601400758978,patient12_window16s_stride1s-epo,delta
4194,-0.0021110572248676128,patient12_window16s_stride1s-epo,delta
4195,-0.0014687248065933152,patient12_window16s_stride1s-epo,delta
4196,-0.001511477763119155,patient12_window16s_stride1s-epo,delta
4197,-0.002168360608772702,patient12_window16s_stride1s-epo,delta
4198,-0.001454591494549434,patient12_window16s_stride1s-epo,delta
4199,-0.0007380974494580286,patient12_window16s_stride1s-epo,delta
4200,0.0003047359935721377,patient12_window16s_stride1s-epo,delta
4201,-7.65581649317608e-05,patient12_window16s_stride1s-epo,delta
4202,-0.0002809116552798045,patient12_window16s_stride1s-epo,delta
4203,-0.0004979090510499502,patient12_window16s_stride1s-epo,delta
4204,0.00022883436283568635,patient12_window16s_stride1s-epo,delta
4205,0.0008015182352455864,patient12_window16s_stride1s-epo,delta
4206,0.0004979274149900104,patient12_window16s_stride1s-epo,delta
4207,0.00015525556015620037,patient12_window16s_stride1s-epo,delta
4208,0.0009730235067191183,patient12_window16s_stride1s-epo,delta
4209,0.0021597945223011967,patient12_window16s_stride1s-epo,delta
4210,0.0009890175597616093,patient12_window16s_stride1s-epo,delta
4211,0.0015473765636440195,patient12_window16s_stride1s-epo,delta
4212,0.0009308630462385665,patient12_window16s_stride1s-epo,delta
4213,0.0011257552524195384,patient12_window16s_stride1s-epo,delta
4214,0.0014289200665593544,patient12_window16s_stride1s-epo,delta
4215,0.0024237341831013478,patient12_window16s_stride1s-epo,delta
4216,0.0012616593196080933,patient12_window16s_stride1s-epo,delta
4217,0.0011490812978793507,patient12_window16s_stride1s-epo,delta
4218,0.001359167801327851,patient12_window16s_stride1s-epo,delta
4219,0.0007326461925226,patient12_window16s_stride1s-epo,delta
4220,0.001275464416291434,patient12_window16s_stride1s-epo,delta
4221,0.001020374239757824,patient12_window16s_stride1s-epo,delta
4222,0.0012203871829567306,patient12_window16s_stride1s-epo,delta
4223,0.0007939958077086194,patient12_window16s_stride1s-epo,delta
4224,0.00031758983658140307,patient12_window16s_stride1s-epo,delta
4225,-0.0001387975185800794,patient12_window16s_stride1s-epo,delta
4226,0.00036508014493064067,patient12_window16s_stride1s-epo,delta
4227,-0.0004130807699445972,patient12_window16s_stride1s-epo,delta
4228,0.0001473315438883715,patient12_window16s_stride1s-epo,delta
4229,0.0006406999955762235,patient12_window16s_stride1s-epo,delta
4230,0.0015448415576953217,patient12_window16s_stride1s-epo,delta
4231,0.0011506834490739957,patient12_window16s_stride1s-epo,delta
4232,0.000797926809831655,patient12_window16s_stride1s-epo,delta
4233,0.0008520948951207515,patient12_window16s_stride1s-epo,delta
4234,0.0009415197540823419,patient12_window16s_stride1s-epo,delta
4235,0.0012957001590113925,patient12_window16s_stride1s-epo,delta
4236,0.0012568933717264294,patient12_window16s_stride1s-epo,delta
4237,0.0009231213659828974,patient12_window16s_stride1s-epo,delta
4238,0.0006269224376047277,patient12_window16s_stride1s-epo,delta
4239,0.0008848296403539915,patient12_window16s_stride1s-epo,delta
4240,0.000628972469847236,patient12_window16s_stride1s-epo,delta
4241,0.0015300316587305539,patient12_window16s_stride1s-epo,delta
4242,0.0010336431766702603,patient12_window16s_stride1s-epo,delta
4243,0.0003934294908248334,patient12_window16s_stride1s-epo,delta
4244,7.781721604538284e-05,patient12_window16s_stride1s-epo,delta
4245,-0.0002944676820624661,patient12_window16s_stride1s-epo,delta
4246,-0.0004212474351248547,patient12_window16s_stride1s-epo,delta
4247,-5.273380623367636e-05,patient12_window16s_stride1s-epo,delta
4248,-0.0007650170972849971,patient12_window16s_stride1s-epo,delta
4249,-0.0006369049342792619,patient12_window16s_stride1s-epo,delta
4250,-0.0010424064390513676,patient12_window16s_stride1s-epo,delta
4251,-0.0008236948536933641,patient12_window16s_stride1s-epo,delta
4252,-0.0026900188372304965,patient12_window16s_stride1s-epo,delta
4253,-0.0021643723929829755,patient12_window16s_stride1s-epo,delta
4254,-0.0015123411536152854,patient12_window16s_stride1s-epo,delta
4255,-0.000365757933258042,patient12_window16s_stride1s-epo,delta
4256,-0.00017587564636668113,patient12_window16s_stride1s-epo,delta
4257,-0.0001554017179688723,patient12_window16s_stride1s-epo,delta
4258,-0.0004482954642781459,patient12_window16s_stride1s-epo,delta
4259,0.0008418734021082412,patient12_window16s_stride1s-epo,delta
4260,0.0008240814555689334,patient12_window16s_stride1s-epo,delta
4261,0.00023325784970390707,patient12_window16s_stride1s-epo,delta
4262,-8.483899650809768e-05,patient12_window16s_stride1s-epo,delta
4263,-0.0002709154238583055,patient12_window16s_stride1s-epo,delta
4264,-0.00020817166231752087,patient12_window16s_stride1s-epo,delta
4265,-0.0005065096898302017,patient12_window16s_stride1s-epo,delta
4266,0.0008378775807837713,patient12_window16s_stride1s-epo,delta
4267,0.0006294814324737561,patient12_window16s_stride1s-epo,delta
4268,0.00044789485783849805,patient12_window16s_stride1s-epo,delta
4269,0.0006863773088450513,patient12_window16s_stride1s-epo,delta
4270,-6.297697712237448e-05,patient12_window16s_stride1s-epo,delta
4271,-0.0006212016783465047,patient12_window16s_stride1s-epo,delta
4272,-0.0005986221704527577,patient12_window16s_stride1s-epo,delta
4273,0.0001026894883179125,patient12_window16s_stride1s-epo,delta
4274,0.001094335925067537,patient12_window16s_stride1s-epo,delta
4275,-0.00010961799751568621,patient12_window16s_stride1s-epo,delta
4276,0.0007338700707318107,patient12_window16s_stride1s-epo,delta
4277,0.0010192450959278748,patient12_window16s_stride1s-epo,delta
4278,0.0001446249956627583,patient12_window16s_stride1s-epo,delta
4279,2.436135614085002e-05,patient12_window16s_stride1s-epo,delta
4280,-7.283488819087422e-05,patient12_window16s_stride1s-epo,delta
4281,0.0014247936211950645,patient12_window16s_stride1s-epo,delta
4282,0.001410093161711634,patient12_window16s_stride1s-epo,delta
4283,0.0012656628050594571,patient12_window16s_stride1s-epo,delta
4284,0.000897772590172954,patient12_window16s_stride1s-epo,delta
4285,0.00034093018631642684,patient12_window16s_stride1s-epo,delta
4286,0.00044567984075354316,patient12_window16s_stride1s-epo,delta
4287,0.0009311522850821109,patient12_window16s_stride1s-epo,delta
4288,0.000350033522307925,patient12_window16s_stride1s-epo,delta
4289,-0.0009631401370844653,patient12_window16s_stride1s-epo,delta
4290,-0.0003642191119296212,patient12_window16s_stride1s-epo,delta
4291,-0.0006219615121949788,patient12_window16s_stride1s-epo,delta
4292,-0.000960674994997364,patient12_window16s_stride1s-epo,delta
4293,-0.00037871421114382583,patient12_window16s_stride1s-epo,delta
4294,-0.0008683436162670914,patient12_window16s_stride1s-epo,delta
4295,-0.00031300384852772677,patient12_window16s_stride1s-epo,delta
4296,-0.0008042846545213195,patient12_window16s_stride1s-epo,delta
4297,0.0005573820429745002,patient12_window16s_stride1s-epo,delta
4298,-0.0003720831437713462,patient12_window16s_stride1s-epo,delta
4299,0.0007251450570060122,patient12_window16s_stride1s-epo,delta
4300,0.001624956649033089,patient12_window16s_stride1s-epo,delta
4301,0.0013830753526563315,patient12_window16s_stride1s-epo,delta
4302,0.0017431643652970588,patient12_window16s_stride1s-epo,delta
4303,0.000568202626644172,patient12_window16s_stride1s-epo,delta
4304,0.00030279732972156645,patient12_window16s_stride1s-epo,delta
4305,0.001401942854034442,patient12_window16s_stride1s-epo,delta
4306,0.0007054218627115554,patient12_window16s_stride1s-epo,delta
4307,0.001272133874754183,patient12_window16s_stride1s-epo,delta
4308,0.0010292285574439348,patient12_window16s_stride1s-epo,delta
4309,0.0013885605796714428,patient12_window16s_stride1s-epo,delta
4310,0.0010842100615142986,patient12_window16s_stride1s-epo,delta
4311,0.0006255439033908856,patient12_window16s_stride1s-epo,delta
4312,0.0007592472014972349,patient12_window16s_stride1s-epo,delta
4313,0.0007987394783006484,patient12_window16s_stride1s-epo,delta
4314,0.0012793297652379952,patient12_window16s_stride1s-epo,delta
4315,0.0010293837289048187,patient12_window16s_stride1s-epo,delta
4316,0.0011867162705748336,patient12_window16s_stride1s-epo,delta
4317,0.000994770513410641,patient12_window16s_stride1s-epo,delta
4318,0.0007250751974460746,patient12_window16s_stride1s-epo,delta
4319,0.001357029223931486,patient12_window16s_stride1s-epo,delta
4320,0.0008739473471350731,patient12_window16s_stride1s-epo,delta
4321,0.0011116353656313895,patient12_window16s_stride1s-epo,delta
4322,0.0023885338031662626,patient12_window16s_stride1s-epo,delta
4323,0.0022236940116129316,patient12_window16s_stride1s-epo,delta
4324,0.0011984590624500024,patient12_window16s_stride1s-epo,delta
4325,0.0012461226102160323,patient12_window16s_stride1s-epo,delta
4326,0.0011888780872258073,patient12_window16s_stride1s-epo,delta
4327,0.002131637330054074,patient12_window16s_stride1s-epo,delta
4328,0.0014568421044335918,patient12_window16s_stride1s-epo,delta
4329,0.0018128052133319274,patient12_window16s_stride1s-epo,delta
4330,0.0018009256857299109,patient12_window16s_stride1s-epo,delta
4331,0.0014402541702722951,patient12_window16s_stride1s-epo,delta
4332,0.0005873810762178695,patient12_window16s_stride1s-epo,delta
4333,0.00034367200140472264,patient12_window16s_stride1s-epo,delta
4334,0.0005403903607469986,patient12_window16s_stride1s-epo,delta
4335,0.000685485785648798,patient12_window16s_stride1s-epo,delta
4336,0.0006749200525756054,patient12_window16s_stride1s-epo,delta
4337,0.0005982862065449547,patient12_window16s_stride1s-epo,delta
4338,-0.0005740665868616403,patient12_window16s_stride1s-epo,delta
4339,-0.0006236249409918568,patient12_window16s_stride1s-epo,delta
4340,0.00025246619503299525,patient12_window16s_stride1s-epo,delta
4341,4.353215324013779e-06,patient12_window16s_stride1s-epo,delta
4342,0.00048450139039666847,patient12_window16s_stride1s-epo,delta
4343,-0.00010874656895317202,patient12_window16s_stride1s-epo,delta
4344,0.0006701912207229021,patient12_window16s_stride1s-epo,delta
4345,0.001247406768704243,patient12_window16s_stride1s-epo,delta
4346,0.0012805075529434286,patient12_window16s_stride1s-epo,delta
4347,0.0019005006113341021,patient12_window16s_stride1s-epo,delta
4348,0.0027601087152458346,patient12_window16s_stride1s-epo,delta
4349,0.002081698124283392,patient12_window16s_stride1s-epo,delta
4350,0.0014752862926491247,patient12_window16s_stride1s-epo,delta
4351,0.0014609837424668865,patient12_window16s_stride1s-epo,delta
4352,0.0013910923223393373,patient12_window16s_stride1s-epo,delta
4353,0.002943015842176607,patient12_window16s_stride1s-epo,delta
4354,0.0025882709676315822,patient12_window16s_stride1s-epo,delta
4355,0.002734196931829397,patient12_window16s_stride1s-epo,delta
4356,0.0027168800527979176,patient12_window16s_stride1s-epo,delta
4357,0.002006635470802561,patient12_window16s_stride1s-epo,delta
4358,0.002940919697543428,patient12_window16s_stride1s-epo,delta
4359,0.003054080950889809,patient12_window16s_stride1s-epo,delta
4360,0.0024230574852798334,patient12_window16s_stride1s-epo,delta
4361,0.002282515812599432,patient12_window16s_stride1s-epo,delta
4362,0.0032093415912763158,patient12_window16s_stride1s-epo,delta
4363,0.0027630062185282833,patient12_window16s_stride1s-epo,delta
4364,0.0008466463246789434,patient12_window16s_stride1s-epo,delta
4365,0.0007860485135547637,patient12_window16s_stride1s-epo,delta
4366,0.001180554000277978,patient12_window16s_stride1s-epo,delta
4367,0.0002520229490024213,patient12_window16s_stride1s-epo,delta
4368,0.0004964492916710761,patient12_window16s_stride1s-epo,delta
4369,5.945121628449661e-05,patient12_window16s_stride1s-epo,delta
4370,-0.0007661622755660236,patient12_window16s_stride1s-epo,delta
4371,-0.0012927663539846633,patient12_window16s_stride1s-epo,delta
4372,-0.002120249262981401,patient12_window16s_stride1s-epo,delta
4373,-0.001613843439050382,patient12_window16s_stride1s-epo,delta
4374,-0.0013179953602095794,patient12_window16s_stride1s-epo,delta
4375,-0.0015035984603357039,patient12_window16s_stride1s-epo,delta
4376,-0.0019507565591562568,patient12_window16s_stride1s-epo,delta
4377,-0.0015720228909641505,patient12_window16s_stride1s-epo,delta
4378,-0.002066550322044215,patient12_window16s_stride1s-epo,delta
4379,-0.0003389207742021824,patient12_window16s_stride1s-epo,delta
4380,-0.00018901034425941978,patient12_window16s_stride1s-epo,delta
4381,0.00036030247065328035,patient12_window16s_stride1s-epo,delta
4382,0.0007096764142600878,patient12_window16s_stride1s-epo,delta
4383,-0.0001931415988997874,patient12_window16s_stride1s-epo,delta
4384,-0.00024497631471893043,patient12_window16s_stride1s-epo,delta
4385,0.00037743924218780185,patient12_window16s_stride1s-epo,delta
4386,0.0010012821651288004,patient12_window16s_stride1s-epo,delta
4387,0.0006621757443268332,patient12_window16s_stride1s-epo,delta
4388,0.00031516785997083335,patient12_window16s_stride1s-epo,delta
4389,-0.00017400021222312934,patient12_window16s_stride1s-epo,delta
4390,-0.0004863545046544757,patient12_window16s_stride1s-epo,delta
4391,-0.00028899671187046207,patient12_window16s_stride1s-epo,delta
4392,0.0002556951522625857,patient12_window16s_stride1s-epo,delta
4393,-0.00021254264768412226,patient12_window16s_stride1s-epo,delta
4394,-0.0001493887221384025,patient12_window16s_stride1s-epo,delta
4395,-0.0003120165204454241,patient12_window16s_stride1s-epo,delta
4396,0.000655795186788622,patient12_window16s_stride1s-epo,delta
4397,0.0009258514443670447,patient12_window16s_stride1s-epo,delta
4398,0.00044162741680915007,patient12_window16s_stride1s-epo,delta
4399,0.0008149353274760999,patient12_window16s_stride1s-epo,delta
4400,0.0012562286364381527,patient12_window16s_stride1s-epo,delta
4401,0.0006985418450290798,patient12_window16s_stride1s-epo,delta
4402,0.00033819253665330823,patient12_window16s_stride1s-epo,delta
4403,-0.001576723939309747,patient12_window16s_stride1s-epo,delta
4404,-0.000371692497206537,patient12_window16s_stride1s-epo,delta
4405,0.0006447247376369276,patient12_window16s_stride1s-epo,delta
4406,0.0006966068661489089,patient12_window16s_stride1s-epo,delta
4407,-5.858118460649291e-05,patient12_window16s_stride1s-epo,delta
4408,-0.000138917870263517,patient12_window16s_stride1s-epo,delta
4409,-0.001146060660085961,patient12_window16s_stride1s-epo,delta
4410,-0.0004249398504237159,patient12_window16s_stride1s-epo,delta
4411,0.0006838343264986086,patient12_window16s_stride1s-epo,delta
4412,0.00039583795662355626,patient12_window16s_stride1s-epo,delta
4413,2.9730109744723405e-05,patient12_window16s_stride1s-epo,delta
4414,-0.00011097079322709805,patient12_window16s_stride1s-epo,delta
4415,0.0005304869424909037,patient12_window16s_stride1s-epo,delta
4416,0.0008636496969153031,patient12_window16s_stride1s-epo,delta
4417,0.0002376200952946673,patient12_window16s_stride1s-epo,delta
4418,0.0007521244069399188,patient12_window16s_stride1s-epo,delta
4419,0.00023003795143814257,patient12_window16s_stride1s-epo,delta
4420,0.0004430048368776881,patient12_window16s_stride1s-epo,delta
4421,-0.0010074702906032462,patient12_window16s_stride1s-epo,delta
4422,-0.0001393384755593665,patient12_window16s_stride1s-epo,delta
4423,-0.00038456811992084957,patient12_window16s_stride1s-epo,delta
4424,-3.384363956020319e-05,patient12_window16s_stride1s-epo,delta
4425,0.0007995095383276797,patient12_window16s_stride1s-epo,delta
4426,0.00036160445245407894,patient12_window16s_stride1s-epo,delta
4427,-0.00020655627094386082,patient12_window16s_stride1s-epo,delta
4428,0.00048156616852788517,patient12_window16s_stride1s-epo,delta
4429,0.0010232652339365843,patient12_window16s_stride1s-epo,delta
4430,0.0009529132804639317,patient12_window16s_stride1s-epo,delta
4431,-3.5808992936513556e-05,patient12_window16s_stride1s-epo,delta
4432,-0.0005386735248293884,patient12_window16s_stride1s-epo,delta
4433,-0.0003064462084982737,patient12_window16s_stride1s-epo,delta
4434,0.0002991354564813597,patient12_window16s_stride1s-epo,delta
4435,0.0008245607471744813,patient12_window16s_stride1s-epo,delta
4436,0.0011152608009166343,patient12_window16s_stride1s-epo,delta
4437,3.1869028725456986e-05,patient12_window16s_stride1s-epo,delta
4438,0.0003188863827910961,patient12_window16s_stride1s-epo,delta
4439,0.0001428882012824222,patient12_window16s_stride1s-epo,delta
4440,0.0008192714775562043,patient12_window16s_stride1s-epo,delta
4441,0.00031316895567453935,patient12_window16s_stride1s-epo,delta
4442,-0.0001951228383197128,patient12_window16s_stride1s-epo,delta
4443,-0.0009021052305318889,patient12_window16s_stride1s-epo,delta
4444,-0.0008698326285765931,patient12_window16s_stride1s-epo,delta
4445,-0.0016139576304990866,patient12_window16s_stride1s-epo,delta
4446,-0.0013077776059811604,patient12_window16s_stride1s-epo,delta
4447,-0.002061672982173779,patient12_window16s_stride1s-epo,delta
4448,-0.0013224472931129732,patient12_window16s_stride1s-epo,delta
4449,-0.0014505622217443556,patient12_window16s_stride1s-epo,delta
4450,-0.0011381232313054542,patient12_window16s_stride1s-epo,delta
4451,-0.001363224869375537,patient12_window16s_stride1s-epo,delta
4452,-0.0014148080408879632,patient12_window16s_stride1s-epo,delta
4453,-0.0010762018169726431,patient12_window16s_stride1s-epo,delta
4454,-0.0014160207405459527,patient12_window16s_stride1s-epo,delta
4455,-0.001038295824728879,patient12_window16s_stride1s-epo,delta
4456,-0.0011677668608013002,patient12_window16s_stride1s-epo,delta
4457,-0.0011497732499396263,patient12_window16s_stride1s-epo,delta
4458,-0.00015909637740442578,patient12_window16s_stride1s-epo,delta
4459,-0.0003251692611538408,patient12_window16s_stride1s-epo,delta
4460,-0.0001266298603205113,patient12_window16s_stride1s-epo,delta
4461,-0.00024960241868787547,patient12_window16s_stride1s-epo,delta
4462,-6.221621165442926e-05,patient12_window16s_stride1s-epo,delta
4463,0.0005366595160036383,patient12_window16s_stride1s-epo,delta
4464,-0.0003514234141228301,patient12_window16s_stride1s-epo,delta
4465,0.0009446412633406594,patient12_window16s_stride1s-epo,delta
4466,0.0012712761696426363,patient12_window16s_stride1s-epo,delta
4467,0.0011217311994391893,patient12_window16s_stride1s-epo,delta
4468,0.0005813035276521358,patient12_window16s_stride1s-epo,delta
4469,0.0013893893680989734,patient12_window16s_stride1s-epo,delta
4470,0.0014829610735943048,patient12_window16s_stride1s-epo,delta
4471,0.0008486946581248438,patient12_window16s_stride1s-epo,delta
4472,0.00101212893838291,patient12_window16s_stride1s-epo,delta
4473,0.0009114652192421017,patient12_window16s_stride1s-epo,delta
4474,0.0003503941241651048,patient12_window16s_stride1s-epo,delta
4475,0.001050434137469514,patient12_window16s_stride1s-epo,delta
4476,0.000616794808484892,patient12_window16s_stride1s-epo,delta
4477,0.0006187547412200577,patient12_window16s_stride1s-epo,delta
4478,0.0015120416244789627,patient12_window16s_stride1s-epo,delta
4479,0.000906478975073158,patient12_window16s_stride1s-epo,delta
4480,0.0008212287728432921,patient12_window16s_stride1s-epo,delta
4481,0.0004195659042581651,patient12_window16s_stride1s-epo,delta
4482,0.00024164922636678795,patient12_window16s_stride1s-epo,delta
4483,2.1929663152356314e-05,patient12_window16s_stride1s-epo,delta
4484,0.0005671532867899442,patient12_window16s_stride1s-epo,delta
4485,0.0008922111606564554,patient12_window16s_stride1s-epo,delta
4486,0.00031839718111889397,patient12_window16s_stride1s-epo,delta
4487,-0.0001717576535189718,patient12_window16s_stride1s-epo,delta
4488,-0.000636169157264502,patient12_window16s_stride1s-epo,delta
4489,0.0005497870388782197,patient12_window16s_stride1s-epo,delta
4490,0.0015931768173878238,patient12_window16s_stride1s-epo,delta
4491,0.0004914414312691039,patient12_window16s_stride1s-epo,delta
4492,0.00038194152928019623,patient12_window16s_stride1s-epo,delta
4493,-0.00018766545389636952,patient12_window16s_stride1s-epo,delta
4494,-0.0008791907214065738,patient12_window16s_stride1s-epo,delta
4495,-0.0005456044580171958,patient12_window16s_stride1s-epo,delta
4496,-0.0003963733302830061,patient12_window16s_stride1s-epo,delta
4497,-9.50083556020636e-06,patient12_window16s_stride1s-epo,delta
4498,0.0002645850581345945,patient12_window16s_stride1s-epo,delta
4499,0.00042960818629744963,patient12_window16s_stride1s-epo,delta
4500,0.00011412465353616114,patient12_window16s_stride1s-epo,delta
4501,0.0014905310092826003,patient12_window16s_stride1s-epo,delta
4502,0.001639419041960931,patient12_window16s_stride1s-epo,delta
4503,0.0020573253036961043,patient12_window16s_stride1s-epo,delta
4504,0.0020455962776892095,patient12_window16s_stride1s-epo,delta
4505,0.0020780201598787373,patient12_window16s_stride1s-epo,delta
4506,0.0010855859052065354,patient12_window16s_stride1s-epo,delta
4507,0.0016293123202979684,patient12_window16s_stride1s-epo,delta
4508,0.0006669333544662224,patient12_window16s_stride1s-epo,delta
4509,0.0011520697642911847,patient12_window16s_stride1s-epo,delta
4510,0.000528182205322832,patient12_window16s_stride1s-epo,delta
4511,0.0011921624641183307,patient12_window16s_stride1s-epo,delta
4512,0.0006889626208410994,patient12_window16s_stride1s-epo,delta
4513,0.001125107342008048,patient12_window16s_stride1s-epo,delta
4514,0.00039329880540893067,patient12_window16s_stride1s-epo,delta
4515,-0.000865045564684235,patient12_window16s_stride1s-epo,delta
4516,-0.000567567591201165,patient12_window16s_stride1s-epo,delta
4517,-0.0004262975774222217,patient12_window16s_stride1s-epo,delta
4518,-0.0009774346398337714,patient12_window16s_stride1s-epo,delta
4519,-0.0015274437013883262,patient12_window16s_stride1s-epo,delta
4520,-0.001963436596201067,patient12_window16s_stride1s-epo,delta
4521,-0.0006036305453616151,patient12_window16s_stride1s-epo,delta
4522,-0.0013045843504770034,patient12_window16s_stride1s-epo,delta
4523,-0.00012208293251702606,patient12_window16s_stride1s-epo,delta
4524,-0.000853005997882839,patient12_window16s_stride1s-epo,delta
4525,-0.00043900075180840795,patient12_window16s_stride1s-epo,delta
4526,-0.0006682090390812161,patient12_window16s_stride1s-epo,delta
4527,-0.0009274879759301627,patient12_window16s_stride1s-epo,delta
4528,-0.0008678070896114639,patient12_window16s_stride1s-epo,delta
4529,-0.0010540292549971002,patient12_window16s_stride1s-epo,delta
4530,-0.0016948332107645828,patient12_window16s_stride1s-epo,delta
4531,-0.00041144850712060226,patient12_window16s_stride1s-epo,delta
4532,-0.00026077353752479844,patient12_window16s_stride1s-epo,delta
4533,-0.0002138069200191149,patient12_window16s_stride1s-epo,delta
4534,-0.0007027819441719278,patient12_window16s_stride1s-epo,delta
4535,-0.0005711168907542843,patient12_window16s_stride1s-epo,delta
4536,8.645805976620173e-05,patient12_window16s_stride1s-epo,delta
4537,-0.0004390546228083375,patient12_window16s_stride1s-epo,delta
4538,-0.00028045880903654005,patient12_window16s_stride1s-epo,delta
4539,-0.0006698215924588059,patient12_window16s_stride1s-epo,delta
4540,-0.0006556139295216849,patient12_window16s_stride1s-epo,delta
4541,-0.0019953408565593954,patient12_window16s_stride1s-epo,delta
4542,-0.0009464763249500869,patient12_window16s_stride1s-epo,delta
4543,-0.000889293487345922,patient12_window16s_stride1s-epo,delta
4544,-0.001455009415838873,patient12_window16s_stride1s-epo,delta
4545,-0.001760923583684536,patient12_window16s_stride1s-epo,delta
4546,-0.001142114358255832,patient12_window16s_stride1s-epo,delta
4547,-0.001335010030086644,patient12_window16s_stride1s-epo,delta
4548,-0.00011111883860737124,patient12_window16s_stride1s-epo,delta
4549,-0.0005330664643515753,patient12_window16s_stride1s-epo,delta
4550,-0.0005783784464133096,patient12_window16s_stride1s-epo,delta
4551,-0.0005740410473589704,patient12_window16s_stride1s-epo,delta
4552,-2.693874336944521e-05,patient12_window16s_stride1s-epo,delta
4553,-0.0006844715185285358,patient12_window16s_stride1s-epo,delta
4554,-0.0005227324981203836,patient12_window16s_stride1s-epo,delta
4555,5.1370502095740863e-05,patient12_window16s_stride1s-epo,delta
4556,0.0006800596518754786,patient12_window16s_stride1s-epo,delta
4557,0.0013230327309577026,patient12_window16s_stride1s-epo,delta
4558,0.0012669843286239274,patient12_window16s_stride1s-epo,delta
4559,6.271493703750706e-05,patient12_window16s_stride1s-epo,delta
4560,0.0012399168270226892,patient12_window16s_stride1s-epo,delta
4561,-0.0002509032385754987,patient12_window16s_stride1s-epo,delta
4562,-0.0008850650632368755,patient12_window16s_stride1s-epo,delta
4563,-0.0006754508056380998,patient12_window16s_stride1s-epo,delta
4564,-0.0013910165386816426,patient12_window16s_stride1s-epo,delta
4565,-0.001112856562921965,patient12_window16s_stride1s-epo,delta
4566,-0.0016211799177647097,patient12_window16s_stride1s-epo,delta
4567,-0.0010616549675653867,patient12_window16s_stride1s-epo,delta
4568,-0.001237427738391582,patient12_window16s_stride1s-epo,delta
4569,-0.0013139268465399703,patient12_window16s_stride1s-epo,delta
4570,-0.0007697053854430139,patient12_window16s_stride1s-epo,delta
4571,-0.0008569274778674157,patient12_window16s_stride1s-epo,delta
4572,-0.0008660780361948343,patient12_window16s_stride1s-epo,delta
4573,-0.0019078639206150806,patient12_window16s_stride1s-epo,delta
4574,-0.0016412886874170047,patient12_window16s_stride1s-epo,delta
4575,-0.00130443426412959,patient12_window16s_stride1s-epo,delta
4576,-0.0006183825052307872,patient12_window16s_stride1s-epo,delta
4577,-0.00021229118075696788,patient12_window16s_stride1s-epo,delta
4578,-0.0004964359813166807,patient12_window16s_stride1s-epo,delta
4579,-0.0008501625088126317,patient12_window16s_stride1s-epo,delta
4580,-0.0003573596190736784,patient12_window16s_stride1s-epo,delta
4581,-0.00040621606145023194,patient12_window16s_stride1s-epo,delta
4582,-0.00036209045588666633,patient12_window16s_stride1s-epo,delta
4583,0.0011425500102927651,patient12_window16s_stride1s-epo,delta
4584,0.000325692744678853,patient12_window16s_stride1s-epo,delta
4585,-5.942283965397652e-05,patient12_window16s_stride1s-epo,delta
4586,-0.0007013460638147142,patient12_window16s_stride1s-epo,delta
4587,-1.507096795122156e-05,patient12_window16s_stride1s-epo,delta
4588,-4.3916592014881465e-05,patient12_window16s_stride1s-epo,delta
4589,0.00031507273687755047,patient12_window16s_stride1s-epo,delta
4590,0.0005896717316141931,patient12_window16s_stride1s-epo,delta
4591,8.04313232022644e-05,patient12_window16s_stride1s-epo,delta
4592,-0.00069885793125394,patient12_window16s_stride1s-epo,delta
4593,-0.0003927487869055301,patient12_window16s_stride1s-epo,delta
4594,4.9222728872625806e-05,patient12_window16s_stride1s-epo,delta
4595,-0.0003613713264560778,patient12_window16s_stride1s-epo,delta
4596,-0.00022651618147046432,patient12_window16s_stride1s-epo,delta
4597,0.00010608080336089421,patient12_window16s_stride1s-epo,delta
4598,0.00018037490972096375,patient12_window16s_stride1s-epo,delta
4599,-0.0004399703329617022,patient12_window16s_stride1s-epo,delta
4600,-0.0005431607040442542,patient12_window16s_stride1s-epo,delta
4601,-0.0007167281936996751,patient12_window16s_stride1s-epo,delta
4602,-0.002426625963071408,patient12_window16s_stride1s-epo,delta
4603,-0.0028065123761807816,patient12_window16s_stride1s-epo,delta
4604,-0.002271989644296933,patient12_window16s_stride1s-epo,delta
4605,-0.0022669953411473313,patient12_window16s_stride1s-epo,delta
4606,-0.0019992563857445162,patient12_window16s_stride1s-epo,delta
4607,-0.0011552884775497712,patient12_window16s_stride1s-epo,delta
4608,-0.000774424531921137,patient12_window16s_stride1s-epo,delta
4609,0.00010542603499714314,patient12_window16s_stride1s-epo,delta
4610,-0.0003499395327263143,patient12_window16s_stride1s-epo,delta
4611,0.0012357362205150028,patient12_window16s_stride1s-epo,delta
4612,0.0007377261646496923,patient12_window16s_stride1s-epo,delta
4613,0.000896878973965576,patient12_window16s_stride1s-epo,delta
4614,0.0016733853008011345,patient12_window16s_stride1s-epo,delta
4615,0.0029914599453206903,patient12_window16s_stride1s-epo,delta
4616,0.003118731064230983,patient12_window16s_stride1s-epo,delta
4617,0.0024662426442790568,patient12_window16s_stride1s-epo,delta
4618,0.002769239075893491,patient12_window16s_stride1s-epo,delta
4619,0.001939211970184023,patient12_window16s_stride1s-epo,delta
4620,0.0024666776608991,patient12_window16s_stride1s-epo,delta
4621,0.001881745189601772,patient12_window16s_stride1s-epo,delta
4622,0.0019711434088728382,patient12_window16s_stride1s-epo,delta
4623,0.0013951406894643717,patient12_window16s_stride1s-epo,delta
4624,0.00042606720771019016,patient12_window16s_stride1s-epo,delta
4625,0.0004009018166607411,patient12_window16s_stride1s-epo,delta
4626,0.0011641282004601467,patient12_window16s_stride1s-epo,delta
4627,0.0004162706864523572,patient12_window16s_stride1s-epo,delta
4628,0.0009919015265046024,patient12_window16s_stride1s-epo,delta
4629,0.0003203553486411698,patient12_window16s_stride1s-epo,delta
4630,0.0009693749743250301,patient12_window16s_stride1s-epo,delta
4631,0.0008630410995176269,patient12_window16s_stride1s-epo,delta
4632,0.00033359265209643844,patient12_window16s_stride1s-epo,delta
4633,0.00021840724330219195,patient12_window16s_stride1s-epo,delta
4634,0.0004898262689148653,patient12_window16s_stride1s-epo,delta
4635,0.002236463557670933,patient12_window16s_stride1s-epo,delta
4636,0.0017694538646462583,patient12_window16s_stride1s-epo,delta
4637,0.0015213112406244475,patient12_window16s_stride1s-epo,delta
4638,0.0018355738721457639,patient12_window16s_stride1s-epo,delta
4639,0.0020440749011089426,patient12_window16s_stride1s-epo,delta
4640,0.0025347098961658212,patient12_window16s_stride1s-epo,delta
4641,0.0022523998166248446,patient12_window16s_stride1s-epo,delta
4642,0.002300819149134038,patient12_window16s_stride1s-epo,delta
4643,0.0014908003697628933,patient12_window16s_stride1s-epo,delta
4644,0.0015966160001940402,patient12_window16s_stride1s-epo,delta
4645,0.001301557121896325,patient12_window16s_stride1s-epo,delta
4646,0.000676817474220981,patient12_window16s_stride1s-epo,delta
4647,0.000418596033336486,patient12_window16s_stride1s-epo,delta
4648,0.0008563232859949888,patient12_window16s_stride1s-epo,delta
4649,0.0014332952773308044,patient12_window16s_stride1s-epo,delta
4650,0.0006259777593226985,patient12_window16s_stride1s-epo,delta
4651,0.0009503303958841498,patient12_window16s_stride1s-epo,delta
4652,0.0009786294957033626,patient12_window16s_stride1s-epo,delta
4653,0.0004089837760987002,patient12_window16s_stride1s-epo,delta
4654,0.0003607828868973876,patient12_window16s_stride1s-epo,delta
4655,0.0004049071478600795,patient12_window16s_stride1s-epo,delta
4656,0.0007097916495707555,patient12_window16s_stride1s-epo,delta
4657,6.124875713273836e-05,patient12_window16s_stride1s-epo,delta
4658,0.0011389089798905206,patient12_window16s_stride1s-epo,delta
4659,0.0008149630076936114,patient12_window16s_stride1s-epo,delta
4660,0.00017241368693995002,patient12_window16s_stride1s-epo,delta
4661,0.00017793952127314778,patient12_window16s_stride1s-epo,delta
4662,-0.00016592846334541507,patient12_window16s_stride1s-epo,delta
4663,-0.001044600773284282,patient12_window16s_stride1s-epo,delta
4664,-0.0005585485386937181,patient12_window16s_stride1s-epo,delta
4665,-0.0007513752418028177,patient12_window16s_stride1s-epo,delta
4666,-0.001209727684145284,patient12_window16s_stride1s-epo,delta
4667,-0.0005893861634654607,patient12_window16s_stride1s-epo,delta
4668,-0.0014712974998348166,patient12_window16s_stride1s-epo,delta
4669,-0.001636594452929428,patient12_window16s_stride1s-epo,delta
4670,-0.0007349123295509979,patient12_window16s_stride1s-epo,delta
4671,-0.0015696099324946167,patient12_window16s_stride1s-epo,delta
4672,-0.0016382729932009792,patient12_window16s_stride1s-epo,delta
4673,-0.0016719912095908348,patient12_window16s_stride1s-epo,delta
4674,-0.0004900840424029324,patient12_window16s_stride1s-epo,delta
4675,-0.00035339982223724764,patient12_window16s_stride1s-epo,delta
4676,-0.00035470030100303077,patient12_window16s_stride1s-epo,delta
4677,-0.0006041706558762409,patient12_window16s_stride1s-epo,delta
4678,0.0005820032126410266,patient12_window16s_stride1s-epo,delta
4679,0.00035876075750018927,patient12_window16s_stride1s-epo,delta
4680,0.0013702177417872267,patient12_window16s_stride1s-epo,delta
4681,0.0008235845562626086,patient12_window16s_stride1s-epo,delta
4682,0.0007865498244219639,patient12_window16s_stride1s-epo,delta
4683,-6.215385987453603e-06,patient12_window16s_stride1s-epo,delta
4684,0.00046102057409651894,patient12_window16s_stride1s-epo,delta
4685,7.078568350454434e-05,patient12_window16s_stride1s-epo,delta
4686,0.0003332079665792991,patient12_window16s_stride1s-epo,delta
4687,0.0007593631129183769,patient12_window16s_stride1s-epo,delta
4688,0.0015542129054902454,patient12_window16s_stride1s-epo,delta
4689,0.0009647079546812908,patient12_window16s_stride1s-epo,delta
4690,0.0007688449308694796,patient12_window16s_stride1s-epo,delta
4691,0.0008037633344862595,patient12_window16s_stride1s-epo,delta
4692,0.0010892032691395303,patient12_window16s_stride1s-epo,delta
4693,0.0011018049744369214,patient12_window16s_stride1s-epo,delta
4694,-0.00014481505080550522,patient12_window16s_stride1s-epo,delta
4695,-0.0010697437863952308,patient12_window16s_stride1s-epo,delta
4696,-0.0014159588099917166,patient12_window16s_stride1s-epo,delta
4697,-0.0007831071357453066,patient12_window16s_stride1s-epo,delta
4698,-0.000377124449306485,patient12_window16s_stride1s-epo,delta
4699,-0.00033597742797434005,patient12_window16s_stride1s-epo,delta
4700,-6.115332399727191e-05,patient12_window16s_stride1s-epo,delta
4701,4.5130236113187944e-05,patient12_window16s_stride1s-epo,delta
4702,0.00025919669190270543,patient12_window16s_stride1s-epo,delta
4703,0.0003818873992768658,patient12_window16s_stride1s-epo,delta
4704,6.064112371353865e-05,patient12_window16s_stride1s-epo,delta
4705,0.0006787670471411271,patient12_window16s_stride1s-epo,delta
4706,0.0002744993663683281,patient12_window16s_stride1s-epo,delta
4707,0.0006514531867874535,patient12_window16s_stride1s-epo,delta
4708,0.0014257468088404658,patient12_window16s_stride1s-epo,delta
4709,0.0012171154404597851,patient12_window16s_stride1s-epo,delta
4710,0.0010516972117665016,patient12_window16s_stride1s-epo,delta
4711,0.0011161772406547144,patient12_window16s_stride1s-epo,delta
4712,0.0008003588074102773,patient12_window16s_stride1s-epo,delta
4713,0.0007211800315697879,patient12_window16s_stride1s-epo,delta
4714,0.001954980060617829,patient12_window16s_stride1s-epo,delta
4715,0.002793588794535407,patient12_window16s_stride1s-epo,delta
4716,0.0024641830637926136,patient12_window16s_stride1s-epo,delta
4717,0.0009616668672444291,patient12_window16s_stride1s-epo,delta
4718,7.104499357781587e-05,patient12_window16s_stride1s-epo,delta
4719,0.0002248121379668247,patient12_window16s_stride1s-epo,delta
4720,0.00045223952510103194,patient12_window16s_stride1s-epo,delta
4721,7.229340585178986e-05,patient12_window16s_stride1s-epo,delta
4722,0.000520815723201279,patient12_window16s_stride1s-epo,delta
4723,0.0008594404812363927,patient12_window16s_stride1s-epo,delta
4724,-0.0002712755234650578,patient12_window16s_stride1s-epo,delta
4725,-0.0007741927125326803,patient12_window16s_stride1s-epo,delta
4726,-0.0002940545103987237,patient12_window16s_stride1s-epo,delta
4727,-0.0003114246460352746,patient12_window16s_stride1s-epo,delta
4728,-0.0011067655878663017,patient12_window16s_stride1s-epo,delta
4729,-0.0003980394633965635,patient12_window16s_stride1s-epo,delta
4730,-0.0010447750416478735,patient12_window16s_stride1s-epo,delta
4731,-0.0010070101744906537,patient12_window16s_stride1s-epo,delta
4732,-0.0006313817958571193,patient12_window16s_stride1s-epo,delta
4733,-0.00018825610839410392,patient12_window16s_stride1s-epo,delta
4734,-0.0012126339412111622,patient12_window16s_stride1s-epo,delta
4735,-0.0013657999650487746,patient12_window16s_stride1s-epo,delta
4736,-0.0015593155320210044,patient12_window16s_stride1s-epo,delta
4737,-0.0015059823348183142,patient12_window16s_stride1s-epo,delta
4738,-0.0022019550713765668,patient12_window16s_stride1s-epo,delta
4739,-0.0018076107200370227,patient12_window16s_stride1s-epo,delta
4740,-0.0017324955774954455,patient12_window16s_stride1s-epo,delta
4741,-0.0022286848595183327,patient12_window16s_stride1s-epo,delta
4742,-0.0023028671896519483,patient12_window16s_stride1s-epo,delta
4743,-0.0016443059710389437,patient12_window16s_stride1s-epo,delta
4744,-0.00226062721159084,patient12_window16s_stride1s-epo,delta
4745,-0.0022052422627070233,patient12_window16s_stride1s-epo,delta
4746,-0.0014556640756714463,patient12_window16s_stride1s-epo,delta
4747,-0.0012872396518653704,patient12_window16s_stride1s-epo,delta
4748,-0.0013859266181650703,patient12_window16s_stride1s-epo,delta
4749,-0.0005631141203903054,patient12_window16s_stride1s-epo,delta
4750,-0.00019766829307725592,patient12_window16s_stride1s-epo,delta
4751,0.0006621256693380008,patient12_window16s_stride1s-epo,delta
4752,0.001264985453189173,patient12_window16s_stride1s-epo,delta
4753,0.0024278638475176226,patient12_window16s_stride1s-epo,delta
4754,0.0026671272302205853,patient12_window16s_stride1s-epo,delta
4755,0.0030344557813109197,patient12_window16s_stride1s-epo,delta
4756,0.0028092972701507847,patient12_window16s_stride1s-epo,delta
4757,0.0030189347692793638,patient12_window16s_stride1s-epo,delta
4758,0.0027040709533326535,patient12_window16s_stride1s-epo,delta
4759,0.002575345494475426,patient12_window16s_stride1s-epo,delta
4760,0.0022976468479304897,patient12_window16s_stride1s-epo,delta
4761,0.0016582897028708176,patient12_window16s_stride1s-epo,delta
4762,0.0018370362474055652,patient12_window16s_stride1s-epo,delta
4763,0.0005138629384921413,patient12_window16s_stride1s-epo,delta
4764,0.0012832151464588822,patient12_window16s_stride1s-epo,delta
4765,0.0005923523666173646,patient12_window16s_stride1s-epo,delta
4766,0.000579709155282527,patient12_window16s_stride1s-epo,delta
4767,0.00055932153517935,patient12_window16s_stride1s-epo,delta
4768,0.00013070044577648474,patient12_window16s_stride1s-epo,delta
4769,-0.0006713372693657468,patient12_window16s_stride1s-epo,delta
4770,-0.0004101236130705092,patient12_window16s_stride1s-epo,delta
4771,-0.0006717542877646494,patient12_window16s_stride1s-epo,delta
4772,-0.0013011944343711305,patient12_window16s_stride1s-epo,delta
4773,-0.0007359083871733119,patient12_window16s_stride1s-epo,delta
4774,-2.4088337085340625e-05,patient12_window16s_stride1s-epo,delta
4775,-0.0005817139420829665,patient12_window16s_stride1s-epo,delta
4776,0.00031515857386916,patient12_window16s_stride1s-epo,delta
4777,0.001251927296566196,patient12_window16s_stride1s-epo,delta
4778,0.0014910811048755488,patient12_window16s_stride1s-epo,delta
4779,0.0003609743188763414,patient12_window16s_stride1s-epo,delta
4780,0.00014834325334253643,patient12_window16s_stride1s-epo,delta
4781,-0.0006676724679106947,patient12_window16s_stride1s-epo,delta
4782,0.0002839405630913558,patient12_window16s_stride1s-epo,delta
4783,-0.00044337991399700594,patient12_window16s_stride1s-epo,delta
4784,-0.000966131041951838,patient12_window16s_stride1s-epo,delta
4785,-0.0011572639341219642,patient12_window16s_stride1s-epo,delta
4786,4.5797729752736614e-05,patient12_window16s_stride1s-epo,delta
4787,-0.0004496982065903631,patient12_window16s_stride1s-epo,delta
4788,0.00042877605475922956,patient12_window16s_stride1s-epo,delta
4789,0.0009028806381644686,patient12_window16s_stride1s-epo,delta
4790,0.0007384124893090432,patient12_window16s_stride1s-epo,delta
4791,0.0021993059231538476,patient12_window16s_stride1s-epo,delta
4792,0.0012190217335616503,patient12_window16s_stride1s-epo,delta
4793,0.00037174645281181826,patient12_window16s_stride1s-epo,delta
4794,-0.00019689351937301304,patient12_window16s_stride1s-epo,delta
4795,0.0007163004069010305,patient12_window16s_stride1s-epo,delta
4796,0.000560687635284512,patient12_window16s_stride1s-epo,delta
4797,0.0016103357599344212,patient12_window16s_stride1s-epo,delta
4798,0.002936868887085092,patient12_window16s_stride1s-epo,delta
4799,0.0046062401468691125,patient12_window16s_stride1s-epo,delta
4800,0.004055159947853567,patient12_window16s_stride1s-epo,delta
4801,0.0036914986422066955,patient12_window16s_stride1s-epo,delta
4802,0.0034413877342732027,patient12_window16s_stride1s-epo,delta
4803,0.004342256389661437,patient12_window16s_stride1s-epo,delta
4804,0.0025901211780360507,patient12_window16s_stride1s-epo,delta
4805,0.002678825521254565,patient12_window16s_stride1s-epo,delta
4806,0.002994387256144569,patient12_window16s_stride1s-epo,delta
4807,0.00117350194663695,patient12_window16s_stride1s-epo,delta
4808,0.0005524411730811482,patient12_window16s_stride1s-epo,delta
4809,0.00045529323319784066,patient12_window16s_stride1s-epo,delta
4810,-0.0004991062257519946,patient12_window16s_stride1s-epo,delta
4811,-0.00031108632818487226,patient12_window16s_stride1s-epo,delta
4812,8.523455074823015e-05,patient12_window16s_stride1s-epo,delta
4813,-0.0007078746261670844,patient12_window16s_stride1s-epo,delta
4814,-0.0021358098752014432,patient12_window16s_stride1s-epo,delta
4815,-0.002813517995833327,patient12_window16s_stride1s-epo,delta
4816,-0.002299259578188786,patient12_window16s_stride1s-epo,delta
4817,-0.0027295740245789155,patient12_window16s_stride1s-epo,delta
4818,-0.0018064862155932318,patient12_window16s_stride1s-epo,delta
4819,-0.0015589462142245488,patient12_window16s_stride1s-epo,delta
4820,-0.0005905579788792665,patient12_window16s_stride1s-epo,delta
4821,-0.0017543824792149196,patient12_window16s_stride1s-epo,delta
4822,-0.0007746588603672624,patient12_window16s_stride1s-epo,delta
4823,-6.959671789953127e-05,patient12_window16s_stride1s-epo,delta
4824,-0.0004365781984474422,patient12_window16s_stride1s-epo,delta
4825,0.00017260443630470865,patient12_window16s_stride1s-epo,delta
4826,8.197349977921844e-05,patient12_window16s_stride1s-epo,delta
4827,0.00014803238069615104,patient12_window16s_stride1s-epo,delta
4828,0.00022980026716855985,patient12_window16s_stride1s-epo,delta
4829,0.00031385302868181593,patient12_window16s_stride1s-epo,delta
4830,0.00020344678101238384,patient12_window16s_stride1s-epo,delta
4831,0.0006692257690689096,patient12_window16s_stride1s-epo,delta
4832,-3.884393074665906e-05,patient12_window16s_stride1s-epo,delta
4833,0.0004629492216363541,patient12_window16s_stride1s-epo,delta
4834,6.460006955088806e-05,patient12_window16s_stride1s-epo,delta
4835,-0.0004179982269976615,patient12_window16s_stride1s-epo,delta
4836,0.0006585745370439293,patient12_window16s_stride1s-epo,delta
4837,0.0008230593896954012,patient12_window16s_stride1s-epo,delta
4838,-0.0003981639734274928,patient12_window16s_stride1s-epo,delta
4839,-0.0007094100900766668,patient12_window16s_stride1s-epo,delta
4840,-0.0006605242237609008,patient12_window16s_stride1s-epo,delta
4841,-0.0017495024854651529,patient12_window16s_stride1s-epo,delta
4842,-0.00200933020380241,patient12_window16s_stride1s-epo,delta
4843,-0.0020925063306375343,patient12_window16s_stride1s-epo,delta
4844,-0.0017853435604268714,patient12_window16s_stride1s-epo,delta
4845,-0.00144328051159547,patient12_window16s_stride1s-epo,delta
4846,-0.0017185497902992943,patient12_window16s_stride1s-epo,delta
4847,-0.0013962907678812312,patient12_window16s_stride1s-epo,delta
4848,-0.0019071135788002918,patient12_window16s_stride1s-epo,delta
4849,-0.0018556220763086611,patient12_window16s_stride1s-epo,delta
4850,-0.0023148087928858236,patient12_window16s_stride1s-epo,delta
4851,-0.0018594213363280602,patient12_window16s_stride1s-epo,delta
4852,-0.002182888226197222,patient12_window16s_stride1s-epo,delta
4853,-0.0013491167981133012,patient12_window16s_stride1s-epo,delta
4854,-0.0017917837368918617,patient12_window16s_stride1s-epo,delta
4855,-0.0019278981961891076,patient12_window16s_stride1s-epo,delta
4856,-0.0011014112787764796,patient12_window16s_stride1s-epo,delta
4857,-0.00045700596936199255,patient12_window16s_stride1s-epo,delta
4858,-0.0011454987254948317,patient12_window16s_stride1s-epo,delta
4859,0.0004902350613964982,patient12_window16s_stride1s-epo,delta
4860,0.0003324054559306798,patient12_window16s_stride1s-epo,delta
4861,0.0006774849614343008,patient12_window16s_stride1s-epo,delta
4862,0.0010970184095925575,patient12_window16s_stride1s-epo,delta
4863,0.00036228095593596253,patient12_window16s_stride1s-epo,delta
4864,0.001183371082805172,patient12_window16s_stride1s-epo,delta
4865,0.0013378286109018602,patient12_window16s_stride1s-epo,delta
4866,0.0012906983939603097,patient12_window16s_stride1s-epo,delta
4867,0.000654561647562881,patient12_window16s_stride1s-epo,delta
4868,0.0013015877675353702,patient12_window16s_stride1s-epo,delta
4869,0.0012248026476005638,patient12_window16s_stride1s-epo,delta
4870,3.2411792361631106e-05,patient12_window16s_stride1s-epo,delta
4871,-0.0003144036077356612,patient12_window16s_stride1s-epo,delta
4872,-0.00011355718558993295,patient12_window16s_stride1s-epo,delta
4873,0.0009383196733067987,patient12_window16s_stride1s-epo,delta
4874,-0.0011159420645696697,patient12_window16s_stride1s-epo,delta
4875,-0.0007608824284516365,patient12_window16s_stride1s-epo,delta
4876,-0.0006792255363395392,patient12_window16s_stride1s-epo,delta
4877,-0.00033243186058588993,patient12_window16s_stride1s-epo,delta
4878,-0.00010381345984073492,patient12_window16s_stride1s-epo,delta
4879,-0.0005630651490046533,patient12_window16s_stride1s-epo,delta
4880,0.00019286800862053586,patient12_window16s_stride1s-epo,delta
4881,0.0005738208295789579,patient12_window16s_stride1s-epo,delta
4882,0.0012036313310855038,patient12_window16s_stride1s-epo,delta
4883,0.0014360508607015603,patient12_window16s_stride1s-epo,delta
4884,0.0021057119706509634,patient12_window16s_stride1s-epo,delta
4885,0.0020248581666714458,patient12_window16s_stride1s-epo,delta
4886,0.0024876675478194346,patient12_window16s_stride1s-epo,delta
4887,0.0021284246355544258,patient12_window16s_stride1s-epo,delta
4888,0.0031528543718761333,patient12_window16s_stride1s-epo,delta
4889,0.004616869625855462,patient12_window16s_stride1s-epo,delta
4890,0.0034617358423138286,patient12_window16s_stride1s-epo,delta
4891,0.0027352483356809063,patient12_window16s_stride1s-epo,delta
4892,0.003300512502359624,patient12_window16s_stride1s-epo,delta
4893,0.0018688425911137414,patient12_window16s_stride1s-epo,delta
4894,0.0008681339155649648,patient12_window16s_stride1s-epo,delta
4895,0.0015349287144005535,patient12_window16s_stride1s-epo,delta
4896,-0.0006755747740826123,patient12_window16s_stride1s-epo,delta
4897,-0.0010435816798661343,patient12_window16s_stride1s-epo,delta
4898,2.1577210813076194e-05,patient12_window16s_stride1s-epo,delta
4899,-0.00032698890552864275,patient12_window16s_stride1s-epo,delta
4900,0.0007985242570461212,patient12_window16s_stride1s-epo,delta
4901,0.0003857745820045647,patient12_window16s_stride1s-epo,delta
4902,0.0002902456609302836,patient12_window16s_stride1s-epo,delta
4903,0.0007493326990054449,patient12_window16s_stride1s-epo,delta
4904,-0.00014270380521634138,patient12_window16s_stride1s-epo,delta
4905,0.0004933303295681554,patient12_window16s_stride1s-epo,delta
4906,0.0008875342260641766,patient12_window16s_stride1s-epo,delta
4907,0.0010993156645505249,patient12_window16s_stride1s-epo,delta
4908,0.0016597163693092985,patient12_window16s_stride1s-epo,delta
4909,0.0021083481565363567,patient12_window16s_stride1s-epo,delta
4910,0.0014957682528745613,patient12_window16s_stride1s-epo,delta
4911,0.0004589701876465073,patient12_window16s_stride1s-epo,delta
4912,0.0003378684121442222,patient12_window16s_stride1s-epo,delta
4913,0.0003649358861630025,patient12_window16s_stride1s-epo,delta
4914,0.00041311480044137124,patient12_window16s_stride1s-epo,delta
4915,-0.00011642706968916869,patient12_window16s_stride1s-epo,delta
4916,-0.00021368170881039443,patient12_window16s_stride1s-epo,delta
4917,0.001007840921023589,patient12_window16s_stride1s-epo,delta
4918,7.462190469592424e-05,patient12_window16s_stride1s-epo,delta
4919,0.0005270079726474146,patient12_window16s_stride1s-epo,delta
4920,0.0006079108976605925,patient12_window16s_stride1s-epo,delta
4921,0.0003216639061367986,patient12_window16s_stride1s-epo,delta
4922,-0.0007363406730007847,patient12_window16s_stride1s-epo,delta
4923,-0.0008888929574806143,patient12_window16s_stride1s-epo,delta
4924,-6.111099066672715e-05,patient12_window16s_stride1s-epo,delta
4925,-0.0002604930677623482,patient12_window16s_stride1s-epo,delta
4926,-0.0006427039547599251,patient12_window16s_stride1s-epo,delta
4927,0.0010533264658623162,patient12_window16s_stride1s-epo,delta
4928,0.00010833229945150982,patient12_window16s_stride1s-epo,delta
4929,-0.00024144252208195457,patient12_window16s_stride1s-epo,delta
4930,0.0003928916235621218,patient12_window16s_stride1s-epo,delta
4931,-0.0004347930036421408,patient12_window16s_stride1s-epo,delta
4932,-0.00021690678917511894,patient12_window16s_stride1s-epo,delta
4933,-0.0007286384465932908,patient12_window16s_stride1s-epo,delta
4934,0.0007031504943680322,patient12_window16s_stride1s-epo,delta
4935,0.0008934056274844662,patient12_window16s_stride1s-epo,delta
4936,0.0006155908468206804,patient12_window16s_stride1s-epo,delta
4937,0.0009487822231999289,patient12_window16s_stride1s-epo,delta
4938,0.0008990464776217967,patient12_window16s_stride1s-epo,delta
4939,0.0011329930646701578,patient12_window16s_stride1s-epo,delta
4940,0.000956774747138999,patient12_window16s_stride1s-epo,delta
4941,0.001422808684570704,patient12_window16s_stride1s-epo,delta
4942,0.0011656489623999126,patient12_window16s_stride1s-epo,delta
4943,0.00029532233033857576,patient12_window16s_stride1s-epo,delta
4944,7.08388511256526e-05,patient12_window16s_stride1s-epo,delta
4945,0.00148347422991746,patient12_window16s_stride1s-epo,delta
4946,0.0010631511126796252,patient12_window16s_stride1s-epo,delta
4947,0.0022233627958804275,patient12_window16s_stride1s-epo,delta
4948,0.0020379898365796515,patient12_window16s_stride1s-epo,delta
4949,0.0005050720501777741,patient12_window16s_stride1s-epo,delta
4950,0.0009919379873490723,patient12_window16s_stride1s-epo,delta
4951,0.001841650809848227,patient12_window16s_stride1s-epo,delta
4952,0.001933614946493708,patient12_window16s_stride1s-epo,delta
4953,0.0019063808168235195,patient12_window16s_stride1s-epo,delta
4954,0.0012532903827149882,patient12_window16s_stride1s-epo,delta
4955,0.0004010576555835415,patient12_window16s_stride1s-epo,delta
4956,0.0006888216360120339,patient12_window16s_stride1s-epo,delta
4957,9.888885424922289e-05,patient12_window16s_stride1s-epo,delta
4958,-0.0007976226345712142,patient12_window16s_stride1s-epo,delta
4959,3.9725955000697226e-05,patient12_window16s_stride1s-epo,delta
4960,-0.0012461136320908676,patient12_window16s_stride1s-epo,delta
4961,-0.0018660336488810652,patient12_window16s_stride1s-epo,delta
4962,-0.0013161705863305203,patient12_window16s_stride1s-epo,delta
4963,-0.0009571686881393798,patient12_window16s_stride1s-epo,delta
4964,-0.0014076470560946647,patient12_window16s_stride1s-epo,delta
4965,-0.0009741166278356483,patient12_window16s_stride1s-epo,delta
4966,-0.0006904974350845356,patient12_window16s_stride1s-epo,delta
4967,-0.0019382545022905739,patient12_window16s_stride1s-epo,delta
4968,-0.00129535581346503,patient12_window16s_stride1s-epo,delta
4969,-0.0007263947380867214,patient12_window16s_stride1s-epo,delta
4970,-0.0019929746766107715,patient12_window16s_stride1s-epo,delta
4971,-0.0015021453336576264,patient12_window16s_stride1s-epo,delta
4972,-0.0027110544353408776,patient12_window16s_stride1s-epo,delta
4973,-0.002577587286934983,patient12_window16s_stride1s-epo,delta
4974,-0.0014090650050221822,patient12_window16s_stride1s-epo,delta
4975,-0.0008053673530321705,patient12_window16s_stride1s-epo,delta
4976,-0.0009067279225354071,patient12_window16s_stride1s-epo,delta
4977,-0.00030888738963253656,patient12_window16s_stride1s-epo,delta
4978,-0.0014036653592800752,patient12_window16s_stride1s-epo,delta
4979,-0.0011868673251432956,patient12_window16s_stride1s-epo,delta
4980,-0.0022617264628951657,patient12_window16s_stride1s-epo,delta
4981,-0.0018503902202939928,patient12_window16s_stride1s-epo,delta
4982,-0.0014133891715451185,patient12_window16s_stride1s-epo,delta
4983,-0.0018265222822268592,patient12_window16s_stride1s-epo,delta
4984,-0.0007802556686758429,patient12_window16s_stride1s-epo,delta
4985,-0.0012576886721018022,patient12_window16s_stride1s-epo,delta
4986,-0.0014160959365630158,patient12_window16s_stride1s-epo,delta
4987,-0.0004354531701634575,patient12_window16s_stride1s-epo,delta
4988,0.0002755141152761372,patient12_window16s_stride1s-epo,delta
4989,-0.0003767658083548982,patient12_window16s_stride1s-epo,delta
4990,0.0007112053715299457,patient12_window16s_stride1s-epo,delta
4991,-0.000911808547062356,patient12_window16s_stride1s-epo,delta
4992,-0.0002048352452163154,patient12_window16s_stride1s-epo,delta
4993,0.00019052000656605877,patient12_window16s_stride1s-epo,delta
4994,0.00047479544911386906,patient12_window16s_stride1s-epo,delta
4995,0.0006859922100742135,patient12_window16s_stride1s-epo,delta
4996,0.00011000964381877643,patient12_window16s_stride1s-epo,delta
4997,-4.915050671190242e-05,patient12_window16s_stride1s-epo,delta
4998,-0.00039076696870451327,patient12_window16s_stride1s-epo,delta
4999,-3.94203674566222e-05,patient12_window16s_stride1s-epo,delta
5000,0.0008698410462032423,patient12_window16s_stride1s-epo,delta
5001,0.0010719242543245084,patient12_window16s_stride1s-epo,delta
5002,0.0012872964382625784,patient12_window16s_stride1s-epo,delta
5003,0.001276784212693267,patient12_window16s_stride1s-epo,delta
5004,0.0011093643698954663,patient12_window16s_stride1s-epo,delta
5005,0.0023199839774159237,patient12_window16s_stride1s-epo,delta
5006,0.0019375606779188281,patient12_window16s_stride1s-epo,delta
5007,0.00197101456292485,patient12_window16s_stride1s-epo,delta
5008,0.0021190058014014706,patient12_window16s_stride1s-epo,delta
5009,0.001819497107366204,patient12_window16s_stride1s-epo,delta
5010,0.0017952653023721973,patient12_window16s_stride1s-epo,delta
5011,0.0027755584939439973,patient12_window16s_stride1s-epo,delta
5012,0.0014850823381343584,patient12_window16s_stride1s-epo,delta
5013,0.0017355199243474452,patient12_window16s_stride1s-epo,delta
5014,0.0016026210566280525,patient12_window16s_stride1s-epo,delta
5015,0.002017250786843034,patient12_window16s_stride1s-epo,delta
5016,0.0010881820689999508,patient12_window16s_stride1s-epo,delta
5017,0.0010042980335070752,patient12_window16s_stride1s-epo,delta
5018,0.0006712842281415691,patient12_window16s_stride1s-epo,delta
5019,0.0016250508525194266,patient12_window16s_stride1s-epo,delta
5020,0.0017361362016806707,patient12_window16s_stride1s-epo,delta
5021,0.000663534309579635,patient12_window16s_stride1s-epo,delta
5022,0.0007765419018028026,patient12_window16s_stride1s-epo,delta
5023,-1.0381719047865808e-05,patient12_window16s_stride1s-epo,delta
5024,0.0008675809930954129,patient12_window16s_stride1s-epo,delta
5025,0.0004231790618406824,patient12_window16s_stride1s-epo,delta
5026,0.001446437782645034,patient12_window16s_stride1s-epo,delta
5027,0.001625451026224143,patient12_window16s_stride1s-epo,delta
5028,0.0018246805434734554,patient12_window16s_stride1s-epo,delta
5029,0.0020725277876859276,patient12_window16s_stride1s-epo,delta
5030,0.0007674530597978288,patient12_window16s_stride1s-epo,delta
5031,0.0016217452717318997,patient12_window16s_stride1s-epo,delta
5032,0.0015941469402828666,patient12_window16s_stride1s-epo,delta
5033,0.0016211904490447725,patient12_window16s_stride1s-epo,delta
5034,0.0011172260625747176,patient12_window16s_stride1s-epo,delta
5035,0.0012080168309113622,patient12_window16s_stride1s-epo,delta
5036,0.0010208739836312555,patient12_window16s_stride1s-epo,delta
5037,0.0011034030093156732,patient12_window16s_stride1s-epo,delta
5038,0.001035654457000478,patient12_window16s_stride1s-epo,delta
5039,-0.00045407703938114705,patient12_window16s_stride1s-epo,delta
5040,-2.3471977644723016e-05,patient12_window16s_stride1s-epo,delta
5041,-3.4033947280221485e-05,patient12_window16s_stride1s-epo,delta
5042,0.00021808022346293994,patient12_window16s_stride1s-epo,delta
5043,0.0007749267633003692,patient12_window16s_stride1s-epo,delta
5044,0.0015166919022422721,patient12_window16s_stride1s-epo,delta
5045,0.0014613697149858337,patient12_window16s_stride1s-epo,delta
5046,0.0013174471621964763,patient12_window16s_stride1s-epo,delta
5047,0.00036663575992489957,patient12_window16s_stride1s-epo,delta
5048,0.000734910860650305,patient12_window16s_stride1s-epo,delta
5049,-0.0006853542775124812,patient12_window16s_stride1s-epo,delta
5050,-0.0011413026048531312,patient12_window16s_stride1s-epo,delta
5051,-0.0007489063824745601,patient12_window16s_stride1s-epo,delta
5052,-0.00186367920758444,patient12_window16s_stride1s-epo,delta
5053,-0.0008146124831860782,patient12_window16s_stride1s-epo,delta
5054,-8.237256453403217e-05,patient12_window16s_stride1s-epo,delta
5055,0.00012950094003767794,patient12_window16s_stride1s-epo,delta
5056,-0.000418214634108625,patient12_window16s_stride1s-epo,delta
5057,-8.455814182412354e-05,patient12_window16s_stride1s-epo,delta
5058,-0.001149679221219382,patient12_window16s_stride1s-epo,delta
5059,-0.00018862598758305447,patient12_window16s_stride1s-epo,delta
5060,-0.0008200238661936522,patient12_window16s_stride1s-epo,delta
5061,-0.0013676624919939204,patient12_window16s_stride1s-epo,delta
5062,-0.0018164124413436933,patient12_window16s_stride1s-epo,delta
5063,-0.002146960528377478,patient12_window16s_stride1s-epo,delta
5064,-0.0023574236276847193,patient12_window16s_stride1s-epo,delta
5065,-0.00021808601556557713,patient12_window16s_stride1s-epo,delta
5066,9.444854205261917e-06,patient12_window16s_stride1s-epo,delta
5067,8.838447895011431e-05,patient12_window16s_stride1s-epo,delta
5068,0.00044564641052507217,patient12_window16s_stride1s-epo,delta
5069,-0.00038939523147301253,patient12_window16s_stride1s-epo,delta
5070,-0.00106727253343884,patient12_window16s_stride1s-epo,delta
5071,-0.0009377088628322349,patient12_window16s_stride1s-epo,delta
5072,-0.0014926738459176629,patient12_window16s_stride1s-epo,delta
5073,-0.0018275227981294688,patient12_window16s_stride1s-epo,delta
5074,-0.002222847773088237,patient12_window16s_stride1s-epo,delta
5075,-0.0016247785003417473,patient12_window16s_stride1s-epo,delta
5076,-0.0007702072424634786,patient12_window16s_stride1s-epo,delta
5077,-0.00015968132291638436,patient12_window16s_stride1s-epo,delta
5078,-0.0012295457755489717,patient12_window16s_stride1s-epo,delta
5079,0.001020336151984756,patient12_window16s_stride1s-epo,delta
5080,0.0010771676213815306,patient12_window16s_stride1s-epo,delta
5081,-0.0005878793272077338,patient12_window16s_stride1s-epo,delta
5082,-0.0004977226015433176,patient12_window16s_stride1s-epo,delta
5083,-0.0014381682961987876,patient12_window16s_stride1s-epo,delta
5084,-0.0018862863179869077,patient12_window16s_stride1s-epo,delta
5085,-0.0020190424266619132,patient12_window16s_stride1s-epo,delta
5086,-0.0014842771974673524,patient12_window16s_stride1s-epo,delta
5087,-0.0014619002973737106,patient12_window16s_stride1s-epo,delta
5088,-0.0014220737245949182,patient12_window16s_stride1s-epo,delta
5089,-0.0019039276236998835,patient12_window16s_stride1s-epo,delta
5090,-0.002069556929714741,patient12_window16s_stride1s-epo,delta
5091,-0.0018040014417154881,patient12_window16s_stride1s-epo,delta
5092,-0.0013165616226925533,patient12_window16s_stride1s-epo,delta
5093,-0.000580049340371354,patient12_window16s_stride1s-epo,delta
5094,-0.001076746778103167,patient12_window16s_stride1s-epo,delta
5095,-0.0009151656253715967,patient12_window16s_stride1s-epo,delta
5096,-0.0012858086471111154,patient12_window16s_stride1s-epo,delta
5097,-0.002108642819571101,patient12_window16s_stride1s-epo,delta
5098,-0.0013406977160275795,patient12_window16s_stride1s-epo,delta
5099,-0.00047989597642092923,patient12_window16s_stride1s-epo,delta
5100,-0.0004923921412387681,patient12_window16s_stride1s-epo,delta
5101,-0.0002887483848080592,patient12_window16s_stride1s-epo,delta
5102,0.000983866938026,patient12_window16s_stride1s-epo,delta
5103,0.0011547257660711706,patient12_window16s_stride1s-epo,delta
5104,0.0013486233771992544,patient12_window16s_stride1s-epo,delta
5105,0.0011066880291886697,patient12_window16s_stride1s-epo,delta
5106,0.001034607158829477,patient12_window16s_stride1s-epo,delta
5107,0.0012993403212818526,patient12_window16s_stride1s-epo,delta
5108,0.0004266851515013932,patient12_window16s_stride1s-epo,delta
5109,0.0010592549713688974,patient12_window16s_stride1s-epo,delta
5110,0.0011348316731982504,patient12_window16s_stride1s-epo,delta
5111,0.0017510674468623466,patient12_window16s_stride1s-epo,delta
5112,0.0006923561262314822,patient12_window16s_stride1s-epo,delta
5113,0.0015555853761019312,patient12_window16s_stride1s-epo,delta
5114,0.0015119070111593398,patient12_window16s_stride1s-epo,delta
5115,0.0010284712008223264,patient12_window16s_stride1s-epo,delta
5116,0.001249360615264346,patient12_window16s_stride1s-epo,delta
5117,0.00044287582239195864,patient12_window16s_stride1s-epo,delta
5118,0.0007755727960777611,patient12_window16s_stride1s-epo,delta
5119,0.0005898482931087377,patient12_window16s_stride1s-epo,delta
5120,-0.00044943377797434494,patient12_window16s_stride1s-epo,delta
5121,-0.0003157945912185286,patient12_window16s_stride1s-epo,delta
5122,-0.001298189632610193,patient12_window16s_stride1s-epo,delta
5123,-0.001969441732110081,patient12_window16s_stride1s-epo,delta
5124,-0.0012912916118086757,patient12_window16s_stride1s-epo,delta
5125,-0.0019409193072620126,patient12_window16s_stride1s-epo,delta
5126,-0.0022595691819635075,patient12_window16s_stride1s-epo,delta
5127,-0.002839400928393987,patient12_window16s_stride1s-epo,delta
5128,-0.002883503997462759,patient12_window16s_stride1s-epo,delta
5129,-0.0019979095591583238,patient12_window16s_stride1s-epo,delta
5130,-0.0019769492480661943,patient12_window16s_stride1s-epo,delta
5131,-0.0021415124773843967,patient12_window16s_stride1s-epo,delta
5132,-0.0017754652209392306,patient12_window16s_stride1s-epo,delta
5133,-0.001871609102944914,patient12_window16s_stride1s-epo,delta
5134,-0.0020838827578530694,patient12_window16s_stride1s-epo,delta
5135,-0.0026921569051574067,patient12_window16s_stride1s-epo,delta
5136,-0.0014492428089489806,patient12_window16s_stride1s-epo,delta
5137,-0.001703709338122488,patient12_window16s_stride1s-epo,delta
5138,-0.0013110275130191794,patient12_window16s_stride1s-epo,delta
5139,-0.0015048249125928718,patient12_window16s_stride1s-epo,delta
5140,-0.001102475098895336,patient12_window16s_stride1s-epo,delta
5141,-0.00041106190923252423,patient12_window16s_stride1s-epo,delta
5142,-0.0005756001603705793,patient12_window16s_stride1s-epo,delta
5143,0.0006089409944852455,patient12_window16s_stride1s-epo,delta
5144,-0.00042613429566342137,patient12_window16s_stride1s-epo,delta
5145,-0.001114924177847765,patient12_window16s_stride1s-epo,delta
5146,-0.0014512604899143907,patient12_window16s_stride1s-epo,delta
5147,-0.001346602096411206,patient12_window16s_stride1s-epo,delta
5148,-0.0020362904970455753,patient12_window16s_stride1s-epo,delta
5149,-0.0024932678707367873,patient12_window16s_stride1s-epo,delta
5150,-0.0020280659477964666,patient12_window16s_stride1s-epo,delta
5151,-0.0014556895170268426,patient12_window16s_stride1s-epo,delta
5152,-0.000869129259228074,patient12_window16s_stride1s-epo,delta
5153,-0.0005815653189909552,patient12_window16s_stride1s-epo,delta
5154,4.813593814383386e-05,patient12_window16s_stride1s-epo,delta
5155,0.0002966252193924264,patient12_window16s_stride1s-epo,delta
5156,-6.615447103762408e-05,patient12_window16s_stride1s-epo,delta
5157,0.0007882584308459779,patient12_window16s_stride1s-epo,delta
5158,6.534080847236361e-05,patient12_window16s_stride1s-epo,delta
5159,9.707773450832064e-05,patient12_window16s_stride1s-epo,delta
5160,-4.490970083260677e-05,patient12_window16s_stride1s-epo,delta
5161,0.0001381132494857124,patient12_window16s_stride1s-epo,delta
5162,-0.00010982739378314046,patient12_window16s_stride1s-epo,delta
5163,0.00016871794002298995,patient12_window16s_stride1s-epo,delta
5164,3.4359310294764287e-06,patient12_window16s_stride1s-epo,delta
5165,-0.0003036744710136483,patient12_window16s_stride1s-epo,delta
5166,0.0004710626929100583,patient12_window16s_stride1s-epo,delta
5167,-0.00010660412156489901,patient12_window16s_stride1s-epo,delta
5168,-0.00013842351602135782,patient12_window16s_stride1s-epo,delta
5169,0.0008145273202152039,patient12_window16s_stride1s-epo,delta
5170,0.0006508884141832138,patient12_window16s_stride1s-epo,delta
5171,0.0008873671881393086,patient12_window16s_stride1s-epo,delta
5172,0.0012296327486964645,patient12_window16s_stride1s-epo,delta
5173,0.0003333615184895783,patient12_window16s_stride1s-epo,delta
5174,0.0010555773330306628,patient12_window16s_stride1s-epo,delta
5175,0.0012057518767604033,patient12_window16s_stride1s-epo,delta
5176,0.0011096995266083377,patient12_window16s_stride1s-epo,delta
5177,0.001016697823731973,patient12_window16s_stride1s-epo,delta
5178,0.0013542312997684989,patient12_window16s_stride1s-epo,delta
5179,-5.5297454272171064e-05,patient12_window16s_stride1s-epo,delta
5180,0.000761470105317506,patient12_window16s_stride1s-epo,delta
5181,0.0009827405726511916,patient12_window16s_stride1s-epo,delta
5182,0.001528919978811726,patient12_window16s_stride1s-epo,delta
5183,0.0015859263191576576,patient12_window16s_stride1s-epo,delta
5184,0.0017315212973292955,patient12_window16s_stride1s-epo,delta
5185,0.0012476417423582784,patient12_window16s_stride1s-epo,delta
5186,0.002241943855054001,patient12_window16s_stride1s-epo,delta
5187,0.002325643732901213,patient12_window16s_stride1s-epo,delta
5188,0.002845011080295216,patient12_window16s_stride1s-epo,delta
5189,0.002187520086602812,patient12_window16s_stride1s-epo,delta
5190,0.0026809918252806686,patient12_window16s_stride1s-epo,delta
5191,0.002345031198716533,patient12_window16s_stride1s-epo,delta
5192,0.00472700864734078,patient12_window16s_stride1s-epo,delta
5193,0.0062418799215093095,patient12_window16s_stride1s-epo,delta
5194,0.005641045476200065,patient12_window16s_stride1s-epo,delta
5195,0.005769603153096743,patient12_window16s_stride1s-epo,delta
5196,0.00588546408179114,patient12_window16s_stride1s-epo,delta
5197,0.006280887386176131,patient12_window16s_stride1s-epo,delta
5198,0.005808462684466343,patient12_window16s_stride1s-epo,delta
5199,0.0047444336297906165,patient12_window16s_stride1s-epo,delta
5200,0.004928556041044437,patient12_window16s_stride1s-epo,delta
5201,0.00551981142354758,patient12_window16s_stride1s-epo,delta
5202,0.004243034066459786,patient12_window16s_stride1s-epo,delta
5203,0.004040649347728836,patient12_window16s_stride1s-epo,delta
5204,0.0037773974529937892,patient12_window16s_stride1s-epo,delta
5205,0.002991064198605576,patient12_window16s_stride1s-epo,delta
5206,0.003559087643089478,patient12_window16s_stride1s-epo,delta
5207,0.001976097776337159,patient12_window16s_stride1s-epo,delta
5208,0.0012995830304062162,patient12_window16s_stride1s-epo,delta
5209,0.0006007403563506332,patient12_window16s_stride1s-epo,delta
5210,0.0010319117774622705,patient12_window16s_stride1s-epo,delta
5211,0.0017716948878922175,patient12_window16s_stride1s-epo,delta
5212,0.003254599614469657,patient12_window16s_stride1s-epo,delta
5213,0.0015420397031351096,patient12_window16s_stride1s-epo,delta
5214,0.002265258355948943,patient12_window16s_stride1s-epo,delta
5215,0.0021499895025918836,patient12_window16s_stride1s-epo,delta
5216,0.0017379048123943536,patient12_window16s_stride1s-epo,delta
5217,0.0020662544294471415,patient12_window16s_stride1s-epo,delta
5218,0.002472641103382266,patient12_window16s_stride1s-epo,delta
5219,0.0008697212329513106,patient12_window16s_stride1s-epo,delta
5220,0.0011797379213185865,patient12_window16s_stride1s-epo,delta
5221,0.002012184815528966,patient12_window16s_stride1s-epo,delta
5222,0.0024478771487567927,patient12_window16s_stride1s-epo,delta
5223,0.0027466198242243407,patient12_window16s_stride1s-epo,delta
5224,0.0019486337891815569,patient12_window16s_stride1s-epo,delta
5225,0.000998397865549336,patient12_window16s_stride1s-epo,delta
5226,0.0005836389121000176,patient12_window16s_stride1s-epo,delta
5227,0.0010349214186524244,patient12_window16s_stride1s-epo,delta
5228,0.001395244500014321,patient12_window16s_stride1s-epo,delta
5229,0.001525785909837392,patient12_window16s_stride1s-epo,delta
5230,0.0016358589697413807,patient12_window16s_stride1s-epo,delta
5231,0.001339722984668929,patient12_window16s_stride1s-epo,delta
5232,0.0012413196073379985,patient12_window16s_stride1s-epo,delta
5233,0.0017291059078453153,patient12_window16s_stride1s-epo,delta
5234,0.0011204857310421292,patient12_window16s_stride1s-epo,delta
5235,-0.0003573114377121509,patient12_window16s_stride1s-epo,delta
5236,-0.00016438987170497817,patient12_window16s_stride1s-epo,delta
5237,0.00019819659012650662,patient12_window16s_stride1s-epo,delta
5238,-0.000478374806716143,patient12_window16s_stride1s-epo,delta
5239,-0.00012139817030744358,patient12_window16s_stride1s-epo,delta
5240,0.0008054623638589358,patient12_window16s_stride1s-epo,delta
5241,0.0017863151555455297,patient12_window16s_stride1s-epo,delta
5242,0.0006243758624670487,patient12_window16s_stride1s-epo,delta
5243,0.0014655444622022364,patient12_window16s_stride1s-epo,delta
5244,0.0006222512540500078,patient12_window16s_stride1s-epo,delta
5245,0.0006937903924995526,patient12_window16s_stride1s-epo,delta
5246,-0.0008866697828001668,patient12_window16s_stride1s-epo,delta
5247,-0.0016413635499759696,patient12_window16s_stride1s-epo,delta
5248,-0.0018321022954997496,patient12_window16s_stride1s-epo,delta
5249,-0.0024231558527593915,patient12_window16s_stride1s-epo,delta
5250,-0.0033223651076668336,patient12_window16s_stride1s-epo,delta
5251,-0.001345835385996486,patient12_window16s_stride1s-epo,delta
5252,-0.0016538649982659457,patient12_window16s_stride1s-epo,delta
5253,-0.0016007815295768783,patient12_window16s_stride1s-epo,delta
5254,-0.0013339110795945613,patient12_window16s_stride1s-epo,delta
5255,-0.0013408477305480303,patient12_window16s_stride1s-epo,delta
5256,-0.0019076620141717548,patient12_window16s_stride1s-epo,delta
5257,-0.0013359147713136246,patient12_window16s_stride1s-epo,delta
5258,-0.000811908854090348,patient12_window16s_stride1s-epo,delta
5259,-0.001277982497819632,patient12_window16s_stride1s-epo,delta
5260,-0.0010507459800519086,patient12_window16s_stride1s-epo,delta
5261,-0.0008946848026456737,patient12_window16s_stride1s-epo,delta
5262,-0.0008236873545614798,patient12_window16s_stride1s-epo,delta
5263,-0.0013072204632554492,patient12_window16s_stride1s-epo,delta
5264,-0.001861562124956319,patient12_window16s_stride1s-epo,delta
5265,-0.000575909301967845,patient12_window16s_stride1s-epo,delta
5266,0.0014802512036706998,patient12_window16s_stride1s-epo,delta
5267,0.0014655933419920968,patient12_window16s_stride1s-epo,delta
5268,0.0016937929682833374,patient12_window16s_stride1s-epo,delta
5269,0.0018484146071857694,patient12_window16s_stride1s-epo,delta
5270,0.0020904227818252944,patient12_window16s_stride1s-epo,delta
5271,0.0021356713752482396,patient12_window16s_stride1s-epo,delta
5272,0.0016817991228386224,patient12_window16s_stride1s-epo,delta
5273,0.0004939603820357188,patient12_window16s_stride1s-epo,delta
5274,0.0001734835227568563,patient12_window16s_stride1s-epo,delta
5275,0.0013027183891218032,patient12_window16s_stride1s-epo,delta
5276,0.0010331879359708803,patient12_window16s_stride1s-epo,delta
5277,0.001211276359324219,patient12_window16s_stride1s-epo,delta
5278,0.0022876542720994325,patient12_window16s_stride1s-epo,delta
5279,0.0022384718760037805,patient12_window16s_stride1s-epo,delta
5280,0.0020535225359060555,patient12_window16s_stride1s-epo,delta
5281,0.0013784596824920775,patient12_window16s_stride1s-epo,delta
5282,0.0011229563958961685,patient12_window16s_stride1s-epo,delta
5283,0.0001943897478688302,patient12_window16s_stride1s-epo,delta
5284,0.0011763959319244762,patient12_window16s_stride1s-epo,delta
5285,0.0009877422681848881,patient12_window16s_stride1s-epo,delta
5286,0.0013287320546358954,patient12_window16s_stride1s-epo,delta
5287,0.0019307881790793112,patient12_window16s_stride1s-epo,delta
5288,0.0015602311555079056,patient12_window16s_stride1s-epo,delta
5289,0.0013026477013929063,patient12_window16s_stride1s-epo,delta
5290,0.0008892614511258378,patient12_window16s_stride1s-epo,delta
5291,0.0005850955497296124,patient12_window16s_stride1s-epo,delta
5292,2.4378500101729277e-05,patient12_window16s_stride1s-epo,delta
5293,0.00031748220853291626,patient12_window16s_stride1s-epo,delta
5294,4.247430721041775e-05,patient12_window16s_stride1s-epo,delta
5295,0.000383951161991923,patient12_window16s_stride1s-epo,delta
5296,0.00116818698191254,patient12_window16s_stride1s-epo,delta
5297,0.002104354270504638,patient12_window16s_stride1s-epo,delta
5298,0.0008500657261532721,patient12_window16s_stride1s-epo,delta
5299,0.0012686842415315434,patient12_window16s_stride1s-epo,delta
5300,0.0013359761246144093,patient12_window16s_stride1s-epo,delta
5301,0.0022947133541824584,patient12_window16s_stride1s-epo,delta
5302,0.0017908901077785247,patient12_window16s_stride1s-epo,delta
5303,0.0015131063715692098,patient12_window16s_stride1s-epo,delta
5304,0.002668853884248875,patient12_window16s_stride1s-epo,delta
5305,0.0022994040865342673,patient12_window16s_stride1s-epo,delta
5306,0.0004196716168053231,patient12_window16s_stride1s-epo,delta
5307,-0.00013261693422468744,patient12_window16s_stride1s-epo,delta
5308,-0.0002819830674851717,patient12_window16s_stride1s-epo,delta
5309,-0.0006140057377642631,patient12_window16s_stride1s-epo,delta
5310,-0.0003240825066308482,patient12_window16s_stride1s-epo,delta
5311,-0.0005740112359731471,patient12_window16s_stride1s-epo,delta
5312,-0.0013365543004046682,patient12_window16s_stride1s-epo,delta
5313,-0.0009465641858984509,patient12_window16s_stride1s-epo,delta
5314,-0.0005324163830661142,patient12_window16s_stride1s-epo,delta
5315,0.0007159560954747567,patient12_window16s_stride1s-epo,delta
5316,0.00023394814717823804,patient12_window16s_stride1s-epo,delta
5317,0.0004570288006293291,patient12_window16s_stride1s-epo,delta
5318,0.0006749840477718021,patient12_window16s_stride1s-epo,delta
5319,0.0007048006543723998,patient12_window16s_stride1s-epo,delta
5320,1.0204017791540211e-05,patient12_window16s_stride1s-epo,delta
5321,0.0007194831081933408,patient12_window16s_stride1s-epo,delta
5322,0.001763256382922291,patient12_window16s_stride1s-epo,delta
5323,0.0020311174006635143,patient12_window16s_stride1s-epo,delta
5324,0.0011989444588095472,patient12_window16s_stride1s-epo,delta
5325,0.0014426049880769643,patient12_window16s_stride1s-epo,delta
5326,0.0017042861337900946,patient12_window16s_stride1s-epo,delta
5327,0.0025424021975626546,patient12_window16s_stride1s-epo,delta
5328,0.0019138807589119426,patient12_window16s_stride1s-epo,delta
5329,0.002257988188151077,patient12_window16s_stride1s-epo,delta
5330,0.0022938990903366707,patient12_window16s_stride1s-epo,delta
5331,0.0016868661346760925,patient12_window16s_stride1s-epo,delta
5332,0.0004666696679277563,patient12_window16s_stride1s-epo,delta
5333,0.0006927020919329688,patient12_window16s_stride1s-epo,delta
5334,0.0016022445949951988,patient12_window16s_stride1s-epo,delta
5335,0.0005360358905344028,patient12_window16s_stride1s-epo,delta
5336,0.0016783171760029602,patient12_window16s_stride1s-epo,delta
5337,0.0012413529760537873,patient12_window16s_stride1s-epo,delta
5338,-5.209558269126079e-05,patient12_window16s_stride1s-epo,delta
5339,-0.0003069480177964696,patient12_window16s_stride1s-epo,delta
5340,6.975830590863568e-05,patient12_window16s_stride1s-epo,delta
5341,8.738909846503959e-05,patient12_window16s_stride1s-epo,delta
5342,0.00016123094815448724,patient12_window16s_stride1s-epo,delta
5343,-0.00011797613590394402,patient12_window16s_stride1s-epo,delta
5344,-0.000820384313021489,patient12_window16s_stride1s-epo,delta
5345,-0.00011562580351126842,patient12_window16s_stride1s-epo,delta
5346,-0.0013702948916440962,patient12_window16s_stride1s-epo,delta
5347,-0.0004754908331315306,patient12_window16s_stride1s-epo,delta
5348,-0.0009400572826053969,patient12_window16s_stride1s-epo,delta
5349,-0.00023870962796552036,patient12_window16s_stride1s-epo,delta
5350,-0.0003151837212672289,patient12_window16s_stride1s-epo,delta
5351,-0.001163016348765803,patient12_window16s_stride1s-epo,delta
5352,-0.00113502540293734,patient12_window16s_stride1s-epo,delta
5353,-0.0011401657012148382,patient12_window16s_stride1s-epo,delta
5354,0.0009635094304290936,patient12_window16s_stride1s-epo,delta
5355,0.0015185903009546,patient12_window16s_stride1s-epo,delta
5356,0.001063787414668538,patient12_window16s_stride1s-epo,delta
5357,0.0005357849206684783,patient12_window16s_stride1s-epo,delta
5358,-0.0001345929345411074,patient12_window16s_stride1s-epo,delta
5359,0.00015182489748692495,patient12_window16s_stride1s-epo,delta
5360,-0.00023564698187313746,patient12_window16s_stride1s-epo,delta
5361,-1.2125758226733842e-05,patient12_window16s_stride1s-epo,delta
5362,6.85732176460386e-05,patient12_window16s_stride1s-epo,delta
5363,-0.00019563058034192834,patient12_window16s_stride1s-epo,delta
5364,-0.0002041626807416656,patient12_window16s_stride1s-epo,delta
5365,-0.0003287691324903478,patient12_window16s_stride1s-epo,delta
5366,-0.0012409743149083925,patient12_window16s_stride1s-epo,delta
5367,-0.00044186342368801346,patient12_window16s_stride1s-epo,delta
5368,-0.00034965165672087877,patient12_window16s_stride1s-epo,delta
5369,0.0016704009914198415,patient12_window16s_stride1s-epo,delta
5370,0.00022955181175257367,patient12_window16s_stride1s-epo,delta
5371,0.0013621626345227788,patient12_window16s_stride1s-epo,delta
5372,0.0013047811835437155,patient12_window16s_stride1s-epo,delta
5373,0.0020415575605265035,patient12_window16s_stride1s-epo,delta
5374,0.002437521147481825,patient12_window16s_stride1s-epo,delta
5375,0.003696474818751197,patient12_window16s_stride1s-epo,delta
5376,0.003949219760330098,patient12_window16s_stride1s-epo,delta
5377,0.0024441341978412344,patient12_window16s_stride1s-epo,delta
5378,0.003500615300333413,patient12_window16s_stride1s-epo,delta
5379,0.0030997596770415818,patient12_window16s_stride1s-epo,delta
5380,0.003371746823539055,patient12_window16s_stride1s-epo,delta
5381,0.003214281022993956,patient12_window16s_stride1s-epo,delta
5382,0.0024119698587731163,patient12_window16s_stride1s-epo,delta
5383,0.0026068802829672362,patient12_window16s_stride1s-epo,delta
5384,0.0011556846418113733,patient12_window16s_stride1s-epo,delta
5385,0.00023900685405350364,patient12_window16s_stride1s-epo,delta
5386,0.00040254618391879376,patient12_window16s_stride1s-epo,delta
5387,8.99937597529119e-05,patient12_window16s_stride1s-epo,delta
5388,0.0006246159678744494,patient12_window16s_stride1s-epo,delta
5389,0.0010105800195546594,patient12_window16s_stride1s-epo,delta
5390,0.0022820269473186813,patient12_window16s_stride1s-epo,delta
5391,0.0026337327628079064,patient12_window16s_stride1s-epo,delta
5392,0.002565123942275987,patient12_window16s_stride1s-epo,delta
5393,0.0011823329202659018,patient12_window16s_stride1s-epo,delta
5394,0.0022238494572224244,patient12_window16s_stride1s-epo,delta
5395,0.0025761822602194113,patient12_window16s_stride1s-epo,delta
5396,0.0020995993841147003,patient12_window16s_stride1s-epo,delta
5397,0.0021074264598355775,patient12_window16s_stride1s-epo,delta
5398,0.0030741805360901247,patient12_window16s_stride1s-epo,delta
5399,0.0035541998989328232,patient12_window16s_stride1s-epo,delta
5400,0.0030155809373320695,patient12_window16s_stride1s-epo,delta
5401,0.003857837357062797,patient12_window16s_stride1s-epo,delta
5402,0.0053667454846046915,patient12_window16s_stride1s-epo,delta
5403,0.0035236848720582646,patient12_window16s_stride1s-epo,delta
5404,0.0038360543319122865,patient12_window16s_stride1s-epo,delta
5405,0.003557253151200778,patient12_window16s_stride1s-epo,delta
5406,0.0033557240938869412,patient12_window16s_stride1s-epo,delta
5407,0.002188093954129318,patient12_window16s_stride1s-epo,delta
5408,0.002134420047917473,patient12_window16s_stride1s-epo,delta
5409,0.0025923674543043237,patient12_window16s_stride1s-epo,delta
5410,0.002388101114742688,patient12_window16s_stride1s-epo,delta
5411,0.0012143115410085436,patient12_window16s_stride1s-epo,delta
5412,0.0006838568402879457,patient12_window16s_stride1s-epo,delta
5413,0.0016450602275323702,patient12_window16s_stride1s-epo,delta
5414,0.0007683038680906695,patient12_window16s_stride1s-epo,delta
5415,0.0006704918238909357,patient12_window16s_stride1s-epo,delta
5416,0.0003601885994654571,patient12_window16s_stride1s-epo,delta
5417,0.001240951752658026,patient12_window16s_stride1s-epo,delta
5418,0.0007752707486085932,patient12_window16s_stride1s-epo,delta
5419,0.0007584993504278285,patient12_window16s_stride1s-epo,delta
5420,0.0008525556551518279,patient12_window16s_stride1s-epo,delta
5421,0.0015936796220962406,patient12_window16s_stride1s-epo,delta
5422,0.0005003583013503605,patient12_window16s_stride1s-epo,delta
5423,0.00038799392432782885,patient12_window16s_stride1s-epo,delta
5424,0.0005395070269449746,patient12_window16s_stride1s-epo,delta
5425,0.00040060034292159274,patient12_window16s_stride1s-epo,delta
5426,-0.00019104250113450013,patient12_window16s_stride1s-epo,delta
5427,-0.0005587764550916127,patient12_window16s_stride1s-epo,delta
5428,0.0006884937202585893,patient12_window16s_stride1s-epo,delta
5429,0.0007818281010383707,patient12_window16s_stride1s-epo,delta
5430,0.00013968659746163112,patient12_window16s_stride1s-epo,delta
5431,0.00013634200620310993,patient12_window16s_stride1s-epo,delta
5432,0.00014101471793505569,patient12_window16s_stride1s-epo,delta
5433,0.0002589902276754859,patient12_window16s_stride1s-epo,delta
5434,-0.0006782596875389231,patient12_window16s_stride1s-epo,delta
5435,-0.0005405314275767675,patient12_window16s_stride1s-epo,delta
5436,-0.00012027374883570975,patient12_window16s_stride1s-epo,delta
5437,-0.0003347752202839305,patient12_window16s_stride1s-epo,delta
5438,-0.0006639183403745834,patient12_window16s_stride1s-epo,delta
5439,-6.818898226304528e-05,patient12_window16s_stride1s-epo,delta
5440,0.0006762644450140641,patient12_window16s_stride1s-epo,delta
5441,0.00035246183288684525,patient12_window16s_stride1s-epo,delta
5442,0.0014216896826097394,patient12_window16s_stride1s-epo,delta
5443,0.00200875821067201,patient12_window16s_stride1s-epo,delta
5444,0.0009693015256370284,patient12_window16s_stride1s-epo,delta
5445,0.00032183257790213763,patient12_window16s_stride1s-epo,delta
5446,0.0008058246466851015,patient12_window16s_stride1s-epo,delta
5447,0.0006912174729407628,patient12_window16s_stride1s-epo,delta
5448,-7.08619237637323e-05,patient12_window16s_stride1s-epo,delta
5449,-0.000498568620832379,patient12_window16s_stride1s-epo,delta
5450,0.0002505657322639018,patient12_window16s_stride1s-epo,delta
5451,-0.000603160442413091,patient12_window16s_stride1s-epo,delta
5452,0.00014111506156894865,patient12_window16s_stride1s-epo,delta
5453,0.0003721551691151371,patient12_window16s_stride1s-epo,delta
5454,0.0006412244456886988,patient12_window16s_stride1s-epo,delta
5455,1.716721949107703e-05,patient12_window16s_stride1s-epo,delta
5456,-0.00038539575181383744,patient12_window16s_stride1s-epo,delta
5457,0.0003579584509962192,patient12_window16s_stride1s-epo,delta
5458,-0.00014075129767667137,patient12_window16s_stride1s-epo,delta
5459,0.0002645013545186831,patient12_window16s_stride1s-epo,delta
5460,0.00045438224078511247,patient12_window16s_stride1s-epo,delta
5461,-4.454330972872052e-05,patient12_window16s_stride1s-epo,delta
5462,0.00011434774117665942,patient12_window16s_stride1s-epo,delta
5463,0.0010437808851211788,patient12_window16s_stride1s-epo,delta
5464,0.001250475850215392,patient12_window16s_stride1s-epo,delta
5465,0.0011672424658930524,patient12_window16s_stride1s-epo,delta
5466,0.0016889702839147475,patient12_window16s_stride1s-epo,delta
5467,0.000550129012170489,patient12_window16s_stride1s-epo,delta
5468,0.0016111561121503679,patient12_window16s_stride1s-epo,delta
5469,0.00048567481134254904,patient12_window16s_stride1s-epo,delta
5470,6.50693759515917e-05,patient12_window16s_stride1s-epo,delta
5471,0.0007931514219173416,patient12_window16s_stride1s-epo,delta
5472,0.00012602083982473473,patient12_window16s_stride1s-epo,delta
5473,-0.0008338029364291441,patient12_window16s_stride1s-epo,delta
5474,-0.001228945193637366,patient12_window16s_stride1s-epo,delta
5475,-0.001083965210735965,patient12_window16s_stride1s-epo,delta
5476,-0.0005895254506368017,patient12_window16s_stride1s-epo,delta
5477,-0.0004938176921999595,patient12_window16s_stride1s-epo,delta
5478,-0.00021735164837824214,patient12_window16s_stride1s-epo,delta
5479,-0.00092659350474015,patient12_window16s_stride1s-epo,delta
5480,-0.0014541011984283043,patient12_window16s_stride1s-epo,delta
5481,-0.001167643197309808,patient12_window16s_stride1s-epo,delta
5482,-0.0005995693902428787,patient12_window16s_stride1s-epo,delta
5483,-0.0005125661098862493,patient12_window16s_stride1s-epo,delta
5484,-0.0002865709478158605,patient12_window16s_stride1s-epo,delta
5485,-0.0006963578593917834,patient12_window16s_stride1s-epo,delta
5486,-0.0011161526129585624,patient12_window16s_stride1s-epo,delta
5487,-0.0013564579626174217,patient12_window16s_stride1s-epo,delta
5488,-0.000212222147423463,patient12_window16s_stride1s-epo,delta
5489,0.000249750030282398,patient12_window16s_stride1s-epo,delta
5490,0.0006664554878228147,patient12_window16s_stride1s-epo,delta
5491,-0.00011237919629639395,patient12_window16s_stride1s-epo,delta
5492,0.00028817366322814495,patient12_window16s_stride1s-epo,delta
5493,0.0003701171187972412,patient12_window16s_stride1s-epo,delta
5494,4.898156278649492e-06,patient12_window16s_stride1s-epo,delta
5495,0.00011833224382789862,patient12_window16s_stride1s-epo,delta
5496,-0.0005719868269776491,patient12_window16s_stride1s-epo,delta
5497,0.00015986380538999626,patient12_window16s_stride1s-epo,delta
5498,0.000747815037476929,patient12_window16s_stride1s-epo,delta
5499,-0.0006009504192749361,patient12_window16s_stride1s-epo,delta
