epoch_index,wsmi_scalar,subject_id,band
0,0.0008887176235668027,patient11_window16s_stride1s-epo,delta
1,0.0007417038753300655,patient11_window16s_stride1s-epo,delta
2,0.004092939034008728,patient11_window16s_stride1s-epo,delta
3,0.0028538977867392816,patient11_window16s_stride1s-epo,delta
4,0.0017479576038579709,patient11_window16s_stride1s-epo,delta
5,0.0010570502397737234,patient11_window16s_stride1s-epo,delta
6,0.0029537119134468853,patient11_window16s_stride1s-epo,delta
7,0.0018170633831808708,patient11_window16s_stride1s-epo,delta
8,0.0017713957141449602,patient11_window16s_stride1s-epo,delta
9,0.0015013066664542709,patient11_window16s_stride1s-epo,delta
10,0.001172227211872522,patient11_window16s_stride1s-epo,delta
11,0.0018449279087612237,patient11_window16s_stride1s-epo,delta
12,0.0021480168489719123,patient11_window16s_stride1s-epo,delta
13,0.0018496862155708814,patient11_window16s_stride1s-epo,delta
14,0.0015200571706854924,patient11_window16s_stride1s-epo,delta
15,0.001655350913355376,patient11_window16s_stride1s-epo,delta
16,0.0016992837545894651,patient11_window16s_stride1s-epo,delta
17,0.0020264255766387533,patient11_window16s_stride1s-epo,delta
18,0.0016120322040407468,patient11_window16s_stride1s-epo,delta
19,0.001056614695892247,patient11_window16s_stride1s-epo,delta
20,0.0019713185562599067,patient11_window16s_stride1s-epo,delta
21,0.0017995402927438488,patient11_window16s_stride1s-epo,delta
22,-0.00016385019826376153,patient11_window16s_stride1s-epo,delta
23,0.00041883509930089053,patient11_window16s_stride1s-epo,delta
24,0.001838775894399845,patient11_window16s_stride1s-epo,delta
25,0.002167037998900168,patient11_window16s_stride1s-epo,delta
26,0.0008680875957050388,patient11_window16s_stride1s-epo,delta
27,0.0014178280878564128,patient11_window16s_stride1s-epo,delta
28,-4.8116804439068125e-05,patient11_window16s_stride1s-epo,delta
29,-0.0002304511869739923,patient11_window16s_stride1s-epo,delta
30,-5.465545981122162e-06,patient11_window16s_stride1s-epo,delta
31,-0.0010972761742848484,patient11_window16s_stride1s-epo,delta
32,-0.0006890468759857215,patient11_window16s_stride1s-epo,delta
33,-0.0014531978508332502,patient11_window16s_stride1s-epo,delta
34,-0.001164083878653869,patient11_window16s_stride1s-epo,delta
35,-0.0012201909585594873,patient11_window16s_stride1s-epo,delta
36,-0.0011130443263900674,patient11_window16s_stride1s-epo,delta
37,-0.0003162132736429004,patient11_window16s_stride1s-epo,delta
38,-4.86552033399272e-06,patient11_window16s_stride1s-epo,delta
39,0.0005524653814829494,patient11_window16s_stride1s-epo,delta
40,-0.00025815186461159193,patient11_window16s_stride1s-epo,delta
41,-0.00033886579952236134,patient11_window16s_stride1s-epo,delta
42,0.0009141761002956686,patient11_window16s_stride1s-epo,delta
43,-1.345515178650166e-05,patient11_window16s_stride1s-epo,delta
44,0.0014515061079200824,patient11_window16s_stride1s-epo,delta
45,0.0002275756784893956,patient11_window16s_stride1s-epo,delta
46,0.00016526341310520805,patient11_window16s_stride1s-epo,delta
47,0.00043143051327974884,patient11_window16s_stride1s-epo,delta
48,-0.0005365018763614113,patient11_window16s_stride1s-epo,delta
49,-0.00033998468419188445,patient11_window16s_stride1s-epo,delta
50,0.0012407313564329438,patient11_window16s_stride1s-epo,delta
51,0.0024414487465863584,patient11_window16s_stride1s-epo,delta
52,0.0031148871209770975,patient11_window16s_stride1s-epo,delta
53,0.0024708302966676117,patient11_window16s_stride1s-epo,delta
54,0.0007107394382683478,patient11_window16s_stride1s-epo,delta
55,0.0007224463147933591,patient11_window16s_stride1s-epo,delta
56,0.0006670482894840636,patient11_window16s_stride1s-epo,delta
57,0.0004051134412287874,patient11_window16s_stride1s-epo,delta
58,-0.0005570580387506493,patient11_window16s_stride1s-epo,delta
59,-0.0001475157401260662,patient11_window16s_stride1s-epo,delta
60,-0.0011257346978916268,patient11_window16s_stride1s-epo,delta
61,-0.00010576607922301468,patient11_window16s_stride1s-epo,delta
62,-0.0002426044469352387,patient11_window16s_stride1s-epo,delta
63,2.3835923359549358e-05,patient11_window16s_stride1s-epo,delta
64,-7.406929767499011e-05,patient11_window16s_stride1s-epo,delta
65,0.0002911656383781657,patient11_window16s_stride1s-epo,delta
66,-0.0003396187227304875,patient11_window16s_stride1s-epo,delta
67,-0.0009514243176614641,patient11_window16s_stride1s-epo,delta
68,-0.00048601650297392876,patient11_window16s_stride1s-epo,delta
69,-0.0008189553453862217,patient11_window16s_stride1s-epo,delta
70,0.0008513005566232975,patient11_window16s_stride1s-epo,delta
71,-0.0004647083637365456,patient11_window16s_stride1s-epo,delta
72,-4.7197085736869456e-05,patient11_window16s_stride1s-epo,delta
73,-5.1937105131894544e-05,patient11_window16s_stride1s-epo,delta
74,0.000675305643832904,patient11_window16s_stride1s-epo,delta
75,0.0003651272537471125,patient11_window16s_stride1s-epo,delta
76,0.0002124491422598829,patient11_window16s_stride1s-epo,delta
77,0.0005463745837890486,patient11_window16s_stride1s-epo,delta
78,0.00135445650718388,patient11_window16s_stride1s-epo,delta
79,0.0019221824207693106,patient11_window16s_stride1s-epo,delta
80,0.0015796243225110783,patient11_window16s_stride1s-epo,delta
81,6.686583583988367e-05,patient11_window16s_stride1s-epo,delta
82,0.0004297980350350187,patient11_window16s_stride1s-epo,delta
83,0.0014737220841569833,patient11_window16s_stride1s-epo,delta
84,0.0004508683389909758,patient11_window16s_stride1s-epo,delta
85,0.0007720361279636206,patient11_window16s_stride1s-epo,delta
86,-0.0005628137114134251,patient11_window16s_stride1s-epo,delta
87,6.277060859058001e-05,patient11_window16s_stride1s-epo,delta
88,-0.0002942502685185057,patient11_window16s_stride1s-epo,delta
89,0.0004603809924090244,patient11_window16s_stride1s-epo,delta
90,0.0006196115849822447,patient11_window16s_stride1s-epo,delta
91,0.0003913295833145749,patient11_window16s_stride1s-epo,delta
92,-0.0007980830240181443,patient11_window16s_stride1s-epo,delta
93,-0.003030460834789058,patient11_window16s_stride1s-epo,delta
94,-0.003611810440589971,patient11_window16s_stride1s-epo,delta
95,-0.002442650495908931,patient11_window16s_stride1s-epo,delta
96,-0.0012988595495468662,patient11_window16s_stride1s-epo,delta
97,-0.0021532202099293655,patient11_window16s_stride1s-epo,delta
98,-0.003606111975500142,patient11_window16s_stride1s-epo,delta
99,-0.0033191941462135145,patient11_window16s_stride1s-epo,delta
100,-0.002212427979175762,patient11_window16s_stride1s-epo,delta
101,-0.002597040166097844,patient11_window16s_stride1s-epo,delta
102,-0.0012787455611964315,patient11_window16s_stride1s-epo,delta
103,0.00013027785443922536,patient11_window16s_stride1s-epo,delta
104,0.0012258818322168088,patient11_window16s_stride1s-epo,delta
105,0.0013383333312546335,patient11_window16s_stride1s-epo,delta
106,0.00046260350520153215,patient11_window16s_stride1s-epo,delta
107,0.00019592173975341865,patient11_window16s_stride1s-epo,delta
108,0.0017269829372534597,patient11_window16s_stride1s-epo,delta
109,0.0014302396996373236,patient11_window16s_stride1s-epo,delta
110,0.0016221931469707419,patient11_window16s_stride1s-epo,delta
111,0.001201379868542319,patient11_window16s_stride1s-epo,delta
112,0.0012163778066455677,patient11_window16s_stride1s-epo,delta
113,0.0010930825015298506,patient11_window16s_stride1s-epo,delta
114,0.0021625846288135333,patient11_window16s_stride1s-epo,delta
115,0.0015737433400400914,patient11_window16s_stride1s-epo,delta
116,0.0011033305301379657,patient11_window16s_stride1s-epo,delta
117,0.0003204852012924175,patient11_window16s_stride1s-epo,delta
118,0.0014860241135239885,patient11_window16s_stride1s-epo,delta
119,0.0012804562794268698,patient11_window16s_stride1s-epo,delta
120,0.0004900987958308459,patient11_window16s_stride1s-epo,delta
121,0.0005305540147873205,patient11_window16s_stride1s-epo,delta
122,0.001111441119496005,patient11_window16s_stride1s-epo,delta
123,0.0011016295113094666,patient11_window16s_stride1s-epo,delta
124,-0.0005322656041011358,patient11_window16s_stride1s-epo,delta
125,-2.2975664869664833e-05,patient11_window16s_stride1s-epo,delta
126,0.0005194348088143927,patient11_window16s_stride1s-epo,delta
127,-4.28834049617553e-05,patient11_window16s_stride1s-epo,delta
128,0.0007054113181287539,patient11_window16s_stride1s-epo,delta
129,0.001460717170336802,patient11_window16s_stride1s-epo,delta
130,-0.000813156419212609,patient11_window16s_stride1s-epo,delta
131,-0.0005784553594844834,patient11_window16s_stride1s-epo,delta
132,-0.0006835173073433663,patient11_window16s_stride1s-epo,delta
133,-0.0005520223825317547,patient11_window16s_stride1s-epo,delta
134,-0.0003261534288188091,patient11_window16s_stride1s-epo,delta
135,-0.0009067180442844028,patient11_window16s_stride1s-epo,delta
136,-0.001898301591955325,patient11_window16s_stride1s-epo,delta
137,-0.0014811606230289629,patient11_window16s_stride1s-epo,delta
138,-0.003006808323861342,patient11_window16s_stride1s-epo,delta
139,-0.001311417461555012,patient11_window16s_stride1s-epo,delta
140,-0.00105412438108416,patient11_window16s_stride1s-epo,delta
141,-0.001928672236414948,patient11_window16s_stride1s-epo,delta
142,-0.0016843856614154197,patient11_window16s_stride1s-epo,delta
143,-0.002060112291330778,patient11_window16s_stride1s-epo,delta
144,-0.0015893195288195303,patient11_window16s_stride1s-epo,delta
145,-0.0015359071037709233,patient11_window16s_stride1s-epo,delta
146,-0.0006074519907713684,patient11_window16s_stride1s-epo,delta
147,-0.0002546069923166985,patient11_window16s_stride1s-epo,delta
148,-0.00014723593419131644,patient11_window16s_stride1s-epo,delta
149,-0.0003162697258829276,patient11_window16s_stride1s-epo,delta
150,-0.00019889430422730567,patient11_window16s_stride1s-epo,delta
151,-0.0003383303762209893,patient11_window16s_stride1s-epo,delta
152,-0.0007911196220853382,patient11_window16s_stride1s-epo,delta
153,-0.000897676779998861,patient11_window16s_stride1s-epo,delta
154,-0.0009312508964616077,patient11_window16s_stride1s-epo,delta
155,0.00016889806311893763,patient11_window16s_stride1s-epo,delta
156,0.0007807134752768311,patient11_window16s_stride1s-epo,delta
157,0.0005505760486883461,patient11_window16s_stride1s-epo,delta
158,-0.0001320025026316008,patient11_window16s_stride1s-epo,delta
159,0.00038078727638821846,patient11_window16s_stride1s-epo,delta
160,0.0004036689993998183,patient11_window16s_stride1s-epo,delta
161,0.0005746103824193457,patient11_window16s_stride1s-epo,delta
162,0.0015393915106433358,patient11_window16s_stride1s-epo,delta
163,0.0014525490713641002,patient11_window16s_stride1s-epo,delta
164,0.001568692429520019,patient11_window16s_stride1s-epo,delta
165,0.0029075860709636987,patient11_window16s_stride1s-epo,delta
166,0.002317290186672393,patient11_window16s_stride1s-epo,delta
167,0.0014077365431628154,patient11_window16s_stride1s-epo,delta
168,0.0009417645303860014,patient11_window16s_stride1s-epo,delta
169,0.0002547313753254794,patient11_window16s_stride1s-epo,delta
170,0.0005744028468596018,patient11_window16s_stride1s-epo,delta
171,0.0007110948528158703,patient11_window16s_stride1s-epo,delta
172,0.00035599897121915133,patient11_window16s_stride1s-epo,delta
173,0.0006302632334928169,patient11_window16s_stride1s-epo,delta
174,0.0030285813606315336,patient11_window16s_stride1s-epo,delta
175,0.003146479657272708,patient11_window16s_stride1s-epo,delta
176,0.0031725010942125955,patient11_window16s_stride1s-epo,delta
177,0.0033066980299428085,patient11_window16s_stride1s-epo,delta
178,0.0017702073229652602,patient11_window16s_stride1s-epo,delta
179,0.0020668891690472616,patient11_window16s_stride1s-epo,delta
180,0.001819845365570571,patient11_window16s_stride1s-epo,delta
181,0.0013328288355706453,patient11_window16s_stride1s-epo,delta
182,0.0012100180930854118,patient11_window16s_stride1s-epo,delta
183,0.0012922270666036529,patient11_window16s_stride1s-epo,delta
184,0.0007470516402228246,patient11_window16s_stride1s-epo,delta
185,-5.20526356574641e-06,patient11_window16s_stride1s-epo,delta
186,0.0007072201141903565,patient11_window16s_stride1s-epo,delta
187,-0.00034184453614817957,patient11_window16s_stride1s-epo,delta
188,3.429665511400066e-05,patient11_window16s_stride1s-epo,delta
189,-0.00026604680975301007,patient11_window16s_stride1s-epo,delta
190,5.43964047036503e-05,patient11_window16s_stride1s-epo,delta
191,-0.00048574525465413463,patient11_window16s_stride1s-epo,delta
192,-0.00021009442304387415,patient11_window16s_stride1s-epo,delta
193,7.103674565584542e-05,patient11_window16s_stride1s-epo,delta
194,-0.0003415256902501052,patient11_window16s_stride1s-epo,delta
195,-0.00027908657660254024,patient11_window16s_stride1s-epo,delta
196,-0.0010783123344633965,patient11_window16s_stride1s-epo,delta
197,-0.0008957028647775688,patient11_window16s_stride1s-epo,delta
198,-0.0008141262053391836,patient11_window16s_stride1s-epo,delta
199,-0.002000598225088851,patient11_window16s_stride1s-epo,delta
200,-0.0013103603363783937,patient11_window16s_stride1s-epo,delta
201,0.0001862587204492137,patient11_window16s_stride1s-epo,delta
202,0.0012316138073764187,patient11_window16s_stride1s-epo,delta
203,0.0011302889291223087,patient11_window16s_stride1s-epo,delta
204,0.0015444599354366383,patient11_window16s_stride1s-epo,delta
205,0.001368825700487973,patient11_window16s_stride1s-epo,delta
206,0.0016687200570533634,patient11_window16s_stride1s-epo,delta
207,0.0004929008965751931,patient11_window16s_stride1s-epo,delta
208,0.000891531094344835,patient11_window16s_stride1s-epo,delta
209,0.0011753889558005445,patient11_window16s_stride1s-epo,delta
210,0.00112599133381662,patient11_window16s_stride1s-epo,delta
211,0.0004108887765649379,patient11_window16s_stride1s-epo,delta
212,0.0025274322488961446,patient11_window16s_stride1s-epo,delta
213,0.002737264337164877,patient11_window16s_stride1s-epo,delta
214,0.001761255090752735,patient11_window16s_stride1s-epo,delta
215,0.003019380634423138,patient11_window16s_stride1s-epo,delta
216,0.004103856897581058,patient11_window16s_stride1s-epo,delta
217,0.002577592274621222,patient11_window16s_stride1s-epo,delta
218,0.0033430864042676557,patient11_window16s_stride1s-epo,delta
219,0.0029277303535933824,patient11_window16s_stride1s-epo,delta
220,0.0024763379707813736,patient11_window16s_stride1s-epo,delta
221,0.0017214919097881343,patient11_window16s_stride1s-epo,delta
222,0.002295948477856861,patient11_window16s_stride1s-epo,delta
223,0.0019576602033894537,patient11_window16s_stride1s-epo,delta
224,0.0024148370559634214,patient11_window16s_stride1s-epo,delta
225,0.002374747873713689,patient11_window16s_stride1s-epo,delta
226,0.002107171579912821,patient11_window16s_stride1s-epo,delta
227,0.0018553451748384653,patient11_window16s_stride1s-epo,delta
228,0.002558096165317079,patient11_window16s_stride1s-epo,delta
229,0.0027521136811487087,patient11_window16s_stride1s-epo,delta
230,0.0024338553704637933,patient11_window16s_stride1s-epo,delta
231,0.0021206005315951453,patient11_window16s_stride1s-epo,delta
232,0.0016021822409768279,patient11_window16s_stride1s-epo,delta
233,0.0008977593724042941,patient11_window16s_stride1s-epo,delta
234,0.001735121672290396,patient11_window16s_stride1s-epo,delta
235,0.0014990275781011113,patient11_window16s_stride1s-epo,delta
236,0.0024509034963516186,patient11_window16s_stride1s-epo,delta
237,0.0019613616223612897,patient11_window16s_stride1s-epo,delta
238,0.001202024799446588,patient11_window16s_stride1s-epo,delta
239,0.001570139008469227,patient11_window16s_stride1s-epo,delta
240,0.0020418941221462283,patient11_window16s_stride1s-epo,delta
241,0.0014153575266594427,patient11_window16s_stride1s-epo,delta
242,-0.00016446176400422875,patient11_window16s_stride1s-epo,delta
243,-0.00012999540462251807,patient11_window16s_stride1s-epo,delta
244,0.00011485802119862391,patient11_window16s_stride1s-epo,delta
245,0.00047198503791180256,patient11_window16s_stride1s-epo,delta
246,0.0002936741569836808,patient11_window16s_stride1s-epo,delta
247,-0.0006777621318597399,patient11_window16s_stride1s-epo,delta
248,-0.00034347817726038544,patient11_window16s_stride1s-epo,delta
249,-0.001631166465773987,patient11_window16s_stride1s-epo,delta
250,-0.0009425424507090094,patient11_window16s_stride1s-epo,delta
251,-0.0008809370227509375,patient11_window16s_stride1s-epo,delta
252,-0.0006396581509612041,patient11_window16s_stride1s-epo,delta
253,0.000620681463070371,patient11_window16s_stride1s-epo,delta
254,0.0012043900180607773,patient11_window16s_stride1s-epo,delta
255,0.0023590432919679705,patient11_window16s_stride1s-epo,delta
256,0.002593553717247745,patient11_window16s_stride1s-epo,delta
257,0.0032063839036746877,patient11_window16s_stride1s-epo,delta
258,0.003173259619699075,patient11_window16s_stride1s-epo,delta
259,0.002764334676206348,patient11_window16s_stride1s-epo,delta
260,0.004287485431208003,patient11_window16s_stride1s-epo,delta
261,0.0020973613582999937,patient11_window16s_stride1s-epo,delta
262,0.0012827877193235318,patient11_window16s_stride1s-epo,delta
263,0.0012517065465759488,patient11_window16s_stride1s-epo,delta
264,0.0020406721148321784,patient11_window16s_stride1s-epo,delta
265,0.0022672583679391434,patient11_window16s_stride1s-epo,delta
266,0.002357243415171994,patient11_window16s_stride1s-epo,delta
267,0.0026816925234796167,patient11_window16s_stride1s-epo,delta
268,0.0031824916790190506,patient11_window16s_stride1s-epo,delta
269,0.00306764689463809,patient11_window16s_stride1s-epo,delta
270,0.00415903621961699,patient11_window16s_stride1s-epo,delta
271,0.0035313189262680365,patient11_window16s_stride1s-epo,delta
272,0.002595659922735414,patient11_window16s_stride1s-epo,delta
273,0.0026100351029989858,patient11_window16s_stride1s-epo,delta
274,0.0026973192784361306,patient11_window16s_stride1s-epo,delta
275,0.002751252859225033,patient11_window16s_stride1s-epo,delta
276,0.0030460242866213114,patient11_window16s_stride1s-epo,delta
277,0.0037744141464094647,patient11_window16s_stride1s-epo,delta
278,0.005239359511210026,patient11_window16s_stride1s-epo,delta
279,0.0032660295561773,patient11_window16s_stride1s-epo,delta
280,0.0019559054872100275,patient11_window16s_stride1s-epo,delta
281,0.0030100507022025745,patient11_window16s_stride1s-epo,delta
282,0.0039099823704721644,patient11_window16s_stride1s-epo,delta
283,0.002693947669251033,patient11_window16s_stride1s-epo,delta
284,-0.00024271944605683442,patient11_window16s_stride1s-epo,delta
285,-0.0019246062143530199,patient11_window16s_stride1s-epo,delta
286,-0.0023539448889278703,patient11_window16s_stride1s-epo,delta
287,-0.002647740496996505,patient11_window16s_stride1s-epo,delta
288,-0.0015908468038919785,patient11_window16s_stride1s-epo,delta
289,-0.002247974298005051,patient11_window16s_stride1s-epo,delta
290,-0.0015453468056550674,patient11_window16s_stride1s-epo,delta
291,-0.0012639709016521261,patient11_window16s_stride1s-epo,delta
292,-0.00058302997850751,patient11_window16s_stride1s-epo,delta
293,-0.0007936681268053881,patient11_window16s_stride1s-epo,delta
294,-0.0003418879104498737,patient11_window16s_stride1s-epo,delta
295,0.0007874338728408725,patient11_window16s_stride1s-epo,delta
296,0.0012523124557316195,patient11_window16s_stride1s-epo,delta
297,0.0004145558069256942,patient11_window16s_stride1s-epo,delta
298,0.0006723004037250527,patient11_window16s_stride1s-epo,delta
299,0.0002975413899238973,patient11_window16s_stride1s-epo,delta
300,0.0020379494048964643,patient11_window16s_stride1s-epo,delta
301,0.002298933473207436,patient11_window16s_stride1s-epo,delta
302,0.0024150659961271626,patient11_window16s_stride1s-epo,delta
303,0.0032288596475258243,patient11_window16s_stride1s-epo,delta
304,0.002655699501045143,patient11_window16s_stride1s-epo,delta
305,0.0040180387540057405,patient11_window16s_stride1s-epo,delta
306,0.004794872152432052,patient11_window16s_stride1s-epo,delta
307,0.004227488584695484,patient11_window16s_stride1s-epo,delta
308,0.0028451298584310403,patient11_window16s_stride1s-epo,delta
309,0.0020392445968039096,patient11_window16s_stride1s-epo,delta
310,0.00101684047578604,patient11_window16s_stride1s-epo,delta
311,0.0009228118164347174,patient11_window16s_stride1s-epo,delta
312,0.0015760479848445205,patient11_window16s_stride1s-epo,delta
313,0.0023147738691376364,patient11_window16s_stride1s-epo,delta
314,0.002180435385069958,patient11_window16s_stride1s-epo,delta
315,0.003205811605935663,patient11_window16s_stride1s-epo,delta
316,0.00351311364182692,patient11_window16s_stride1s-epo,delta
317,0.0039044565986963713,patient11_window16s_stride1s-epo,delta
318,0.003178123223435471,patient11_window16s_stride1s-epo,delta
319,0.0020048960616158937,patient11_window16s_stride1s-epo,delta
320,0.0017409256218300694,patient11_window16s_stride1s-epo,delta
321,0.0005594436652072395,patient11_window16s_stride1s-epo,delta
322,0.0014270858825625274,patient11_window16s_stride1s-epo,delta
323,0.0013668372430658343,patient11_window16s_stride1s-epo,delta
324,0.0028847357604833003,patient11_window16s_stride1s-epo,delta
325,0.0026397784619575366,patient11_window16s_stride1s-epo,delta
326,0.003883233170178886,patient11_window16s_stride1s-epo,delta
327,0.00383821094844449,patient11_window16s_stride1s-epo,delta
328,0.0025573801137956467,patient11_window16s_stride1s-epo,delta
329,0.002019368944814271,patient11_window16s_stride1s-epo,delta
330,0.00048256443844122305,patient11_window16s_stride1s-epo,delta
331,0.0010561060015793424,patient11_window16s_stride1s-epo,delta
332,-0.0010052014019487836,patient11_window16s_stride1s-epo,delta
333,-0.0001973491666375726,patient11_window16s_stride1s-epo,delta
334,-0.00035173756192472975,patient11_window16s_stride1s-epo,delta
335,-0.001115159522589715,patient11_window16s_stride1s-epo,delta
336,-0.0014787971882257737,patient11_window16s_stride1s-epo,delta
337,-1.7045763938305803e-05,patient11_window16s_stride1s-epo,delta
338,0.0002202672244097923,patient11_window16s_stride1s-epo,delta
339,0.00340925988310205,patient11_window16s_stride1s-epo,delta
340,0.00203121025318019,patient11_window16s_stride1s-epo,delta
341,0.00152426128636945,patient11_window16s_stride1s-epo,delta
342,0.0002341224828593179,patient11_window16s_stride1s-epo,delta
343,-0.0008665216624728203,patient11_window16s_stride1s-epo,delta
344,-0.0014120643276310425,patient11_window16s_stride1s-epo,delta
345,-0.0011551492301236411,patient11_window16s_stride1s-epo,delta
346,-0.0010653039241648203,patient11_window16s_stride1s-epo,delta
347,0.0007738306402506457,patient11_window16s_stride1s-epo,delta
348,0.0016151880522769625,patient11_window16s_stride1s-epo,delta
349,-0.0005711752686812436,patient11_window16s_stride1s-epo,delta
350,2.4385805426663194e-05,patient11_window16s_stride1s-epo,delta
351,0.00044322837235295136,patient11_window16s_stride1s-epo,delta
352,0.0005035311249701655,patient11_window16s_stride1s-epo,delta
353,0.000547511687029005,patient11_window16s_stride1s-epo,delta
354,-0.0004031855842851427,patient11_window16s_stride1s-epo,delta
355,-0.0012345753140816833,patient11_window16s_stride1s-epo,delta
356,-0.0012389740432175722,patient11_window16s_stride1s-epo,delta
357,-0.0011332129145473911,patient11_window16s_stride1s-epo,delta
358,0.0003875336582832852,patient11_window16s_stride1s-epo,delta
359,0.002033787946524053,patient11_window16s_stride1s-epo,delta
360,0.0022786790696653738,patient11_window16s_stride1s-epo,delta
361,0.002277541534235821,patient11_window16s_stride1s-epo,delta
362,0.003679905554805996,patient11_window16s_stride1s-epo,delta
363,0.0023719430292731473,patient11_window16s_stride1s-epo,delta
364,0.0011609922150266105,patient11_window16s_stride1s-epo,delta
365,0.0016305589299719424,patient11_window16s_stride1s-epo,delta
366,0.0022647680567383353,patient11_window16s_stride1s-epo,delta
367,0.0022649176004268692,patient11_window16s_stride1s-epo,delta
368,0.001112401022741597,patient11_window16s_stride1s-epo,delta
369,0.0009484415267667026,patient11_window16s_stride1s-epo,delta
370,0.0015874562273307982,patient11_window16s_stride1s-epo,delta
371,0.00042774117553373396,patient11_window16s_stride1s-epo,delta
372,0.0010170179719428333,patient11_window16s_stride1s-epo,delta
373,0.0009698676372239858,patient11_window16s_stride1s-epo,delta
374,-0.0006805709933123335,patient11_window16s_stride1s-epo,delta
375,-0.0024505504107020003,patient11_window16s_stride1s-epo,delta
376,-0.0009909063048429202,patient11_window16s_stride1s-epo,delta
377,-3.294996808627166e-05,patient11_window16s_stride1s-epo,delta
378,-0.0010041533874056586,patient11_window16s_stride1s-epo,delta
379,-0.0016326636047329832,patient11_window16s_stride1s-epo,delta
380,-0.0007206889691562862,patient11_window16s_stride1s-epo,delta
381,0.0004014695873228807,patient11_window16s_stride1s-epo,delta
382,0.0011231357797019668,patient11_window16s_stride1s-epo,delta
383,0.0005594491337847848,patient11_window16s_stride1s-epo,delta
384,0.000805335591974966,patient11_window16s_stride1s-epo,delta
385,0.0018560695054014394,patient11_window16s_stride1s-epo,delta
386,0.0006673487509933965,patient11_window16s_stride1s-epo,delta
387,0.0013358396719501961,patient11_window16s_stride1s-epo,delta
388,0.0006104306741849976,patient11_window16s_stride1s-epo,delta
389,0.001203523082360092,patient11_window16s_stride1s-epo,delta
390,0.0005257095958960277,patient11_window16s_stride1s-epo,delta
391,0.0015667039360937115,patient11_window16s_stride1s-epo,delta
392,0.0017457561249303757,patient11_window16s_stride1s-epo,delta
393,0.000285595853527108,patient11_window16s_stride1s-epo,delta
394,0.00040492633686669855,patient11_window16s_stride1s-epo,delta
395,0.00042685475893510254,patient11_window16s_stride1s-epo,delta
396,0.000382560703194343,patient11_window16s_stride1s-epo,delta
397,0.00028357132565382805,patient11_window16s_stride1s-epo,delta
398,0.0006380777592747954,patient11_window16s_stride1s-epo,delta
399,-5.3906659154815455e-05,patient11_window16s_stride1s-epo,delta
400,0.00017004728913281355,patient11_window16s_stride1s-epo,delta
401,-0.00012266878505807718,patient11_window16s_stride1s-epo,delta
402,0.0006091078299621111,patient11_window16s_stride1s-epo,delta
403,-0.00013102629407576877,patient11_window16s_stride1s-epo,delta
404,0.0006316472171761324,patient11_window16s_stride1s-epo,delta
405,0.0005673511764564464,patient11_window16s_stride1s-epo,delta
406,0.0010390076079568023,patient11_window16s_stride1s-epo,delta
407,0.0008334176491779357,patient11_window16s_stride1s-epo,delta
408,0.00011033077193024132,patient11_window16s_stride1s-epo,delta
409,0.0006797828398964105,patient11_window16s_stride1s-epo,delta
410,0.0017166667764221839,patient11_window16s_stride1s-epo,delta
411,-0.00011843115643209183,patient11_window16s_stride1s-epo,delta
412,0.00028317156242618763,patient11_window16s_stride1s-epo,delta
413,-8.717741983550438e-05,patient11_window16s_stride1s-epo,delta
414,0.00048657849017225314,patient11_window16s_stride1s-epo,delta
415,0.0010614281020643517,patient11_window16s_stride1s-epo,delta
416,-0.00010612073896289248,patient11_window16s_stride1s-epo,delta
417,0.00020288686901658026,patient11_window16s_stride1s-epo,delta
418,0.0005406020074123922,patient11_window16s_stride1s-epo,delta
419,-0.00023410588520034732,patient11_window16s_stride1s-epo,delta
420,-0.0006308348657872797,patient11_window16s_stride1s-epo,delta
421,0.00031865453224031023,patient11_window16s_stride1s-epo,delta
422,-0.0005460666795021206,patient11_window16s_stride1s-epo,delta
423,-0.00046421573099957367,patient11_window16s_stride1s-epo,delta
424,-0.00011173389055550934,patient11_window16s_stride1s-epo,delta
425,-0.00028309206982666906,patient11_window16s_stride1s-epo,delta
426,0.00043351296925740995,patient11_window16s_stride1s-epo,delta
427,0.0009639104294522338,patient11_window16s_stride1s-epo,delta
428,0.001093850093134461,patient11_window16s_stride1s-epo,delta
429,0.001172172651916344,patient11_window16s_stride1s-epo,delta
430,0.0010528486847790782,patient11_window16s_stride1s-epo,delta
431,0.004407108004111537,patient11_window16s_stride1s-epo,delta
432,0.005209127220416275,patient11_window16s_stride1s-epo,delta
433,0.005994497546364901,patient11_window16s_stride1s-epo,delta
434,0.005284324000107857,patient11_window16s_stride1s-epo,delta
435,0.004632644368486406,patient11_window16s_stride1s-epo,delta
436,0.004827666363667721,patient11_window16s_stride1s-epo,delta
437,0.005117927354474855,patient11_window16s_stride1s-epo,delta
438,0.0071288004006683755,patient11_window16s_stride1s-epo,delta
439,0.007359745633513248,patient11_window16s_stride1s-epo,delta
440,0.006168697896164572,patient11_window16s_stride1s-epo,delta
441,0.005030547065990564,patient11_window16s_stride1s-epo,delta
442,0.005345891769795854,patient11_window16s_stride1s-epo,delta
443,0.0058479407698652135,patient11_window16s_stride1s-epo,delta
444,0.005361102684490672,patient11_window16s_stride1s-epo,delta
445,0.006217726015377948,patient11_window16s_stride1s-epo,delta
446,0.004926047762062904,patient11_window16s_stride1s-epo,delta
447,0.0028093523704919325,patient11_window16s_stride1s-epo,delta
448,0.002599458594550219,patient11_window16s_stride1s-epo,delta
449,0.00023082127069044923,patient11_window16s_stride1s-epo,delta
450,2.0737916027499515e-05,patient11_window16s_stride1s-epo,delta
451,-0.0005885190153459534,patient11_window16s_stride1s-epo,delta
452,-0.00019987895293646887,patient11_window16s_stride1s-epo,delta
453,-0.00043031784163378864,patient11_window16s_stride1s-epo,delta
454,-0.0013804630353214027,patient11_window16s_stride1s-epo,delta
455,-0.0007253401569865225,patient11_window16s_stride1s-epo,delta
456,-0.0012965837329145626,patient11_window16s_stride1s-epo,delta
457,-0.0010860668950354341,patient11_window16s_stride1s-epo,delta
458,-0.0013436205550572259,patient11_window16s_stride1s-epo,delta
459,-0.0012810099229039413,patient11_window16s_stride1s-epo,delta
460,-0.0005165087572021589,patient11_window16s_stride1s-epo,delta
461,-0.0007755842655954545,patient11_window16s_stride1s-epo,delta
462,-0.0001361914935928319,patient11_window16s_stride1s-epo,delta
463,0.0002512592829341033,patient11_window16s_stride1s-epo,delta
464,-0.00034222453290357107,patient11_window16s_stride1s-epo,delta
465,0.0011743878592216292,patient11_window16s_stride1s-epo,delta
466,0.0020594639345870957,patient11_window16s_stride1s-epo,delta
467,0.0012227085454127105,patient11_window16s_stride1s-epo,delta
468,0.0016722126599643652,patient11_window16s_stride1s-epo,delta
469,0.0026946706786779885,patient11_window16s_stride1s-epo,delta
470,0.0037751694230034652,patient11_window16s_stride1s-epo,delta
471,0.005573696507751894,patient11_window16s_stride1s-epo,delta
472,0.004829505179019145,patient11_window16s_stride1s-epo,delta
473,0.0004918194452059432,patient11_window16s_stride1s-epo,delta
474,-0.00728943695528453,patient11_window16s_stride1s-epo,delta
475,-0.013281534960859197,patient11_window16s_stride1s-epo,delta
476,-0.013418710688269055,patient11_window16s_stride1s-epo,delta
477,-0.01292597191421498,patient11_window16s_stride1s-epo,delta
478,-0.014529639187327602,patient11_window16s_stride1s-epo,delta
479,-0.013815683906761767,patient11_window16s_stride1s-epo,delta
480,-0.012979564813045847,patient11_window16s_stride1s-epo,delta
481,-0.011373453730168669,patient11_window16s_stride1s-epo,delta
482,-0.012667352609637242,patient11_window16s_stride1s-epo,delta
483,-0.010588881790590223,patient11_window16s_stride1s-epo,delta
484,-0.01055133384645731,patient11_window16s_stride1s-epo,delta
485,-0.012007732937964689,patient11_window16s_stride1s-epo,delta
486,-0.01625032678321381,patient11_window16s_stride1s-epo,delta
487,-0.015153223557439761,patient11_window16s_stride1s-epo,delta
488,-0.01549057709995879,patient11_window16s_stride1s-epo,delta
489,-0.012155342137150596,patient11_window16s_stride1s-epo,delta
490,-0.0028968964166850983,patient11_window16s_stride1s-epo,delta
491,0.0015867291327308249,patient11_window16s_stride1s-epo,delta
492,0.002007870913809611,patient11_window16s_stride1s-epo,delta
493,0.002416041332773863,patient11_window16s_stride1s-epo,delta
494,0.0038203159388191994,patient11_window16s_stride1s-epo,delta
495,0.0028938090291186613,patient11_window16s_stride1s-epo,delta
496,0.0029826914852876148,patient11_window16s_stride1s-epo,delta
497,0.004871669385536532,patient11_window16s_stride1s-epo,delta
498,0.004754895870829484,patient11_window16s_stride1s-epo,delta
499,0.003143394433876554,patient11_window16s_stride1s-epo,delta
500,0.0034142935179763494,patient11_window16s_stride1s-epo,delta
501,0.002477882204227984,patient11_window16s_stride1s-epo,delta
502,0.003063771812863922,patient11_window16s_stride1s-epo,delta
503,0.003715812415616623,patient11_window16s_stride1s-epo,delta
504,0.003939472393119531,patient11_window16s_stride1s-epo,delta
505,0.004290758545234169,patient11_window16s_stride1s-epo,delta
506,0.0037206621698295324,patient11_window16s_stride1s-epo,delta
507,0.003824640090330382,patient11_window16s_stride1s-epo,delta
508,0.0027810244881069134,patient11_window16s_stride1s-epo,delta
509,0.0018119320609412733,patient11_window16s_stride1s-epo,delta
510,0.00047191596117326907,patient11_window16s_stride1s-epo,delta
511,-0.001614466369909985,patient11_window16s_stride1s-epo,delta
512,-0.0011510630474937968,patient11_window16s_stride1s-epo,delta
513,-0.0025860728635077306,patient11_window16s_stride1s-epo,delta
514,-0.002334588895180956,patient11_window16s_stride1s-epo,delta
515,-0.0027106789555339825,patient11_window16s_stride1s-epo,delta
516,-0.003544149980531748,patient11_window16s_stride1s-epo,delta
517,-0.002862041742588175,patient11_window16s_stride1s-epo,delta
518,-0.004297459302146688,patient11_window16s_stride1s-epo,delta
519,-0.0047776006452131805,patient11_window16s_stride1s-epo,delta
520,-0.004720171237897408,patient11_window16s_stride1s-epo,delta
521,-0.002840991800149854,patient11_window16s_stride1s-epo,delta
522,-0.002493346591698573,patient11_window16s_stride1s-epo,delta
523,-0.0016898941679036148,patient11_window16s_stride1s-epo,delta
524,-0.0003179331119554023,patient11_window16s_stride1s-epo,delta
525,0.001957297221698644,patient11_window16s_stride1s-epo,delta
526,0.0022759472036076324,patient11_window16s_stride1s-epo,delta
527,0.0036564315568668594,patient11_window16s_stride1s-epo,delta
528,0.0028641582878554967,patient11_window16s_stride1s-epo,delta
529,0.0033766663854127407,patient11_window16s_stride1s-epo,delta
530,0.00355793857045208,patient11_window16s_stride1s-epo,delta
531,0.0031283814862151822,patient11_window16s_stride1s-epo,delta
532,0.004388784230102359,patient11_window16s_stride1s-epo,delta
533,0.0038629933326432796,patient11_window16s_stride1s-epo,delta
534,0.003728723036766141,patient11_window16s_stride1s-epo,delta
535,0.004886773859544516,patient11_window16s_stride1s-epo,delta
536,0.004304320350605952,patient11_window16s_stride1s-epo,delta
537,0.00451151687141325,patient11_window16s_stride1s-epo,delta
538,0.004395814659393719,patient11_window16s_stride1s-epo,delta
539,0.004362146353978851,patient11_window16s_stride1s-epo,delta
540,0.0015325056484800843,patient11_window16s_stride1s-epo,delta
541,0.0008597450078974197,patient11_window16s_stride1s-epo,delta
542,0.0008016954857672364,patient11_window16s_stride1s-epo,delta
543,-0.00022830715375388952,patient11_window16s_stride1s-epo,delta
544,-0.00015864055628176985,patient11_window16s_stride1s-epo,delta
545,-0.0012062973000175443,patient11_window16s_stride1s-epo,delta
546,-0.001245630102141461,patient11_window16s_stride1s-epo,delta
547,-0.0015426305762310496,patient11_window16s_stride1s-epo,delta
548,-0.001960458393941874,patient11_window16s_stride1s-epo,delta
549,-0.0006907243516885458,patient11_window16s_stride1s-epo,delta
550,-0.0010812004639605272,patient11_window16s_stride1s-epo,delta
551,-0.0018017840536214465,patient11_window16s_stride1s-epo,delta
552,-0.0018179538676718974,patient11_window16s_stride1s-epo,delta
553,-0.0023994621855936817,patient11_window16s_stride1s-epo,delta
554,-0.0034237483788781887,patient11_window16s_stride1s-epo,delta
555,-0.002541415908912936,patient11_window16s_stride1s-epo,delta
556,-0.004021204948763817,patient11_window16s_stride1s-epo,delta
557,-0.0031463103283745236,patient11_window16s_stride1s-epo,delta
558,-0.0029868888769059715,patient11_window16s_stride1s-epo,delta
559,-0.0025153277488226124,patient11_window16s_stride1s-epo,delta
560,-0.0018179790816754053,patient11_window16s_stride1s-epo,delta
561,-0.0008255035850147796,patient11_window16s_stride1s-epo,delta
562,-0.0013556737422123165,patient11_window16s_stride1s-epo,delta
563,-0.0005746946197933611,patient11_window16s_stride1s-epo,delta
564,-0.001244171887697171,patient11_window16s_stride1s-epo,delta
565,-0.0010918049937329779,patient11_window16s_stride1s-epo,delta
566,-0.00040326990387323233,patient11_window16s_stride1s-epo,delta
567,0.00048242680135774605,patient11_window16s_stride1s-epo,delta
568,-0.00016639707114004284,patient11_window16s_stride1s-epo,delta
569,-0.00040079192853414064,patient11_window16s_stride1s-epo,delta
570,-0.00010602871266523247,patient11_window16s_stride1s-epo,delta
571,-0.00048721283647576674,patient11_window16s_stride1s-epo,delta
572,-0.00020470487784776485,patient11_window16s_stride1s-epo,delta
573,-0.00028330174826601514,patient11_window16s_stride1s-epo,delta
574,-0.0001057065006975127,patient11_window16s_stride1s-epo,delta
575,0.0015358375483433223,patient11_window16s_stride1s-epo,delta
576,0.0019977954196167312,patient11_window16s_stride1s-epo,delta
577,0.001309572373780285,patient11_window16s_stride1s-epo,delta
578,0.0020182449654833957,patient11_window16s_stride1s-epo,delta
579,0.0010053017677714706,patient11_window16s_stride1s-epo,delta
580,0.0009032924021239129,patient11_window16s_stride1s-epo,delta
581,2.5333898398242626e-05,patient11_window16s_stride1s-epo,delta
582,0.0002478937531847252,patient11_window16s_stride1s-epo,delta
583,-0.00021661748290268272,patient11_window16s_stride1s-epo,delta
584,0.00042267233005300513,patient11_window16s_stride1s-epo,delta
585,0.0006944585554590955,patient11_window16s_stride1s-epo,delta
586,0.001987330364037691,patient11_window16s_stride1s-epo,delta
587,0.0018964499638410282,patient11_window16s_stride1s-epo,delta
588,0.0013266599119972071,patient11_window16s_stride1s-epo,delta
589,0.0013125686921772485,patient11_window16s_stride1s-epo,delta
590,-0.00032310927027378374,patient11_window16s_stride1s-epo,delta
591,-0.0005546880224025695,patient11_window16s_stride1s-epo,delta
592,1.9775506795669613e-06,patient11_window16s_stride1s-epo,delta
593,-0.0005795243121757261,patient11_window16s_stride1s-epo,delta
594,-0.001351333235526818,patient11_window16s_stride1s-epo,delta
595,-0.0005158650569423385,patient11_window16s_stride1s-epo,delta
596,0.0004054957745921866,patient11_window16s_stride1s-epo,delta
597,-0.0005839474432757679,patient11_window16s_stride1s-epo,delta
598,-0.001141591043985887,patient11_window16s_stride1s-epo,delta
599,-0.0011314590627544106,patient11_window16s_stride1s-epo,delta
600,-0.0018545256938598848,patient11_window16s_stride1s-epo,delta
601,-0.0016347204641001313,patient11_window16s_stride1s-epo,delta
602,-0.0009979882957906428,patient11_window16s_stride1s-epo,delta
603,-0.0015332820351371082,patient11_window16s_stride1s-epo,delta
604,-0.0008818647277311145,patient11_window16s_stride1s-epo,delta
605,1.5328332467381716e-05,patient11_window16s_stride1s-epo,delta
606,-6.882033522264143e-05,patient11_window16s_stride1s-epo,delta
607,0.00038160699525869587,patient11_window16s_stride1s-epo,delta
608,0.00035654171451586205,patient11_window16s_stride1s-epo,delta
609,0.0005899727534091863,patient11_window16s_stride1s-epo,delta
610,4.129760060060172e-05,patient11_window16s_stride1s-epo,delta
611,-0.0005436633752498965,patient11_window16s_stride1s-epo,delta
612,0.00015645588398130396,patient11_window16s_stride1s-epo,delta
613,0.0006180631632485826,patient11_window16s_stride1s-epo,delta
614,0.0013867387237289468,patient11_window16s_stride1s-epo,delta
615,0.0015675542684772204,patient11_window16s_stride1s-epo,delta
616,0.0016291715706727953,patient11_window16s_stride1s-epo,delta
617,0.002977580642085888,patient11_window16s_stride1s-epo,delta
618,0.0017961243687489037,patient11_window16s_stride1s-epo,delta
619,0.0019174902962796059,patient11_window16s_stride1s-epo,delta
620,0.0020196104245506774,patient11_window16s_stride1s-epo,delta
621,0.002353458107869704,patient11_window16s_stride1s-epo,delta
622,0.00028393895591380706,patient11_window16s_stride1s-epo,delta
623,0.00036665148239371775,patient11_window16s_stride1s-epo,delta
624,0.0005684287083189815,patient11_window16s_stride1s-epo,delta
625,-0.0001562984582544707,patient11_window16s_stride1s-epo,delta
626,0.0005962140794754356,patient11_window16s_stride1s-epo,delta
627,0.0012293723629791123,patient11_window16s_stride1s-epo,delta
628,0.0017265777220304322,patient11_window16s_stride1s-epo,delta
629,0.0018372317696937197,patient11_window16s_stride1s-epo,delta
630,0.001206320442652748,patient11_window16s_stride1s-epo,delta
631,0.00046076525658073373,patient11_window16s_stride1s-epo,delta
632,0.0008970641922806008,patient11_window16s_stride1s-epo,delta
633,0.0007832367206418166,patient11_window16s_stride1s-epo,delta
634,-0.0002513108287444315,patient11_window16s_stride1s-epo,delta
635,-0.0011117924784335683,patient11_window16s_stride1s-epo,delta
636,0.00020461981949911347,patient11_window16s_stride1s-epo,delta
637,0.0002372570960247283,patient11_window16s_stride1s-epo,delta
638,-0.00023350458262187332,patient11_window16s_stride1s-epo,delta
639,3.6292517606771644e-05,patient11_window16s_stride1s-epo,delta
640,2.4631820044533508e-05,patient11_window16s_stride1s-epo,delta
641,0.0008031117000006688,patient11_window16s_stride1s-epo,delta
642,0.0003267710316226101,patient11_window16s_stride1s-epo,delta
643,0.00015041900921332376,patient11_window16s_stride1s-epo,delta
644,0.0004973549007538973,patient11_window16s_stride1s-epo,delta
645,0.0009650727842952246,patient11_window16s_stride1s-epo,delta
646,0.0019560106184225534,patient11_window16s_stride1s-epo,delta
647,0.0029801439651086876,patient11_window16s_stride1s-epo,delta
648,0.004090770435546227,patient11_window16s_stride1s-epo,delta
649,0.0024658480830215272,patient11_window16s_stride1s-epo,delta
650,0.0029595700255916862,patient11_window16s_stride1s-epo,delta
651,0.002139552466171905,patient11_window16s_stride1s-epo,delta
652,0.0017459309241696602,patient11_window16s_stride1s-epo,delta
653,0.0012960413969136868,patient11_window16s_stride1s-epo,delta
654,0.0016882374825140595,patient11_window16s_stride1s-epo,delta
655,0.001951659902672781,patient11_window16s_stride1s-epo,delta
656,0.0013588140242833664,patient11_window16s_stride1s-epo,delta
657,0.0010821142683669766,patient11_window16s_stride1s-epo,delta
658,0.0008615051648590437,patient11_window16s_stride1s-epo,delta
659,0.00024374724167628144,patient11_window16s_stride1s-epo,delta
660,-0.0007858117444289787,patient11_window16s_stride1s-epo,delta
661,0.001043103049823484,patient11_window16s_stride1s-epo,delta
662,0.0009125085771075404,patient11_window16s_stride1s-epo,delta
663,-0.0015048393176685017,patient11_window16s_stride1s-epo,delta
664,-0.0017513467728993012,patient11_window16s_stride1s-epo,delta
665,-0.0027152597980030693,patient11_window16s_stride1s-epo,delta
666,-0.002230565070536284,patient11_window16s_stride1s-epo,delta
667,-0.00036960400674508484,patient11_window16s_stride1s-epo,delta
668,0.00016960555412731627,patient11_window16s_stride1s-epo,delta
669,0.00021907939028699305,patient11_window16s_stride1s-epo,delta
670,-0.0007041197377760199,patient11_window16s_stride1s-epo,delta
671,-0.0008417099904715081,patient11_window16s_stride1s-epo,delta
672,-0.0006059584487871898,patient11_window16s_stride1s-epo,delta
673,-0.0003824591387576465,patient11_window16s_stride1s-epo,delta
674,0.0009855964862216023,patient11_window16s_stride1s-epo,delta
675,0.0003458128656961024,patient11_window16s_stride1s-epo,delta
676,0.0013912546055033235,patient11_window16s_stride1s-epo,delta
677,0.0005261462430876494,patient11_window16s_stride1s-epo,delta
678,0.0003428935826020136,patient11_window16s_stride1s-epo,delta
679,0.0012368271283985342,patient11_window16s_stride1s-epo,delta
680,0.0012317858421245316,patient11_window16s_stride1s-epo,delta
681,0.0014906019514656884,patient11_window16s_stride1s-epo,delta
682,0.002171768196888168,patient11_window16s_stride1s-epo,delta
683,0.0016419129394580761,patient11_window16s_stride1s-epo,delta
684,0.0007693667460307459,patient11_window16s_stride1s-epo,delta
685,0.0013530822228132514,patient11_window16s_stride1s-epo,delta
686,0.00018569713625332388,patient11_window16s_stride1s-epo,delta
687,0.0003955148717798705,patient11_window16s_stride1s-epo,delta
688,-0.00021296187337230778,patient11_window16s_stride1s-epo,delta
689,-0.00033761218375187043,patient11_window16s_stride1s-epo,delta
690,6.968732980363985e-05,patient11_window16s_stride1s-epo,delta
691,-0.0002024755113273165,patient11_window16s_stride1s-epo,delta
692,0.0004190274947275092,patient11_window16s_stride1s-epo,delta
693,0.0007514871453404042,patient11_window16s_stride1s-epo,delta
694,0.000739574955342771,patient11_window16s_stride1s-epo,delta
695,0.00038409066809711384,patient11_window16s_stride1s-epo,delta
696,0.0015324755686542046,patient11_window16s_stride1s-epo,delta
697,0.001212290671718735,patient11_window16s_stride1s-epo,delta
698,0.0012258397475289186,patient11_window16s_stride1s-epo,delta
699,0.0010235395927810397,patient11_window16s_stride1s-epo,delta
700,0.0015031862377590287,patient11_window16s_stride1s-epo,delta
701,0.0019987243091306645,patient11_window16s_stride1s-epo,delta
702,0.002305046762168662,patient11_window16s_stride1s-epo,delta
703,0.0030577940326149545,patient11_window16s_stride1s-epo,delta
704,0.0018577313813747764,patient11_window16s_stride1s-epo,delta
705,0.0025892112987828384,patient11_window16s_stride1s-epo,delta
706,0.002581520837305277,patient11_window16s_stride1s-epo,delta
707,0.0021233324534106865,patient11_window16s_stride1s-epo,delta
708,0.0019716736773971347,patient11_window16s_stride1s-epo,delta
709,0.00040182087349875304,patient11_window16s_stride1s-epo,delta
710,0.0024235226727143616,patient11_window16s_stride1s-epo,delta
711,0.0039954061085388575,patient11_window16s_stride1s-epo,delta
712,0.004645417557124852,patient11_window16s_stride1s-epo,delta
713,0.0038948853217895497,patient11_window16s_stride1s-epo,delta
714,0.002489313126773833,patient11_window16s_stride1s-epo,delta
715,0.003951973316790067,patient11_window16s_stride1s-epo,delta
716,0.0044590376521342024,patient11_window16s_stride1s-epo,delta
717,0.004509344003311411,patient11_window16s_stride1s-epo,delta
718,0.004154838523021256,patient11_window16s_stride1s-epo,delta
719,0.003439575234489198,patient11_window16s_stride1s-epo,delta
720,0.004019874818801469,patient11_window16s_stride1s-epo,delta
721,0.005921863209529028,patient11_window16s_stride1s-epo,delta
722,0.005886687580559978,patient11_window16s_stride1s-epo,delta
723,0.005323020815304769,patient11_window16s_stride1s-epo,delta
724,0.004368687035161509,patient11_window16s_stride1s-epo,delta
725,0.00574933122271196,patient11_window16s_stride1s-epo,delta
726,0.0029017059057559885,patient11_window16s_stride1s-epo,delta
727,0.002047159837567241,patient11_window16s_stride1s-epo,delta
728,0.00021607743284259189,patient11_window16s_stride1s-epo,delta
729,-8.427182025835837e-05,patient11_window16s_stride1s-epo,delta
730,0.002243399396973333,patient11_window16s_stride1s-epo,delta
731,0.0014366113208426202,patient11_window16s_stride1s-epo,delta
732,0.00130719277616444,patient11_window16s_stride1s-epo,delta
733,0.0016840735917850384,patient11_window16s_stride1s-epo,delta
734,0.0022353076503999953,patient11_window16s_stride1s-epo,delta
735,0.0015729262649280152,patient11_window16s_stride1s-epo,delta
736,-0.0003256160748469842,patient11_window16s_stride1s-epo,delta
737,-0.0013061546301484923,patient11_window16s_stride1s-epo,delta
738,-0.002050739003475254,patient11_window16s_stride1s-epo,delta
739,-0.0008289236696515896,patient11_window16s_stride1s-epo,delta
740,-0.00013864499293512263,patient11_window16s_stride1s-epo,delta
741,0.00016609544598988993,patient11_window16s_stride1s-epo,delta
742,0.001958880948047917,patient11_window16s_stride1s-epo,delta
743,0.0024391267003314628,patient11_window16s_stride1s-epo,delta
744,0.002506017035755259,patient11_window16s_stride1s-epo,delta
745,0.0030679139351954066,patient11_window16s_stride1s-epo,delta
746,0.0020791654429179055,patient11_window16s_stride1s-epo,delta
747,0.001454493187419728,patient11_window16s_stride1s-epo,delta
748,0.001743606871184941,patient11_window16s_stride1s-epo,delta
749,0.0020133040831667925,patient11_window16s_stride1s-epo,delta
750,0.0018700341938358875,patient11_window16s_stride1s-epo,delta
751,0.001986610626063106,patient11_window16s_stride1s-epo,delta
752,0.0034073100296959265,patient11_window16s_stride1s-epo,delta
753,0.0034423531445139217,patient11_window16s_stride1s-epo,delta
754,0.0019437134589460998,patient11_window16s_stride1s-epo,delta
755,0.00310589312764466,patient11_window16s_stride1s-epo,delta
756,0.003276710714987678,patient11_window16s_stride1s-epo,delta
757,0.0030574379101991865,patient11_window16s_stride1s-epo,delta
758,0.0005042456352153359,patient11_window16s_stride1s-epo,delta
759,0.0005908765765884818,patient11_window16s_stride1s-epo,delta
760,-0.0002013722679137863,patient11_window16s_stride1s-epo,delta
761,-0.0004820787151191657,patient11_window16s_stride1s-epo,delta
762,-0.0013678014369493479,patient11_window16s_stride1s-epo,delta
763,-0.0013710530628985907,patient11_window16s_stride1s-epo,delta
764,-0.0008313109377037726,patient11_window16s_stride1s-epo,delta
765,-0.0007580554579963149,patient11_window16s_stride1s-epo,delta
766,-0.00016643002383851598,patient11_window16s_stride1s-epo,delta
767,-0.00010050647034461768,patient11_window16s_stride1s-epo,delta
768,-0.0009479972814156351,patient11_window16s_stride1s-epo,delta
769,-0.0006437398426008896,patient11_window16s_stride1s-epo,delta
770,-0.001255938735387717,patient11_window16s_stride1s-epo,delta
771,-0.000502747769362471,patient11_window16s_stride1s-epo,delta
772,-0.0025787885475899164,patient11_window16s_stride1s-epo,delta
773,-0.0016784870748992545,patient11_window16s_stride1s-epo,delta
774,-0.0010855246072343293,patient11_window16s_stride1s-epo,delta
775,3.112044380731325e-05,patient11_window16s_stride1s-epo,delta
776,0.0004195751380113049,patient11_window16s_stride1s-epo,delta
777,0.0010168152508560153,patient11_window16s_stride1s-epo,delta
778,0.0011763156396613116,patient11_window16s_stride1s-epo,delta
779,0.0010781517543179248,patient11_window16s_stride1s-epo,delta
780,0.0014209740529038206,patient11_window16s_stride1s-epo,delta
781,0.0009738114493127507,patient11_window16s_stride1s-epo,delta
782,0.0008799043260690922,patient11_window16s_stride1s-epo,delta
783,0.0007451419484776818,patient11_window16s_stride1s-epo,delta
784,0.00201881971608213,patient11_window16s_stride1s-epo,delta
785,0.0015179211160000693,patient11_window16s_stride1s-epo,delta
786,0.001386037258445323,patient11_window16s_stride1s-epo,delta
787,0.0007402509738301448,patient11_window16s_stride1s-epo,delta
788,0.0013754685788557961,patient11_window16s_stride1s-epo,delta
789,0.00021638747676225873,patient11_window16s_stride1s-epo,delta
790,-0.0006629036181657992,patient11_window16s_stride1s-epo,delta
791,0.0003090642581397479,patient11_window16s_stride1s-epo,delta
792,-0.0001970673065441477,patient11_window16s_stride1s-epo,delta
793,0.0009544033489772029,patient11_window16s_stride1s-epo,delta
794,0.000744429290154404,patient11_window16s_stride1s-epo,delta
795,0.0012360012093865665,patient11_window16s_stride1s-epo,delta
796,0.0010645951538072057,patient11_window16s_stride1s-epo,delta
797,-0.0003703052347627311,patient11_window16s_stride1s-epo,delta
798,0.0008254495334813087,patient11_window16s_stride1s-epo,delta
799,0.001513942778517375,patient11_window16s_stride1s-epo,delta
800,0.0011802230826444278,patient11_window16s_stride1s-epo,delta
801,0.0004022807748283025,patient11_window16s_stride1s-epo,delta
802,0.0023010069540778852,patient11_window16s_stride1s-epo,delta
803,0.0026996335856607507,patient11_window16s_stride1s-epo,delta
804,0.00247535958832602,patient11_window16s_stride1s-epo,delta
805,0.004416060918669161,patient11_window16s_stride1s-epo,delta
806,0.0029666642160618476,patient11_window16s_stride1s-epo,delta
807,0.002622881838656506,patient11_window16s_stride1s-epo,delta
808,0.0028003404143295955,patient11_window16s_stride1s-epo,delta
809,0.0013480301640239785,patient11_window16s_stride1s-epo,delta
810,0.0022968387240499123,patient11_window16s_stride1s-epo,delta
811,0.001952693741810651,patient11_window16s_stride1s-epo,delta
812,0.001820413225357817,patient11_window16s_stride1s-epo,delta
813,0.002397803633550121,patient11_window16s_stride1s-epo,delta
814,0.002500015463336524,patient11_window16s_stride1s-epo,delta
815,0.0031140366905892496,patient11_window16s_stride1s-epo,delta
816,0.004365484449874245,patient11_window16s_stride1s-epo,delta
817,0.0038940646879789863,patient11_window16s_stride1s-epo,delta
818,0.0026281914751369343,patient11_window16s_stride1s-epo,delta
819,0.002065201209298146,patient11_window16s_stride1s-epo,delta
820,0.001250845171368239,patient11_window16s_stride1s-epo,delta
821,0.0005032944685524933,patient11_window16s_stride1s-epo,delta
822,0.0011827391307558507,patient11_window16s_stride1s-epo,delta
823,0.000921984292721406,patient11_window16s_stride1s-epo,delta
824,0.0014683118252328705,patient11_window16s_stride1s-epo,delta
825,0.0006172687966301703,patient11_window16s_stride1s-epo,delta
826,0.0002815152461232623,patient11_window16s_stride1s-epo,delta
827,0.0002177062577192655,patient11_window16s_stride1s-epo,delta
828,0.001971945035953354,patient11_window16s_stride1s-epo,delta
829,0.0017713311917459797,patient11_window16s_stride1s-epo,delta
830,0.0023991026071451837,patient11_window16s_stride1s-epo,delta
831,0.0020065147782163174,patient11_window16s_stride1s-epo,delta
832,-0.0001810240045777781,patient11_window16s_stride1s-epo,delta
833,-0.0003597826475869518,patient11_window16s_stride1s-epo,delta
834,-0.0012833854553079092,patient11_window16s_stride1s-epo,delta
835,-0.0016461514131251454,patient11_window16s_stride1s-epo,delta
836,-0.0005267468756670427,patient11_window16s_stride1s-epo,delta
837,-0.0029402587575063843,patient11_window16s_stride1s-epo,delta
838,-0.003332271428865427,patient11_window16s_stride1s-epo,delta
839,-0.0027702969672754713,patient11_window16s_stride1s-epo,delta
840,-0.0030615890284625166,patient11_window16s_stride1s-epo,delta
841,-0.0024601268776684795,patient11_window16s_stride1s-epo,delta
842,-0.0015078022894360213,patient11_window16s_stride1s-epo,delta
843,-0.001427567235236884,patient11_window16s_stride1s-epo,delta
844,-0.00192888801008668,patient11_window16s_stride1s-epo,delta
845,-0.000793178643293559,patient11_window16s_stride1s-epo,delta
846,-0.0010725299152220084,patient11_window16s_stride1s-epo,delta
847,-0.00015619328227030045,patient11_window16s_stride1s-epo,delta
848,-0.0003574420172276078,patient11_window16s_stride1s-epo,delta
849,-0.0009472853049377335,patient11_window16s_stride1s-epo,delta
850,-0.001642934192158378,patient11_window16s_stride1s-epo,delta
851,-0.0019211103169786874,patient11_window16s_stride1s-epo,delta
852,-0.0018077639858412472,patient11_window16s_stride1s-epo,delta
853,-0.0008197303869519878,patient11_window16s_stride1s-epo,delta
854,-0.0002957965476598259,patient11_window16s_stride1s-epo,delta
855,-0.0006295731752073132,patient11_window16s_stride1s-epo,delta
856,-0.0008530081033123487,patient11_window16s_stride1s-epo,delta
857,-0.0008166701490060342,patient11_window16s_stride1s-epo,delta
858,-0.00045213804202114306,patient11_window16s_stride1s-epo,delta
859,-0.0011493832112973678,patient11_window16s_stride1s-epo,delta
860,0.00011486970206384417,patient11_window16s_stride1s-epo,delta
861,0.0009685686611957791,patient11_window16s_stride1s-epo,delta
862,0.00112770522683624,patient11_window16s_stride1s-epo,delta
863,0.0014392368170608552,patient11_window16s_stride1s-epo,delta
864,0.0025127428925564585,patient11_window16s_stride1s-epo,delta
865,0.0036206500541204,patient11_window16s_stride1s-epo,delta
866,0.004551068391101039,patient11_window16s_stride1s-epo,delta
867,0.00533056828467382,patient11_window16s_stride1s-epo,delta
868,0.005522988943850403,patient11_window16s_stride1s-epo,delta
869,0.004972787335835313,patient11_window16s_stride1s-epo,delta
870,0.0041397470353451,patient11_window16s_stride1s-epo,delta
871,0.003068914459873514,patient11_window16s_stride1s-epo,delta
872,0.002503975601264032,patient11_window16s_stride1s-epo,delta
873,0.0024103830982411213,patient11_window16s_stride1s-epo,delta
874,0.0035621003869658295,patient11_window16s_stride1s-epo,delta
875,0.003031309198329772,patient11_window16s_stride1s-epo,delta
876,0.0017293423917923829,patient11_window16s_stride1s-epo,delta
877,0.0008385005069014064,patient11_window16s_stride1s-epo,delta
878,0.00037547781154806436,patient11_window16s_stride1s-epo,delta
879,-0.0006020223989933129,patient11_window16s_stride1s-epo,delta
880,-0.0005028800224113599,patient11_window16s_stride1s-epo,delta
881,-0.00047137897253997417,patient11_window16s_stride1s-epo,delta
882,-0.0006838742304984266,patient11_window16s_stride1s-epo,delta
883,0.0001981572377109342,patient11_window16s_stride1s-epo,delta
884,-0.00033351875284162166,patient11_window16s_stride1s-epo,delta
885,-0.0007357161320022859,patient11_window16s_stride1s-epo,delta
886,-0.0007131101217735055,patient11_window16s_stride1s-epo,delta
887,-0.0011860634605034659,patient11_window16s_stride1s-epo,delta
888,-0.000186667545034381,patient11_window16s_stride1s-epo,delta
889,-0.0009638223346069832,patient11_window16s_stride1s-epo,delta
890,-0.0009985387850783415,patient11_window16s_stride1s-epo,delta
891,-0.0008849745682975493,patient11_window16s_stride1s-epo,delta
892,-0.0004922730101767182,patient11_window16s_stride1s-epo,delta
893,0.00041858165903515887,patient11_window16s_stride1s-epo,delta
894,0.001013283426937576,patient11_window16s_stride1s-epo,delta
895,-0.00020233730194164204,patient11_window16s_stride1s-epo,delta
896,0.0009590649010568736,patient11_window16s_stride1s-epo,delta
897,0.0018518006962829955,patient11_window16s_stride1s-epo,delta
898,0.0027543578305236766,patient11_window16s_stride1s-epo,delta
899,0.0019337203460176148,patient11_window16s_stride1s-epo,delta
900,0.0013180212143411865,patient11_window16s_stride1s-epo,delta
901,0.0011953936575820469,patient11_window16s_stride1s-epo,delta
902,0.0008829278259215336,patient11_window16s_stride1s-epo,delta
903,0.000588349112063717,patient11_window16s_stride1s-epo,delta
904,0.0006144610003474856,patient11_window16s_stride1s-epo,delta
905,0.000654304082802599,patient11_window16s_stride1s-epo,delta
906,0.0005079123157420488,patient11_window16s_stride1s-epo,delta
907,0.0008624171296204356,patient11_window16s_stride1s-epo,delta
908,0.0003204747291123299,patient11_window16s_stride1s-epo,delta
909,-0.0004117946398248061,patient11_window16s_stride1s-epo,delta
910,-3.9876887944404327e-05,patient11_window16s_stride1s-epo,delta
911,-0.0005765178298139602,patient11_window16s_stride1s-epo,delta
912,-0.0009419040497658839,patient11_window16s_stride1s-epo,delta
913,-0.0003576996054622962,patient11_window16s_stride1s-epo,delta
914,-0.0011763953292571751,patient11_window16s_stride1s-epo,delta
915,0.00029277061544895995,patient11_window16s_stride1s-epo,delta
916,0.0008964202958729606,patient11_window16s_stride1s-epo,delta
917,0.0012581712330721627,patient11_window16s_stride1s-epo,delta
918,0.0016062153461022998,patient11_window16s_stride1s-epo,delta
919,0.001404560267639634,patient11_window16s_stride1s-epo,delta
920,0.0012795332998669423,patient11_window16s_stride1s-epo,delta
921,0.0011909497836401796,patient11_window16s_stride1s-epo,delta
922,0.0019972786388131234,patient11_window16s_stride1s-epo,delta
923,0.001558501497809771,patient11_window16s_stride1s-epo,delta
924,0.0007841045407199787,patient11_window16s_stride1s-epo,delta
925,0.0010142451187367223,patient11_window16s_stride1s-epo,delta
926,0.0015664836909762452,patient11_window16s_stride1s-epo,delta
927,0.0023256396885929856,patient11_window16s_stride1s-epo,delta
928,0.0027062631746252504,patient11_window16s_stride1s-epo,delta
929,0.002264011700495116,patient11_window16s_stride1s-epo,delta
930,0.0019138878767553339,patient11_window16s_stride1s-epo,delta
931,0.0010109629951229342,patient11_window16s_stride1s-epo,delta
932,0.0010627140313812812,patient11_window16s_stride1s-epo,delta
933,0.0016305361253907773,patient11_window16s_stride1s-epo,delta
934,0.002974893970628926,patient11_window16s_stride1s-epo,delta
935,0.0017519219870589377,patient11_window16s_stride1s-epo,delta
936,0.002587474044336533,patient11_window16s_stride1s-epo,delta
937,0.0020214946237214694,patient11_window16s_stride1s-epo,delta
938,0.002346119684500919,patient11_window16s_stride1s-epo,delta
939,0.0013503346315512903,patient11_window16s_stride1s-epo,delta
940,0.0025847332384034156,patient11_window16s_stride1s-epo,delta
941,0.002795066964554369,patient11_window16s_stride1s-epo,delta
942,0.0023964528709580378,patient11_window16s_stride1s-epo,delta
943,0.0020462159775704613,patient11_window16s_stride1s-epo,delta
944,0.0016165541256507663,patient11_window16s_stride1s-epo,delta
945,0.0013274947444351238,patient11_window16s_stride1s-epo,delta
946,0.0017704930519887815,patient11_window16s_stride1s-epo,delta
947,0.002068617869548325,patient11_window16s_stride1s-epo,delta
948,0.001123132817013657,patient11_window16s_stride1s-epo,delta
949,0.0006712160896909857,patient11_window16s_stride1s-epo,delta
950,0.0013346226089544788,patient11_window16s_stride1s-epo,delta
951,0.0026542655203741603,patient11_window16s_stride1s-epo,delta
952,0.0018979918682402543,patient11_window16s_stride1s-epo,delta
953,0.003007095163704324,patient11_window16s_stride1s-epo,delta
954,0.003142481208306896,patient11_window16s_stride1s-epo,delta
955,0.0036351181669436318,patient11_window16s_stride1s-epo,delta
956,0.0044629053617106325,patient11_window16s_stride1s-epo,delta
957,0.0037926865192678197,patient11_window16s_stride1s-epo,delta
958,0.0037400263955822753,patient11_window16s_stride1s-epo,delta
959,0.0039026107083788746,patient11_window16s_stride1s-epo,delta
960,0.004140767068485467,patient11_window16s_stride1s-epo,delta
961,0.0037221445832759385,patient11_window16s_stride1s-epo,delta
962,0.003567284516839296,patient11_window16s_stride1s-epo,delta
963,0.0035752844909215362,patient11_window16s_stride1s-epo,delta
964,0.004210487161316999,patient11_window16s_stride1s-epo,delta
965,0.00346120526650643,patient11_window16s_stride1s-epo,delta
966,0.0027324167001940873,patient11_window16s_stride1s-epo,delta
967,0.0022521697143153847,patient11_window16s_stride1s-epo,delta
968,0.002019708704968782,patient11_window16s_stride1s-epo,delta
969,0.001265409977179604,patient11_window16s_stride1s-epo,delta
970,0.0012147906822334474,patient11_window16s_stride1s-epo,delta
971,0.0011341642630907577,patient11_window16s_stride1s-epo,delta
972,0.0006199188557402998,patient11_window16s_stride1s-epo,delta
973,-0.0006537584787268093,patient11_window16s_stride1s-epo,delta
974,-0.0005864539847463778,patient11_window16s_stride1s-epo,delta
975,-0.0011104407378457295,patient11_window16s_stride1s-epo,delta
976,-0.0013471986962980847,patient11_window16s_stride1s-epo,delta
977,-0.0011732489532779726,patient11_window16s_stride1s-epo,delta
978,-0.001222939342664053,patient11_window16s_stride1s-epo,delta
979,-0.0006903267881210574,patient11_window16s_stride1s-epo,delta
980,-0.001056934462534736,patient11_window16s_stride1s-epo,delta
981,-0.0015554402770796157,patient11_window16s_stride1s-epo,delta
982,-0.001180801064040198,patient11_window16s_stride1s-epo,delta
983,-0.0011926457493892694,patient11_window16s_stride1s-epo,delta
984,-0.001296802834540032,patient11_window16s_stride1s-epo,delta
985,-0.0010079969705156934,patient11_window16s_stride1s-epo,delta
986,-0.0013706677654413964,patient11_window16s_stride1s-epo,delta
987,-0.0014465136238416261,patient11_window16s_stride1s-epo,delta
988,-0.0030387963905893845,patient11_window16s_stride1s-epo,delta
989,-0.003335625648631899,patient11_window16s_stride1s-epo,delta
990,-0.003608676816241589,patient11_window16s_stride1s-epo,delta
991,-0.00441048973397581,patient11_window16s_stride1s-epo,delta
992,-0.004815646497156627,patient11_window16s_stride1s-epo,delta
993,-0.003943242890099335,patient11_window16s_stride1s-epo,delta
994,-0.004739203205218285,patient11_window16s_stride1s-epo,delta
995,-0.003738916271973637,patient11_window16s_stride1s-epo,delta
996,-0.003817702255173369,patient11_window16s_stride1s-epo,delta
997,-0.0033253825483675063,patient11_window16s_stride1s-epo,delta
998,-0.0029000844411422085,patient11_window16s_stride1s-epo,delta
999,-0.0024326984112678506,patient11_window16s_stride1s-epo,delta
1000,-0.002522347222653502,patient11_window16s_stride1s-epo,delta
1001,-0.0020633044846842586,patient11_window16s_stride1s-epo,delta
1002,-0.0007615708305651425,patient11_window16s_stride1s-epo,delta
1003,-0.0006163551851479403,patient11_window16s_stride1s-epo,delta
1004,-0.001138655491984663,patient11_window16s_stride1s-epo,delta
1005,-0.0009423901930965861,patient11_window16s_stride1s-epo,delta
1006,0.0006111126260686879,patient11_window16s_stride1s-epo,delta
1007,0.0018267373723150101,patient11_window16s_stride1s-epo,delta
1008,0.0012346775289205953,patient11_window16s_stride1s-epo,delta
1009,0.0010667698735456021,patient11_window16s_stride1s-epo,delta
1010,0.00020375352939494714,patient11_window16s_stride1s-epo,delta
1011,0.0025146525550050402,patient11_window16s_stride1s-epo,delta
1012,0.0015006326408359162,patient11_window16s_stride1s-epo,delta
1013,0.0011873028165100671,patient11_window16s_stride1s-epo,delta
1014,0.0014732686968022292,patient11_window16s_stride1s-epo,delta
1015,-0.0003175942491934593,patient11_window16s_stride1s-epo,delta
1016,0.00017843570928339632,patient11_window16s_stride1s-epo,delta
1017,-0.00016808466298170153,patient11_window16s_stride1s-epo,delta
1018,-0.00036015064930481044,patient11_window16s_stride1s-epo,delta
1019,4.905755442042074e-06,patient11_window16s_stride1s-epo,delta
1020,0.003615372461010228,patient11_window16s_stride1s-epo,delta
1021,0.002066226036760687,patient11_window16s_stride1s-epo,delta
1022,0.0007912687121561491,patient11_window16s_stride1s-epo,delta
1023,0.0014650531909694913,patient11_window16s_stride1s-epo,delta
1024,0.0005700886428141686,patient11_window16s_stride1s-epo,delta
1025,0.0009222460428999116,patient11_window16s_stride1s-epo,delta
1026,0.0010274994692148346,patient11_window16s_stride1s-epo,delta
1027,-0.00020576798218831046,patient11_window16s_stride1s-epo,delta
1028,0.001496221698510743,patient11_window16s_stride1s-epo,delta
1029,0.0011514438216125886,patient11_window16s_stride1s-epo,delta
1030,0.0005308812702751697,patient11_window16s_stride1s-epo,delta
1031,0.0005406109041995941,patient11_window16s_stride1s-epo,delta
1032,0.000744894870378893,patient11_window16s_stride1s-epo,delta
1033,0.0011252472165082792,patient11_window16s_stride1s-epo,delta
1034,0.0014236755776762474,patient11_window16s_stride1s-epo,delta
1035,0.0016897956753429777,patient11_window16s_stride1s-epo,delta
1036,0.00025555681491839475,patient11_window16s_stride1s-epo,delta
1037,0.0008929665882489105,patient11_window16s_stride1s-epo,delta
1038,0.002110901303072586,patient11_window16s_stride1s-epo,delta
1039,0.001730287636108662,patient11_window16s_stride1s-epo,delta
1040,0.0005800552532542617,patient11_window16s_stride1s-epo,delta
1041,0.0008072310213685596,patient11_window16s_stride1s-epo,delta
1042,0.00019260735994462946,patient11_window16s_stride1s-epo,delta
1043,0.0008372189380585865,patient11_window16s_stride1s-epo,delta
1044,1.806158931285092e-05,patient11_window16s_stride1s-epo,delta
1045,-6.222098660272859e-05,patient11_window16s_stride1s-epo,delta
1046,0.0006869123086735782,patient11_window16s_stride1s-epo,delta
1047,0.0006502144211980926,patient11_window16s_stride1s-epo,delta
1048,-0.0006604033932550334,patient11_window16s_stride1s-epo,delta
1049,-9.495745850366318e-05,patient11_window16s_stride1s-epo,delta
1050,0.0002119785157294581,patient11_window16s_stride1s-epo,delta
1051,-0.0010671926115248032,patient11_window16s_stride1s-epo,delta
1052,-0.001273974298330554,patient11_window16s_stride1s-epo,delta
1053,-0.0005017625477607896,patient11_window16s_stride1s-epo,delta
1054,-0.0003812044523268756,patient11_window16s_stride1s-epo,delta
1055,-0.0008781069537925799,patient11_window16s_stride1s-epo,delta
1056,-0.00044980743302696274,patient11_window16s_stride1s-epo,delta
1057,-0.0007016664660925668,patient11_window16s_stride1s-epo,delta
1058,-0.0005535475788308511,patient11_window16s_stride1s-epo,delta
1059,-0.0013772371473472578,patient11_window16s_stride1s-epo,delta
1060,-0.00042867808448570943,patient11_window16s_stride1s-epo,delta
1061,-0.0014844727372109925,patient11_window16s_stride1s-epo,delta
1062,-0.001880961512086117,patient11_window16s_stride1s-epo,delta
1063,-0.0009852153791800537,patient11_window16s_stride1s-epo,delta
1064,-0.00017355101534250773,patient11_window16s_stride1s-epo,delta
1065,-0.0009177457621845678,patient11_window16s_stride1s-epo,delta
1066,-0.001422278170489547,patient11_window16s_stride1s-epo,delta
1067,-0.000640324665748051,patient11_window16s_stride1s-epo,delta
1068,-0.0007760049719087572,patient11_window16s_stride1s-epo,delta
1069,0.0003139043369781529,patient11_window16s_stride1s-epo,delta
1070,0.00016644665785367656,patient11_window16s_stride1s-epo,delta
1071,0.0007233382020033937,patient11_window16s_stride1s-epo,delta
1072,-9.797119690828788e-05,patient11_window16s_stride1s-epo,delta
1073,0.0006722830064427753,patient11_window16s_stride1s-epo,delta
1074,0.001235927763345456,patient11_window16s_stride1s-epo,delta
1075,0.0008339165624558817,patient11_window16s_stride1s-epo,delta
1076,0.0009147187592152507,patient11_window16s_stride1s-epo,delta
1077,0.00149174735410478,patient11_window16s_stride1s-epo,delta
1078,0.0027964808436856596,patient11_window16s_stride1s-epo,delta
1079,0.002178294355745687,patient11_window16s_stride1s-epo,delta
1080,0.001608729966545794,patient11_window16s_stride1s-epo,delta
1081,0.0020443388189258114,patient11_window16s_stride1s-epo,delta
1082,0.0023326500251437386,patient11_window16s_stride1s-epo,delta
1083,0.0014405618699096304,patient11_window16s_stride1s-epo,delta
1084,0.0016099672170803462,patient11_window16s_stride1s-epo,delta
1085,0.000613836479292112,patient11_window16s_stride1s-epo,delta
1086,-0.00045561714886638153,patient11_window16s_stride1s-epo,delta
1087,0.0005232954812493971,patient11_window16s_stride1s-epo,delta
1088,0.000554376959389841,patient11_window16s_stride1s-epo,delta
1089,-0.00021453334816126361,patient11_window16s_stride1s-epo,delta
1090,0.0005651519317178422,patient11_window16s_stride1s-epo,delta
1091,0.0008453676686819695,patient11_window16s_stride1s-epo,delta
1092,0.0009011995483932247,patient11_window16s_stride1s-epo,delta
1093,0.0008221288915934001,patient11_window16s_stride1s-epo,delta
1094,0.0005673077331191009,patient11_window16s_stride1s-epo,delta
1095,0.00039022106818896934,patient11_window16s_stride1s-epo,delta
1096,0.0010135098640451784,patient11_window16s_stride1s-epo,delta
1097,0.001122261813075576,patient11_window16s_stride1s-epo,delta
1098,0.0010994823014043298,patient11_window16s_stride1s-epo,delta
1099,0.0012668579258972008,patient11_window16s_stride1s-epo,delta
1100,0.002047923256547631,patient11_window16s_stride1s-epo,delta
1101,0.0003859063981210399,patient11_window16s_stride1s-epo,delta
1102,0.0006486671393673041,patient11_window16s_stride1s-epo,delta
1103,0.001309570483456588,patient11_window16s_stride1s-epo,delta
1104,0.000742893047279537,patient11_window16s_stride1s-epo,delta
1105,0.0006372328779377152,patient11_window16s_stride1s-epo,delta
1106,0.0006986381211317015,patient11_window16s_stride1s-epo,delta
1107,0.0009103105367443414,patient11_window16s_stride1s-epo,delta
1108,0.00017414235476054482,patient11_window16s_stride1s-epo,delta
1109,0.0011541919112553329,patient11_window16s_stride1s-epo,delta
1110,0.0009534979792671315,patient11_window16s_stride1s-epo,delta
1111,0.0008433699872639583,patient11_window16s_stride1s-epo,delta
1112,0.00024203043347070357,patient11_window16s_stride1s-epo,delta
1113,-0.0005841861796736306,patient11_window16s_stride1s-epo,delta
1114,-0.00022050927628826527,patient11_window16s_stride1s-epo,delta
1115,0.0003814775634463781,patient11_window16s_stride1s-epo,delta
1116,0.0005781057092261217,patient11_window16s_stride1s-epo,delta
1117,0.0006000569956501973,patient11_window16s_stride1s-epo,delta
1118,0.0010199369250992213,patient11_window16s_stride1s-epo,delta
1119,0.0007240720436304118,patient11_window16s_stride1s-epo,delta
1120,9.024351468786153e-05,patient11_window16s_stride1s-epo,delta
1121,0.00041145836397167037,patient11_window16s_stride1s-epo,delta
1122,0.0011551251312912248,patient11_window16s_stride1s-epo,delta
1123,0.0002524409920900405,patient11_window16s_stride1s-epo,delta
1124,0.0004434522658414528,patient11_window16s_stride1s-epo,delta
1125,0.0003633088025806399,patient11_window16s_stride1s-epo,delta
1126,0.00018001819331005134,patient11_window16s_stride1s-epo,delta
1127,0.0007910988573585264,patient11_window16s_stride1s-epo,delta
1128,0.0014414683259311167,patient11_window16s_stride1s-epo,delta
1129,0.0008239284381150508,patient11_window16s_stride1s-epo,delta
1130,0.0019126118201119133,patient11_window16s_stride1s-epo,delta
1131,0.0017456527307349958,patient11_window16s_stride1s-epo,delta
1132,0.0012178968457347476,patient11_window16s_stride1s-epo,delta
1133,0.0015922700070235228,patient11_window16s_stride1s-epo,delta
1134,0.00023670016689159907,patient11_window16s_stride1s-epo,delta
1135,0.0003900809230773012,patient11_window16s_stride1s-epo,delta
1136,0.0011107208833619898,patient11_window16s_stride1s-epo,delta
1137,0.0004304121976746192,patient11_window16s_stride1s-epo,delta
1138,0.0010573522060811154,patient11_window16s_stride1s-epo,delta
1139,0.0019321202350673114,patient11_window16s_stride1s-epo,delta
1140,0.0028471638722045688,patient11_window16s_stride1s-epo,delta
1141,0.0032284158505616685,patient11_window16s_stride1s-epo,delta
1142,0.00357308230360008,patient11_window16s_stride1s-epo,delta
1143,0.004291470234082474,patient11_window16s_stride1s-epo,delta
1144,0.003847201312573702,patient11_window16s_stride1s-epo,delta
1145,0.0031037386658554554,patient11_window16s_stride1s-epo,delta
1146,0.003154484739511958,patient11_window16s_stride1s-epo,delta
1147,0.002281344232678946,patient11_window16s_stride1s-epo,delta
1148,0.002439235360102189,patient11_window16s_stride1s-epo,delta
1149,0.00295964353513782,patient11_window16s_stride1s-epo,delta
1150,0.002228951441481104,patient11_window16s_stride1s-epo,delta
1151,0.0009269522032037011,patient11_window16s_stride1s-epo,delta
1152,0.0007462846384790131,patient11_window16s_stride1s-epo,delta
1153,0.0008817610701424358,patient11_window16s_stride1s-epo,delta
1154,0.0007620317556279845,patient11_window16s_stride1s-epo,delta
1155,0.0011444580079167561,patient11_window16s_stride1s-epo,delta
1156,-0.0004993857789773834,patient11_window16s_stride1s-epo,delta
1157,-0.0007055079366466072,patient11_window16s_stride1s-epo,delta
1158,-0.0012836625195726985,patient11_window16s_stride1s-epo,delta
1159,-0.0010837450424102972,patient11_window16s_stride1s-epo,delta
1160,-0.0012874318427607433,patient11_window16s_stride1s-epo,delta
1161,-0.0012215856663853318,patient11_window16s_stride1s-epo,delta
1162,-0.0018727791567429081,patient11_window16s_stride1s-epo,delta
1163,-0.0017239087504047179,patient11_window16s_stride1s-epo,delta
1164,-0.0023861163970736944,patient11_window16s_stride1s-epo,delta
1165,-0.0016940280619017103,patient11_window16s_stride1s-epo,delta
1166,-0.001137118442873769,patient11_window16s_stride1s-epo,delta
1167,-0.0014723694463825712,patient11_window16s_stride1s-epo,delta
1168,-0.001042874538738159,patient11_window16s_stride1s-epo,delta
1169,-0.0006164324883469077,patient11_window16s_stride1s-epo,delta
1170,-0.0018660967569128024,patient11_window16s_stride1s-epo,delta
1171,-0.0007518225495298037,patient11_window16s_stride1s-epo,delta
1172,-0.0002641452064157083,patient11_window16s_stride1s-epo,delta
1173,0.0005620946689981382,patient11_window16s_stride1s-epo,delta
1174,0.0006687978159658398,patient11_window16s_stride1s-epo,delta
1175,0.000362346062551534,patient11_window16s_stride1s-epo,delta
1176,6.325947345529801e-05,patient11_window16s_stride1s-epo,delta
1177,0.00032592072150707104,patient11_window16s_stride1s-epo,delta
1178,6.888336668521386e-05,patient11_window16s_stride1s-epo,delta
1179,0.0006627853954692343,patient11_window16s_stride1s-epo,delta
1180,0.0007680825782657005,patient11_window16s_stride1s-epo,delta
1181,-1.937490778929871e-05,patient11_window16s_stride1s-epo,delta
1182,-0.0005922319457910242,patient11_window16s_stride1s-epo,delta
1183,0.0001905244121433404,patient11_window16s_stride1s-epo,delta
1184,0.00045486061601718476,patient11_window16s_stride1s-epo,delta
1185,0.00032247391967579894,patient11_window16s_stride1s-epo,delta
1186,8.776120471192573e-05,patient11_window16s_stride1s-epo,delta
1187,-1.0842509352630005e-05,patient11_window16s_stride1s-epo,delta
1188,7.77099815307648e-05,patient11_window16s_stride1s-epo,delta
1189,-0.0013055145407496152,patient11_window16s_stride1s-epo,delta
1190,-0.00047738383827707054,patient11_window16s_stride1s-epo,delta
1191,-0.0008949562511255139,patient11_window16s_stride1s-epo,delta
1192,-0.001054173900732087,patient11_window16s_stride1s-epo,delta
1193,-0.0012898187202740657,patient11_window16s_stride1s-epo,delta
1194,-0.0012753936760810393,patient11_window16s_stride1s-epo,delta
1195,-0.00015430734548813432,patient11_window16s_stride1s-epo,delta
1196,0.00021391345825269798,patient11_window16s_stride1s-epo,delta
1197,0.0006811162370363952,patient11_window16s_stride1s-epo,delta
1198,0.0009158830374302121,patient11_window16s_stride1s-epo,delta
1199,1.4156923997189108e-05,patient11_window16s_stride1s-epo,delta
1200,0.0012126670283625048,patient11_window16s_stride1s-epo,delta
1201,0.001505069440441914,patient11_window16s_stride1s-epo,delta
1202,0.0016897875189122282,patient11_window16s_stride1s-epo,delta
1203,0.0017490583913466699,patient11_window16s_stride1s-epo,delta
1204,0.0012195770909134481,patient11_window16s_stride1s-epo,delta
1205,0.0022398616604929504,patient11_window16s_stride1s-epo,delta
1206,0.0035184749052657146,patient11_window16s_stride1s-epo,delta
1207,0.003030459822846849,patient11_window16s_stride1s-epo,delta
1208,0.0023065023560809032,patient11_window16s_stride1s-epo,delta
1209,0.002277281684333023,patient11_window16s_stride1s-epo,delta
1210,0.0011018306853767007,patient11_window16s_stride1s-epo,delta
1211,0.0015546675601183994,patient11_window16s_stride1s-epo,delta
1212,0.001155311337480905,patient11_window16s_stride1s-epo,delta
1213,0.0012586977700800937,patient11_window16s_stride1s-epo,delta
1214,0.0023161387629862962,patient11_window16s_stride1s-epo,delta
1215,0.0017339518301905394,patient11_window16s_stride1s-epo,delta
1216,0.0012395968826056614,patient11_window16s_stride1s-epo,delta
1217,0.0006151146250113357,patient11_window16s_stride1s-epo,delta
1218,-0.00019496750282257987,patient11_window16s_stride1s-epo,delta
1219,-9.075026564993148e-05,patient11_window16s_stride1s-epo,delta
1220,0.0006867163878627229,patient11_window16s_stride1s-epo,delta
1221,0.0010419767289985339,patient11_window16s_stride1s-epo,delta
1222,0.001527480116707186,patient11_window16s_stride1s-epo,delta
1223,0.0017827396644686962,patient11_window16s_stride1s-epo,delta
1224,0.0030217233791252633,patient11_window16s_stride1s-epo,delta
1225,0.0019680105437812653,patient11_window16s_stride1s-epo,delta
1226,0.0021768704524345746,patient11_window16s_stride1s-epo,delta
1227,0.0021063092668763225,patient11_window16s_stride1s-epo,delta
1228,0.001862714806574507,patient11_window16s_stride1s-epo,delta
1229,0.0015561119680851448,patient11_window16s_stride1s-epo,delta
1230,0.00182231445908117,patient11_window16s_stride1s-epo,delta
1231,0.002340385512906333,patient11_window16s_stride1s-epo,delta
1232,0.0022266245732991603,patient11_window16s_stride1s-epo,delta
1233,0.0025363462889033514,patient11_window16s_stride1s-epo,delta
1234,0.003729962715508845,patient11_window16s_stride1s-epo,delta
1235,0.0032653661392708796,patient11_window16s_stride1s-epo,delta
1236,0.000579327379148034,patient11_window16s_stride1s-epo,delta
1237,0.0006641330222755785,patient11_window16s_stride1s-epo,delta
1238,0.0015603922753709692,patient11_window16s_stride1s-epo,delta
1239,0.001067216667580329,patient11_window16s_stride1s-epo,delta
1240,0.0002734692656600839,patient11_window16s_stride1s-epo,delta
1241,0.0008624048533030343,patient11_window16s_stride1s-epo,delta
1242,0.0002671593960558143,patient11_window16s_stride1s-epo,delta
1243,0.00023183177704227565,patient11_window16s_stride1s-epo,delta
1244,0.0006154475893951366,patient11_window16s_stride1s-epo,delta
1245,0.00015161834524366768,patient11_window16s_stride1s-epo,delta
1246,-8.707186747194494e-05,patient11_window16s_stride1s-epo,delta
1247,-0.00020542918838246322,patient11_window16s_stride1s-epo,delta
1248,0.0001293026758381938,patient11_window16s_stride1s-epo,delta
1249,0.00010504896541219219,patient11_window16s_stride1s-epo,delta
1250,-0.0007247703864322615,patient11_window16s_stride1s-epo,delta
1251,0.0009068486208573663,patient11_window16s_stride1s-epo,delta
1252,0.0009641771144629263,patient11_window16s_stride1s-epo,delta
1253,0.0012451965469901982,patient11_window16s_stride1s-epo,delta
1254,0.0011646378648117706,patient11_window16s_stride1s-epo,delta
1255,0.0009899581461671866,patient11_window16s_stride1s-epo,delta
1256,0.0006851253963974709,patient11_window16s_stride1s-epo,delta
1257,0.0009378706220307878,patient11_window16s_stride1s-epo,delta
1258,-0.00032072616210334205,patient11_window16s_stride1s-epo,delta
1259,0.00019041892965992777,patient11_window16s_stride1s-epo,delta
1260,-0.0006527179302294654,patient11_window16s_stride1s-epo,delta
1261,0.0006598176091172626,patient11_window16s_stride1s-epo,delta
1262,0.0010461408769075991,patient11_window16s_stride1s-epo,delta
1263,0.002605965451409478,patient11_window16s_stride1s-epo,delta
1264,0.0010341515583867514,patient11_window16s_stride1s-epo,delta
1265,0.0005536357761718669,patient11_window16s_stride1s-epo,delta
1266,-0.00023548829960182363,patient11_window16s_stride1s-epo,delta
1267,-0.00016222046820455672,patient11_window16s_stride1s-epo,delta
1268,-0.00025061146841896955,patient11_window16s_stride1s-epo,delta
1269,-0.00058616811630467,patient11_window16s_stride1s-epo,delta
1270,-0.00034965695160363145,patient11_window16s_stride1s-epo,delta
1271,-0.0009213901377466176,patient11_window16s_stride1s-epo,delta
1272,0.00026770589788448624,patient11_window16s_stride1s-epo,delta
1273,0.000687317739751501,patient11_window16s_stride1s-epo,delta
1274,0.0015866771382076197,patient11_window16s_stride1s-epo,delta
1275,0.0018578416597083039,patient11_window16s_stride1s-epo,delta
1276,0.0017029249559083537,patient11_window16s_stride1s-epo,delta
1277,0.001975265762699714,patient11_window16s_stride1s-epo,delta
1278,0.0026317815503845436,patient11_window16s_stride1s-epo,delta
1279,0.001995276633478748,patient11_window16s_stride1s-epo,delta
1280,0.0024890649024272397,patient11_window16s_stride1s-epo,delta
1281,0.002466036927143856,patient11_window16s_stride1s-epo,delta
1282,0.001629358630510259,patient11_window16s_stride1s-epo,delta
1283,0.002007745023811741,patient11_window16s_stride1s-epo,delta
1284,0.0020899331504049975,patient11_window16s_stride1s-epo,delta
1285,0.002146458350847578,patient11_window16s_stride1s-epo,delta
1286,0.0016080201629340232,patient11_window16s_stride1s-epo,delta
1287,0.0018821517142816459,patient11_window16s_stride1s-epo,delta
1288,0.0009034092523252558,patient11_window16s_stride1s-epo,delta
1289,0.0016470876428604534,patient11_window16s_stride1s-epo,delta
1290,0.0018966006902529802,patient11_window16s_stride1s-epo,delta
1291,0.002544297020545323,patient11_window16s_stride1s-epo,delta
1292,0.0033296205867900355,patient11_window16s_stride1s-epo,delta
1293,0.0030059787357424868,patient11_window16s_stride1s-epo,delta
1294,0.0013737000822295303,patient11_window16s_stride1s-epo,delta
1295,0.0014987676036243211,patient11_window16s_stride1s-epo,delta
1296,-9.289487443085475e-06,patient11_window16s_stride1s-epo,delta
1297,0.00029993321874616046,patient11_window16s_stride1s-epo,delta
1298,-0.0002828030767718523,patient11_window16s_stride1s-epo,delta
1299,-0.00019263517209661604,patient11_window16s_stride1s-epo,delta
1300,-0.000598373821495422,patient11_window16s_stride1s-epo,delta
1301,-0.0008865284743205844,patient11_window16s_stride1s-epo,delta
1302,-0.001120455381696028,patient11_window16s_stride1s-epo,delta
1303,-0.000698934002682219,patient11_window16s_stride1s-epo,delta
1304,-0.0009362564713408967,patient11_window16s_stride1s-epo,delta
1305,-0.001639324172182501,patient11_window16s_stride1s-epo,delta
1306,-0.0008960170029908605,patient11_window16s_stride1s-epo,delta
1307,-0.0008537414559034623,patient11_window16s_stride1s-epo,delta
1308,-0.0006709979461515471,patient11_window16s_stride1s-epo,delta
1309,-0.001279720108246623,patient11_window16s_stride1s-epo,delta
1310,-0.0015756971977057383,patient11_window16s_stride1s-epo,delta
1311,-0.0012329765315378077,patient11_window16s_stride1s-epo,delta
1312,-0.0010531110856318523,patient11_window16s_stride1s-epo,delta
1313,-0.000855940669074937,patient11_window16s_stride1s-epo,delta
1314,0.00024424811190174234,patient11_window16s_stride1s-epo,delta
1315,0.0010554070728884554,patient11_window16s_stride1s-epo,delta
1316,0.0007253973344132311,patient11_window16s_stride1s-epo,delta
1317,0.0009781357423610446,patient11_window16s_stride1s-epo,delta
1318,0.0021359629972787586,patient11_window16s_stride1s-epo,delta
1319,0.0027824535878871355,patient11_window16s_stride1s-epo,delta
1320,0.0025666469821912703,patient11_window16s_stride1s-epo,delta
1321,0.0022006675747890778,patient11_window16s_stride1s-epo,delta
1322,0.0014734769550191654,patient11_window16s_stride1s-epo,delta
1323,0.0005135535577708178,patient11_window16s_stride1s-epo,delta
1324,0.00012498548604717192,patient11_window16s_stride1s-epo,delta
1325,0.0003785704176661298,patient11_window16s_stride1s-epo,delta
1326,0.0008180531989018195,patient11_window16s_stride1s-epo,delta
1327,0.0004665059595587648,patient11_window16s_stride1s-epo,delta
1328,0.0001193024086835527,patient11_window16s_stride1s-epo,delta
1329,-0.0004744175258408365,patient11_window16s_stride1s-epo,delta
1330,-0.0016307739400921802,patient11_window16s_stride1s-epo,delta
1331,-0.0012483798701748866,patient11_window16s_stride1s-epo,delta
1332,-0.0011123266499717733,patient11_window16s_stride1s-epo,delta
1333,-0.0010418340133112568,patient11_window16s_stride1s-epo,delta
1334,-0.0007762969437188488,patient11_window16s_stride1s-epo,delta
1335,0.00013683864074784372,patient11_window16s_stride1s-epo,delta
1336,0.0007308329076186355,patient11_window16s_stride1s-epo,delta
1337,-0.0005514309006269144,patient11_window16s_stride1s-epo,delta
1338,0.00010349203374317712,patient11_window16s_stride1s-epo,delta
1339,5.9469765303615974e-05,patient11_window16s_stride1s-epo,delta
1340,0.0009069788581012147,patient11_window16s_stride1s-epo,delta
1341,0.0005320361245407055,patient11_window16s_stride1s-epo,delta
1342,0.0011038794972730046,patient11_window16s_stride1s-epo,delta
1343,0.0010409533570914016,patient11_window16s_stride1s-epo,delta
1344,0.0015999757168736705,patient11_window16s_stride1s-epo,delta
1345,0.0017799181440768235,patient11_window16s_stride1s-epo,delta
1346,0.0016704050484646078,patient11_window16s_stride1s-epo,delta
1347,0.000490512657767499,patient11_window16s_stride1s-epo,delta
1348,0.001279124881419534,patient11_window16s_stride1s-epo,delta
1349,0.001454911286315535,patient11_window16s_stride1s-epo,delta
1350,-7.800956888775048e-05,patient11_window16s_stride1s-epo,delta
1351,0.00032365686984907804,patient11_window16s_stride1s-epo,delta
1352,-0.0003877083385303125,patient11_window16s_stride1s-epo,delta
1353,0.00014536982571658637,patient11_window16s_stride1s-epo,delta
1354,-0.0002590092750264575,patient11_window16s_stride1s-epo,delta
1355,-0.001192279726175851,patient11_window16s_stride1s-epo,delta
1356,-0.0023664104301714074,patient11_window16s_stride1s-epo,delta
1357,-0.0023717489863275465,patient11_window16s_stride1s-epo,delta
1358,-0.002610340760511897,patient11_window16s_stride1s-epo,delta
1359,-0.002390004959129897,patient11_window16s_stride1s-epo,delta
1360,-0.003180874806042903,patient11_window16s_stride1s-epo,delta
1361,-0.0026699840515406726,patient11_window16s_stride1s-epo,delta
1362,-0.002550725003789708,patient11_window16s_stride1s-epo,delta
1363,-0.0017031454214485025,patient11_window16s_stride1s-epo,delta
1364,-0.002116179613338769,patient11_window16s_stride1s-epo,delta
1365,-0.0009940563215743567,patient11_window16s_stride1s-epo,delta
1366,-0.0009302580387188109,patient11_window16s_stride1s-epo,delta
1367,-0.00011370370081233304,patient11_window16s_stride1s-epo,delta
1368,0.0005794451630070959,patient11_window16s_stride1s-epo,delta
1369,7.346961692705143e-05,patient11_window16s_stride1s-epo,delta
1370,0.0006620388080264707,patient11_window16s_stride1s-epo,delta
1371,0.0007100100416899039,patient11_window16s_stride1s-epo,delta
1372,0.0018309569145034952,patient11_window16s_stride1s-epo,delta
1373,0.0018616931652111531,patient11_window16s_stride1s-epo,delta
1374,0.002526844823044387,patient11_window16s_stride1s-epo,delta
1375,0.0017354491705055975,patient11_window16s_stride1s-epo,delta
1376,0.0017125204465837202,patient11_window16s_stride1s-epo,delta
1377,0.0008178488803287638,patient11_window16s_stride1s-epo,delta
1378,0.00018630736594837748,patient11_window16s_stride1s-epo,delta
1379,0.0011493372454094858,patient11_window16s_stride1s-epo,delta
1380,0.00046121960351150815,patient11_window16s_stride1s-epo,delta
1381,-0.0006358043831390823,patient11_window16s_stride1s-epo,delta
1382,7.217851775658672e-05,patient11_window16s_stride1s-epo,delta
1383,0.0003730898323928573,patient11_window16s_stride1s-epo,delta
1384,0.00024486419443689477,patient11_window16s_stride1s-epo,delta
1385,0.0010859777940246827,patient11_window16s_stride1s-epo,delta
1386,0.0007828232313030948,patient11_window16s_stride1s-epo,delta
1387,0.0004006276653617278,patient11_window16s_stride1s-epo,delta
1388,0.0009026764008251976,patient11_window16s_stride1s-epo,delta
1389,0.0011288888575143841,patient11_window16s_stride1s-epo,delta
1390,0.0003803363552596645,patient11_window16s_stride1s-epo,delta
1391,0.000617182673097419,patient11_window16s_stride1s-epo,delta
1392,0.0017341116022662503,patient11_window16s_stride1s-epo,delta
1393,0.001273834974753974,patient11_window16s_stride1s-epo,delta
1394,0.002728096331238812,patient11_window16s_stride1s-epo,delta
1395,0.0017914010984259616,patient11_window16s_stride1s-epo,delta
1396,0.0010244814659309558,patient11_window16s_stride1s-epo,delta
1397,0.0003676806063188149,patient11_window16s_stride1s-epo,delta
1398,6.303841322937893e-05,patient11_window16s_stride1s-epo,delta
1399,1.1867486749954025e-05,patient11_window16s_stride1s-epo,delta
1400,0.001486361944753199,patient11_window16s_stride1s-epo,delta
1401,-3.6791891266727224e-05,patient11_window16s_stride1s-epo,delta
1402,-0.00010789581120767986,patient11_window16s_stride1s-epo,delta
1403,0.0003823194472416922,patient11_window16s_stride1s-epo,delta
1404,-0.0002128216160051323,patient11_window16s_stride1s-epo,delta
1405,-0.0007868553832378666,patient11_window16s_stride1s-epo,delta
1406,-0.0006480970795342944,patient11_window16s_stride1s-epo,delta
1407,-0.0009233394000674962,patient11_window16s_stride1s-epo,delta
1408,-0.0014248177372879675,patient11_window16s_stride1s-epo,delta
1409,-0.0014688137837601334,patient11_window16s_stride1s-epo,delta
1410,-0.0008931050692942027,patient11_window16s_stride1s-epo,delta
1411,-0.000820234022953172,patient11_window16s_stride1s-epo,delta
1412,-0.0012379260257777069,patient11_window16s_stride1s-epo,delta
1413,-0.0005402386439938539,patient11_window16s_stride1s-epo,delta
1414,0.00020564057791154337,patient11_window16s_stride1s-epo,delta
1415,0.00045644139233246185,patient11_window16s_stride1s-epo,delta
1416,0.0007020443212207373,patient11_window16s_stride1s-epo,delta
1417,0.0016973428119339278,patient11_window16s_stride1s-epo,delta
1418,0.001904083629631811,patient11_window16s_stride1s-epo,delta
1419,0.001591679824310416,patient11_window16s_stride1s-epo,delta
1420,0.0016668281110907368,patient11_window16s_stride1s-epo,delta
1421,0.001517602215592011,patient11_window16s_stride1s-epo,delta
1422,0.001127504900225094,patient11_window16s_stride1s-epo,delta
1423,0.0013711116130709672,patient11_window16s_stride1s-epo,delta
1424,0.0016113828455451076,patient11_window16s_stride1s-epo,delta
1425,0.002017248053497891,patient11_window16s_stride1s-epo,delta
1426,0.0020583087813581596,patient11_window16s_stride1s-epo,delta
1427,0.001785126250757003,patient11_window16s_stride1s-epo,delta
1428,0.0017832290011370207,patient11_window16s_stride1s-epo,delta
1429,0.0018247904002729304,patient11_window16s_stride1s-epo,delta
1430,0.0015934847975329592,patient11_window16s_stride1s-epo,delta
1431,0.0014325896618243468,patient11_window16s_stride1s-epo,delta
1432,0.0013753296639780887,patient11_window16s_stride1s-epo,delta
1433,0.0013644892630693063,patient11_window16s_stride1s-epo,delta
1434,0.0013423438480245503,patient11_window16s_stride1s-epo,delta
1435,0.0009501343655961165,patient11_window16s_stride1s-epo,delta
1436,0.0005531056386648692,patient11_window16s_stride1s-epo,delta
1437,0.0004610435649537912,patient11_window16s_stride1s-epo,delta
1438,0.0009181393374994519,patient11_window16s_stride1s-epo,delta
1439,0.0014058296210983454,patient11_window16s_stride1s-epo,delta
1440,0.0018950339032222528,patient11_window16s_stride1s-epo,delta
1441,0.0010046475239150977,patient11_window16s_stride1s-epo,delta
1442,0.0005148059820578047,patient11_window16s_stride1s-epo,delta
1443,-0.0003856847279889849,patient11_window16s_stride1s-epo,delta
1444,-0.00010922745579148564,patient11_window16s_stride1s-epo,delta
1445,0.00047646675697223944,patient11_window16s_stride1s-epo,delta
1446,0.0007665288189482608,patient11_window16s_stride1s-epo,delta
1447,0.00012111379278655394,patient11_window16s_stride1s-epo,delta
1448,0.0006132387401180378,patient11_window16s_stride1s-epo,delta
1449,0.0009126166337693585,patient11_window16s_stride1s-epo,delta
1450,0.0002893482238344405,patient11_window16s_stride1s-epo,delta
1451,-7.513753078993292e-05,patient11_window16s_stride1s-epo,delta
1452,0.0004208421393374895,patient11_window16s_stride1s-epo,delta
1453,0.0007853794698139605,patient11_window16s_stride1s-epo,delta
1454,0.0006355193944702406,patient11_window16s_stride1s-epo,delta
1455,0.0005893217857770776,patient11_window16s_stride1s-epo,delta
1456,0.0004209014084918735,patient11_window16s_stride1s-epo,delta
1457,0.0010202874218636288,patient11_window16s_stride1s-epo,delta
1458,0.0006435347488608925,patient11_window16s_stride1s-epo,delta
1459,0.0005976022453487463,patient11_window16s_stride1s-epo,delta
1460,0.00037516341846524707,patient11_window16s_stride1s-epo,delta
1461,-0.00016354480391556788,patient11_window16s_stride1s-epo,delta
1462,-0.00014392189658316533,patient11_window16s_stride1s-epo,delta
1463,-0.0007065934618780981,patient11_window16s_stride1s-epo,delta
1464,-0.0019712828592176176,patient11_window16s_stride1s-epo,delta
1465,-0.0013439263812485675,patient11_window16s_stride1s-epo,delta
1466,0.00019509970476723105,patient11_window16s_stride1s-epo,delta
1467,-0.00011384357534109347,patient11_window16s_stride1s-epo,delta
1468,-0.0002621786401913747,patient11_window16s_stride1s-epo,delta
1469,-0.0006997932764622437,patient11_window16s_stride1s-epo,delta
1470,-0.0011420168937655035,patient11_window16s_stride1s-epo,delta
1471,-0.001651738780122994,patient11_window16s_stride1s-epo,delta
1472,-0.001451657487813977,patient11_window16s_stride1s-epo,delta
1473,-0.0013934398055354775,patient11_window16s_stride1s-epo,delta
1474,-0.00046425193007171837,patient11_window16s_stride1s-epo,delta
1475,-0.0021772012505797125,patient11_window16s_stride1s-epo,delta
1476,-0.002766503391334736,patient11_window16s_stride1s-epo,delta
1477,-0.0026995176904669863,patient11_window16s_stride1s-epo,delta
1478,-0.0017979552403501425,patient11_window16s_stride1s-epo,delta
1479,-0.0009961027523345354,patient11_window16s_stride1s-epo,delta
1480,-0.0006857614811361135,patient11_window16s_stride1s-epo,delta
1481,-0.0009380049159787826,patient11_window16s_stride1s-epo,delta
1482,-0.0011285021450997174,patient11_window16s_stride1s-epo,delta
1483,-0.0004087449454611699,patient11_window16s_stride1s-epo,delta
1484,-0.001530378409655724,patient11_window16s_stride1s-epo,delta
1485,-0.0006023597177537723,patient11_window16s_stride1s-epo,delta
1486,-0.0002938005000884828,patient11_window16s_stride1s-epo,delta
1487,9.495844365782908e-05,patient11_window16s_stride1s-epo,delta
1488,0.0004527192617362369,patient11_window16s_stride1s-epo,delta
1489,0.0013411487573637016,patient11_window16s_stride1s-epo,delta
1490,0.0015066954066688782,patient11_window16s_stride1s-epo,delta
1491,0.0017636903013287298,patient11_window16s_stride1s-epo,delta
1492,0.0016818533889595324,patient11_window16s_stride1s-epo,delta
1493,0.0010116591629928244,patient11_window16s_stride1s-epo,delta
1494,0.0008426137913499833,patient11_window16s_stride1s-epo,delta
1495,0.0005036175632696275,patient11_window16s_stride1s-epo,delta
1496,0.0006523626482205217,patient11_window16s_stride1s-epo,delta
1497,4.373108687583931e-05,patient11_window16s_stride1s-epo,delta
1498,-0.00025354832655185693,patient11_window16s_stride1s-epo,delta
1499,-0.0006561034909072077,patient11_window16s_stride1s-epo,delta
1500,-0.00015765377238278734,patient11_window16s_stride1s-epo,delta
1501,7.932176530164555e-05,patient11_window16s_stride1s-epo,delta
1502,-0.00017644055044386216,patient11_window16s_stride1s-epo,delta
1503,-0.0004919617331026554,patient11_window16s_stride1s-epo,delta
1504,-0.00015130633725217877,patient11_window16s_stride1s-epo,delta
1505,0.0003700164439740427,patient11_window16s_stride1s-epo,delta
1506,0.000322828724507199,patient11_window16s_stride1s-epo,delta
1507,0.0007514131339956455,patient11_window16s_stride1s-epo,delta
1508,0.0008804026424992132,patient11_window16s_stride1s-epo,delta
1509,0.0012373896122725326,patient11_window16s_stride1s-epo,delta
1510,0.0012648533882773563,patient11_window16s_stride1s-epo,delta
1511,0.0010700282765120713,patient11_window16s_stride1s-epo,delta
1512,0.0017565271149909242,patient11_window16s_stride1s-epo,delta
1513,0.0015569973197723335,patient11_window16s_stride1s-epo,delta
1514,0.003408759017780793,patient11_window16s_stride1s-epo,delta
1515,0.003146220420805106,patient11_window16s_stride1s-epo,delta
1516,0.0033649784654648423,patient11_window16s_stride1s-epo,delta
1517,0.003292063417470975,patient11_window16s_stride1s-epo,delta
1518,0.0030447818554511655,patient11_window16s_stride1s-epo,delta
1519,0.004879508051604161,patient11_window16s_stride1s-epo,delta
1520,0.00306105240184735,patient11_window16s_stride1s-epo,delta
1521,0.0017574220505533408,patient11_window16s_stride1s-epo,delta
1522,0.002825044307977723,patient11_window16s_stride1s-epo,delta
1523,0.00243746407052273,patient11_window16s_stride1s-epo,delta
1524,0.0013876338277051415,patient11_window16s_stride1s-epo,delta
1525,0.0016226619226370731,patient11_window16s_stride1s-epo,delta
1526,0.0008723242982338542,patient11_window16s_stride1s-epo,delta
1527,0.0011677356332804127,patient11_window16s_stride1s-epo,delta
1528,0.0010960501918360654,patient11_window16s_stride1s-epo,delta
1529,0.0009612132663947089,patient11_window16s_stride1s-epo,delta
1530,0.0003864389235710876,patient11_window16s_stride1s-epo,delta
1531,0.00011562777439231008,patient11_window16s_stride1s-epo,delta
1532,0.0008123662676976782,patient11_window16s_stride1s-epo,delta
1533,0.00133292535205114,patient11_window16s_stride1s-epo,delta
1534,0.0012410810344361978,patient11_window16s_stride1s-epo,delta
1535,0.0014379568460534983,patient11_window16s_stride1s-epo,delta
1536,0.0017247395701343257,patient11_window16s_stride1s-epo,delta
1537,0.0026100799088980523,patient11_window16s_stride1s-epo,delta
1538,0.0028846314344360764,patient11_window16s_stride1s-epo,delta
1539,0.0023318684396799482,patient11_window16s_stride1s-epo,delta
1540,0.003030192487237545,patient11_window16s_stride1s-epo,delta
1541,0.0022881410857108044,patient11_window16s_stride1s-epo,delta
1542,0.0012251966801714483,patient11_window16s_stride1s-epo,delta
1543,0.0018318565157290165,patient11_window16s_stride1s-epo,delta
1544,0.0015074118955420773,patient11_window16s_stride1s-epo,delta
1545,0.0010410685967260972,patient11_window16s_stride1s-epo,delta
1546,0.0009926993678778852,patient11_window16s_stride1s-epo,delta
1547,0.001590664708849146,patient11_window16s_stride1s-epo,delta
1548,0.0020011112935638337,patient11_window16s_stride1s-epo,delta
1549,0.002090327581450152,patient11_window16s_stride1s-epo,delta
1550,0.0025921535196412222,patient11_window16s_stride1s-epo,delta
1551,0.0020044728110820208,patient11_window16s_stride1s-epo,delta
1552,0.0014901881680095537,patient11_window16s_stride1s-epo,delta
1553,0.0013501832701067224,patient11_window16s_stride1s-epo,delta
1554,0.0005333861297419024,patient11_window16s_stride1s-epo,delta
1555,0.0017848773222092491,patient11_window16s_stride1s-epo,delta
1556,0.0021444244486542893,patient11_window16s_stride1s-epo,delta
1557,0.0029535074424959645,patient11_window16s_stride1s-epo,delta
1558,0.001989908701508475,patient11_window16s_stride1s-epo,delta
1559,0.002397207788025111,patient11_window16s_stride1s-epo,delta
1560,0.002640183626505127,patient11_window16s_stride1s-epo,delta
1561,0.0029500497404637257,patient11_window16s_stride1s-epo,delta
1562,0.0021375483869019115,patient11_window16s_stride1s-epo,delta
1563,0.0009441465021952708,patient11_window16s_stride1s-epo,delta
1564,0.0017432997003967823,patient11_window16s_stride1s-epo,delta
1565,0.001641465246934755,patient11_window16s_stride1s-epo,delta
1566,0.0005154299929304605,patient11_window16s_stride1s-epo,delta
1567,0.0005341889497058024,patient11_window16s_stride1s-epo,delta
1568,0.0011776248399496527,patient11_window16s_stride1s-epo,delta
1569,0.0017063441192852948,patient11_window16s_stride1s-epo,delta
1570,0.0012876728703432544,patient11_window16s_stride1s-epo,delta
1571,0.00035720717171314393,patient11_window16s_stride1s-epo,delta
1572,0.00015562961854017,patient11_window16s_stride1s-epo,delta
1573,-2.3567048388087824e-05,patient11_window16s_stride1s-epo,delta
1574,0.0004433922080435627,patient11_window16s_stride1s-epo,delta
1575,0.0006172690044821444,patient11_window16s_stride1s-epo,delta
1576,0.0005904042997811527,patient11_window16s_stride1s-epo,delta
1577,0.0011299160040582875,patient11_window16s_stride1s-epo,delta
1578,0.001608421257503296,patient11_window16s_stride1s-epo,delta
1579,0.001931295365020572,patient11_window16s_stride1s-epo,delta
1580,0.0016307615463459287,patient11_window16s_stride1s-epo,delta
1581,0.0007683655317926676,patient11_window16s_stride1s-epo,delta
1582,0.001536477486815815,patient11_window16s_stride1s-epo,delta
1583,0.0013943441216012426,patient11_window16s_stride1s-epo,delta
1584,0.0010502030561088897,patient11_window16s_stride1s-epo,delta
1585,0.00036727916633229286,patient11_window16s_stride1s-epo,delta
1586,0.0017111704994362351,patient11_window16s_stride1s-epo,delta
1587,0.0018084423374357974,patient11_window16s_stride1s-epo,delta
1588,0.0005931121648126474,patient11_window16s_stride1s-epo,delta
1589,-0.00036849835743706224,patient11_window16s_stride1s-epo,delta
1590,0.00012008711123231976,patient11_window16s_stride1s-epo,delta
1591,-0.0004064816686061285,patient11_window16s_stride1s-epo,delta
1592,-0.000881406975593697,patient11_window16s_stride1s-epo,delta
1593,0.00029991233875856487,patient11_window16s_stride1s-epo,delta
1594,0.00048534254351922327,patient11_window16s_stride1s-epo,delta
1595,0.000894432268917327,patient11_window16s_stride1s-epo,delta
1596,0.0018404503110315106,patient11_window16s_stride1s-epo,delta
1597,0.0029267767432557493,patient11_window16s_stride1s-epo,delta
1598,0.004008524668120797,patient11_window16s_stride1s-epo,delta
1599,0.0037668010720848604,patient11_window16s_stride1s-epo,delta
1600,0.0035345030368615993,patient11_window16s_stride1s-epo,delta
1601,0.0026422186127742294,patient11_window16s_stride1s-epo,delta
1602,0.0031349371499892077,patient11_window16s_stride1s-epo,delta
1603,0.002750968369209232,patient11_window16s_stride1s-epo,delta
1604,0.0027533027366567417,patient11_window16s_stride1s-epo,delta
1605,0.004118524852052334,patient11_window16s_stride1s-epo,delta
1606,0.002807852278206209,patient11_window16s_stride1s-epo,delta
1607,0.002434760888663781,patient11_window16s_stride1s-epo,delta
1608,0.0021044674386897083,patient11_window16s_stride1s-epo,delta
1609,0.001295752073999906,patient11_window16s_stride1s-epo,delta
1610,0.002226042701986803,patient11_window16s_stride1s-epo,delta
1611,0.002322740959786084,patient11_window16s_stride1s-epo,delta
1612,0.0015774504313892347,patient11_window16s_stride1s-epo,delta
1613,0.0012784588600555803,patient11_window16s_stride1s-epo,delta
1614,0.0008048678704115,patient11_window16s_stride1s-epo,delta
1615,0.0015643084195296481,patient11_window16s_stride1s-epo,delta
1616,0.00216081449327185,patient11_window16s_stride1s-epo,delta
1617,0.0016763684907279749,patient11_window16s_stride1s-epo,delta
1618,0.0015363731273421964,patient11_window16s_stride1s-epo,delta
1619,0.0006993932638774674,patient11_window16s_stride1s-epo,delta
1620,0.0012309600216736905,patient11_window16s_stride1s-epo,delta
1621,0.0005984275091087978,patient11_window16s_stride1s-epo,delta
1622,0.0009206953099579781,patient11_window16s_stride1s-epo,delta
1623,0.0019601067600770795,patient11_window16s_stride1s-epo,delta
1624,0.0029514240048839147,patient11_window16s_stride1s-epo,delta
1625,0.001621774760229216,patient11_window16s_stride1s-epo,delta
1626,0.001327754063854141,patient11_window16s_stride1s-epo,delta
1627,0.0010652263813431876,patient11_window16s_stride1s-epo,delta
1628,-0.0001462455693270721,patient11_window16s_stride1s-epo,delta
1629,-0.000835543774032591,patient11_window16s_stride1s-epo,delta
1630,-0.0004454600318538781,patient11_window16s_stride1s-epo,delta
1631,-0.00020023192092343106,patient11_window16s_stride1s-epo,delta
1632,-0.0001919176638664139,patient11_window16s_stride1s-epo,delta
1633,-0.00019577796485434617,patient11_window16s_stride1s-epo,delta
1634,0.0005915317843776895,patient11_window16s_stride1s-epo,delta
1635,0.0004078256294099278,patient11_window16s_stride1s-epo,delta
1636,0.0004025119954730995,patient11_window16s_stride1s-epo,delta
1637,0.0010569612467177017,patient11_window16s_stride1s-epo,delta
1638,0.001073957435147596,patient11_window16s_stride1s-epo,delta
1639,3.1147955202727033e-05,patient11_window16s_stride1s-epo,delta
1640,0.0010376754526424527,patient11_window16s_stride1s-epo,delta
1641,-0.00012604035490127607,patient11_window16s_stride1s-epo,delta
1642,0.0004756434912184127,patient11_window16s_stride1s-epo,delta
1643,0.0011779387385352062,patient11_window16s_stride1s-epo,delta
1644,0.000992768334470504,patient11_window16s_stride1s-epo,delta
1645,0.0009805466394888342,patient11_window16s_stride1s-epo,delta
1646,0.0011316471923907855,patient11_window16s_stride1s-epo,delta
1647,0.0006353536363965995,patient11_window16s_stride1s-epo,delta
1648,0.0006898142451393523,patient11_window16s_stride1s-epo,delta
1649,0.0016187119163119162,patient11_window16s_stride1s-epo,delta
1650,0.0008313247553034879,patient11_window16s_stride1s-epo,delta
1651,0.0010481976131806953,patient11_window16s_stride1s-epo,delta
1652,0.0012743386704500402,patient11_window16s_stride1s-epo,delta
1653,0.001107771094727416,patient11_window16s_stride1s-epo,delta
1654,0.0013389188963357373,patient11_window16s_stride1s-epo,delta
1655,0.0015306153531791772,patient11_window16s_stride1s-epo,delta
1656,0.0018791901699200535,patient11_window16s_stride1s-epo,delta
1657,0.0018746931427735347,patient11_window16s_stride1s-epo,delta
1658,0.0010569610446387054,patient11_window16s_stride1s-epo,delta
1659,0.0013808835989777687,patient11_window16s_stride1s-epo,delta
1660,0.0009578693157646623,patient11_window16s_stride1s-epo,delta
1661,0.0007432037016103783,patient11_window16s_stride1s-epo,delta
1662,5.696639559677638e-05,patient11_window16s_stride1s-epo,delta
1663,0.0006956844023675782,patient11_window16s_stride1s-epo,delta
1664,0.00018007177098300703,patient11_window16s_stride1s-epo,delta
1665,-0.00020960739351960154,patient11_window16s_stride1s-epo,delta
1666,0.0011737840877302983,patient11_window16s_stride1s-epo,delta
1667,0.0016077797204106005,patient11_window16s_stride1s-epo,delta
1668,0.0014675870253452526,patient11_window16s_stride1s-epo,delta
1669,0.0015586306615375679,patient11_window16s_stride1s-epo,delta
1670,0.0016597817405031993,patient11_window16s_stride1s-epo,delta
1671,0.0014739764998575283,patient11_window16s_stride1s-epo,delta
1672,0.0009236392466708398,patient11_window16s_stride1s-epo,delta
1673,0.0014555485054392422,patient11_window16s_stride1s-epo,delta
1674,0.0012508289681124685,patient11_window16s_stride1s-epo,delta
1675,0.001327629116386018,patient11_window16s_stride1s-epo,delta
1676,0.002229978075766328,patient11_window16s_stride1s-epo,delta
1677,0.0018833231913530423,patient11_window16s_stride1s-epo,delta
1678,0.0025066724471124054,patient11_window16s_stride1s-epo,delta
1679,0.002368860164254086,patient11_window16s_stride1s-epo,delta
1680,0.0025882937126416403,patient11_window16s_stride1s-epo,delta
1681,0.0020236572277721973,patient11_window16s_stride1s-epo,delta
1682,0.001617051328006132,patient11_window16s_stride1s-epo,delta
1683,0.0021040767720167035,patient11_window16s_stride1s-epo,delta
1684,0.0028215819051675708,patient11_window16s_stride1s-epo,delta
1685,0.0014092772552058953,patient11_window16s_stride1s-epo,delta
1686,0.0010801498378067791,patient11_window16s_stride1s-epo,delta
1687,0.0007989145966149585,patient11_window16s_stride1s-epo,delta
1688,0.0014822225412720732,patient11_window16s_stride1s-epo,delta
1689,0.00022810674276496282,patient11_window16s_stride1s-epo,delta
1690,0.0006633476561990219,patient11_window16s_stride1s-epo,delta
1691,-9.245402586877222e-05,patient11_window16s_stride1s-epo,delta
1692,0.00044210687136469107,patient11_window16s_stride1s-epo,delta
1693,-5.8100733068632384e-05,patient11_window16s_stride1s-epo,delta
1694,0.00010681805382041548,patient11_window16s_stride1s-epo,delta
1695,-0.0004981304182104112,patient11_window16s_stride1s-epo,delta
1696,-0.00047141385190143027,patient11_window16s_stride1s-epo,delta
1697,0.0014139753351061868,patient11_window16s_stride1s-epo,delta
1698,0.0024487097475568756,patient11_window16s_stride1s-epo,delta
1699,0.0029409625468704292,patient11_window16s_stride1s-epo,delta
1700,0.0025156997301566133,patient11_window16s_stride1s-epo,delta
1701,0.004116348508963365,patient11_window16s_stride1s-epo,delta
1702,0.003323927131428452,patient11_window16s_stride1s-epo,delta
1703,0.0035479454768704145,patient11_window16s_stride1s-epo,delta
1704,0.0026203873726962697,patient11_window16s_stride1s-epo,delta
1705,0.002617395662255092,patient11_window16s_stride1s-epo,delta
1706,0.0016190489169916012,patient11_window16s_stride1s-epo,delta
1707,0.0034711675737737944,patient11_window16s_stride1s-epo,delta
1708,0.0019595080848573516,patient11_window16s_stride1s-epo,delta
1709,0.0022789818117225982,patient11_window16s_stride1s-epo,delta
1710,0.003965128361740987,patient11_window16s_stride1s-epo,delta
1711,0.004285028133169533,patient11_window16s_stride1s-epo,delta
1712,0.002797967189941309,patient11_window16s_stride1s-epo,delta
1713,0.0007755749176391189,patient11_window16s_stride1s-epo,delta
1714,0.0008817763884869513,patient11_window16s_stride1s-epo,delta
1715,0.0013963927519228066,patient11_window16s_stride1s-epo,delta
1716,-0.0002525566982274148,patient11_window16s_stride1s-epo,delta
1717,0.0010001452998901607,patient11_window16s_stride1s-epo,delta
1718,-0.00053537846104831,patient11_window16s_stride1s-epo,delta
1719,0.0006615960683390955,patient11_window16s_stride1s-epo,delta
1720,9.69881072525145e-05,patient11_window16s_stride1s-epo,delta
1721,2.171101796248797e-05,patient11_window16s_stride1s-epo,delta
1722,-0.0009906727739880457,patient11_window16s_stride1s-epo,delta
1723,-1.4466625990636331e-05,patient11_window16s_stride1s-epo,delta
1724,-0.0003051966011305831,patient11_window16s_stride1s-epo,delta
1725,1.952855358666634e-05,patient11_window16s_stride1s-epo,delta
1726,-0.002073729341345735,patient11_window16s_stride1s-epo,delta
1727,-0.002167063578559747,patient11_window16s_stride1s-epo,delta
1728,-0.0019479255246853712,patient11_window16s_stride1s-epo,delta
1729,-0.0015407358859215246,patient11_window16s_stride1s-epo,delta
1730,-0.002063252576196838,patient11_window16s_stride1s-epo,delta
1731,-0.0011996221900344962,patient11_window16s_stride1s-epo,delta
1732,-0.00046895099472101724,patient11_window16s_stride1s-epo,delta
1733,-0.0008784135485091867,patient11_window16s_stride1s-epo,delta
1734,-0.0008440257307979727,patient11_window16s_stride1s-epo,delta
1735,-0.0006448203970919774,patient11_window16s_stride1s-epo,delta
1736,-0.0001259717407907662,patient11_window16s_stride1s-epo,delta
1737,-0.0015877639343660043,patient11_window16s_stride1s-epo,delta
1738,-0.0012235670879961005,patient11_window16s_stride1s-epo,delta
1739,-0.00045518843041393364,patient11_window16s_stride1s-epo,delta
1740,-0.0004622703875474248,patient11_window16s_stride1s-epo,delta
1741,-0.000103125857410452,patient11_window16s_stride1s-epo,delta
1742,-0.000225905969636593,patient11_window16s_stride1s-epo,delta
1743,-0.0005034388558379504,patient11_window16s_stride1s-epo,delta
1744,-0.0005360150186423759,patient11_window16s_stride1s-epo,delta
1745,-0.00029595656714057587,patient11_window16s_stride1s-epo,delta
1746,-0.0006053481172385097,patient11_window16s_stride1s-epo,delta
1747,0.0003638964846430043,patient11_window16s_stride1s-epo,delta
1748,8.257262670931656e-05,patient11_window16s_stride1s-epo,delta
1749,-0.0002993952434838147,patient11_window16s_stride1s-epo,delta
1750,-0.0009712848944717533,patient11_window16s_stride1s-epo,delta
1751,-0.0008975820222486889,patient11_window16s_stride1s-epo,delta
1752,0.0009671047943982811,patient11_window16s_stride1s-epo,delta
1753,0.0015129387721331154,patient11_window16s_stride1s-epo,delta
1754,0.0004502641058020803,patient11_window16s_stride1s-epo,delta
1755,-7.158654772363206e-05,patient11_window16s_stride1s-epo,delta
1756,-0.00027197293050912477,patient11_window16s_stride1s-epo,delta
1757,-0.0003134716919620853,patient11_window16s_stride1s-epo,delta
1758,0.00029818755498235195,patient11_window16s_stride1s-epo,delta
1759,0.0009065713707595991,patient11_window16s_stride1s-epo,delta
1760,-0.001099242816522952,patient11_window16s_stride1s-epo,delta
1761,-0.0011791006422962474,patient11_window16s_stride1s-epo,delta
1762,-0.0002826155251620362,patient11_window16s_stride1s-epo,delta
1763,-0.0013254867763377847,patient11_window16s_stride1s-epo,delta
1764,-0.00037717008513672224,patient11_window16s_stride1s-epo,delta
1765,-0.0007296791676485414,patient11_window16s_stride1s-epo,delta
1766,-0.00011378449667139983,patient11_window16s_stride1s-epo,delta
1767,0.0008677628620025469,patient11_window16s_stride1s-epo,delta
1768,-0.0007593960760793722,patient11_window16s_stride1s-epo,delta
1769,-0.00027649735394866064,patient11_window16s_stride1s-epo,delta
1770,0.0009293205057592885,patient11_window16s_stride1s-epo,delta
1771,0.0014528605767121503,patient11_window16s_stride1s-epo,delta
1772,0.0020536597134873406,patient11_window16s_stride1s-epo,delta
1773,0.0020818381997560797,patient11_window16s_stride1s-epo,delta
1774,0.001287424397924466,patient11_window16s_stride1s-epo,delta
1775,0.0011483669095916835,patient11_window16s_stride1s-epo,delta
1776,0.0016787714229387044,patient11_window16s_stride1s-epo,delta
1777,0.0010445009481662767,patient11_window16s_stride1s-epo,delta
1778,0.0007998643460781742,patient11_window16s_stride1s-epo,delta
1779,0.0007547120511536432,patient11_window16s_stride1s-epo,delta
1780,3.0777210663424124e-05,patient11_window16s_stride1s-epo,delta
1781,0.0004968179456868472,patient11_window16s_stride1s-epo,delta
1782,-0.0007363502407714396,patient11_window16s_stride1s-epo,delta
1783,-6.974191261102707e-05,patient11_window16s_stride1s-epo,delta
1784,0.0004536361656193553,patient11_window16s_stride1s-epo,delta
1785,5.509276209720083e-05,patient11_window16s_stride1s-epo,delta
1786,-0.0010935489813631086,patient11_window16s_stride1s-epo,delta
1787,-0.0010064610409835503,patient11_window16s_stride1s-epo,delta
1788,-0.00021504411612973418,patient11_window16s_stride1s-epo,delta
1789,-0.00024752180676100604,patient11_window16s_stride1s-epo,delta
1790,-0.0005236025375240698,patient11_window16s_stride1s-epo,delta
1791,-0.00015720019303992449,patient11_window16s_stride1s-epo,delta
1792,-0.0006423744511114785,patient11_window16s_stride1s-epo,delta
1793,-0.00048367153281035234,patient11_window16s_stride1s-epo,delta
1794,3.433745253374322e-05,patient11_window16s_stride1s-epo,delta
1795,-0.00023806893576906263,patient11_window16s_stride1s-epo,delta
1796,-0.0004267168494084416,patient11_window16s_stride1s-epo,delta
1797,0.00030321379532400293,patient11_window16s_stride1s-epo,delta
1798,0.0004054733673265351,patient11_window16s_stride1s-epo,delta
1799,0.0008493780872002614,patient11_window16s_stride1s-epo,delta
1800,0.00035374969896977186,patient11_window16s_stride1s-epo,delta
1801,2.779827706790803e-05,patient11_window16s_stride1s-epo,delta
1802,0.0006589829644583792,patient11_window16s_stride1s-epo,delta
1803,0.0008808905022770687,patient11_window16s_stride1s-epo,delta
1804,0.0008467188708695669,patient11_window16s_stride1s-epo,delta
1805,0.0010285537538093428,patient11_window16s_stride1s-epo,delta
1806,0.0010693757588561255,patient11_window16s_stride1s-epo,delta
1807,0.002020301166020306,patient11_window16s_stride1s-epo,delta
1808,0.0022302951827664185,patient11_window16s_stride1s-epo,delta
1809,0.002435180182745209,patient11_window16s_stride1s-epo,delta
1810,0.002277638365929584,patient11_window16s_stride1s-epo,delta
1811,0.0031281588925175306,patient11_window16s_stride1s-epo,delta
1812,0.002797520206811264,patient11_window16s_stride1s-epo,delta
1813,0.003116894163225363,patient11_window16s_stride1s-epo,delta
1814,0.003922964088582854,patient11_window16s_stride1s-epo,delta
1815,0.003324765896690125,patient11_window16s_stride1s-epo,delta
1816,0.004732114941231061,patient11_window16s_stride1s-epo,delta
1817,0.002940136358499336,patient11_window16s_stride1s-epo,delta
1818,0.0032965383502020873,patient11_window16s_stride1s-epo,delta
1819,0.0037613809489129312,patient11_window16s_stride1s-epo,delta
1820,0.003454734017702869,patient11_window16s_stride1s-epo,delta
1821,0.0034440728159684576,patient11_window16s_stride1s-epo,delta
1822,0.0036771762309763933,patient11_window16s_stride1s-epo,delta
1823,0.0028908372002330878,patient11_window16s_stride1s-epo,delta
1824,0.0014756653891418055,patient11_window16s_stride1s-epo,delta
1825,0.0015951247809365666,patient11_window16s_stride1s-epo,delta
1826,0.0013281237993275484,patient11_window16s_stride1s-epo,delta
1827,0.0013747685560663555,patient11_window16s_stride1s-epo,delta
1828,0.001240945509608295,patient11_window16s_stride1s-epo,delta
1829,0.0012997134360783053,patient11_window16s_stride1s-epo,delta
1830,0.0006002814504621231,patient11_window16s_stride1s-epo,delta
1831,-0.0003147128861647523,patient11_window16s_stride1s-epo,delta
1832,-0.00036984734893079303,patient11_window16s_stride1s-epo,delta
1833,7.779499028900392e-05,patient11_window16s_stride1s-epo,delta
1834,-0.00012759334820026217,patient11_window16s_stride1s-epo,delta
1835,0.00018796953601148546,patient11_window16s_stride1s-epo,delta
1836,0.00057292782816166,patient11_window16s_stride1s-epo,delta
1837,0.00029696215562664423,patient11_window16s_stride1s-epo,delta
1838,3.602116158783115e-05,patient11_window16s_stride1s-epo,delta
1839,-0.00014602935457767727,patient11_window16s_stride1s-epo,delta
1840,2.6610028252820447e-05,patient11_window16s_stride1s-epo,delta
1841,0.00032423077070500974,patient11_window16s_stride1s-epo,delta
1842,0.0001200418705318423,patient11_window16s_stride1s-epo,delta
1843,-0.00018080392513097657,patient11_window16s_stride1s-epo,delta
1844,0.00020020437534160708,patient11_window16s_stride1s-epo,delta
1845,-5.207933875801432e-05,patient11_window16s_stride1s-epo,delta
1846,-0.00016338791181050134,patient11_window16s_stride1s-epo,delta
1847,0.00014421752342671536,patient11_window16s_stride1s-epo,delta
1848,0.0007080887173833685,patient11_window16s_stride1s-epo,delta
1849,0.000876487792575253,patient11_window16s_stride1s-epo,delta
1850,-0.00023073762023665697,patient11_window16s_stride1s-epo,delta
1851,-0.0004858527940004204,patient11_window16s_stride1s-epo,delta
1852,0.0007169067051704752,patient11_window16s_stride1s-epo,delta
1853,0.00012698784295637835,patient11_window16s_stride1s-epo,delta
1854,0.0008652435411814423,patient11_window16s_stride1s-epo,delta
1855,0.0009270181727108115,patient11_window16s_stride1s-epo,delta
1856,0.0005972906484860922,patient11_window16s_stride1s-epo,delta
1857,0.0006484900392701932,patient11_window16s_stride1s-epo,delta
1858,0.00028264261556161876,patient11_window16s_stride1s-epo,delta
1859,-8.44429772101715e-05,patient11_window16s_stride1s-epo,delta
1860,0.000193766213103025,patient11_window16s_stride1s-epo,delta
1861,0.0005916247967824132,patient11_window16s_stride1s-epo,delta
1862,0.0009130272125284901,patient11_window16s_stride1s-epo,delta
1863,0.0023429011036940578,patient11_window16s_stride1s-epo,delta
1864,0.0026331707975468955,patient11_window16s_stride1s-epo,delta
1865,0.002221864190808554,patient11_window16s_stride1s-epo,delta
1866,0.0030487480532160422,patient11_window16s_stride1s-epo,delta
1867,0.0022473632105060363,patient11_window16s_stride1s-epo,delta
1868,0.00212532741163816,patient11_window16s_stride1s-epo,delta
1869,0.001976824069690572,patient11_window16s_stride1s-epo,delta
1870,0.0022799103516376947,patient11_window16s_stride1s-epo,delta
1871,0.0012216237050911905,patient11_window16s_stride1s-epo,delta
1872,0.0015287738591570287,patient11_window16s_stride1s-epo,delta
1873,0.0005443849101505194,patient11_window16s_stride1s-epo,delta
1874,0.0009502907754709317,patient11_window16s_stride1s-epo,delta
1875,0.0018418376338039733,patient11_window16s_stride1s-epo,delta
1876,0.0018488151312193823,patient11_window16s_stride1s-epo,delta
1877,0.0019577056837879253,patient11_window16s_stride1s-epo,delta
1878,0.0008775710075249075,patient11_window16s_stride1s-epo,delta
1879,0.0013117595627491596,patient11_window16s_stride1s-epo,delta
1880,0.000513609281301294,patient11_window16s_stride1s-epo,delta
1881,0.0005504012913589189,patient11_window16s_stride1s-epo,delta
1882,-0.0002788395623597334,patient11_window16s_stride1s-epo,delta
1883,0.00038355017967789244,patient11_window16s_stride1s-epo,delta
1884,0.0002228581847132637,patient11_window16s_stride1s-epo,delta
1885,0.0011547692069607057,patient11_window16s_stride1s-epo,delta
1886,0.0008880940411191519,patient11_window16s_stride1s-epo,delta
1887,0.0013463712243822951,patient11_window16s_stride1s-epo,delta
1888,0.00010467757320951862,patient11_window16s_stride1s-epo,delta
1889,0.0006725030003147822,patient11_window16s_stride1s-epo,delta
1890,-0.0004738842962168307,patient11_window16s_stride1s-epo,delta
1891,-0.0006955274401492496,patient11_window16s_stride1s-epo,delta
1892,-0.0008279178645660498,patient11_window16s_stride1s-epo,delta
1893,-0.0006211526257668112,patient11_window16s_stride1s-epo,delta
1894,-0.0006260040878692167,patient11_window16s_stride1s-epo,delta
1895,-0.0009397676161832637,patient11_window16s_stride1s-epo,delta
1896,0.00024055119716482102,patient11_window16s_stride1s-epo,delta
1897,0.0030014463548376177,patient11_window16s_stride1s-epo,delta
1898,0.002019646052513704,patient11_window16s_stride1s-epo,delta
1899,0.0004950845223977295,patient11_window16s_stride1s-epo,delta
1900,0.0008133720848725439,patient11_window16s_stride1s-epo,delta
1901,0.0013939903386408841,patient11_window16s_stride1s-epo,delta
1902,0.001207423793248489,patient11_window16s_stride1s-epo,delta
1903,0.0014199333126271453,patient11_window16s_stride1s-epo,delta
1904,0.001192313612234792,patient11_window16s_stride1s-epo,delta
1905,0.001266909455306713,patient11_window16s_stride1s-epo,delta
1906,0.00300178078158515,patient11_window16s_stride1s-epo,delta
1907,0.001541720058156381,patient11_window16s_stride1s-epo,delta
1908,0.001041747521476305,patient11_window16s_stride1s-epo,delta
1909,0.001719408657458445,patient11_window16s_stride1s-epo,delta
1910,0.0009273403316924631,patient11_window16s_stride1s-epo,delta
1911,0.001921205112614055,patient11_window16s_stride1s-epo,delta
1912,-5.742599793566577e-06,patient11_window16s_stride1s-epo,delta
1913,-0.0016913722402126226,patient11_window16s_stride1s-epo,delta
1914,7.409336753368889e-05,patient11_window16s_stride1s-epo,delta
1915,-0.0002617137031657328,patient11_window16s_stride1s-epo,delta
1916,-0.0009184393523910709,patient11_window16s_stride1s-epo,delta
1917,-0.0008847646863378236,patient11_window16s_stride1s-epo,delta
1918,-0.001137667477093187,patient11_window16s_stride1s-epo,delta
1919,2.9899937610648152e-05,patient11_window16s_stride1s-epo,delta
1920,-0.0004756441937361318,patient11_window16s_stride1s-epo,delta
1921,-0.0001745321534893847,patient11_window16s_stride1s-epo,delta
1922,-0.0002630110868825448,patient11_window16s_stride1s-epo,delta
1923,-0.0008842709365121476,patient11_window16s_stride1s-epo,delta
1924,-0.00139197805333401,patient11_window16s_stride1s-epo,delta
1925,-0.0009439261825491206,patient11_window16s_stride1s-epo,delta
1926,-0.0013117766438631082,patient11_window16s_stride1s-epo,delta
1927,-0.0011389520598224414,patient11_window16s_stride1s-epo,delta
1928,-0.0014814216376240307,patient11_window16s_stride1s-epo,delta
1929,0.0008798677911312122,patient11_window16s_stride1s-epo,delta
1930,0.00041854557637887425,patient11_window16s_stride1s-epo,delta
1931,0.001983971530048798,patient11_window16s_stride1s-epo,delta
1932,0.0014815332519922675,patient11_window16s_stride1s-epo,delta
1933,0.00026552997694976254,patient11_window16s_stride1s-epo,delta
1934,0.00131968468915809,patient11_window16s_stride1s-epo,delta
1935,-0.0010140308269161913,patient11_window16s_stride1s-epo,delta
1936,-0.0002979396749530131,patient11_window16s_stride1s-epo,delta
1937,-4.676120284565848e-05,patient11_window16s_stride1s-epo,delta
1938,-0.00020502784519283788,patient11_window16s_stride1s-epo,delta
1939,0.0007593012530394181,patient11_window16s_stride1s-epo,delta
1940,6.687949147210476e-05,patient11_window16s_stride1s-epo,delta
1941,-0.0005786302983511819,patient11_window16s_stride1s-epo,delta
1942,0.0010211122166225968,patient11_window16s_stride1s-epo,delta
1943,0.0017323746344901643,patient11_window16s_stride1s-epo,delta
1944,0.0018082507858083626,patient11_window16s_stride1s-epo,delta
1945,0.0016054388855646542,patient11_window16s_stride1s-epo,delta
1946,0.0008300937154778972,patient11_window16s_stride1s-epo,delta
1947,0.002053701763243873,patient11_window16s_stride1s-epo,delta
1948,0.0014316253073217774,patient11_window16s_stride1s-epo,delta
1949,9.938256012065775e-05,patient11_window16s_stride1s-epo,delta
1950,-0.0007402946411689004,patient11_window16s_stride1s-epo,delta
1951,0.0017271415573869363,patient11_window16s_stride1s-epo,delta
1952,0.0016026991213304814,patient11_window16s_stride1s-epo,delta
1953,0.0007112036892237897,patient11_window16s_stride1s-epo,delta
1954,0.0014614279372714015,patient11_window16s_stride1s-epo,delta
1955,0.0015593497139673063,patient11_window16s_stride1s-epo,delta
1956,0.0010931235890097356,patient11_window16s_stride1s-epo,delta
1957,0.00035970153165285475,patient11_window16s_stride1s-epo,delta
1958,-0.00041808670234213646,patient11_window16s_stride1s-epo,delta
1959,-4.4272985540638044e-05,patient11_window16s_stride1s-epo,delta
1960,0.0007619516677480007,patient11_window16s_stride1s-epo,delta
1961,6.730989289578296e-05,patient11_window16s_stride1s-epo,delta
1962,0.0005342584534721292,patient11_window16s_stride1s-epo,delta
1963,-0.00047862258199049437,patient11_window16s_stride1s-epo,delta
1964,0.00039747768240297145,patient11_window16s_stride1s-epo,delta
1965,-0.00034370970784904694,patient11_window16s_stride1s-epo,delta
1966,-0.0018073729272833272,patient11_window16s_stride1s-epo,delta
1967,-0.0015377328845758759,patient11_window16s_stride1s-epo,delta
1968,0.0008291179621212254,patient11_window16s_stride1s-epo,delta
1969,0.0011400279264119635,patient11_window16s_stride1s-epo,delta
1970,0.0021412262563147476,patient11_window16s_stride1s-epo,delta
1971,0.0017914637269469838,patient11_window16s_stride1s-epo,delta
1972,0.0012232917299666859,patient11_window16s_stride1s-epo,delta
1973,0.0014855534550542195,patient11_window16s_stride1s-epo,delta
1974,0.00158223332588695,patient11_window16s_stride1s-epo,delta
1975,-0.00013926034762984553,patient11_window16s_stride1s-epo,delta
1976,0.0011591248462759212,patient11_window16s_stride1s-epo,delta
1977,0.0007061981354925482,patient11_window16s_stride1s-epo,delta
1978,1.099823323612622e-05,patient11_window16s_stride1s-epo,delta
1979,-0.000320006968954389,patient11_window16s_stride1s-epo,delta
1980,0.000769206147516124,patient11_window16s_stride1s-epo,delta
1981,0.0008078987382370542,patient11_window16s_stride1s-epo,delta
1982,0.0011496686241509201,patient11_window16s_stride1s-epo,delta
1983,0.0011344776550953448,patient11_window16s_stride1s-epo,delta
1984,1.140548857487024e-05,patient11_window16s_stride1s-epo,delta
1985,-0.0003495481725371793,patient11_window16s_stride1s-epo,delta
1986,-0.000625025786781954,patient11_window16s_stride1s-epo,delta
1987,-0.001487512419086179,patient11_window16s_stride1s-epo,delta
1988,-0.0016898441419281578,patient11_window16s_stride1s-epo,delta
1989,-0.0017449765062527833,patient11_window16s_stride1s-epo,delta
1990,-0.0003156644417123524,patient11_window16s_stride1s-epo,delta
1991,-0.0005561047606768398,patient11_window16s_stride1s-epo,delta
1992,-2.0372614126693453e-05,patient11_window16s_stride1s-epo,delta
1993,0.0007230332018261931,patient11_window16s_stride1s-epo,delta
1994,0.0011839946462262419,patient11_window16s_stride1s-epo,delta
1995,0.0008349240427860365,patient11_window16s_stride1s-epo,delta
1996,0.0006567613784820993,patient11_window16s_stride1s-epo,delta
1997,0.0009480057215207157,patient11_window16s_stride1s-epo,delta
1998,-0.0006956503892337603,patient11_window16s_stride1s-epo,delta
1999,-3.1106615540573e-05,patient11_window16s_stride1s-epo,delta
2000,-1.2652938719703114e-05,patient11_window16s_stride1s-epo,delta
2001,-0.0007377317777355137,patient11_window16s_stride1s-epo,delta
2002,-0.0010390998297287303,patient11_window16s_stride1s-epo,delta
2003,-0.0008402821577086371,patient11_window16s_stride1s-epo,delta
2004,0.0002445107025618632,patient11_window16s_stride1s-epo,delta
2005,-0.00022190850213485623,patient11_window16s_stride1s-epo,delta
2006,-0.0007230658008598094,patient11_window16s_stride1s-epo,delta
2007,-0.0012161406256087357,patient11_window16s_stride1s-epo,delta
2008,-0.001638983676326846,patient11_window16s_stride1s-epo,delta
2009,-0.002366419887035882,patient11_window16s_stride1s-epo,delta
2010,-0.0028026766809996404,patient11_window16s_stride1s-epo,delta
2011,-0.0016120393754574943,patient11_window16s_stride1s-epo,delta
2012,-0.003274187539934,patient11_window16s_stride1s-epo,delta
2013,-0.002056142034919609,patient11_window16s_stride1s-epo,delta
2014,-0.0011247907105888782,patient11_window16s_stride1s-epo,delta
2015,-0.002121299952765328,patient11_window16s_stride1s-epo,delta
2016,-0.0016607063413953886,patient11_window16s_stride1s-epo,delta
2017,-0.0009127816618315908,patient11_window16s_stride1s-epo,delta
2018,-0.0006524372474696459,patient11_window16s_stride1s-epo,delta
2019,-0.0004748349192925842,patient11_window16s_stride1s-epo,delta
2020,-0.001242535332369818,patient11_window16s_stride1s-epo,delta
2021,-0.0010843222117598698,patient11_window16s_stride1s-epo,delta
2022,-0.0014531673192910565,patient11_window16s_stride1s-epo,delta
2023,-0.0016088321079178887,patient11_window16s_stride1s-epo,delta
2024,-0.001555328524089958,patient11_window16s_stride1s-epo,delta
2025,-0.0012518411312179042,patient11_window16s_stride1s-epo,delta
2026,-0.001681900090200113,patient11_window16s_stride1s-epo,delta
2027,-0.001043466965922738,patient11_window16s_stride1s-epo,delta
2028,-0.0007741557175596213,patient11_window16s_stride1s-epo,delta
2029,0.00028398178970976724,patient11_window16s_stride1s-epo,delta
2030,-0.00036001480887385513,patient11_window16s_stride1s-epo,delta
2031,0.000157154575284709,patient11_window16s_stride1s-epo,delta
2032,-0.0010907977501063368,patient11_window16s_stride1s-epo,delta
2033,0.00014924549854233797,patient11_window16s_stride1s-epo,delta
2034,-0.0008149031420882761,patient11_window16s_stride1s-epo,delta
2035,-0.0004684371601784093,patient11_window16s_stride1s-epo,delta
2036,-0.0010680523729886615,patient11_window16s_stride1s-epo,delta
2037,-0.0009163087828056629,patient11_window16s_stride1s-epo,delta
2038,-0.0005168315605866428,patient11_window16s_stride1s-epo,delta
2039,0.00017750300320975058,patient11_window16s_stride1s-epo,delta
2040,-0.000484499856907492,patient11_window16s_stride1s-epo,delta
2041,-0.00045282157572043146,patient11_window16s_stride1s-epo,delta
2042,-0.00025544604177737235,patient11_window16s_stride1s-epo,delta
2043,-0.00017903060465162412,patient11_window16s_stride1s-epo,delta
2044,-0.0004154038863789244,patient11_window16s_stride1s-epo,delta
2045,-0.0007136180009716064,patient11_window16s_stride1s-epo,delta
2046,0.0006054154327906176,patient11_window16s_stride1s-epo,delta
2047,0.0009403373155712334,patient11_window16s_stride1s-epo,delta
2048,0.00041173699879164623,patient11_window16s_stride1s-epo,delta
2049,0.0005020569688085804,patient11_window16s_stride1s-epo,delta
2050,0.001118968629918693,patient11_window16s_stride1s-epo,delta
2051,0.001964300250174807,patient11_window16s_stride1s-epo,delta
2052,0.0036623104477351955,patient11_window16s_stride1s-epo,delta
2053,0.003706510783936079,patient11_window16s_stride1s-epo,delta
2054,0.002211855198840714,patient11_window16s_stride1s-epo,delta
2055,0.0028813500921886282,patient11_window16s_stride1s-epo,delta
2056,0.0032309447391993505,patient11_window16s_stride1s-epo,delta
2057,0.003570650262191176,patient11_window16s_stride1s-epo,delta
2058,0.0038074892968022306,patient11_window16s_stride1s-epo,delta
2059,0.00378293637579727,patient11_window16s_stride1s-epo,delta
2060,0.003233547479374576,patient11_window16s_stride1s-epo,delta
2061,0.004390762047236309,patient11_window16s_stride1s-epo,delta
2062,0.003501849303923087,patient11_window16s_stride1s-epo,delta
2063,0.0030922751251817445,patient11_window16s_stride1s-epo,delta
2064,0.00433611892098341,patient11_window16s_stride1s-epo,delta
2065,0.0032229058753274796,patient11_window16s_stride1s-epo,delta
2066,0.0020847267465142574,patient11_window16s_stride1s-epo,delta
2067,0.0011188464885886658,patient11_window16s_stride1s-epo,delta
2068,0.0009686698540466831,patient11_window16s_stride1s-epo,delta
2069,0.0024447294692050044,patient11_window16s_stride1s-epo,delta
2070,0.0027067285792088743,patient11_window16s_stride1s-epo,delta
2071,0.0027863426544173465,patient11_window16s_stride1s-epo,delta
2072,0.0028619924920227483,patient11_window16s_stride1s-epo,delta
2073,0.0022171716903594146,patient11_window16s_stride1s-epo,delta
2074,0.0018146810081000003,patient11_window16s_stride1s-epo,delta
2075,0.0021971055371327874,patient11_window16s_stride1s-epo,delta
2076,0.001299108850121751,patient11_window16s_stride1s-epo,delta
2077,0.0024696448632158265,patient11_window16s_stride1s-epo,delta
2078,0.002377790524183783,patient11_window16s_stride1s-epo,delta
2079,0.0021284250507511045,patient11_window16s_stride1s-epo,delta
2080,0.0019153353645091661,patient11_window16s_stride1s-epo,delta
2081,0.0005867006438405556,patient11_window16s_stride1s-epo,delta
2082,4.996426042087594e-05,patient11_window16s_stride1s-epo,delta
2083,0.00043808725398746835,patient11_window16s_stride1s-epo,delta
2084,0.000683690525147895,patient11_window16s_stride1s-epo,delta
2085,0.0005037747822935386,patient11_window16s_stride1s-epo,delta
2086,0.0003790079695385244,patient11_window16s_stride1s-epo,delta
2087,0.0013631672823764154,patient11_window16s_stride1s-epo,delta
2088,0.003033737760287984,patient11_window16s_stride1s-epo,delta
2089,0.003582406933035218,patient11_window16s_stride1s-epo,delta
2090,0.003252905323405704,patient11_window16s_stride1s-epo,delta
2091,0.0032961327086306457,patient11_window16s_stride1s-epo,delta
2092,0.0018172018373808162,patient11_window16s_stride1s-epo,delta
2093,0.003107208234422522,patient11_window16s_stride1s-epo,delta
2094,0.00184446677916211,patient11_window16s_stride1s-epo,delta
2095,0.0021950052358421434,patient11_window16s_stride1s-epo,delta
2096,0.0017117468383598625,patient11_window16s_stride1s-epo,delta
2097,0.0038172450094913642,patient11_window16s_stride1s-epo,delta
2098,0.002281255221324341,patient11_window16s_stride1s-epo,delta
2099,0.0015318373661169574,patient11_window16s_stride1s-epo,delta
2100,0.0010292221421621033,patient11_window16s_stride1s-epo,delta
2101,0.0011517088776861405,patient11_window16s_stride1s-epo,delta
2102,0.002376033448961318,patient11_window16s_stride1s-epo,delta
2103,0.0023150850762173394,patient11_window16s_stride1s-epo,delta
2104,0.0013313111385366955,patient11_window16s_stride1s-epo,delta
2105,0.0010468158958892241,patient11_window16s_stride1s-epo,delta
2106,-0.00019243734024128228,patient11_window16s_stride1s-epo,delta
2107,0.0006549686377750258,patient11_window16s_stride1s-epo,delta
2108,0.000658349867767042,patient11_window16s_stride1s-epo,delta
2109,-0.0009507371130660678,patient11_window16s_stride1s-epo,delta
2110,-0.000201612858104917,patient11_window16s_stride1s-epo,delta
2111,0.0002706972568273751,patient11_window16s_stride1s-epo,delta
2112,-4.5895641402922135e-05,patient11_window16s_stride1s-epo,delta
2113,-0.0006962948053301056,patient11_window16s_stride1s-epo,delta
2114,-0.00022475037423757213,patient11_window16s_stride1s-epo,delta
2115,-0.0008758891428708325,patient11_window16s_stride1s-epo,delta
2116,-0.0016341854321380296,patient11_window16s_stride1s-epo,delta
2117,-0.00025370861720916665,patient11_window16s_stride1s-epo,delta
2118,-0.0005504441760851874,patient11_window16s_stride1s-epo,delta
2119,-0.0010461775966827999,patient11_window16s_stride1s-epo,delta
2120,-0.0009080754984030325,patient11_window16s_stride1s-epo,delta
2121,-0.0010669793601379087,patient11_window16s_stride1s-epo,delta
2122,-0.0008485256369992353,patient11_window16s_stride1s-epo,delta
2123,-0.00021117336572332886,patient11_window16s_stride1s-epo,delta
2124,-0.0010912237208795265,patient11_window16s_stride1s-epo,delta
2125,-0.0012302129989175772,patient11_window16s_stride1s-epo,delta
2126,-0.0013234515603858376,patient11_window16s_stride1s-epo,delta
2127,-0.0012991182495571511,patient11_window16s_stride1s-epo,delta
2128,-0.0012416554313273058,patient11_window16s_stride1s-epo,delta
2129,-0.001442748558047055,patient11_window16s_stride1s-epo,delta
2130,-0.0014277212082669311,patient11_window16s_stride1s-epo,delta
2131,-0.001452740983642694,patient11_window16s_stride1s-epo,delta
2132,-0.0008837762067318064,patient11_window16s_stride1s-epo,delta
2133,-0.0015896835384017654,patient11_window16s_stride1s-epo,delta
2134,-0.000989608491801858,patient11_window16s_stride1s-epo,delta
2135,0.0004138780876604169,patient11_window16s_stride1s-epo,delta
2136,0.0005439235713642709,patient11_window16s_stride1s-epo,delta
2137,0.0014153567160371365,patient11_window16s_stride1s-epo,delta
2138,0.0014416127852793354,patient11_window16s_stride1s-epo,delta
2139,0.0007640066571362261,patient11_window16s_stride1s-epo,delta
2140,0.0006015324628653177,patient11_window16s_stride1s-epo,delta
2141,0.0006068123807262222,patient11_window16s_stride1s-epo,delta
2142,-0.0005027280797900331,patient11_window16s_stride1s-epo,delta
2143,0.0009233642460649826,patient11_window16s_stride1s-epo,delta
2144,0.0012984801826899843,patient11_window16s_stride1s-epo,delta
2145,0.00205762579762771,patient11_window16s_stride1s-epo,delta
2146,0.0037730200151200916,patient11_window16s_stride1s-epo,delta
2147,0.0036445686520162617,patient11_window16s_stride1s-epo,delta
2148,0.0032811458328498456,patient11_window16s_stride1s-epo,delta
2149,0.003192809396092774,patient11_window16s_stride1s-epo,delta
2150,0.0020211227931450906,patient11_window16s_stride1s-epo,delta
2151,0.0013865750641924083,patient11_window16s_stride1s-epo,delta
2152,0.0007472862984566984,patient11_window16s_stride1s-epo,delta
2153,0.0010190436562605748,patient11_window16s_stride1s-epo,delta
2154,0.0009027129204015058,patient11_window16s_stride1s-epo,delta
2155,0.0015954236216326491,patient11_window16s_stride1s-epo,delta
2156,0.0010972390812013847,patient11_window16s_stride1s-epo,delta
2157,0.001871112560761657,patient11_window16s_stride1s-epo,delta
2158,0.002339324016780804,patient11_window16s_stride1s-epo,delta
2159,0.0015572807952580028,patient11_window16s_stride1s-epo,delta
2160,0.0009846207052205,patient11_window16s_stride1s-epo,delta
2161,0.002027826031452527,patient11_window16s_stride1s-epo,delta
2162,-0.00022102371161355762,patient11_window16s_stride1s-epo,delta
2163,-0.0010246976717882988,patient11_window16s_stride1s-epo,delta
2164,-0.0016805838681867797,patient11_window16s_stride1s-epo,delta
2165,-0.0010776928210428718,patient11_window16s_stride1s-epo,delta
2166,-0.0011294190939577274,patient11_window16s_stride1s-epo,delta
2167,-0.001113079693054066,patient11_window16s_stride1s-epo,delta
2168,-0.0008220028127023227,patient11_window16s_stride1s-epo,delta
2169,-0.0012135590462876837,patient11_window16s_stride1s-epo,delta
2170,1.091892710182732e-05,patient11_window16s_stride1s-epo,delta
2171,0.0008806421316540685,patient11_window16s_stride1s-epo,delta
2172,0.0010377873274725635,patient11_window16s_stride1s-epo,delta
2173,0.00034838261702488263,patient11_window16s_stride1s-epo,delta
2174,0.0006050668490528529,patient11_window16s_stride1s-epo,delta
2175,0.0012926767971064917,patient11_window16s_stride1s-epo,delta
2176,0.0002793368641937584,patient11_window16s_stride1s-epo,delta
2177,0.00029319103618240646,patient11_window16s_stride1s-epo,delta
2178,0.0020579679186290903,patient11_window16s_stride1s-epo,delta
2179,0.0011731483790673994,patient11_window16s_stride1s-epo,delta
2180,0.0011665390508054545,patient11_window16s_stride1s-epo,delta
2181,0.001159251410620684,patient11_window16s_stride1s-epo,delta
2182,0.0007454486646080797,patient11_window16s_stride1s-epo,delta
2183,-9.645458121904873e-05,patient11_window16s_stride1s-epo,delta
2184,-0.0008448939365150257,patient11_window16s_stride1s-epo,delta
2185,-0.0009564280097116546,patient11_window16s_stride1s-epo,delta
2186,-0.0016023437050304487,patient11_window16s_stride1s-epo,delta
2187,-0.0008916761598273926,patient11_window16s_stride1s-epo,delta
2188,-0.0009371220908734257,patient11_window16s_stride1s-epo,delta
2189,-0.0005522798370250057,patient11_window16s_stride1s-epo,delta
2190,0.0003437319637086456,patient11_window16s_stride1s-epo,delta
2191,0.000735598405800233,patient11_window16s_stride1s-epo,delta
2192,0.0007717205052103659,patient11_window16s_stride1s-epo,delta
2193,0.0009606991513072867,patient11_window16s_stride1s-epo,delta
2194,0.0010195631435224715,patient11_window16s_stride1s-epo,delta
2195,0.0011234964969249557,patient11_window16s_stride1s-epo,delta
2196,0.0017479372691489973,patient11_window16s_stride1s-epo,delta
2197,0.0016476130379738595,patient11_window16s_stride1s-epo,delta
2198,0.0015757009368092963,patient11_window16s_stride1s-epo,delta
2199,0.0020931685351334803,patient11_window16s_stride1s-epo,delta
2200,0.002124385775378877,patient11_window16s_stride1s-epo,delta
2201,0.0028026010076132577,patient11_window16s_stride1s-epo,delta
2202,0.0035772879954183152,patient11_window16s_stride1s-epo,delta
2203,0.004077102842085001,patient11_window16s_stride1s-epo,delta
2204,0.004431190689639928,patient11_window16s_stride1s-epo,delta
2205,0.003917828866963056,patient11_window16s_stride1s-epo,delta
2206,0.0037815925909435374,patient11_window16s_stride1s-epo,delta
2207,9.371766230009648e-05,patient11_window16s_stride1s-epo,delta
2208,0.00023517897012203086,patient11_window16s_stride1s-epo,delta
2209,-0.00036603692453481045,patient11_window16s_stride1s-epo,delta
2210,-0.0006164131390759198,patient11_window16s_stride1s-epo,delta
2211,-0.0009189557467003483,patient11_window16s_stride1s-epo,delta
2212,-0.0009259419333725283,patient11_window16s_stride1s-epo,delta
2213,0.0005190966642156051,patient11_window16s_stride1s-epo,delta
2214,-0.00035143637469875813,patient11_window16s_stride1s-epo,delta
2215,-0.0004273413705502031,patient11_window16s_stride1s-epo,delta
2216,-0.0005114593356392023,patient11_window16s_stride1s-epo,delta
2217,-0.0006611037444153083,patient11_window16s_stride1s-epo,delta
2218,-0.00028344931686609734,patient11_window16s_stride1s-epo,delta
2219,-0.00024032631723468136,patient11_window16s_stride1s-epo,delta
2220,-0.0005383553371069997,patient11_window16s_stride1s-epo,delta
2221,-0.0011519280174917086,patient11_window16s_stride1s-epo,delta
2222,-0.001145386998558009,patient11_window16s_stride1s-epo,delta
2223,-0.001320553476193456,patient11_window16s_stride1s-epo,delta
2224,-0.0012358340744632566,patient11_window16s_stride1s-epo,delta
2225,-0.0005552632076948161,patient11_window16s_stride1s-epo,delta
2226,0.00013159996032410744,patient11_window16s_stride1s-epo,delta
2227,0.0003622376285560933,patient11_window16s_stride1s-epo,delta
2228,0.0005833870750070781,patient11_window16s_stride1s-epo,delta
2229,0.000407703175633449,patient11_window16s_stride1s-epo,delta
2230,0.0013749060851639804,patient11_window16s_stride1s-epo,delta
2231,-0.00019875792076654798,patient11_window16s_stride1s-epo,delta
2232,2.5372185258866756e-06,patient11_window16s_stride1s-epo,delta
2233,-0.00013566783746110853,patient11_window16s_stride1s-epo,delta
2234,-0.00048542188564641833,patient11_window16s_stride1s-epo,delta
2235,-0.0002889414010933535,patient11_window16s_stride1s-epo,delta
2236,-0.0005058975315870662,patient11_window16s_stride1s-epo,delta
2237,0.00010406925656145392,patient11_window16s_stride1s-epo,delta
2238,-1.17457025375636e-05,patient11_window16s_stride1s-epo,delta
2239,-0.00040359627189824507,patient11_window16s_stride1s-epo,delta
2240,0.0005275451627691897,patient11_window16s_stride1s-epo,delta
2241,0.0007026932257024073,patient11_window16s_stride1s-epo,delta
2242,0.0011703813458519563,patient11_window16s_stride1s-epo,delta
2243,0.0008643708137715643,patient11_window16s_stride1s-epo,delta
2244,0.0006375582927559726,patient11_window16s_stride1s-epo,delta
2245,0.0009358771470344094,patient11_window16s_stride1s-epo,delta
2246,0.0007774937635974045,patient11_window16s_stride1s-epo,delta
2247,0.0010482922593132394,patient11_window16s_stride1s-epo,delta
2248,-0.0003682374076332455,patient11_window16s_stride1s-epo,delta
2249,0.0002959985567861448,patient11_window16s_stride1s-epo,delta
2250,0.0010195670975153446,patient11_window16s_stride1s-epo,delta
2251,0.0015541813796915874,patient11_window16s_stride1s-epo,delta
2252,0.0012095726124923356,patient11_window16s_stride1s-epo,delta
2253,0.0015744717513875575,patient11_window16s_stride1s-epo,delta
2254,0.0009817837315351462,patient11_window16s_stride1s-epo,delta
2255,0.0011771275477626966,patient11_window16s_stride1s-epo,delta
2256,0.0008876029936135422,patient11_window16s_stride1s-epo,delta
2257,-0.00035018765294358273,patient11_window16s_stride1s-epo,delta
2258,0.00059010238131534,patient11_window16s_stride1s-epo,delta
2259,0.00035572168598068516,patient11_window16s_stride1s-epo,delta
2260,-0.0005491922076600075,patient11_window16s_stride1s-epo,delta
2261,-0.0011881912080817737,patient11_window16s_stride1s-epo,delta
2262,-0.0022667192721233173,patient11_window16s_stride1s-epo,delta
2263,-0.0015327402247284,patient11_window16s_stride1s-epo,delta
2264,-0.0013844515893559333,patient11_window16s_stride1s-epo,delta
2265,-0.0014466727414479642,patient11_window16s_stride1s-epo,delta
2266,-0.0013694357401871685,patient11_window16s_stride1s-epo,delta
2267,-0.0013311255929105128,patient11_window16s_stride1s-epo,delta
2268,-0.0009825831640828582,patient11_window16s_stride1s-epo,delta
2269,-0.0008558919858568966,patient11_window16s_stride1s-epo,delta
2270,-0.0009572661632459518,patient11_window16s_stride1s-epo,delta
2271,-0.0015086077323016743,patient11_window16s_stride1s-epo,delta
2272,-0.0021530352968824073,patient11_window16s_stride1s-epo,delta
2273,-0.002274509916043561,patient11_window16s_stride1s-epo,delta
2274,-0.001757302285956798,patient11_window16s_stride1s-epo,delta
2275,-0.0010530941083663618,patient11_window16s_stride1s-epo,delta
2276,-0.0013041103212182996,patient11_window16s_stride1s-epo,delta
2277,-0.0014074786734018456,patient11_window16s_stride1s-epo,delta
2278,-0.0010614444538096046,patient11_window16s_stride1s-epo,delta
2279,-0.0012762991512478641,patient11_window16s_stride1s-epo,delta
2280,-0.0007969783285212341,patient11_window16s_stride1s-epo,delta
2281,-0.001686128834174763,patient11_window16s_stride1s-epo,delta
2282,-0.001779900608190512,patient11_window16s_stride1s-epo,delta
2283,-0.001238958686950529,patient11_window16s_stride1s-epo,delta
2284,-0.0020515574533997365,patient11_window16s_stride1s-epo,delta
2285,-0.001766112043918182,patient11_window16s_stride1s-epo,delta
2286,-0.0012548508655038648,patient11_window16s_stride1s-epo,delta
2287,0.0002826358280826709,patient11_window16s_stride1s-epo,delta
2288,-0.0006381298680363602,patient11_window16s_stride1s-epo,delta
2289,0.00024602850407109506,patient11_window16s_stride1s-epo,delta
2290,-0.00026979368267215616,patient11_window16s_stride1s-epo,delta
2291,0.00023110567674375297,patient11_window16s_stride1s-epo,delta
2292,0.0002879480045847176,patient11_window16s_stride1s-epo,delta
2293,-0.00035485820277221265,patient11_window16s_stride1s-epo,delta
2294,0.0011026611619061565,patient11_window16s_stride1s-epo,delta
2295,0.0020321938583440606,patient11_window16s_stride1s-epo,delta
2296,0.0015501121712521665,patient11_window16s_stride1s-epo,delta
2297,0.0018230646879968501,patient11_window16s_stride1s-epo,delta
2298,0.002387294544801584,patient11_window16s_stride1s-epo,delta
2299,0.003191403321302431,patient11_window16s_stride1s-epo,delta
2300,0.00279106600581341,patient11_window16s_stride1s-epo,delta
2301,0.003900706369252954,patient11_window16s_stride1s-epo,delta
2302,0.0031854020912471335,patient11_window16s_stride1s-epo,delta
2303,0.003288113398364643,patient11_window16s_stride1s-epo,delta
2304,0.0035953882614895415,patient11_window16s_stride1s-epo,delta
2305,0.002798519535980781,patient11_window16s_stride1s-epo,delta
2306,0.002858402456924174,patient11_window16s_stride1s-epo,delta
2307,0.002359267621848138,patient11_window16s_stride1s-epo,delta
2308,0.0008099220347368676,patient11_window16s_stride1s-epo,delta
2309,0.0016498151415501822,patient11_window16s_stride1s-epo,delta
2310,0.0026631943577563677,patient11_window16s_stride1s-epo,delta
2311,0.002627202593663804,patient11_window16s_stride1s-epo,delta
2312,0.002415931745771791,patient11_window16s_stride1s-epo,delta
2313,0.0023105992281298835,patient11_window16s_stride1s-epo,delta
2314,0.002095172255524999,patient11_window16s_stride1s-epo,delta
2315,0.0022840278773778935,patient11_window16s_stride1s-epo,delta
2316,0.0022504539279628267,patient11_window16s_stride1s-epo,delta
2317,0.003117603781263874,patient11_window16s_stride1s-epo,delta
2318,0.0015821476562436214,patient11_window16s_stride1s-epo,delta
2319,0.0008750933494502691,patient11_window16s_stride1s-epo,delta
2320,0.0007624510779285839,patient11_window16s_stride1s-epo,delta
2321,0.0008833982464076405,patient11_window16s_stride1s-epo,delta
2322,0.000453665570290281,patient11_window16s_stride1s-epo,delta
2323,-0.00010770683767775132,patient11_window16s_stride1s-epo,delta
2324,-0.00023276956091579384,patient11_window16s_stride1s-epo,delta
2325,0.0004918199543613331,patient11_window16s_stride1s-epo,delta
2326,-0.0004241189310149456,patient11_window16s_stride1s-epo,delta
2327,-0.0011898805885743244,patient11_window16s_stride1s-epo,delta
2328,-0.00031918919497684657,patient11_window16s_stride1s-epo,delta
2329,-0.00034534617264413587,patient11_window16s_stride1s-epo,delta
2330,-0.00016501558005051035,patient11_window16s_stride1s-epo,delta
2331,-0.00023753483765699,patient11_window16s_stride1s-epo,delta
2332,0.0006982154913623971,patient11_window16s_stride1s-epo,delta
2333,-0.0005750705871947479,patient11_window16s_stride1s-epo,delta
2334,0.00067467546150139,patient11_window16s_stride1s-epo,delta
2335,0.0014057965706783357,patient11_window16s_stride1s-epo,delta
2336,0.0014348176394545654,patient11_window16s_stride1s-epo,delta
2337,0.0013756501043700022,patient11_window16s_stride1s-epo,delta
2338,0.00091263564216561,patient11_window16s_stride1s-epo,delta
2339,0.0013453951363422236,patient11_window16s_stride1s-epo,delta
2340,0.0007630216792136958,patient11_window16s_stride1s-epo,delta
2341,-0.00021122223450220138,patient11_window16s_stride1s-epo,delta
2342,0.0012118673047530617,patient11_window16s_stride1s-epo,delta
2343,0.0011403592819122046,patient11_window16s_stride1s-epo,delta
2344,0.0009880094058289518,patient11_window16s_stride1s-epo,delta
2345,0.00034941507230585174,patient11_window16s_stride1s-epo,delta
2346,0.0001384510929929135,patient11_window16s_stride1s-epo,delta
2347,0.0013856811004779477,patient11_window16s_stride1s-epo,delta
2348,0.0003833005592446724,patient11_window16s_stride1s-epo,delta
2349,0.0012038898893923621,patient11_window16s_stride1s-epo,delta
2350,0.0009990070770533705,patient11_window16s_stride1s-epo,delta
2351,0.0006895472291058488,patient11_window16s_stride1s-epo,delta
2352,0.0011424873317494766,patient11_window16s_stride1s-epo,delta
2353,0.0008770191783901024,patient11_window16s_stride1s-epo,delta
2354,0.0011556355501420909,patient11_window16s_stride1s-epo,delta
2355,0.001233070807976875,patient11_window16s_stride1s-epo,delta
2356,0.0003606550123419553,patient11_window16s_stride1s-epo,delta
2357,-0.00010852251315350609,patient11_window16s_stride1s-epo,delta
2358,0.0010556665453527662,patient11_window16s_stride1s-epo,delta
2359,0.0003438995971060147,patient11_window16s_stride1s-epo,delta
2360,0.0007601111724279504,patient11_window16s_stride1s-epo,delta
2361,0.0005149626385960471,patient11_window16s_stride1s-epo,delta
2362,0.0014502947903698733,patient11_window16s_stride1s-epo,delta
2363,0.0005219853896025674,patient11_window16s_stride1s-epo,delta
2364,0.0003242534755826233,patient11_window16s_stride1s-epo,delta
2365,0.00017129204544535988,patient11_window16s_stride1s-epo,delta
2366,-0.0009113029669295012,patient11_window16s_stride1s-epo,delta
2367,-0.0008243391879355145,patient11_window16s_stride1s-epo,delta
2368,-0.0018909211783187444,patient11_window16s_stride1s-epo,delta
2369,-0.0020560197428149698,patient11_window16s_stride1s-epo,delta
2370,-0.0005395488941872923,patient11_window16s_stride1s-epo,delta
2371,-0.0005274001564474949,patient11_window16s_stride1s-epo,delta
2372,-0.00020595378337057168,patient11_window16s_stride1s-epo,delta
2373,-1.3791417386352267e-06,patient11_window16s_stride1s-epo,delta
2374,0.00013436983993104777,patient11_window16s_stride1s-epo,delta
2375,-0.00014494652184120357,patient11_window16s_stride1s-epo,delta
2376,-4.4640474381132886e-05,patient11_window16s_stride1s-epo,delta
2377,-0.0004613684564731753,patient11_window16s_stride1s-epo,delta
2378,0.0002862738157526258,patient11_window16s_stride1s-epo,delta
2379,2.143075664154414e-05,patient11_window16s_stride1s-epo,delta
2380,0.0009040001586452275,patient11_window16s_stride1s-epo,delta
2381,0.0012269052716343903,patient11_window16s_stride1s-epo,delta
2382,0.0005737781440990495,patient11_window16s_stride1s-epo,delta
2383,0.0017309357620287006,patient11_window16s_stride1s-epo,delta
2384,0.000999261819673917,patient11_window16s_stride1s-epo,delta
2385,0.002041066686476622,patient11_window16s_stride1s-epo,delta
2386,0.0016360016657951662,patient11_window16s_stride1s-epo,delta
2387,0.00212972270518127,patient11_window16s_stride1s-epo,delta
2388,0.0017299127208648772,patient11_window16s_stride1s-epo,delta
2389,0.001746652001149399,patient11_window16s_stride1s-epo,delta
2390,0.0014158503062777891,patient11_window16s_stride1s-epo,delta
2391,0.001172675588081347,patient11_window16s_stride1s-epo,delta
2392,0.0011790859208863586,patient11_window16s_stride1s-epo,delta
2393,0.0011463243068430779,patient11_window16s_stride1s-epo,delta
2394,0.0007240209670602754,patient11_window16s_stride1s-epo,delta
2395,0.00038069308529510576,patient11_window16s_stride1s-epo,delta
2396,8.956199850228615e-05,patient11_window16s_stride1s-epo,delta
2397,0.00043014641887915316,patient11_window16s_stride1s-epo,delta
2398,-5.322266307693465e-05,patient11_window16s_stride1s-epo,delta
2399,-0.0004424084732441223,patient11_window16s_stride1s-epo,delta
2400,-0.0008396809445917934,patient11_window16s_stride1s-epo,delta
2401,-0.00039969514937575345,patient11_window16s_stride1s-epo,delta
2402,-0.00022112154593116162,patient11_window16s_stride1s-epo,delta
2403,-0.00011888792420100793,patient11_window16s_stride1s-epo,delta
2404,-0.0007203835292681683,patient11_window16s_stride1s-epo,delta
2405,-0.0008602240802609456,patient11_window16s_stride1s-epo,delta
2406,-0.00015262716364744576,patient11_window16s_stride1s-epo,delta
2407,-0.0001518841693961541,patient11_window16s_stride1s-epo,delta
2408,-0.0004983608582243424,patient11_window16s_stride1s-epo,delta
2409,-0.0004677938630503165,patient11_window16s_stride1s-epo,delta
2410,-0.0006137860718215741,patient11_window16s_stride1s-epo,delta
2411,0.0014649937244092727,patient11_window16s_stride1s-epo,delta
2412,0.0010070578189642896,patient11_window16s_stride1s-epo,delta
2413,0.0004312531629869026,patient11_window16s_stride1s-epo,delta
2414,0.0009425990916960594,patient11_window16s_stride1s-epo,delta
2415,0.0008671897759616315,patient11_window16s_stride1s-epo,delta
2416,0.0013941780843176978,patient11_window16s_stride1s-epo,delta
2417,0.0016779346631339675,patient11_window16s_stride1s-epo,delta
2418,0.0010292297758464706,patient11_window16s_stride1s-epo,delta
2419,0.0007624413912515247,patient11_window16s_stride1s-epo,delta
2420,0.0015006276995025612,patient11_window16s_stride1s-epo,delta
2421,0.0011835404002791998,patient11_window16s_stride1s-epo,delta
2422,0.0008528530137256452,patient11_window16s_stride1s-epo,delta
2423,0.0014553315879960846,patient11_window16s_stride1s-epo,delta
2424,0.0012119193189781244,patient11_window16s_stride1s-epo,delta
2425,0.00139438924620666,patient11_window16s_stride1s-epo,delta
2426,0.0010339477458497783,patient11_window16s_stride1s-epo,delta
2427,0.0006630380651615818,patient11_window16s_stride1s-epo,delta
2428,0.0011305035389769776,patient11_window16s_stride1s-epo,delta
2429,0.0005096630008019403,patient11_window16s_stride1s-epo,delta
2430,0.001035705141213649,patient11_window16s_stride1s-epo,delta
2431,0.001112044075369634,patient11_window16s_stride1s-epo,delta
2432,0.000112192263311457,patient11_window16s_stride1s-epo,delta
2433,0.0011773063375683126,patient11_window16s_stride1s-epo,delta
2434,0.0006856960901890152,patient11_window16s_stride1s-epo,delta
2435,0.0023970171525719533,patient11_window16s_stride1s-epo,delta
2436,0.0016449060735904849,patient11_window16s_stride1s-epo,delta
2437,0.0010192186085085217,patient11_window16s_stride1s-epo,delta
2438,0.0007335917414901863,patient11_window16s_stride1s-epo,delta
2439,0.0012248493430807856,patient11_window16s_stride1s-epo,delta
2440,0.00016398245508535773,patient11_window16s_stride1s-epo,delta
2441,0.000812456763816385,patient11_window16s_stride1s-epo,delta
2442,0.0014823332175132038,patient11_window16s_stride1s-epo,delta
2443,0.001398855889139535,patient11_window16s_stride1s-epo,delta
2444,0.0013759621139712319,patient11_window16s_stride1s-epo,delta
2445,0.0017098587540542915,patient11_window16s_stride1s-epo,delta
2446,0.0022047335210468584,patient11_window16s_stride1s-epo,delta
2447,0.002153037608379052,patient11_window16s_stride1s-epo,delta
2448,0.002345733544428145,patient11_window16s_stride1s-epo,delta
2449,0.0017255243384830773,patient11_window16s_stride1s-epo,delta
2450,0.0019086940827079929,patient11_window16s_stride1s-epo,delta
2451,0.0017600886809892773,patient11_window16s_stride1s-epo,delta
2452,0.0016129449238015778,patient11_window16s_stride1s-epo,delta
2453,0.0010007278724389335,patient11_window16s_stride1s-epo,delta
2454,0.0005666562571810885,patient11_window16s_stride1s-epo,delta
2455,0.000274926343183371,patient11_window16s_stride1s-epo,delta
2456,0.0006414127590293986,patient11_window16s_stride1s-epo,delta
2457,-0.0004134785942337811,patient11_window16s_stride1s-epo,delta
2458,0.0004807356168562766,patient11_window16s_stride1s-epo,delta
2459,0.00020386434798600698,patient11_window16s_stride1s-epo,delta
2460,0.00033021615247234555,patient11_window16s_stride1s-epo,delta
2461,0.00014354645209202965,patient11_window16s_stride1s-epo,delta
2462,0.0010046347734970248,patient11_window16s_stride1s-epo,delta
2463,0.0006819887745485425,patient11_window16s_stride1s-epo,delta
2464,0.0010150863994461393,patient11_window16s_stride1s-epo,delta
2465,0.0012331475189328977,patient11_window16s_stride1s-epo,delta
2466,0.0008246739539916517,patient11_window16s_stride1s-epo,delta
2467,0.0011177820994996664,patient11_window16s_stride1s-epo,delta
2468,0.0017855668053399472,patient11_window16s_stride1s-epo,delta
2469,0.0017460400795005994,patient11_window16s_stride1s-epo,delta
2470,0.0012577553853937353,patient11_window16s_stride1s-epo,delta
2471,0.001372748244589027,patient11_window16s_stride1s-epo,delta
2472,0.0014973046335890394,patient11_window16s_stride1s-epo,delta
2473,0.0008511453348430635,patient11_window16s_stride1s-epo,delta
2474,-0.00013936011302177978,patient11_window16s_stride1s-epo,delta
2475,-0.0005480040368767346,patient11_window16s_stride1s-epo,delta
2476,1.6075472178540165e-06,patient11_window16s_stride1s-epo,delta
2477,-0.0001601772176546824,patient11_window16s_stride1s-epo,delta
2478,-0.0002427174709212986,patient11_window16s_stride1s-epo,delta
2479,0.0004538394758711644,patient11_window16s_stride1s-epo,delta
2480,1.7044592911187003e-05,patient11_window16s_stride1s-epo,delta
2481,0.0009404184237575427,patient11_window16s_stride1s-epo,delta
2482,0.001345310466006493,patient11_window16s_stride1s-epo,delta
2483,0.0007925100687205882,patient11_window16s_stride1s-epo,delta
2484,-2.120224332201322e-05,patient11_window16s_stride1s-epo,delta
2485,0.001069103575971421,patient11_window16s_stride1s-epo,delta
2486,0.0013433732962740757,patient11_window16s_stride1s-epo,delta
2487,0.0016219412635041172,patient11_window16s_stride1s-epo,delta
2488,0.0013976689391538538,patient11_window16s_stride1s-epo,delta
2489,0.0019632732432583715,patient11_window16s_stride1s-epo,delta
2490,0.0020254369391510606,patient11_window16s_stride1s-epo,delta
2491,0.0008626798758011378,patient11_window16s_stride1s-epo,delta
2492,0.00014983172299092945,patient11_window16s_stride1s-epo,delta
2493,0.0009567270552997295,patient11_window16s_stride1s-epo,delta
2494,0.0003295895044326295,patient11_window16s_stride1s-epo,delta
2495,-0.00027179105931254973,patient11_window16s_stride1s-epo,delta
2496,0.000387429362687011,patient11_window16s_stride1s-epo,delta
2497,0.0008051657215429227,patient11_window16s_stride1s-epo,delta
2498,8.573686199888933e-05,patient11_window16s_stride1s-epo,delta
2499,0.001242628679667076,patient11_window16s_stride1s-epo,delta
2500,0.0015560573791609932,patient11_window16s_stride1s-epo,delta
2501,0.0015469537996598967,patient11_window16s_stride1s-epo,delta
2502,0.0009667689729847377,patient11_window16s_stride1s-epo,delta
2503,0.0002751793435561709,patient11_window16s_stride1s-epo,delta
2504,0.001121896303950305,patient11_window16s_stride1s-epo,delta
2505,0.001696675128697662,patient11_window16s_stride1s-epo,delta
2506,0.0013042627093881134,patient11_window16s_stride1s-epo,delta
2507,0.0010979022928156407,patient11_window16s_stride1s-epo,delta
2508,0.0018166994682143368,patient11_window16s_stride1s-epo,delta
2509,0.0028556982109851554,patient11_window16s_stride1s-epo,delta
2510,0.0026641003491441276,patient11_window16s_stride1s-epo,delta
2511,0.002656400653263194,patient11_window16s_stride1s-epo,delta
2512,0.0032315536696998328,patient11_window16s_stride1s-epo,delta
2513,0.0040606570655561496,patient11_window16s_stride1s-epo,delta
2514,0.003333724532513939,patient11_window16s_stride1s-epo,delta
2515,0.00201325018981528,patient11_window16s_stride1s-epo,delta
2516,0.0013170198868442614,patient11_window16s_stride1s-epo,delta
2517,0.0014351579824492782,patient11_window16s_stride1s-epo,delta
2518,0.0010737087803806243,patient11_window16s_stride1s-epo,delta
2519,0.0013220752516829245,patient11_window16s_stride1s-epo,delta
2520,0.0008454025722278866,patient11_window16s_stride1s-epo,delta
2521,0.0007064435520348854,patient11_window16s_stride1s-epo,delta
2522,0.0024630645747675257,patient11_window16s_stride1s-epo,delta
2523,0.0009354000377103238,patient11_window16s_stride1s-epo,delta
2524,-5.065021126022433e-05,patient11_window16s_stride1s-epo,delta
2525,-0.0002855162533030688,patient11_window16s_stride1s-epo,delta
2526,-0.0011038906919224555,patient11_window16s_stride1s-epo,delta
2527,-0.0007434429549799448,patient11_window16s_stride1s-epo,delta
2528,-0.0017344962909434168,patient11_window16s_stride1s-epo,delta
2529,-0.0013409147038864985,patient11_window16s_stride1s-epo,delta
2530,-0.00017427756429079768,patient11_window16s_stride1s-epo,delta
2531,-0.001039821383522349,patient11_window16s_stride1s-epo,delta
2532,-0.0008132723938690873,patient11_window16s_stride1s-epo,delta
2533,-0.001640207350140537,patient11_window16s_stride1s-epo,delta
2534,-0.0008559826309116686,patient11_window16s_stride1s-epo,delta
2535,-0.0012642756173050593,patient11_window16s_stride1s-epo,delta
2536,-0.00170298817995163,patient11_window16s_stride1s-epo,delta
2537,-0.002724817618390671,patient11_window16s_stride1s-epo,delta
2538,-0.0027874350762705107,patient11_window16s_stride1s-epo,delta
2539,-0.0008735843882613154,patient11_window16s_stride1s-epo,delta
2540,-0.0026835109080108116,patient11_window16s_stride1s-epo,delta
2541,-0.0019781467693999063,patient11_window16s_stride1s-epo,delta
2542,-0.0019384017846247141,patient11_window16s_stride1s-epo,delta
2543,-0.002106738671507771,patient11_window16s_stride1s-epo,delta
2544,-0.0017758040611068802,patient11_window16s_stride1s-epo,delta
2545,-0.0004852006989968598,patient11_window16s_stride1s-epo,delta
2546,-0.0005460063498071349,patient11_window16s_stride1s-epo,delta
2547,-0.0009159819594302946,patient11_window16s_stride1s-epo,delta
2548,-0.00022558654294484312,patient11_window16s_stride1s-epo,delta
2549,8.410758699183415e-05,patient11_window16s_stride1s-epo,delta
2550,-0.00012475934340942953,patient11_window16s_stride1s-epo,delta
2551,0.0003324832001939087,patient11_window16s_stride1s-epo,delta
2552,0.0008704500154058339,patient11_window16s_stride1s-epo,delta
2553,0.0010177900210616856,patient11_window16s_stride1s-epo,delta
2554,0.0005900204177409908,patient11_window16s_stride1s-epo,delta
2555,0.0008586820780762642,patient11_window16s_stride1s-epo,delta
2556,0.0008442824763162884,patient11_window16s_stride1s-epo,delta
2557,0.0023588051444961675,patient11_window16s_stride1s-epo,delta
2558,0.0015765206411875144,patient11_window16s_stride1s-epo,delta
2559,0.0024189029825017585,patient11_window16s_stride1s-epo,delta
2560,0.002646938984606919,patient11_window16s_stride1s-epo,delta
2561,0.0005218820705932832,patient11_window16s_stride1s-epo,delta
2562,0.0016943383330880607,patient11_window16s_stride1s-epo,delta
2563,0.0008331549133669228,patient11_window16s_stride1s-epo,delta
2564,0.0007698448757978639,patient11_window16s_stride1s-epo,delta
2565,0.0006502478670407909,patient11_window16s_stride1s-epo,delta
2566,-1.2417710179758413e-05,patient11_window16s_stride1s-epo,delta
2567,-0.0002260105499393963,patient11_window16s_stride1s-epo,delta
2568,0.0005876505235336498,patient11_window16s_stride1s-epo,delta
2569,0.0008420911349265113,patient11_window16s_stride1s-epo,delta
2570,0.0011435147336008083,patient11_window16s_stride1s-epo,delta
2571,-4.6912289948000784e-05,patient11_window16s_stride1s-epo,delta
2572,-0.0005269871684812721,patient11_window16s_stride1s-epo,delta
2573,-0.0010051491638166498,patient11_window16s_stride1s-epo,delta
2574,-0.0005026753835259854,patient11_window16s_stride1s-epo,delta
2575,0.0001769936809652766,patient11_window16s_stride1s-epo,delta
2576,0.001120026285252206,patient11_window16s_stride1s-epo,delta
2577,0.001690057084003623,patient11_window16s_stride1s-epo,delta
2578,0.001784642032866326,patient11_window16s_stride1s-epo,delta
2579,0.001585117335621463,patient11_window16s_stride1s-epo,delta
2580,0.0025944843435210434,patient11_window16s_stride1s-epo,delta
2581,0.0028309468647736515,patient11_window16s_stride1s-epo,delta
2582,0.00337510576881965,patient11_window16s_stride1s-epo,delta
2583,0.0017757712741285406,patient11_window16s_stride1s-epo,delta
2584,0.0016399081171532607,patient11_window16s_stride1s-epo,delta
2585,0.00218840692226979,patient11_window16s_stride1s-epo,delta
2586,0.001656207650017713,patient11_window16s_stride1s-epo,delta
2587,0.002115266442342861,patient11_window16s_stride1s-epo,delta
2588,0.0010091110734108913,patient11_window16s_stride1s-epo,delta
2589,0.0017811599043321708,patient11_window16s_stride1s-epo,delta
2590,0.0008413362458457521,patient11_window16s_stride1s-epo,delta
2591,0.0008605264498641863,patient11_window16s_stride1s-epo,delta
2592,-0.0005911311259138331,patient11_window16s_stride1s-epo,delta
2593,-0.0006902933450584061,patient11_window16s_stride1s-epo,delta
2594,-0.0006492387217055562,patient11_window16s_stride1s-epo,delta
2595,-0.0010489223201231492,patient11_window16s_stride1s-epo,delta
2596,-0.001410698351853247,patient11_window16s_stride1s-epo,delta
2597,-0.001529929683004278,patient11_window16s_stride1s-epo,delta
2598,-0.0011233856552636545,patient11_window16s_stride1s-epo,delta
2599,-0.0012650424335764923,patient11_window16s_stride1s-epo,delta
2600,0.00010709123779236027,patient11_window16s_stride1s-epo,delta
2601,-0.0008067077768977299,patient11_window16s_stride1s-epo,delta
2602,-0.0008280307269153284,patient11_window16s_stride1s-epo,delta
2603,-0.0006312984172731393,patient11_window16s_stride1s-epo,delta
2604,0.0005830028396307189,patient11_window16s_stride1s-epo,delta
2605,0.00029627032393756764,patient11_window16s_stride1s-epo,delta
2606,0.0009701450491909603,patient11_window16s_stride1s-epo,delta
2607,0.0008856691950474335,patient11_window16s_stride1s-epo,delta
2608,0.0005855101047659539,patient11_window16s_stride1s-epo,delta
2609,0.0013912107823317854,patient11_window16s_stride1s-epo,delta
2610,0.0020930096165553227,patient11_window16s_stride1s-epo,delta
2611,0.0007986493442550386,patient11_window16s_stride1s-epo,delta
2612,0.0002731973958167051,patient11_window16s_stride1s-epo,delta
2613,0.00023634758090140823,patient11_window16s_stride1s-epo,delta
2614,-0.00017475595480635954,patient11_window16s_stride1s-epo,delta
2615,-8.944266918078295e-05,patient11_window16s_stride1s-epo,delta
2616,-0.0013156069590415799,patient11_window16s_stride1s-epo,delta
2617,-0.0015486518562211184,patient11_window16s_stride1s-epo,delta
2618,-0.0022718834065544665,patient11_window16s_stride1s-epo,delta
2619,-0.002978137431501236,patient11_window16s_stride1s-epo,delta
2620,-0.002983002613283562,patient11_window16s_stride1s-epo,delta
2621,-0.003070463597484569,patient11_window16s_stride1s-epo,delta
2622,-0.003559571044854425,patient11_window16s_stride1s-epo,delta
2623,-0.0038940373745983887,patient11_window16s_stride1s-epo,delta
2624,-0.003630651958560534,patient11_window16s_stride1s-epo,delta
2625,-0.002708676533091994,patient11_window16s_stride1s-epo,delta
2626,-0.002417498842373483,patient11_window16s_stride1s-epo,delta
2627,-0.0015820086211415472,patient11_window16s_stride1s-epo,delta
2628,-0.0007415726724579951,patient11_window16s_stride1s-epo,delta
2629,-0.0010519150689753483,patient11_window16s_stride1s-epo,delta
2630,-0.0014652087267874678,patient11_window16s_stride1s-epo,delta
2631,-0.002245739360354246,patient11_window16s_stride1s-epo,delta
2632,-0.0027464613097760967,patient11_window16s_stride1s-epo,delta
2633,-0.0012357975517046204,patient11_window16s_stride1s-epo,delta
2634,-0.0010019274028449157,patient11_window16s_stride1s-epo,delta
2635,-0.0010154461792053688,patient11_window16s_stride1s-epo,delta
2636,-0.000778366876336195,patient11_window16s_stride1s-epo,delta
2637,-0.0011346084122230858,patient11_window16s_stride1s-epo,delta
2638,-0.00010193206360434606,patient11_window16s_stride1s-epo,delta
2639,0.0008717961241563024,patient11_window16s_stride1s-epo,delta
2640,0.000489023029705058,patient11_window16s_stride1s-epo,delta
2641,7.33026605726975e-05,patient11_window16s_stride1s-epo,delta
2642,-0.00011707395819536238,patient11_window16s_stride1s-epo,delta
2643,-0.001540141966724683,patient11_window16s_stride1s-epo,delta
2644,-0.00190754624884769,patient11_window16s_stride1s-epo,delta
2645,-0.0003458898879228086,patient11_window16s_stride1s-epo,delta
2646,0.00016280534341254837,patient11_window16s_stride1s-epo,delta
2647,0.0004385852397740172,patient11_window16s_stride1s-epo,delta
2648,0.001956756649390355,patient11_window16s_stride1s-epo,delta
2649,0.0012654264234584593,patient11_window16s_stride1s-epo,delta
2650,-7.054331431407783e-06,patient11_window16s_stride1s-epo,delta
2651,0.00020735586944649844,patient11_window16s_stride1s-epo,delta
2652,-0.0007355093439958767,patient11_window16s_stride1s-epo,delta
2653,-0.0002511538534288931,patient11_window16s_stride1s-epo,delta
2654,0.00045739134626112283,patient11_window16s_stride1s-epo,delta
2655,0.0006038050264605307,patient11_window16s_stride1s-epo,delta
2656,-0.000694959731905143,patient11_window16s_stride1s-epo,delta
2657,0.00014976154860148425,patient11_window16s_stride1s-epo,delta
2658,0.0007075286970771623,patient11_window16s_stride1s-epo,delta
2659,0.0022425598552034422,patient11_window16s_stride1s-epo,delta
2660,0.0030449440808335143,patient11_window16s_stride1s-epo,delta
2661,0.003456336980965166,patient11_window16s_stride1s-epo,delta
2662,0.0018330242300050104,patient11_window16s_stride1s-epo,delta
2663,0.0021510138830283135,patient11_window16s_stride1s-epo,delta
2664,0.0020712197812190864,patient11_window16s_stride1s-epo,delta
2665,0.002575673641082302,patient11_window16s_stride1s-epo,delta
2666,0.002147658355082187,patient11_window16s_stride1s-epo,delta
2667,0.0024010734196014843,patient11_window16s_stride1s-epo,delta
2668,0.0025855708917396974,patient11_window16s_stride1s-epo,delta
2669,0.0015758291487301783,patient11_window16s_stride1s-epo,delta
2670,0.0016873578953026157,patient11_window16s_stride1s-epo,delta
2671,0.0016484078512683466,patient11_window16s_stride1s-epo,delta
2672,0.00098159277473554,patient11_window16s_stride1s-epo,delta
2673,0.002438303553765752,patient11_window16s_stride1s-epo,delta
2674,0.0017709890327941885,patient11_window16s_stride1s-epo,delta
2675,0.001358916020336454,patient11_window16s_stride1s-epo,delta
2676,0.0006937975797126272,patient11_window16s_stride1s-epo,delta
2677,0.001740500043004684,patient11_window16s_stride1s-epo,delta
2678,0.0013490977633530308,patient11_window16s_stride1s-epo,delta
2679,0.0011752584728734763,patient11_window16s_stride1s-epo,delta
2680,0.0012284205437743737,patient11_window16s_stride1s-epo,delta
2681,5.312161467757997e-05,patient11_window16s_stride1s-epo,delta
2682,0.00020025860249427564,patient11_window16s_stride1s-epo,delta
2683,1.4109258508395643e-06,patient11_window16s_stride1s-epo,delta
2684,-0.00011171699359789802,patient11_window16s_stride1s-epo,delta
2685,0.0006929190316727043,patient11_window16s_stride1s-epo,delta
2686,-0.00010001063096945981,patient11_window16s_stride1s-epo,delta
2687,0.0008672474085976886,patient11_window16s_stride1s-epo,delta
2688,0.0008794043531396873,patient11_window16s_stride1s-epo,delta
2689,0.0007894702709708211,patient11_window16s_stride1s-epo,delta
2690,0.001067015482774437,patient11_window16s_stride1s-epo,delta
2691,0.001619188600986099,patient11_window16s_stride1s-epo,delta
2692,0.0004327852113992027,patient11_window16s_stride1s-epo,delta
2693,6.548989374538568e-05,patient11_window16s_stride1s-epo,delta
2694,-2.0616234744121765e-05,patient11_window16s_stride1s-epo,delta
2695,-0.0004732634945759341,patient11_window16s_stride1s-epo,delta
2696,-0.0008524868958628857,patient11_window16s_stride1s-epo,delta
2697,0.0007928429583206468,patient11_window16s_stride1s-epo,delta
2698,0.00013648316198896138,patient11_window16s_stride1s-epo,delta
2699,0.0005874676054801049,patient11_window16s_stride1s-epo,delta
2700,0.0010142785698763997,patient11_window16s_stride1s-epo,delta
2701,0.0010997897834470552,patient11_window16s_stride1s-epo,delta
2702,0.0005774762163010383,patient11_window16s_stride1s-epo,delta
2703,0.0004106394839962509,patient11_window16s_stride1s-epo,delta
2704,0.0012980404571116735,patient11_window16s_stride1s-epo,delta
2705,0.0011923682012954073,patient11_window16s_stride1s-epo,delta
2706,0.0011835328124738097,patient11_window16s_stride1s-epo,delta
2707,0.001549506312591107,patient11_window16s_stride1s-epo,delta
2708,0.001995369180381289,patient11_window16s_stride1s-epo,delta
2709,0.0010672995032910296,patient11_window16s_stride1s-epo,delta
2710,0.0013468757728260065,patient11_window16s_stride1s-epo,delta
2711,0.0012311930641625915,patient11_window16s_stride1s-epo,delta
2712,0.000904146291888918,patient11_window16s_stride1s-epo,delta
2713,0.0008917413998216943,patient11_window16s_stride1s-epo,delta
2714,0.001079169192715944,patient11_window16s_stride1s-epo,delta
2715,0.00020126655386137367,patient11_window16s_stride1s-epo,delta
2716,0.000617467997326237,patient11_window16s_stride1s-epo,delta
2717,0.0004008538138730127,patient11_window16s_stride1s-epo,delta
2718,0.0004805143943036023,patient11_window16s_stride1s-epo,delta
2719,-6.869778158043484e-05,patient11_window16s_stride1s-epo,delta
2720,-0.0007290160769457481,patient11_window16s_stride1s-epo,delta
2721,-0.0004084443822763608,patient11_window16s_stride1s-epo,delta
2722,-0.0009721710034317001,patient11_window16s_stride1s-epo,delta
2723,-0.001212753207566219,patient11_window16s_stride1s-epo,delta
2724,-0.0007054779796743071,patient11_window16s_stride1s-epo,delta
2725,-0.000542993601600109,patient11_window16s_stride1s-epo,delta
2726,-0.00033883788300791335,patient11_window16s_stride1s-epo,delta
2727,0.0003584161681236528,patient11_window16s_stride1s-epo,delta
2728,-8.20488558166788e-05,patient11_window16s_stride1s-epo,delta
2729,-0.0003818667911746469,patient11_window16s_stride1s-epo,delta
2730,0.0003569685398006006,patient11_window16s_stride1s-epo,delta
2731,0.001115930337730719,patient11_window16s_stride1s-epo,delta
2732,0.0016163789884314239,patient11_window16s_stride1s-epo,delta
2733,0.0011418925738511184,patient11_window16s_stride1s-epo,delta
2734,0.0014003499722757295,patient11_window16s_stride1s-epo,delta
2735,0.0008969343065843143,patient11_window16s_stride1s-epo,delta
2736,0.00021892492261476115,patient11_window16s_stride1s-epo,delta
2737,0.00042796617595259494,patient11_window16s_stride1s-epo,delta
2738,0.0014966752760175739,patient11_window16s_stride1s-epo,delta
2739,0.000704721159078975,patient11_window16s_stride1s-epo,delta
2740,0.0009560474189636145,patient11_window16s_stride1s-epo,delta
2741,0.0005989878996028463,patient11_window16s_stride1s-epo,delta
2742,0.00046456995410832605,patient11_window16s_stride1s-epo,delta
2743,0.001338541382560197,patient11_window16s_stride1s-epo,delta
2744,0.0014196540287134602,patient11_window16s_stride1s-epo,delta
2745,0.0008342566121445707,patient11_window16s_stride1s-epo,delta
2746,0.0005225728249727102,patient11_window16s_stride1s-epo,delta
2747,0.0001342961803566875,patient11_window16s_stride1s-epo,delta
2748,-0.00012193221799025958,patient11_window16s_stride1s-epo,delta
2749,0.00013117046455904518,patient11_window16s_stride1s-epo,delta
2750,-0.0003784904249530426,patient11_window16s_stride1s-epo,delta
2751,-0.001031069300858498,patient11_window16s_stride1s-epo,delta
2752,-0.0006293768177920058,patient11_window16s_stride1s-epo,delta
2753,-0.0005728423501043695,patient11_window16s_stride1s-epo,delta
2754,-0.0006484105531306679,patient11_window16s_stride1s-epo,delta
2755,-0.0008273438511407951,patient11_window16s_stride1s-epo,delta
2756,-0.000308803867537234,patient11_window16s_stride1s-epo,delta
2757,-1.6487556652950907e-05,patient11_window16s_stride1s-epo,delta
2758,0.0004606085977917929,patient11_window16s_stride1s-epo,delta
2759,0.00012231988266017216,patient11_window16s_stride1s-epo,delta
2760,0.0003141482578621706,patient11_window16s_stride1s-epo,delta
2761,0.0008476047018646066,patient11_window16s_stride1s-epo,delta
2762,0.00012957651321540353,patient11_window16s_stride1s-epo,delta
2763,0.0006096604937532528,patient11_window16s_stride1s-epo,delta
2764,0.0004792751552064439,patient11_window16s_stride1s-epo,delta
2765,0.0006721920557178226,patient11_window16s_stride1s-epo,delta
2766,0.0015129893637274168,patient11_window16s_stride1s-epo,delta
2767,0.0011046737617448048,patient11_window16s_stride1s-epo,delta
2768,0.0015476568389245556,patient11_window16s_stride1s-epo,delta
2769,0.0011757174098852396,patient11_window16s_stride1s-epo,delta
2770,0.0015487467460349159,patient11_window16s_stride1s-epo,delta
2771,0.002065987283030826,patient11_window16s_stride1s-epo,delta
2772,0.0015621312024058434,patient11_window16s_stride1s-epo,delta
2773,0.000750071920618274,patient11_window16s_stride1s-epo,delta
2774,0.0007864592259049942,patient11_window16s_stride1s-epo,delta
2775,-8.25464632676905e-05,patient11_window16s_stride1s-epo,delta
2776,0.00013772958696812293,patient11_window16s_stride1s-epo,delta
2777,-0.0008597183790065995,patient11_window16s_stride1s-epo,delta
2778,-0.0006580538429195605,patient11_window16s_stride1s-epo,delta
2779,-0.0007089132701648781,patient11_window16s_stride1s-epo,delta
2780,-0.0014654593118790633,patient11_window16s_stride1s-epo,delta
2781,-0.001499396119495629,patient11_window16s_stride1s-epo,delta
2782,-0.0011592109415539374,patient11_window16s_stride1s-epo,delta
2783,-0.0007369884008030675,patient11_window16s_stride1s-epo,delta
2784,-0.002424344810532147,patient11_window16s_stride1s-epo,delta
2785,-0.0016765287537412192,patient11_window16s_stride1s-epo,delta
2786,-0.0018918501942455934,patient11_window16s_stride1s-epo,delta
2787,-0.0014456084648298679,patient11_window16s_stride1s-epo,delta
2788,-0.0019593081156476354,patient11_window16s_stride1s-epo,delta
2789,-0.0016817352989107442,patient11_window16s_stride1s-epo,delta
2790,-0.001419366198864348,patient11_window16s_stride1s-epo,delta
2791,-0.0006908187969092722,patient11_window16s_stride1s-epo,delta
2792,0.0003428711587742568,patient11_window16s_stride1s-epo,delta
2793,-3.803766788321804e-05,patient11_window16s_stride1s-epo,delta
2794,-0.0010931314093699982,patient11_window16s_stride1s-epo,delta
2795,-0.0006805942907015175,patient11_window16s_stride1s-epo,delta
2796,-0.0007684642643523254,patient11_window16s_stride1s-epo,delta
2797,-0.0008687348625337078,patient11_window16s_stride1s-epo,delta
2798,-0.00014477972551468098,patient11_window16s_stride1s-epo,delta
2799,-0.0008945214435232733,patient11_window16s_stride1s-epo,delta
2800,0.0003338438325547328,patient11_window16s_stride1s-epo,delta
2801,0.00023778282579959444,patient11_window16s_stride1s-epo,delta
2802,0.0004247842667495257,patient11_window16s_stride1s-epo,delta
2803,-0.0006380198178828711,patient11_window16s_stride1s-epo,delta
2804,-0.0008576704166916697,patient11_window16s_stride1s-epo,delta
2805,-0.0011699351384462646,patient11_window16s_stride1s-epo,delta
2806,-0.0016216429175383476,patient11_window16s_stride1s-epo,delta
2807,-0.001794026970958573,patient11_window16s_stride1s-epo,delta
2808,-0.0004360451992839795,patient11_window16s_stride1s-epo,delta
2809,-0.001261454780613815,patient11_window16s_stride1s-epo,delta
2810,-0.00027729169797144923,patient11_window16s_stride1s-epo,delta
2811,0.0007849521351706605,patient11_window16s_stride1s-epo,delta
2812,0.0011039813802716028,patient11_window16s_stride1s-epo,delta
2813,0.0007777305083755977,patient11_window16s_stride1s-epo,delta
2814,0.0007295114500590414,patient11_window16s_stride1s-epo,delta
2815,-0.0006418509550528341,patient11_window16s_stride1s-epo,delta
2816,-0.00104144096927758,patient11_window16s_stride1s-epo,delta
2817,-0.0017969197958879878,patient11_window16s_stride1s-epo,delta
2818,-0.001414604485554057,patient11_window16s_stride1s-epo,delta
2819,-0.0001774307597905563,patient11_window16s_stride1s-epo,delta
2820,0.001409646431564814,patient11_window16s_stride1s-epo,delta
2821,0.0016104941637822279,patient11_window16s_stride1s-epo,delta
2822,0.0015829635994017983,patient11_window16s_stride1s-epo,delta
2823,0.0019173338499530017,patient11_window16s_stride1s-epo,delta
2824,0.0012894894457091829,patient11_window16s_stride1s-epo,delta
2825,0.0014744554100488852,patient11_window16s_stride1s-epo,delta
2826,0.0003740168078989937,patient11_window16s_stride1s-epo,delta
2827,0.0010079290362484874,patient11_window16s_stride1s-epo,delta
2828,-0.0008135569526397134,patient11_window16s_stride1s-epo,delta
2829,-0.0010755832956749957,patient11_window16s_stride1s-epo,delta
2830,-0.0009322275762973653,patient11_window16s_stride1s-epo,delta
2831,-0.000488294181090064,patient11_window16s_stride1s-epo,delta
2832,-2.798902446013678e-05,patient11_window16s_stride1s-epo,delta
2833,-0.0003787833439075044,patient11_window16s_stride1s-epo,delta
2834,-0.0017493030457625257,patient11_window16s_stride1s-epo,delta
2835,-0.001435568012576599,patient11_window16s_stride1s-epo,delta
2836,-0.001003233663969072,patient11_window16s_stride1s-epo,delta
2837,-0.0009610598288314762,patient11_window16s_stride1s-epo,delta
2838,-0.0021566222133164513,patient11_window16s_stride1s-epo,delta
2839,-0.003440282442291992,patient11_window16s_stride1s-epo,delta
2840,-0.0031559314580772158,patient11_window16s_stride1s-epo,delta
2841,-0.0025459936117526293,patient11_window16s_stride1s-epo,delta
2842,-0.0022879762966517892,patient11_window16s_stride1s-epo,delta
2843,-0.002036412490201086,patient11_window16s_stride1s-epo,delta
2844,-0.0019039212168463417,patient11_window16s_stride1s-epo,delta
2845,-0.001390581084062195,patient11_window16s_stride1s-epo,delta
2846,-0.002112380140579675,patient11_window16s_stride1s-epo,delta
2847,-0.0017635066863139588,patient11_window16s_stride1s-epo,delta
2848,-0.0020498758505801185,patient11_window16s_stride1s-epo,delta
2849,-0.001807947251461045,patient11_window16s_stride1s-epo,delta
2850,-0.002235563781857702,patient11_window16s_stride1s-epo,delta
2851,-0.0020441447003087987,patient11_window16s_stride1s-epo,delta
2852,-0.00248618528473574,patient11_window16s_stride1s-epo,delta
2853,-0.0035496089327463824,patient11_window16s_stride1s-epo,delta
2854,-0.0034389463828275214,patient11_window16s_stride1s-epo,delta
2855,-0.002196166282396565,patient11_window16s_stride1s-epo,delta
2856,-0.0024915760685003427,patient11_window16s_stride1s-epo,delta
2857,-0.0018454664415475006,patient11_window16s_stride1s-epo,delta
2858,-0.0005869044183237384,patient11_window16s_stride1s-epo,delta
2859,0.0005259731747365467,patient11_window16s_stride1s-epo,delta
2860,0.0016036565211975018,patient11_window16s_stride1s-epo,delta
2861,0.002107968307869336,patient11_window16s_stride1s-epo,delta
2862,0.0020064138779614907,patient11_window16s_stride1s-epo,delta
2863,0.0018775775050320265,patient11_window16s_stride1s-epo,delta
2864,0.000555273504447121,patient11_window16s_stride1s-epo,delta
2865,0.0021212311980698044,patient11_window16s_stride1s-epo,delta
2866,0.0007479703609276341,patient11_window16s_stride1s-epo,delta
2867,0.0014567700425053291,patient11_window16s_stride1s-epo,delta
2868,0.0014862058456334446,patient11_window16s_stride1s-epo,delta
2869,0.003500233003368454,patient11_window16s_stride1s-epo,delta
2870,0.003184677428186317,patient11_window16s_stride1s-epo,delta
2871,0.0037928582281415036,patient11_window16s_stride1s-epo,delta
2872,0.0030135061431308253,patient11_window16s_stride1s-epo,delta
2873,0.002750480117702162,patient11_window16s_stride1s-epo,delta
2874,0.002874905535855261,patient11_window16s_stride1s-epo,delta
2875,0.0019428679746274166,patient11_window16s_stride1s-epo,delta
2876,0.0008118014540151546,patient11_window16s_stride1s-epo,delta
2877,0.0019206806457372813,patient11_window16s_stride1s-epo,delta
2878,0.0018928653606899524,patient11_window16s_stride1s-epo,delta
2879,0.0011625146618067005,patient11_window16s_stride1s-epo,delta
2880,0.0014840718704674934,patient11_window16s_stride1s-epo,delta
2881,0.0008199553254376777,patient11_window16s_stride1s-epo,delta
2882,0.0012847992677749813,patient11_window16s_stride1s-epo,delta
2883,0.001794624291581103,patient11_window16s_stride1s-epo,delta
2884,0.0015013868695436965,patient11_window16s_stride1s-epo,delta
2885,0.0005523522572164838,patient11_window16s_stride1s-epo,delta
2886,0.0016657514520588713,patient11_window16s_stride1s-epo,delta
2887,0.0006925991750047438,patient11_window16s_stride1s-epo,delta
2888,0.0008058877896935449,patient11_window16s_stride1s-epo,delta
2889,0.001129048559433042,patient11_window16s_stride1s-epo,delta
2890,-0.0004649809652721604,patient11_window16s_stride1s-epo,delta
2891,-0.0007615233336916873,patient11_window16s_stride1s-epo,delta
2892,3.272470334224125e-05,patient11_window16s_stride1s-epo,delta
2893,0.00030209654164684154,patient11_window16s_stride1s-epo,delta
2894,0.000650893830501423,patient11_window16s_stride1s-epo,delta
2895,7.533988309896928e-05,patient11_window16s_stride1s-epo,delta
2896,-0.0002103391323766619,patient11_window16s_stride1s-epo,delta
2897,0.00029481557459295473,patient11_window16s_stride1s-epo,delta
2898,0.0008660710583297916,patient11_window16s_stride1s-epo,delta
2899,0.0011158467809360673,patient11_window16s_stride1s-epo,delta
2900,0.0011801535982090055,patient11_window16s_stride1s-epo,delta
2901,0.0010488426223916984,patient11_window16s_stride1s-epo,delta
2902,0.001503966153456186,patient11_window16s_stride1s-epo,delta
2903,0.00179552015161474,patient11_window16s_stride1s-epo,delta
2904,0.001853799662070576,patient11_window16s_stride1s-epo,delta
2905,0.0007604198535666337,patient11_window16s_stride1s-epo,delta
2906,0.000517720090549173,patient11_window16s_stride1s-epo,delta
2907,0.00029366863868251044,patient11_window16s_stride1s-epo,delta
2908,-0.0015288052203118276,patient11_window16s_stride1s-epo,delta
2909,-0.002273361936765084,patient11_window16s_stride1s-epo,delta
2910,-0.0014322275182111347,patient11_window16s_stride1s-epo,delta
2911,-0.0015415378039136066,patient11_window16s_stride1s-epo,delta
2912,-0.0012024600376334608,patient11_window16s_stride1s-epo,delta
2913,-0.0014416013009324504,patient11_window16s_stride1s-epo,delta
2914,-0.001694782970059459,patient11_window16s_stride1s-epo,delta
2915,-0.0019107588808180138,patient11_window16s_stride1s-epo,delta
2916,-0.002302352802258232,patient11_window16s_stride1s-epo,delta
2917,-0.0017591685822430352,patient11_window16s_stride1s-epo,delta
2918,-0.0014001004490311424,patient11_window16s_stride1s-epo,delta
2919,-0.001341666310246242,patient11_window16s_stride1s-epo,delta
2920,-0.0021922514327834207,patient11_window16s_stride1s-epo,delta
2921,-0.002217611959931147,patient11_window16s_stride1s-epo,delta
2922,-0.001666475953237813,patient11_window16s_stride1s-epo,delta
2923,-0.0009907387908589737,patient11_window16s_stride1s-epo,delta
2924,0.0007394412364782908,patient11_window16s_stride1s-epo,delta
2925,0.0006826410406907864,patient11_window16s_stride1s-epo,delta
2926,0.0005174429451018247,patient11_window16s_stride1s-epo,delta
2927,0.00010592954657166721,patient11_window16s_stride1s-epo,delta
2928,0.0014615954796416847,patient11_window16s_stride1s-epo,delta
2929,0.0009210558042729863,patient11_window16s_stride1s-epo,delta
2930,0.00022384128219471398,patient11_window16s_stride1s-epo,delta
2931,0.00031254651698800674,patient11_window16s_stride1s-epo,delta
2932,0.0008662436663567265,patient11_window16s_stride1s-epo,delta
2933,0.0007934017026675374,patient11_window16s_stride1s-epo,delta
2934,0.0005463103194517311,patient11_window16s_stride1s-epo,delta
2935,0.00020062495055922226,patient11_window16s_stride1s-epo,delta
2936,-0.0002095398087448457,patient11_window16s_stride1s-epo,delta
2937,-0.0007410257524672881,patient11_window16s_stride1s-epo,delta
2938,-0.00027079496870062225,patient11_window16s_stride1s-epo,delta
2939,-0.0005426782994953354,patient11_window16s_stride1s-epo,delta
2940,-0.0012532149517885355,patient11_window16s_stride1s-epo,delta
2941,-0.002081435396156533,patient11_window16s_stride1s-epo,delta
2942,-0.0016173094123167575,patient11_window16s_stride1s-epo,delta
2943,-0.002110098525653877,patient11_window16s_stride1s-epo,delta
2944,-0.0016992953209248362,patient11_window16s_stride1s-epo,delta
2945,-0.0006264923924821192,patient11_window16s_stride1s-epo,delta
2946,-0.0009885887439649173,patient11_window16s_stride1s-epo,delta
2947,-0.0011220765246170818,patient11_window16s_stride1s-epo,delta
2948,-0.0019011271768419,patient11_window16s_stride1s-epo,delta
2949,-0.002796812262634935,patient11_window16s_stride1s-epo,delta
2950,-0.002452629081261674,patient11_window16s_stride1s-epo,delta
2951,-0.0014665752155575114,patient11_window16s_stride1s-epo,delta
2952,-0.0017200300242419706,patient11_window16s_stride1s-epo,delta
2953,0.0003065695801364861,patient11_window16s_stride1s-epo,delta
2954,0.0017117131151958385,patient11_window16s_stride1s-epo,delta
2955,0.0014608974770138404,patient11_window16s_stride1s-epo,delta
2956,0.002443461411686859,patient11_window16s_stride1s-epo,delta
2957,0.003081306747062944,patient11_window16s_stride1s-epo,delta
2958,0.0030384921225940623,patient11_window16s_stride1s-epo,delta
2959,0.003912231785868681,patient11_window16s_stride1s-epo,delta
2960,0.002722212597939518,patient11_window16s_stride1s-epo,delta
2961,0.002141444205088518,patient11_window16s_stride1s-epo,delta
2962,0.002117319834556721,patient11_window16s_stride1s-epo,delta
2963,0.0016501732840265733,patient11_window16s_stride1s-epo,delta
2964,0.0033166251006459127,patient11_window16s_stride1s-epo,delta
2965,0.002974984126667876,patient11_window16s_stride1s-epo,delta
2966,0.0023629893607660783,patient11_window16s_stride1s-epo,delta
2967,0.0021139088023996422,patient11_window16s_stride1s-epo,delta
2968,0.0007511875278034749,patient11_window16s_stride1s-epo,delta
2969,0.0004277343794499305,patient11_window16s_stride1s-epo,delta
2970,-0.00018476293101399473,patient11_window16s_stride1s-epo,delta
2971,-0.0002086265056819459,patient11_window16s_stride1s-epo,delta
2972,-5.858587482905765e-05,patient11_window16s_stride1s-epo,delta
2973,0.000466611231110362,patient11_window16s_stride1s-epo,delta
2974,-0.0004114052754422204,patient11_window16s_stride1s-epo,delta
2975,-0.00044553131534644664,patient11_window16s_stride1s-epo,delta
2976,-0.0005072060176186007,patient11_window16s_stride1s-epo,delta
2977,-0.00091585112046831,patient11_window16s_stride1s-epo,delta
2978,-0.0008617431879410848,patient11_window16s_stride1s-epo,delta
2979,-0.0004196954730682891,patient11_window16s_stride1s-epo,delta
2980,-0.001329542702313325,patient11_window16s_stride1s-epo,delta
2981,-0.0008077706559386584,patient11_window16s_stride1s-epo,delta
2982,-0.0011868755170837434,patient11_window16s_stride1s-epo,delta
2983,-0.0013939177425564757,patient11_window16s_stride1s-epo,delta
2984,-0.001602899805759496,patient11_window16s_stride1s-epo,delta
2985,-0.0015630255053323812,patient11_window16s_stride1s-epo,delta
2986,-0.0014145616902843786,patient11_window16s_stride1s-epo,delta
2987,-0.0012382439201033154,patient11_window16s_stride1s-epo,delta
2988,-0.0024343503101120732,patient11_window16s_stride1s-epo,delta
2989,-0.0021056028207287903,patient11_window16s_stride1s-epo,delta
2990,-0.001647157790997185,patient11_window16s_stride1s-epo,delta
2991,-0.001299566760738497,patient11_window16s_stride1s-epo,delta
2992,-0.0013785492094966019,patient11_window16s_stride1s-epo,delta
2993,-0.00044542944542389526,patient11_window16s_stride1s-epo,delta
2994,-5.079901704441989e-05,patient11_window16s_stride1s-epo,delta
2995,0.0010924426705724698,patient11_window16s_stride1s-epo,delta
2996,-0.00012053843740701404,patient11_window16s_stride1s-epo,delta
2997,-0.001345175333828686,patient11_window16s_stride1s-epo,delta
2998,-5.776101242674261e-05,patient11_window16s_stride1s-epo,delta
2999,0.0007373201761490168,patient11_window16s_stride1s-epo,delta
3000,0.000798153519377346,patient11_window16s_stride1s-epo,delta
3001,0.0010035801266134387,patient11_window16s_stride1s-epo,delta
3002,0.002145844367635986,patient11_window16s_stride1s-epo,delta
3003,0.0020224376255568322,patient11_window16s_stride1s-epo,delta
3004,0.0021380470953824803,patient11_window16s_stride1s-epo,delta
3005,0.001261334664039748,patient11_window16s_stride1s-epo,delta
3006,0.0014335139426084893,patient11_window16s_stride1s-epo,delta
3007,-3.837815613834844e-05,patient11_window16s_stride1s-epo,delta
3008,0.0006610915329524326,patient11_window16s_stride1s-epo,delta
3009,-0.0006205290231559392,patient11_window16s_stride1s-epo,delta
3010,5.469741872959318e-05,patient11_window16s_stride1s-epo,delta
3011,-0.00012912982002800773,patient11_window16s_stride1s-epo,delta
3012,0.00023975085756987034,patient11_window16s_stride1s-epo,delta
3013,0.0009356956144875373,patient11_window16s_stride1s-epo,delta
3014,0.0008198293073871769,patient11_window16s_stride1s-epo,delta
3015,0.0009434404420570002,patient11_window16s_stride1s-epo,delta
3016,0.0012145528604408497,patient11_window16s_stride1s-epo,delta
3017,0.0010857082106087695,patient11_window16s_stride1s-epo,delta
3018,0.0005006819348429863,patient11_window16s_stride1s-epo,delta
3019,-0.0006167576205174004,patient11_window16s_stride1s-epo,delta
3020,-0.0003483755948348665,patient11_window16s_stride1s-epo,delta
3021,4.994676422497674e-05,patient11_window16s_stride1s-epo,delta
3022,0.0009212690818365748,patient11_window16s_stride1s-epo,delta
3023,0.001385447512431211,patient11_window16s_stride1s-epo,delta
3024,0.0004420793265364696,patient11_window16s_stride1s-epo,delta
3025,0.0005604495886762842,patient11_window16s_stride1s-epo,delta
3026,0.0004119331011210026,patient11_window16s_stride1s-epo,delta
3027,9.735566761891113e-05,patient11_window16s_stride1s-epo,delta
3028,0.0008683684388277058,patient11_window16s_stride1s-epo,delta
3029,0.00020553736304454348,patient11_window16s_stride1s-epo,delta
3030,0.00014001848674630093,patient11_window16s_stride1s-epo,delta
3031,-0.0005381324160585617,patient11_window16s_stride1s-epo,delta
3032,-0.00031423597755405214,patient11_window16s_stride1s-epo,delta
3033,-0.0001093297820952442,patient11_window16s_stride1s-epo,delta
3034,0.0003627044693871233,patient11_window16s_stride1s-epo,delta
3035,0.0009825025968419469,patient11_window16s_stride1s-epo,delta
3036,8.687602763429049e-05,patient11_window16s_stride1s-epo,delta
3037,0.0007284137209631948,patient11_window16s_stride1s-epo,delta
3038,-0.0007698501868815614,patient11_window16s_stride1s-epo,delta
3039,-0.0008805775939474699,patient11_window16s_stride1s-epo,delta
3040,-0.0012000299022120035,patient11_window16s_stride1s-epo,delta
3041,-0.000991025743430532,patient11_window16s_stride1s-epo,delta
3042,-0.0017814369498525937,patient11_window16s_stride1s-epo,delta
3043,-0.0008327555368898244,patient11_window16s_stride1s-epo,delta
3044,-0.0012327784284698559,patient11_window16s_stride1s-epo,delta
3045,-0.0014049143884173056,patient11_window16s_stride1s-epo,delta
3046,-0.001384585727286909,patient11_window16s_stride1s-epo,delta
3047,-0.0002798881046172452,patient11_window16s_stride1s-epo,delta
3048,-0.0006022324881148372,patient11_window16s_stride1s-epo,delta
3049,0.00019628212188541297,patient11_window16s_stride1s-epo,delta
3050,0.0002676457308764583,patient11_window16s_stride1s-epo,delta
3051,-0.0001487238423435182,patient11_window16s_stride1s-epo,delta
3052,0.0010021429690558912,patient11_window16s_stride1s-epo,delta
3053,-0.00014823440839487336,patient11_window16s_stride1s-epo,delta
3054,-8.637088703272657e-05,patient11_window16s_stride1s-epo,delta
3055,-0.000648677727630418,patient11_window16s_stride1s-epo,delta
3056,-0.0007362973063507716,patient11_window16s_stride1s-epo,delta
3057,-0.0004373656775723117,patient11_window16s_stride1s-epo,delta
3058,-0.0004977038700638835,patient11_window16s_stride1s-epo,delta
3059,0.00022487830832756768,patient11_window16s_stride1s-epo,delta
3060,0.0006613463439524808,patient11_window16s_stride1s-epo,delta
3061,0.00017475060430478397,patient11_window16s_stride1s-epo,delta
3062,-0.00010772580412233646,patient11_window16s_stride1s-epo,delta
3063,-0.00028312528267976275,patient11_window16s_stride1s-epo,delta
3064,0.0003074328243107544,patient11_window16s_stride1s-epo,delta
3065,-0.00023372890621427164,patient11_window16s_stride1s-epo,delta
3066,0.0006828738280559499,patient11_window16s_stride1s-epo,delta
3067,0.00022970862033357332,patient11_window16s_stride1s-epo,delta
3068,0.0006403434817481002,patient11_window16s_stride1s-epo,delta
3069,0.0015562987132808825,patient11_window16s_stride1s-epo,delta
3070,0.0018015537095104484,patient11_window16s_stride1s-epo,delta
3071,0.00203666590656103,patient11_window16s_stride1s-epo,delta
3072,0.0015762357606028086,patient11_window16s_stride1s-epo,delta
3073,0.001755337168142214,patient11_window16s_stride1s-epo,delta
3074,0.0011589938860002954,patient11_window16s_stride1s-epo,delta
3075,0.0015136199810797074,patient11_window16s_stride1s-epo,delta
3076,0.0006135448808974022,patient11_window16s_stride1s-epo,delta
3077,0.0011692313047160928,patient11_window16s_stride1s-epo,delta
3078,0.001682644636376417,patient11_window16s_stride1s-epo,delta
3079,0.0018848969747649316,patient11_window16s_stride1s-epo,delta
3080,0.0017790369556210696,patient11_window16s_stride1s-epo,delta
3081,0.0008170421673416582,patient11_window16s_stride1s-epo,delta
3082,0.001314640047138199,patient11_window16s_stride1s-epo,delta
3083,0.001293612287385581,patient11_window16s_stride1s-epo,delta
3084,0.0004395521174074769,patient11_window16s_stride1s-epo,delta
3085,0.000605695240356251,patient11_window16s_stride1s-epo,delta
3086,0.0007618872214753019,patient11_window16s_stride1s-epo,delta
3087,0.0006477119999111514,patient11_window16s_stride1s-epo,delta
3088,0.0019495012310654528,patient11_window16s_stride1s-epo,delta
3089,0.0024497382786609983,patient11_window16s_stride1s-epo,delta
3090,0.0020286122344456542,patient11_window16s_stride1s-epo,delta
3091,0.0012840075126814092,patient11_window16s_stride1s-epo,delta
3092,0.001176762012367605,patient11_window16s_stride1s-epo,delta
3093,0.0004973427406157999,patient11_window16s_stride1s-epo,delta
3094,0.00010690703225236691,patient11_window16s_stride1s-epo,delta
3095,0.00018918107389529406,patient11_window16s_stride1s-epo,delta
3096,-0.0005012188666767024,patient11_window16s_stride1s-epo,delta
3097,0.0008857886748102042,patient11_window16s_stride1s-epo,delta
3098,0.0006775341889065604,patient11_window16s_stride1s-epo,delta
3099,0.0014195278447963289,patient11_window16s_stride1s-epo,delta
3100,0.0012805134775690178,patient11_window16s_stride1s-epo,delta
3101,0.0019492773722775993,patient11_window16s_stride1s-epo,delta
3102,0.0015839390444493124,patient11_window16s_stride1s-epo,delta
3103,0.002514985683107688,patient11_window16s_stride1s-epo,delta
3104,0.0013409033729987042,patient11_window16s_stride1s-epo,delta
3105,0.0006036737224854768,patient11_window16s_stride1s-epo,delta
3106,0.0013339934443804598,patient11_window16s_stride1s-epo,delta
3107,0.00034685735681740885,patient11_window16s_stride1s-epo,delta
3108,0.0010464802276526004,patient11_window16s_stride1s-epo,delta
3109,0.0010273656354681177,patient11_window16s_stride1s-epo,delta
3110,0.0013140001490635578,patient11_window16s_stride1s-epo,delta
3111,0.0014195345594982282,patient11_window16s_stride1s-epo,delta
3112,0.0006905386325678341,patient11_window16s_stride1s-epo,delta
3113,0.0005551692499190906,patient11_window16s_stride1s-epo,delta
3114,-3.7546996324668813e-05,patient11_window16s_stride1s-epo,delta
3115,-0.000546042990271988,patient11_window16s_stride1s-epo,delta
3116,-0.0005502666034618768,patient11_window16s_stride1s-epo,delta
3117,-0.0003366271534347894,patient11_window16s_stride1s-epo,delta
3118,-0.000874076896003667,patient11_window16s_stride1s-epo,delta
3119,-0.0006025198287364029,patient11_window16s_stride1s-epo,delta
3120,-0.000394136540403086,patient11_window16s_stride1s-epo,delta
3121,0.00027980891840335693,patient11_window16s_stride1s-epo,delta
3122,0.0003679993130437131,patient11_window16s_stride1s-epo,delta
3123,0.0004452828519444255,patient11_window16s_stride1s-epo,delta
3124,0.00022173352269805837,patient11_window16s_stride1s-epo,delta
3125,0.0005747548194938656,patient11_window16s_stride1s-epo,delta
3126,0.0002725538911615321,patient11_window16s_stride1s-epo,delta
3127,0.0009760786180832184,patient11_window16s_stride1s-epo,delta
3128,0.0012021837762764118,patient11_window16s_stride1s-epo,delta
3129,0.0003747069991118522,patient11_window16s_stride1s-epo,delta
3130,0.0006074555659824095,patient11_window16s_stride1s-epo,delta
3131,0.0020696691889308754,patient11_window16s_stride1s-epo,delta
3132,0.0010830294437658378,patient11_window16s_stride1s-epo,delta
3133,0.0012538232010856445,patient11_window16s_stride1s-epo,delta
3134,0.0011786829627169217,patient11_window16s_stride1s-epo,delta
3135,0.0007685956207686243,patient11_window16s_stride1s-epo,delta
3136,0.0004222034832356192,patient11_window16s_stride1s-epo,delta
3137,0.0004712570891367311,patient11_window16s_stride1s-epo,delta
3138,0.001016498742652919,patient11_window16s_stride1s-epo,delta
3139,0.0006499927669788943,patient11_window16s_stride1s-epo,delta
3140,0.0008890509052199269,patient11_window16s_stride1s-epo,delta
3141,0.00047704082420640985,patient11_window16s_stride1s-epo,delta
3142,0.0002135315339490256,patient11_window16s_stride1s-epo,delta
3143,-0.00011807740520215732,patient11_window16s_stride1s-epo,delta
3144,0.00014429613778587389,patient11_window16s_stride1s-epo,delta
3145,0.0008167384545140022,patient11_window16s_stride1s-epo,delta
3146,0.0005643491702919214,patient11_window16s_stride1s-epo,delta
3147,0.00024454629690847675,patient11_window16s_stride1s-epo,delta
3148,0.0010791583892889175,patient11_window16s_stride1s-epo,delta
3149,0.0023423213544556294,patient11_window16s_stride1s-epo,delta
3150,0.0014659929723600054,patient11_window16s_stride1s-epo,delta
3151,0.0009464752611974236,patient11_window16s_stride1s-epo,delta
3152,0.00046848909503866156,patient11_window16s_stride1s-epo,delta
3153,-9.25605906234086e-05,patient11_window16s_stride1s-epo,delta
3154,0.0009703561133311115,patient11_window16s_stride1s-epo,delta
3155,0.0004289521967882602,patient11_window16s_stride1s-epo,delta
3156,-1.4559549470831743e-05,patient11_window16s_stride1s-epo,delta
3157,-0.00047504722069606297,patient11_window16s_stride1s-epo,delta
3158,0.0005602014454131803,patient11_window16s_stride1s-epo,delta
3159,0.00011355464929401529,patient11_window16s_stride1s-epo,delta
3160,-0.0004303623601089259,patient11_window16s_stride1s-epo,delta
3161,0.0005822121233983283,patient11_window16s_stride1s-epo,delta
3162,0.00027497879230938406,patient11_window16s_stride1s-epo,delta
3163,0.0006481632879595167,patient11_window16s_stride1s-epo,delta
3164,0.00043851847205721644,patient11_window16s_stride1s-epo,delta
3165,-0.000379114160311796,patient11_window16s_stride1s-epo,delta
3166,0.0007087889991632708,patient11_window16s_stride1s-epo,delta
3167,0.0015482162862788097,patient11_window16s_stride1s-epo,delta
3168,0.001780261565018716,patient11_window16s_stride1s-epo,delta
3169,0.002393289121206215,patient11_window16s_stride1s-epo,delta
3170,0.001377732819514041,patient11_window16s_stride1s-epo,delta
3171,0.0009694885383021292,patient11_window16s_stride1s-epo,delta
3172,0.0007732929623024752,patient11_window16s_stride1s-epo,delta
3173,0.0016576301739551296,patient11_window16s_stride1s-epo,delta
3174,0.0008610256193640085,patient11_window16s_stride1s-epo,delta
3175,0.0019235816341767078,patient11_window16s_stride1s-epo,delta
3176,0.001402747698153048,patient11_window16s_stride1s-epo,delta
3177,0.00043939246260768614,patient11_window16s_stride1s-epo,delta
3178,0.0013482166222495281,patient11_window16s_stride1s-epo,delta
3179,0.0019197719429452996,patient11_window16s_stride1s-epo,delta
3180,0.0012492222016669743,patient11_window16s_stride1s-epo,delta
3181,0.0003128357368331773,patient11_window16s_stride1s-epo,delta
3182,-0.00022255197786031811,patient11_window16s_stride1s-epo,delta
3183,-0.001336901248016427,patient11_window16s_stride1s-epo,delta
3184,-0.0013104648784491647,patient11_window16s_stride1s-epo,delta
3185,-0.0009392727323943891,patient11_window16s_stride1s-epo,delta
3186,-0.0009620182936788945,patient11_window16s_stride1s-epo,delta
3187,-0.0015850879899950451,patient11_window16s_stride1s-epo,delta
3188,-0.0012956679081247348,patient11_window16s_stride1s-epo,delta
3189,-8.061145476546681e-05,patient11_window16s_stride1s-epo,delta
3190,0.00035441701934081,patient11_window16s_stride1s-epo,delta
3191,-2.4783423592338827e-05,patient11_window16s_stride1s-epo,delta
3192,9.699435563307133e-05,patient11_window16s_stride1s-epo,delta
3193,0.00027988692616661993,patient11_window16s_stride1s-epo,delta
3194,-0.0003069526222594887,patient11_window16s_stride1s-epo,delta
3195,-0.0010504142999241733,patient11_window16s_stride1s-epo,delta
3196,-5.758375111901206e-05,patient11_window16s_stride1s-epo,delta
3197,7.958272199747962e-05,patient11_window16s_stride1s-epo,delta
3198,-0.00015298348936424654,patient11_window16s_stride1s-epo,delta
3199,-0.0002929550307376603,patient11_window16s_stride1s-epo,delta
3200,-0.001458717156279385,patient11_window16s_stride1s-epo,delta
3201,-0.0013832675194022513,patient11_window16s_stride1s-epo,delta
3202,-0.0003646807850188829,patient11_window16s_stride1s-epo,delta
3203,-0.0005485485196685427,patient11_window16s_stride1s-epo,delta
3204,-0.0007175653149623979,patient11_window16s_stride1s-epo,delta
3205,-0.0011457637682637252,patient11_window16s_stride1s-epo,delta
3206,-0.0017746524431144785,patient11_window16s_stride1s-epo,delta
3207,-0.0023268067434276543,patient11_window16s_stride1s-epo,delta
3208,-0.002216477811563465,patient11_window16s_stride1s-epo,delta
3209,-0.0019364479124994523,patient11_window16s_stride1s-epo,delta
3210,-0.001819562872642288,patient11_window16s_stride1s-epo,delta
3211,-0.0017198923862388894,patient11_window16s_stride1s-epo,delta
3212,-0.0025096080217018465,patient11_window16s_stride1s-epo,delta
3213,-0.0015655765195940535,patient11_window16s_stride1s-epo,delta
3214,-0.0019837486725114476,patient11_window16s_stride1s-epo,delta
3215,-0.0020936448144500347,patient11_window16s_stride1s-epo,delta
3216,-0.001017186497880198,patient11_window16s_stride1s-epo,delta
3217,-0.0008149291336608536,patient11_window16s_stride1s-epo,delta
3218,-0.0010633281009756275,patient11_window16s_stride1s-epo,delta
3219,-0.0004563365720383608,patient11_window16s_stride1s-epo,delta
3220,-0.001296015174019914,patient11_window16s_stride1s-epo,delta
3221,-0.0008867503001690787,patient11_window16s_stride1s-epo,delta
3222,0.00046203971210776053,patient11_window16s_stride1s-epo,delta
3223,0.0009255050597080041,patient11_window16s_stride1s-epo,delta
3224,0.0006331766549477787,patient11_window16s_stride1s-epo,delta
3225,0.00042936550232151714,patient11_window16s_stride1s-epo,delta
3226,0.0005518525617136277,patient11_window16s_stride1s-epo,delta
3227,-5.373282780916763e-05,patient11_window16s_stride1s-epo,delta
3228,0.0010004800170507224,patient11_window16s_stride1s-epo,delta
3229,-0.0005647638518030889,patient11_window16s_stride1s-epo,delta
3230,0.00012037807028675397,patient11_window16s_stride1s-epo,delta
3231,0.0009610651358605482,patient11_window16s_stride1s-epo,delta
3232,-0.0006338347045479956,patient11_window16s_stride1s-epo,delta
3233,-0.00047850455127626914,patient11_window16s_stride1s-epo,delta
3234,-5.7119574220633824e-05,patient11_window16s_stride1s-epo,delta
3235,-0.0004663769084296491,patient11_window16s_stride1s-epo,delta
3236,-0.00011153877110457955,patient11_window16s_stride1s-epo,delta
3237,-0.0011811271481450684,patient11_window16s_stride1s-epo,delta
3238,0.0003649437764037699,patient11_window16s_stride1s-epo,delta
3239,-2.6668366348562603e-05,patient11_window16s_stride1s-epo,delta
3240,-0.0003279131603822196,patient11_window16s_stride1s-epo,delta
3241,0.00016224411467191408,patient11_window16s_stride1s-epo,delta
3242,0.0006762048011852588,patient11_window16s_stride1s-epo,delta
3243,0.0009473536561816702,patient11_window16s_stride1s-epo,delta
3244,0.0007154834160279259,patient11_window16s_stride1s-epo,delta
3245,0.0010389038209516976,patient11_window16s_stride1s-epo,delta
3246,0.001138484924589415,patient11_window16s_stride1s-epo,delta
3247,0.0009957906992261016,patient11_window16s_stride1s-epo,delta
3248,0.0008474284739195449,patient11_window16s_stride1s-epo,delta
3249,0.0003864154052476242,patient11_window16s_stride1s-epo,delta
3250,0.0005306650126669203,patient11_window16s_stride1s-epo,delta
3251,0.0003366538668540059,patient11_window16s_stride1s-epo,delta
3252,0.0001600832787643984,patient11_window16s_stride1s-epo,delta
3253,-0.0004624281677028224,patient11_window16s_stride1s-epo,delta
3254,0.00016280236494092994,patient11_window16s_stride1s-epo,delta
3255,0.0009674913836307656,patient11_window16s_stride1s-epo,delta
3256,0.0012027716579025385,patient11_window16s_stride1s-epo,delta
3257,0.0009608060965761664,patient11_window16s_stride1s-epo,delta
3258,0.00013009040575854267,patient11_window16s_stride1s-epo,delta
3259,-0.0001872852418556596,patient11_window16s_stride1s-epo,delta
3260,0.00025357654332689523,patient11_window16s_stride1s-epo,delta
3261,0.00020782417354560297,patient11_window16s_stride1s-epo,delta
3262,0.00012023698071075873,patient11_window16s_stride1s-epo,delta
3263,-0.00020662401234045427,patient11_window16s_stride1s-epo,delta
3264,1.340541751918932e-05,patient11_window16s_stride1s-epo,delta
3265,5.268241719856744e-05,patient11_window16s_stride1s-epo,delta
3266,-0.00017323230979273904,patient11_window16s_stride1s-epo,delta
3267,-0.0007141820523761336,patient11_window16s_stride1s-epo,delta
3268,-0.0022576842521382897,patient11_window16s_stride1s-epo,delta
3269,-0.0018982854179789143,patient11_window16s_stride1s-epo,delta
3270,-0.0017037531334257133,patient11_window16s_stride1s-epo,delta
3271,-0.0013114502585047625,patient11_window16s_stride1s-epo,delta
3272,-0.0020434528569800055,patient11_window16s_stride1s-epo,delta
3273,-0.0023223478220709927,patient11_window16s_stride1s-epo,delta
3274,-0.0020180538015523615,patient11_window16s_stride1s-epo,delta
3275,-0.001218979023207219,patient11_window16s_stride1s-epo,delta
3276,-0.0012053157687092388,patient11_window16s_stride1s-epo,delta
3277,-0.0014019538192057176,patient11_window16s_stride1s-epo,delta
3278,-0.0014853911371852688,patient11_window16s_stride1s-epo,delta
3279,-0.001467529827916889,patient11_window16s_stride1s-epo,delta
3280,-0.001377450506568672,patient11_window16s_stride1s-epo,delta
3281,-0.0011749941393670393,patient11_window16s_stride1s-epo,delta
3282,-0.001783896767106873,patient11_window16s_stride1s-epo,delta
3283,-0.0005489327169381691,patient11_window16s_stride1s-epo,delta
3284,-0.00047712312892563236,patient11_window16s_stride1s-epo,delta
3285,0.0002651576527655147,patient11_window16s_stride1s-epo,delta
3286,6.95498420592812e-05,patient11_window16s_stride1s-epo,delta
3287,0.0014275735871063409,patient11_window16s_stride1s-epo,delta
3288,0.0012643054769742982,patient11_window16s_stride1s-epo,delta
3289,0.0002023288985464455,patient11_window16s_stride1s-epo,delta
3290,0.0005059788122147161,patient11_window16s_stride1s-epo,delta
3291,7.480014818783936e-05,patient11_window16s_stride1s-epo,delta
3292,0.00019024204649597726,patient11_window16s_stride1s-epo,delta
3293,-0.00010170194591140798,patient11_window16s_stride1s-epo,delta
3294,-0.0003382201835043264,patient11_window16s_stride1s-epo,delta
3295,0.00024758489574223545,patient11_window16s_stride1s-epo,delta
3296,0.00065627367714127,patient11_window16s_stride1s-epo,delta
3297,0.0006571244678978866,patient11_window16s_stride1s-epo,delta
3298,0.0008143537472738838,patient11_window16s_stride1s-epo,delta
3299,0.0005742331041004315,patient11_window16s_stride1s-epo,delta
3300,0.0003846395756810254,patient11_window16s_stride1s-epo,delta
3301,0.001505011396538144,patient11_window16s_stride1s-epo,delta
3302,0.0012199237115799017,patient11_window16s_stride1s-epo,delta
3303,0.001426096476001532,patient11_window16s_stride1s-epo,delta
3304,0.0010114033194314153,patient11_window16s_stride1s-epo,delta
3305,0.0010181310432749455,patient11_window16s_stride1s-epo,delta
3306,-3.5133177960209656e-05,patient11_window16s_stride1s-epo,delta
3307,0.0006142723603699992,patient11_window16s_stride1s-epo,delta
3308,0.0005271895893105203,patient11_window16s_stride1s-epo,delta
3309,0.0005146430531929014,patient11_window16s_stride1s-epo,delta
3310,0.0014184335505993731,patient11_window16s_stride1s-epo,delta
3311,0.0013778157038417756,patient11_window16s_stride1s-epo,delta
3312,0.0022431933665783897,patient11_window16s_stride1s-epo,delta
3313,0.0015316432802843865,patient11_window16s_stride1s-epo,delta
3314,0.002174551990704816,patient11_window16s_stride1s-epo,delta
3315,-0.00010624395232194125,patient11_window16s_stride1s-epo,delta
3316,0.0005875354267642825,patient11_window16s_stride1s-epo,delta
3317,-0.0009936440250945737,patient11_window16s_stride1s-epo,delta
3318,-0.0004899673786248039,patient11_window16s_stride1s-epo,delta
3319,-0.0002516821698704156,patient11_window16s_stride1s-epo,delta
3320,-0.00040211184648392324,patient11_window16s_stride1s-epo,delta
3321,1.2719786159351775e-05,patient11_window16s_stride1s-epo,delta
3322,0.0016424141813559051,patient11_window16s_stride1s-epo,delta
3323,0.0012209108918597934,patient11_window16s_stride1s-epo,delta
3324,0.0014814049662292877,patient11_window16s_stride1s-epo,delta
3325,0.0005473382990956819,patient11_window16s_stride1s-epo,delta
3326,0.0006385257764343971,patient11_window16s_stride1s-epo,delta
3327,-0.0002578740411826401,patient11_window16s_stride1s-epo,delta
3328,-3.9690483372271064e-05,patient11_window16s_stride1s-epo,delta
3329,0.00023700852623884832,patient11_window16s_stride1s-epo,delta
3330,0.0009449979952226879,patient11_window16s_stride1s-epo,delta
3331,0.0010094419562933134,patient11_window16s_stride1s-epo,delta
3332,0.0005208144746233763,patient11_window16s_stride1s-epo,delta
3333,-3.0287839087961934e-05,patient11_window16s_stride1s-epo,delta
3334,0.001197535764941177,patient11_window16s_stride1s-epo,delta
3335,0.0006427257587953972,patient11_window16s_stride1s-epo,delta
3336,-0.0005548617382250728,patient11_window16s_stride1s-epo,delta
3337,-0.001131987222050708,patient11_window16s_stride1s-epo,delta
3338,-0.0006840493436096359,patient11_window16s_stride1s-epo,delta
3339,-0.0010303673834669471,patient11_window16s_stride1s-epo,delta
3340,-0.001167406827310662,patient11_window16s_stride1s-epo,delta
3341,-0.0003187445776414513,patient11_window16s_stride1s-epo,delta
3342,-0.0002663678929123464,patient11_window16s_stride1s-epo,delta
3343,0.00019852896451598266,patient11_window16s_stride1s-epo,delta
3344,0.0002633480315025832,patient11_window16s_stride1s-epo,delta
3345,0.0005220226547719139,patient11_window16s_stride1s-epo,delta
3346,0.00019650742188210237,patient11_window16s_stride1s-epo,delta
3347,3.2993582005491666e-05,patient11_window16s_stride1s-epo,delta
3348,-0.00035418904667707814,patient11_window16s_stride1s-epo,delta
3349,-0.001160721227508626,patient11_window16s_stride1s-epo,delta
3350,-0.0012227119563395974,patient11_window16s_stride1s-epo,delta
3351,-0.0012659914781195328,patient11_window16s_stride1s-epo,delta
3352,-0.0011976972749401698,patient11_window16s_stride1s-epo,delta
3353,-0.0007840830626286242,patient11_window16s_stride1s-epo,delta
3354,-0.0016583386620942593,patient11_window16s_stride1s-epo,delta
3355,-0.0007859269941962359,patient11_window16s_stride1s-epo,delta
3356,-0.000889708227150064,patient11_window16s_stride1s-epo,delta
3357,-0.0008173704349606874,patient11_window16s_stride1s-epo,delta
3358,-0.0016553898097562895,patient11_window16s_stride1s-epo,delta
3359,-0.0007726091726068846,patient11_window16s_stride1s-epo,delta
3360,-0.0002424597515406084,patient11_window16s_stride1s-epo,delta
3361,-0.0011404952107602526,patient11_window16s_stride1s-epo,delta
3362,0.0002772753929461002,patient11_window16s_stride1s-epo,delta
3363,0.0005365479050215781,patient11_window16s_stride1s-epo,delta
3364,0.0009566259945810117,patient11_window16s_stride1s-epo,delta
3365,0.0012263125175258284,patient11_window16s_stride1s-epo,delta
3366,0.0007411724038399486,patient11_window16s_stride1s-epo,delta
3367,0.0007002088551032819,patient11_window16s_stride1s-epo,delta
3368,0.001125441216674051,patient11_window16s_stride1s-epo,delta
3369,0.0009130723323543077,patient11_window16s_stride1s-epo,delta
3370,0.001316179177871826,patient11_window16s_stride1s-epo,delta
3371,0.0013524013219250038,patient11_window16s_stride1s-epo,delta
3372,0.0010300420023474075,patient11_window16s_stride1s-epo,delta
3373,0.0012188989118259016,patient11_window16s_stride1s-epo,delta
3374,0.0011664127107581298,patient11_window16s_stride1s-epo,delta
3375,0.00024083261226834907,patient11_window16s_stride1s-epo,delta
3376,0.0016353167145765574,patient11_window16s_stride1s-epo,delta
3377,0.0003441297226455756,patient11_window16s_stride1s-epo,delta
3378,0.0005813830718233872,patient11_window16s_stride1s-epo,delta
3379,0.0010028517356991686,patient11_window16s_stride1s-epo,delta
3380,0.0008986351480923119,patient11_window16s_stride1s-epo,delta
3381,0.0013040510993364764,patient11_window16s_stride1s-epo,delta
3382,0.00041667921263246105,patient11_window16s_stride1s-epo,delta
3383,0.0003078518115743063,patient11_window16s_stride1s-epo,delta
3384,0.001275299131343621,patient11_window16s_stride1s-epo,delta
3385,0.0008154583746722736,patient11_window16s_stride1s-epo,delta
3386,0.0009233150525231939,patient11_window16s_stride1s-epo,delta
3387,0.0007714104357310757,patient11_window16s_stride1s-epo,delta
3388,0.001113241487207113,patient11_window16s_stride1s-epo,delta
3389,0.0015837372483520134,patient11_window16s_stride1s-epo,delta
3390,0.0012342860649551585,patient11_window16s_stride1s-epo,delta
3391,0.00028170330263513755,patient11_window16s_stride1s-epo,delta
3392,5.408212265652946e-05,patient11_window16s_stride1s-epo,delta
3393,0.0001484023444961017,patient11_window16s_stride1s-epo,delta
3394,0.000817372332290828,patient11_window16s_stride1s-epo,delta
3395,0.0001532411122473386,patient11_window16s_stride1s-epo,delta
3396,0.0005592996918633299,patient11_window16s_stride1s-epo,delta
3397,-0.0008284147199817124,patient11_window16s_stride1s-epo,delta
3398,0.0004463609420928385,patient11_window16s_stride1s-epo,delta
3399,-0.0003928201195682223,patient11_window16s_stride1s-epo,delta
3400,0.00043032879685251383,patient11_window16s_stride1s-epo,delta
3401,-0.000141119630415385,patient11_window16s_stride1s-epo,delta
3402,-0.00023905245746521668,patient11_window16s_stride1s-epo,delta
3403,-0.0005729128997658176,patient11_window16s_stride1s-epo,delta
3404,-0.001091938258187648,patient11_window16s_stride1s-epo,delta
3405,-0.0010174730447896462,patient11_window16s_stride1s-epo,delta
3406,-0.0003106926839469946,patient11_window16s_stride1s-epo,delta
3407,-0.0005142957005961484,patient11_window16s_stride1s-epo,delta
3408,-0.0008350040434871081,patient11_window16s_stride1s-epo,delta
3409,2.767925332861783e-05,patient11_window16s_stride1s-epo,delta
3410,-0.00058044259699518,patient11_window16s_stride1s-epo,delta
3411,-0.00017985214322444198,patient11_window16s_stride1s-epo,delta
3412,0.0006556428526444843,patient11_window16s_stride1s-epo,delta
3413,-2.7348156228107087e-05,patient11_window16s_stride1s-epo,delta
3414,-0.00013491859698335594,patient11_window16s_stride1s-epo,delta
3415,-0.0008444240530983748,patient11_window16s_stride1s-epo,delta
3416,-0.0007786503904480149,patient11_window16s_stride1s-epo,delta
3417,-0.0009677869920679639,patient11_window16s_stride1s-epo,delta
3418,0.0002626823192296741,patient11_window16s_stride1s-epo,delta
3419,0.0012595890868059817,patient11_window16s_stride1s-epo,delta
3420,0.0010396671306402247,patient11_window16s_stride1s-epo,delta
3421,0.0008888594811227261,patient11_window16s_stride1s-epo,delta
3422,0.001204923212560219,patient11_window16s_stride1s-epo,delta
3423,0.0005460788247326349,patient11_window16s_stride1s-epo,delta
3424,-0.00015635326409674417,patient11_window16s_stride1s-epo,delta
3425,0.000391147661828791,patient11_window16s_stride1s-epo,delta
3426,0.001122970872047931,patient11_window16s_stride1s-epo,delta
3427,0.0007428243994514425,patient11_window16s_stride1s-epo,delta
3428,0.0011139347409328765,patient11_window16s_stride1s-epo,delta
3429,0.001706822539844867,patient11_window16s_stride1s-epo,delta
3430,0.0006815993981106097,patient11_window16s_stride1s-epo,delta
3431,0.0008251029633416548,patient11_window16s_stride1s-epo,delta
3432,0.0010069397586749136,patient11_window16s_stride1s-epo,delta
3433,0.00039364743629343704,patient11_window16s_stride1s-epo,delta
3434,-1.3834539791521728e-05,patient11_window16s_stride1s-epo,delta
3435,0.0002180874077571083,patient11_window16s_stride1s-epo,delta
3436,0.0006828048521416059,patient11_window16s_stride1s-epo,delta
3437,0.0003504912093433647,patient11_window16s_stride1s-epo,delta
3438,-7.574677506954957e-05,patient11_window16s_stride1s-epo,delta
3439,0.00029935387618141294,patient11_window16s_stride1s-epo,delta
3440,2.0063099314716865e-05,patient11_window16s_stride1s-epo,delta
3441,-5.922883195290478e-05,patient11_window16s_stride1s-epo,delta
3442,-1.366335280019598e-05,patient11_window16s_stride1s-epo,delta
3443,-0.0006387460765150463,patient11_window16s_stride1s-epo,delta
3444,-0.0014135513149824304,patient11_window16s_stride1s-epo,delta
3445,-0.0019187145227832303,patient11_window16s_stride1s-epo,delta
3446,-0.0012393597823657028,patient11_window16s_stride1s-epo,delta
3447,-0.0016582245381049907,patient11_window16s_stride1s-epo,delta
3448,-0.002060919453014539,patient11_window16s_stride1s-epo,delta
3449,-0.0008205634813521804,patient11_window16s_stride1s-epo,delta
3450,-0.0010769512621202956,patient11_window16s_stride1s-epo,delta
3451,-0.0003179383050064868,patient11_window16s_stride1s-epo,delta
3452,-0.0014526497576097148,patient11_window16s_stride1s-epo,delta
3453,-0.00148425676894137,patient11_window16s_stride1s-epo,delta
3454,-0.0005749208496258583,patient11_window16s_stride1s-epo,delta
3455,-0.0002804484990444137,patient11_window16s_stride1s-epo,delta
3456,0.00016881133663974214,patient11_window16s_stride1s-epo,delta
3457,0.00019780405108522266,patient11_window16s_stride1s-epo,delta
3458,0.000195038598976309,patient11_window16s_stride1s-epo,delta
3459,0.0003999069083902334,patient11_window16s_stride1s-epo,delta
3460,0.001975195819023804,patient11_window16s_stride1s-epo,delta
3461,0.0019082741432358303,patient11_window16s_stride1s-epo,delta
3462,0.0022890245322527546,patient11_window16s_stride1s-epo,delta
3463,0.0024923592307309864,patient11_window16s_stride1s-epo,delta
3464,0.0021727464705418482,patient11_window16s_stride1s-epo,delta
3465,0.0030475199804410992,patient11_window16s_stride1s-epo,delta
3466,0.0030784138819412547,patient11_window16s_stride1s-epo,delta
3467,0.0024931068217683115,patient11_window16s_stride1s-epo,delta
3468,0.0028597644099750985,patient11_window16s_stride1s-epo,delta
3469,0.0032218795139689247,patient11_window16s_stride1s-epo,delta
3470,0.0021084485595692557,patient11_window16s_stride1s-epo,delta
3471,0.0022676871821242436,patient11_window16s_stride1s-epo,delta
3472,0.0009222063966733167,patient11_window16s_stride1s-epo,delta
3473,0.0014014616303710018,patient11_window16s_stride1s-epo,delta
3474,0.00023367076934774044,patient11_window16s_stride1s-epo,delta
3475,0.0010788877918006114,patient11_window16s_stride1s-epo,delta
3476,0.00028684884953201345,patient11_window16s_stride1s-epo,delta
3477,0.0006781886256423731,patient11_window16s_stride1s-epo,delta
3478,0.00018032817879764994,patient11_window16s_stride1s-epo,delta
3479,-0.0003015524019252644,patient11_window16s_stride1s-epo,delta
3480,0.0006783623648428794,patient11_window16s_stride1s-epo,delta
3481,0.0006429296498249206,patient11_window16s_stride1s-epo,delta
3482,0.00038254328201753666,patient11_window16s_stride1s-epo,delta
3483,0.0006494761660523655,patient11_window16s_stride1s-epo,delta
3484,4.062424105518524e-05,patient11_window16s_stride1s-epo,delta
3485,-0.0003797399625798028,patient11_window16s_stride1s-epo,delta
3486,-0.00046488571724299184,patient11_window16s_stride1s-epo,delta
3487,-0.0003756226898770183,patient11_window16s_stride1s-epo,delta
3488,0.0005491919665194423,patient11_window16s_stride1s-epo,delta
3489,0.00012406413140710583,patient11_window16s_stride1s-epo,delta
3490,-0.0004715806728115563,patient11_window16s_stride1s-epo,delta
3491,0.00040293229629792163,patient11_window16s_stride1s-epo,delta
3492,0.0010592614316894816,patient11_window16s_stride1s-epo,delta
3493,0.0012392450574773733,patient11_window16s_stride1s-epo,delta
3494,0.0018178162459435484,patient11_window16s_stride1s-epo,delta
3495,0.0022517510182292143,patient11_window16s_stride1s-epo,delta
3496,0.0019828931836900956,patient11_window16s_stride1s-epo,delta
3497,0.0007477149412485615,patient11_window16s_stride1s-epo,delta
3498,0.0018826448822078343,patient11_window16s_stride1s-epo,delta
3499,0.00012918751688592524,patient11_window16s_stride1s-epo,delta
3500,-2.7509573263454393e-05,patient11_window16s_stride1s-epo,delta
3501,0.00021177796299019964,patient11_window16s_stride1s-epo,delta
3502,0.0008159457081283896,patient11_window16s_stride1s-epo,delta
3503,0.0005219280318915559,patient11_window16s_stride1s-epo,delta
3504,-0.0005338493401192687,patient11_window16s_stride1s-epo,delta
3505,0.0004818455707159498,patient11_window16s_stride1s-epo,delta
3506,0.0008574268036362796,patient11_window16s_stride1s-epo,delta
3507,-0.0009356787220451269,patient11_window16s_stride1s-epo,delta
3508,-0.0017749854491361757,patient11_window16s_stride1s-epo,delta
3509,-0.0018370448439080217,patient11_window16s_stride1s-epo,delta
3510,-0.0026867810784834607,patient11_window16s_stride1s-epo,delta
3511,-0.0027020457424197205,patient11_window16s_stride1s-epo,delta
3512,-0.0034881919152184512,patient11_window16s_stride1s-epo,delta
3513,-0.0033573634907599443,patient11_window16s_stride1s-epo,delta
3514,-0.00383659331239584,patient11_window16s_stride1s-epo,delta
3515,-0.0038763115218309182,patient11_window16s_stride1s-epo,delta
3516,-0.0037380396401043912,patient11_window16s_stride1s-epo,delta
3517,-0.003896097154618299,patient11_window16s_stride1s-epo,delta
3518,-0.003631467803639242,patient11_window16s_stride1s-epo,delta
3519,-0.003677173765596868,patient11_window16s_stride1s-epo,delta
3520,-0.003102839322031991,patient11_window16s_stride1s-epo,delta
3521,-0.0017442186060849546,patient11_window16s_stride1s-epo,delta
3522,-0.0013491415763028597,patient11_window16s_stride1s-epo,delta
3523,-8.476037173429516e-05,patient11_window16s_stride1s-epo,delta
3524,-0.00015816077322596144,patient11_window16s_stride1s-epo,delta
3525,0.0002493604963075405,patient11_window16s_stride1s-epo,delta
3526,-0.0012419209665088286,patient11_window16s_stride1s-epo,delta
3527,-0.0009337507628451301,patient11_window16s_stride1s-epo,delta
3528,0.00026632343755947173,patient11_window16s_stride1s-epo,delta
3529,0.0006437477584271903,patient11_window16s_stride1s-epo,delta
3530,0.0007390188472276896,patient11_window16s_stride1s-epo,delta
3531,0.0013779723094356246,patient11_window16s_stride1s-epo,delta
3532,0.001517486531405586,patient11_window16s_stride1s-epo,delta
3533,0.001352704243228666,patient11_window16s_stride1s-epo,delta
3534,0.0021273526460684534,patient11_window16s_stride1s-epo,delta
3535,0.0014935073573268244,patient11_window16s_stride1s-epo,delta
3536,0.0020010833778276323,patient11_window16s_stride1s-epo,delta
3537,0.001568653840108675,patient11_window16s_stride1s-epo,delta
3538,0.0017043331656974483,patient11_window16s_stride1s-epo,delta
3539,0.0025476807206782684,patient11_window16s_stride1s-epo,delta
3540,0.001839896479807732,patient11_window16s_stride1s-epo,delta
3541,0.001822763509654041,patient11_window16s_stride1s-epo,delta
3542,0.0020394646679854455,patient11_window16s_stride1s-epo,delta
3543,0.002216355319159424,patient11_window16s_stride1s-epo,delta
3544,0.0018220888403738965,patient11_window16s_stride1s-epo,delta
3545,0.0025572846491571932,patient11_window16s_stride1s-epo,delta
3546,0.0012794362777119525,patient11_window16s_stride1s-epo,delta
3547,0.0013341471849945496,patient11_window16s_stride1s-epo,delta
3548,0.0007553723237336306,patient11_window16s_stride1s-epo,delta
3549,-0.00042209455874311105,patient11_window16s_stride1s-epo,delta
3550,-0.0007481920713715666,patient11_window16s_stride1s-epo,delta
3551,9.448109596145447e-05,patient11_window16s_stride1s-epo,delta
3552,-0.0007722596694705467,patient11_window16s_stride1s-epo,delta
3553,-0.00028873960158331424,patient11_window16s_stride1s-epo,delta
3554,-0.00024020485647399065,patient11_window16s_stride1s-epo,delta
3555,0.00025452372504887846,patient11_window16s_stride1s-epo,delta
3556,0.0014823090009026692,patient11_window16s_stride1s-epo,delta
3557,0.0007808163050149048,patient11_window16s_stride1s-epo,delta
3558,0.0009187841023650075,patient11_window16s_stride1s-epo,delta
3559,0.0002475766329833711,patient11_window16s_stride1s-epo,delta
3560,0.00024989823658911974,patient11_window16s_stride1s-epo,delta
3561,-0.0001792285594961495,patient11_window16s_stride1s-epo,delta
3562,0.0005005582463682154,patient11_window16s_stride1s-epo,delta
3563,0.0005166322547327867,patient11_window16s_stride1s-epo,delta
3564,0.0013602555427531565,patient11_window16s_stride1s-epo,delta
3565,0.0011918134211242502,patient11_window16s_stride1s-epo,delta
3566,0.0008837615797307577,patient11_window16s_stride1s-epo,delta
3567,0.00046771542305533393,patient11_window16s_stride1s-epo,delta
3568,0.001233624138813135,patient11_window16s_stride1s-epo,delta
3569,0.001024229686037297,patient11_window16s_stride1s-epo,delta
3570,0.00036777713137223797,patient11_window16s_stride1s-epo,delta
3571,0.0011407001724253755,patient11_window16s_stride1s-epo,delta
3572,0.0008087519683096464,patient11_window16s_stride1s-epo,delta
3573,0.00023566417489103773,patient11_window16s_stride1s-epo,delta
3574,8.463325696547787e-05,patient11_window16s_stride1s-epo,delta
3575,0.0002966399832735882,patient11_window16s_stride1s-epo,delta
3576,0.001145938386074362,patient11_window16s_stride1s-epo,delta
3577,0.0006014135014606813,patient11_window16s_stride1s-epo,delta
3578,0.00043448127101318847,patient11_window16s_stride1s-epo,delta
3579,-0.0017129260681263434,patient11_window16s_stride1s-epo,delta
3580,-0.00043473919418289943,patient11_window16s_stride1s-epo,delta
3581,-0.00011631688573197739,patient11_window16s_stride1s-epo,delta
3582,-9.024018013569144e-06,patient11_window16s_stride1s-epo,delta
3583,-0.001495664090290874,patient11_window16s_stride1s-epo,delta
3584,-0.0030404677395446758,patient11_window16s_stride1s-epo,delta
3585,-0.003064356145055274,patient11_window16s_stride1s-epo,delta
3586,-0.002476142498686746,patient11_window16s_stride1s-epo,delta
3587,-0.0023528457846376293,patient11_window16s_stride1s-epo,delta
3588,-0.0021168759275955813,patient11_window16s_stride1s-epo,delta
3589,-0.0022006019925310417,patient11_window16s_stride1s-epo,delta
3590,-0.002272790695070455,patient11_window16s_stride1s-epo,delta
3591,-0.002490970836424012,patient11_window16s_stride1s-epo,delta
3592,-0.0029866676818875544,patient11_window16s_stride1s-epo,delta
3593,-0.0029067946085487477,patient11_window16s_stride1s-epo,delta
3594,-0.0034524128170840876,patient11_window16s_stride1s-epo,delta
3595,-0.0026586783061299103,patient11_window16s_stride1s-epo,delta
3596,-0.0027464647644337504,patient11_window16s_stride1s-epo,delta
3597,-0.0030475008828838228,patient11_window16s_stride1s-epo,delta
3598,-0.003380648664612007,patient11_window16s_stride1s-epo,delta
3599,-5.39181913982164e-05,patient11_window16s_stride1s-epo,delta
3600,0.00020716133991172212,patient11_window16s_stride1s-epo,delta
3601,0.000522314514743657,patient11_window16s_stride1s-epo,delta
3602,0.0006311397163681119,patient11_window16s_stride1s-epo,delta
3603,0.0006288244572476615,patient11_window16s_stride1s-epo,delta
3604,0.0005449689806099703,patient11_window16s_stride1s-epo,delta
3605,-0.00011902269404816429,patient11_window16s_stride1s-epo,delta
3606,5.961108553837718e-05,patient11_window16s_stride1s-epo,delta
3607,0.00019655618442787756,patient11_window16s_stride1s-epo,delta
3608,-0.0005182704425746236,patient11_window16s_stride1s-epo,delta
3609,-1.7707729886201217e-05,patient11_window16s_stride1s-epo,delta
3610,0.00019777568563522868,patient11_window16s_stride1s-epo,delta
3611,4.9873856659547846e-05,patient11_window16s_stride1s-epo,delta
3612,0.0001779044786422037,patient11_window16s_stride1s-epo,delta
3613,0.00023724197585145153,patient11_window16s_stride1s-epo,delta
3614,0.0001870453871574496,patient11_window16s_stride1s-epo,delta
3615,0.0005499135386783164,patient11_window16s_stride1s-epo,delta
3616,0.0004865491718445027,patient11_window16s_stride1s-epo,delta
3617,-0.0011921723078320628,patient11_window16s_stride1s-epo,delta
3618,-0.0006893825520939933,patient11_window16s_stride1s-epo,delta
3619,-0.0009630754159842262,patient11_window16s_stride1s-epo,delta
3620,-0.0001929789986899391,patient11_window16s_stride1s-epo,delta
3621,-0.00018723688903942904,patient11_window16s_stride1s-epo,delta
3622,-0.0009487638268046392,patient11_window16s_stride1s-epo,delta
3623,-0.0004329313558564902,patient11_window16s_stride1s-epo,delta
3624,-0.0005200466190027595,patient11_window16s_stride1s-epo,delta
3625,-0.0003608180566302138,patient11_window16s_stride1s-epo,delta
3626,-0.00029946702512167263,patient11_window16s_stride1s-epo,delta
3627,0.00041759143682391247,patient11_window16s_stride1s-epo,delta
3628,-2.4428879301886034e-05,patient11_window16s_stride1s-epo,delta
3629,0.000386625026745592,patient11_window16s_stride1s-epo,delta
3630,0.0001444339997382607,patient11_window16s_stride1s-epo,delta
3631,0.00020547889387597618,patient11_window16s_stride1s-epo,delta
3632,0.00048062401867843686,patient11_window16s_stride1s-epo,delta
3633,0.0019510661078089733,patient11_window16s_stride1s-epo,delta
3634,0.0011762195415755403,patient11_window16s_stride1s-epo,delta
3635,0.0005895759990939407,patient11_window16s_stride1s-epo,delta
3636,0.0012207875448706337,patient11_window16s_stride1s-epo,delta
3637,0.0012204583831752589,patient11_window16s_stride1s-epo,delta
3638,0.00047477337386293497,patient11_window16s_stride1s-epo,delta
3639,0.000593198459290226,patient11_window16s_stride1s-epo,delta
3640,0.000853470567526883,patient11_window16s_stride1s-epo,delta
3641,-0.00014586134962163249,patient11_window16s_stride1s-epo,delta
3642,-0.00077582184684272,patient11_window16s_stride1s-epo,delta
3643,-0.0009083813946343079,patient11_window16s_stride1s-epo,delta
3644,-0.0015276610715464385,patient11_window16s_stride1s-epo,delta
3645,-0.0009829791615464888,patient11_window16s_stride1s-epo,delta
3646,-0.0015409112400207139,patient11_window16s_stride1s-epo,delta
3647,-0.0016342601057661354,patient11_window16s_stride1s-epo,delta
3648,-0.001473738634594494,patient11_window16s_stride1s-epo,delta
3649,-0.002471715321396581,patient11_window16s_stride1s-epo,delta
3650,-0.0030051842673168654,patient11_window16s_stride1s-epo,delta
3651,-0.0029169641711619646,patient11_window16s_stride1s-epo,delta
3652,-0.0022085774443841655,patient11_window16s_stride1s-epo,delta
3653,-0.002429448915266728,patient11_window16s_stride1s-epo,delta
3654,-0.002467217589403298,patient11_window16s_stride1s-epo,delta
3655,-0.0015744040345999771,patient11_window16s_stride1s-epo,delta
3656,-0.0011848843944098214,patient11_window16s_stride1s-epo,delta
3657,-0.0011437094915407715,patient11_window16s_stride1s-epo,delta
3658,-0.0012643819316824807,patient11_window16s_stride1s-epo,delta
3659,-0.0009847394467087248,patient11_window16s_stride1s-epo,delta
3660,-0.0011864748130322378,patient11_window16s_stride1s-epo,delta
3661,-0.0023003746413905895,patient11_window16s_stride1s-epo,delta
3662,-0.0010365867672701586,patient11_window16s_stride1s-epo,delta
3663,-0.000480419263576389,patient11_window16s_stride1s-epo,delta
3664,-0.00048268195384860806,patient11_window16s_stride1s-epo,delta
3665,-0.0002024739745983406,patient11_window16s_stride1s-epo,delta
3666,-0.00022978734231904953,patient11_window16s_stride1s-epo,delta
3667,-0.00021898867015319797,patient11_window16s_stride1s-epo,delta
3668,-0.0007525362463771389,patient11_window16s_stride1s-epo,delta
3669,-0.0004444057451148391,patient11_window16s_stride1s-epo,delta
3670,-0.0008850407439558007,patient11_window16s_stride1s-epo,delta
3671,-0.0007349157387919702,patient11_window16s_stride1s-epo,delta
3672,-0.0014876719937090951,patient11_window16s_stride1s-epo,delta
3673,-0.0012003350919309581,patient11_window16s_stride1s-epo,delta
3674,-0.0008964556365640218,patient11_window16s_stride1s-epo,delta
3675,-0.0003390765569392883,patient11_window16s_stride1s-epo,delta
3676,-0.00020872687989324361,patient11_window16s_stride1s-epo,delta
3677,0.0003285615506611979,patient11_window16s_stride1s-epo,delta
3678,0.00037512177645541403,patient11_window16s_stride1s-epo,delta
3679,0.0005677599364345532,patient11_window16s_stride1s-epo,delta
3680,-0.00032953747537940823,patient11_window16s_stride1s-epo,delta
3681,0.00029482665565375973,patient11_window16s_stride1s-epo,delta
3682,-2.255860002952361e-05,patient11_window16s_stride1s-epo,delta
3683,0.0005909215625890766,patient11_window16s_stride1s-epo,delta
3684,0.0002819724341084604,patient11_window16s_stride1s-epo,delta
3685,0.0009810058214068235,patient11_window16s_stride1s-epo,delta
3686,0.001710231031957926,patient11_window16s_stride1s-epo,delta
3687,0.002476311800489158,patient11_window16s_stride1s-epo,delta
3688,0.0029567342034526986,patient11_window16s_stride1s-epo,delta
3689,0.002889129354998641,patient11_window16s_stride1s-epo,delta
3690,0.004445210252782669,patient11_window16s_stride1s-epo,delta
3691,0.004819582188193489,patient11_window16s_stride1s-epo,delta
3692,0.0035167518929037508,patient11_window16s_stride1s-epo,delta
3693,0.0037264115267851903,patient11_window16s_stride1s-epo,delta
3694,0.0022892751287599076,patient11_window16s_stride1s-epo,delta
3695,0.000730020009584569,patient11_window16s_stride1s-epo,delta
3696,6.36278801922444e-05,patient11_window16s_stride1s-epo,delta
3697,-9.471248217202725e-05,patient11_window16s_stride1s-epo,delta
3698,-0.0008884685324488528,patient11_window16s_stride1s-epo,delta
3699,-0.0004494023515747399,patient11_window16s_stride1s-epo,delta
3700,-0.0006350188248251064,patient11_window16s_stride1s-epo,delta
3701,-0.0009077304139508435,patient11_window16s_stride1s-epo,delta
3702,-0.001193617472531471,patient11_window16s_stride1s-epo,delta
3703,-0.0006460946061802151,patient11_window16s_stride1s-epo,delta
3704,-0.0014941490627636258,patient11_window16s_stride1s-epo,delta
3705,-0.0007948829930497687,patient11_window16s_stride1s-epo,delta
3706,-0.0012684684016297004,patient11_window16s_stride1s-epo,delta
3707,-0.0009608610457155565,patient11_window16s_stride1s-epo,delta
3708,-0.000911924595220265,patient11_window16s_stride1s-epo,delta
3709,-0.00017450993236583034,patient11_window16s_stride1s-epo,delta
3710,-0.00019856299456587597,patient11_window16s_stride1s-epo,delta
3711,0.0012426421692710414,patient11_window16s_stride1s-epo,delta
3712,0.001455381024111636,patient11_window16s_stride1s-epo,delta
3713,0.001342954782524423,patient11_window16s_stride1s-epo,delta
3714,0.001220342454124257,patient11_window16s_stride1s-epo,delta
3715,0.0012934220241408443,patient11_window16s_stride1s-epo,delta
3716,0.0007174315288854824,patient11_window16s_stride1s-epo,delta
3717,0.0005944422929645824,patient11_window16s_stride1s-epo,delta
3718,0.0006957090166526287,patient11_window16s_stride1s-epo,delta
3719,6.967053289118058e-05,patient11_window16s_stride1s-epo,delta
3720,0.0002680475390834454,patient11_window16s_stride1s-epo,delta
3721,0.0014949864188605955,patient11_window16s_stride1s-epo,delta
3722,0.0007755383530157402,patient11_window16s_stride1s-epo,delta
3723,0.00020533370661550792,patient11_window16s_stride1s-epo,delta
3724,0.00034877984746635525,patient11_window16s_stride1s-epo,delta
3725,0.000523165778637235,patient11_window16s_stride1s-epo,delta
3726,0.0007112057216821028,patient11_window16s_stride1s-epo,delta
3727,0.0010729882783152794,patient11_window16s_stride1s-epo,delta
3728,0.0002215207862618665,patient11_window16s_stride1s-epo,delta
3729,-0.00014211313744473205,patient11_window16s_stride1s-epo,delta
3730,0.0009842345798519124,patient11_window16s_stride1s-epo,delta
3731,0.0011834704422518474,patient11_window16s_stride1s-epo,delta
3732,0.0017397187112570653,patient11_window16s_stride1s-epo,delta
3733,0.001966535203138005,patient11_window16s_stride1s-epo,delta
3734,7.772365725690187e-05,patient11_window16s_stride1s-epo,delta
3735,6.827730175832885e-05,patient11_window16s_stride1s-epo,delta
3736,-4.1532733104507684e-05,patient11_window16s_stride1s-epo,delta
3737,0.0004065808547097632,patient11_window16s_stride1s-epo,delta
3738,0.0011371812987164228,patient11_window16s_stride1s-epo,delta
3739,0.0010493329246025437,patient11_window16s_stride1s-epo,delta
3740,0.0003648616327493767,patient11_window16s_stride1s-epo,delta
3741,0.00030400598518376507,patient11_window16s_stride1s-epo,delta
3742,0.00012836762237180413,patient11_window16s_stride1s-epo,delta
3743,-0.00019425014767831313,patient11_window16s_stride1s-epo,delta
3744,-0.00027699248210147224,patient11_window16s_stride1s-epo,delta
3745,0.0010107395778627363,patient11_window16s_stride1s-epo,delta
3746,0.0002269346921142743,patient11_window16s_stride1s-epo,delta
3747,0.0006660450745891484,patient11_window16s_stride1s-epo,delta
3748,-2.0492736426943023e-05,patient11_window16s_stride1s-epo,delta
3749,0.0003200721642458287,patient11_window16s_stride1s-epo,delta
3750,0.0007388727024158374,patient11_window16s_stride1s-epo,delta
3751,0.0006704828442328212,patient11_window16s_stride1s-epo,delta
3752,0.0007950349016752042,patient11_window16s_stride1s-epo,delta
3753,0.001393478083580256,patient11_window16s_stride1s-epo,delta
3754,-0.00032080719586985684,patient11_window16s_stride1s-epo,delta
3755,-1.5574429558251694e-05,patient11_window16s_stride1s-epo,delta
3756,0.0006921671943781961,patient11_window16s_stride1s-epo,delta
3757,0.0011224362100686533,patient11_window16s_stride1s-epo,delta
3758,0.00041539318000667554,patient11_window16s_stride1s-epo,delta
3759,0.0016893139737003497,patient11_window16s_stride1s-epo,delta
3760,0.0006606454116169378,patient11_window16s_stride1s-epo,delta
3761,0.0004395009510933997,patient11_window16s_stride1s-epo,delta
3762,0.0008003032307034024,patient11_window16s_stride1s-epo,delta
3763,0.00047869478556984815,patient11_window16s_stride1s-epo,delta
3764,0.0017678231109418765,patient11_window16s_stride1s-epo,delta
3765,0.0009256841510379941,patient11_window16s_stride1s-epo,delta
3766,0.0010333616484576732,patient11_window16s_stride1s-epo,delta
3767,0.0010247023956686543,patient11_window16s_stride1s-epo,delta
3768,0.0010131529403436437,patient11_window16s_stride1s-epo,delta
3769,0.0017441065550495975,patient11_window16s_stride1s-epo,delta
3770,0.00330503889037925,patient11_window16s_stride1s-epo,delta
3771,0.0015567783141164386,patient11_window16s_stride1s-epo,delta
3772,0.001314315961227369,patient11_window16s_stride1s-epo,delta
3773,0.0010959315217204109,patient11_window16s_stride1s-epo,delta
3774,0.00047862454761130155,patient11_window16s_stride1s-epo,delta
3775,0.0008161475313814762,patient11_window16s_stride1s-epo,delta
3776,0.001663967024145988,patient11_window16s_stride1s-epo,delta
3777,0.0007833191943016518,patient11_window16s_stride1s-epo,delta
3778,0.0008385358213422942,patient11_window16s_stride1s-epo,delta
3779,0.000979483437836512,patient11_window16s_stride1s-epo,delta
3780,0.0009266156464639002,patient11_window16s_stride1s-epo,delta
3781,0.0013947338836313905,patient11_window16s_stride1s-epo,delta
3782,0.00055339597332496,patient11_window16s_stride1s-epo,delta
3783,0.0014289948811867686,patient11_window16s_stride1s-epo,delta
3784,0.0010893549742505655,patient11_window16s_stride1s-epo,delta
3785,0.0013767671183516305,patient11_window16s_stride1s-epo,delta
3786,0.0014932484049654637,patient11_window16s_stride1s-epo,delta
3787,0.002157585162481569,patient11_window16s_stride1s-epo,delta
3788,0.002342574871308665,patient11_window16s_stride1s-epo,delta
3789,0.001585758889975623,patient11_window16s_stride1s-epo,delta
3790,0.0015307692692312785,patient11_window16s_stride1s-epo,delta
3791,0.0012354364255602653,patient11_window16s_stride1s-epo,delta
3792,0.0013601884568236456,patient11_window16s_stride1s-epo,delta
3793,0.00027559368497649233,patient11_window16s_stride1s-epo,delta
3794,0.0005038382905619232,patient11_window16s_stride1s-epo,delta
3795,0.0010165641945263741,patient11_window16s_stride1s-epo,delta
3796,0.001092520178945034,patient11_window16s_stride1s-epo,delta
3797,0.0013788259576791076,patient11_window16s_stride1s-epo,delta
3798,0.0018299997198189084,patient11_window16s_stride1s-epo,delta
3799,0.0010883758113103344,patient11_window16s_stride1s-epo,delta
3800,0.0007475616108920635,patient11_window16s_stride1s-epo,delta
3801,0.00015379007267292427,patient11_window16s_stride1s-epo,delta
3802,5.966860429629932e-05,patient11_window16s_stride1s-epo,delta
3803,0.0003550957373590564,patient11_window16s_stride1s-epo,delta
3804,0.0009410491035509005,patient11_window16s_stride1s-epo,delta
3805,0.0007426402903006375,patient11_window16s_stride1s-epo,delta
3806,0.0002801877947670785,patient11_window16s_stride1s-epo,delta
3807,0.0010755668752574885,patient11_window16s_stride1s-epo,delta
3808,0.00031418999879361876,patient11_window16s_stride1s-epo,delta
3809,0.0014993032755027942,patient11_window16s_stride1s-epo,delta
3810,0.0015230066008922031,patient11_window16s_stride1s-epo,delta
3811,0.001657327877657989,patient11_window16s_stride1s-epo,delta
3812,0.0012426068018068762,patient11_window16s_stride1s-epo,delta
3813,0.0012756495657090347,patient11_window16s_stride1s-epo,delta
3814,0.0009214701259314352,patient11_window16s_stride1s-epo,delta
3815,0.0014037152281711632,patient11_window16s_stride1s-epo,delta
3816,0.001833695357906985,patient11_window16s_stride1s-epo,delta
3817,0.0011156572474750775,patient11_window16s_stride1s-epo,delta
3818,0.0010335156814270208,patient11_window16s_stride1s-epo,delta
3819,-0.0002333320834617173,patient11_window16s_stride1s-epo,delta
3820,-6.505932693826256e-05,patient11_window16s_stride1s-epo,delta
3821,-0.0006783823128973691,patient11_window16s_stride1s-epo,delta
3822,7.56424366112176e-06,patient11_window16s_stride1s-epo,delta
3823,0.0003466136043315137,patient11_window16s_stride1s-epo,delta
3824,-5.3681539419362595e-05,patient11_window16s_stride1s-epo,delta
3825,-0.0012211916878622443,patient11_window16s_stride1s-epo,delta
3826,-0.0015522841495735147,patient11_window16s_stride1s-epo,delta
3827,-0.0017547299623008232,patient11_window16s_stride1s-epo,delta
3828,-0.00077735224624275,patient11_window16s_stride1s-epo,delta
3829,-0.000859443302802574,patient11_window16s_stride1s-epo,delta
3830,-0.0009384822784021657,patient11_window16s_stride1s-epo,delta
3831,-0.0013734813317743547,patient11_window16s_stride1s-epo,delta
3832,-0.0012958502578415978,patient11_window16s_stride1s-epo,delta
3833,-0.001102353747545609,patient11_window16s_stride1s-epo,delta
3834,-0.0008115510800128225,patient11_window16s_stride1s-epo,delta
3835,-0.0011693591718873932,patient11_window16s_stride1s-epo,delta
3836,-0.0001326994485937244,patient11_window16s_stride1s-epo,delta
3837,8.933200730700125e-05,patient11_window16s_stride1s-epo,delta
3838,-0.0010671344708256432,patient11_window16s_stride1s-epo,delta
3839,-0.0009030124581432028,patient11_window16s_stride1s-epo,delta
3840,-0.00045714743280588123,patient11_window16s_stride1s-epo,delta
3841,-0.00026852441638163226,patient11_window16s_stride1s-epo,delta
3842,0.00026075434050480364,patient11_window16s_stride1s-epo,delta
3843,-0.0006128982792656099,patient11_window16s_stride1s-epo,delta
3844,-0.0012111067065567376,patient11_window16s_stride1s-epo,delta
3845,-0.0005953415226029244,patient11_window16s_stride1s-epo,delta
3846,-0.0011313875711949563,patient11_window16s_stride1s-epo,delta
3847,-0.0013253576489059243,patient11_window16s_stride1s-epo,delta
3848,-0.0009190463505834159,patient11_window16s_stride1s-epo,delta
3849,-0.0007980515199879733,patient11_window16s_stride1s-epo,delta
3850,-0.00022189634349863773,patient11_window16s_stride1s-epo,delta
3851,-0.0006287473905908057,patient11_window16s_stride1s-epo,delta
3852,-0.0012098803427691748,patient11_window16s_stride1s-epo,delta
3853,-0.0023947832430931885,patient11_window16s_stride1s-epo,delta
3854,-0.001880503194898764,patient11_window16s_stride1s-epo,delta
3855,-0.0014575854087437072,patient11_window16s_stride1s-epo,delta
3856,-0.002431038199039047,patient11_window16s_stride1s-epo,delta
3857,-0.0014836269205916834,patient11_window16s_stride1s-epo,delta
3858,-0.00033268330899610156,patient11_window16s_stride1s-epo,delta
3859,-2.361024525389942e-05,patient11_window16s_stride1s-epo,delta
3860,-0.00022158761967621597,patient11_window16s_stride1s-epo,delta
3861,-0.0005712648969803579,patient11_window16s_stride1s-epo,delta
3862,0.0006269765185827475,patient11_window16s_stride1s-epo,delta
3863,-0.00018913709963202895,patient11_window16s_stride1s-epo,delta
3864,-1.8234753328961215e-05,patient11_window16s_stride1s-epo,delta
3865,-0.00035239101882269825,patient11_window16s_stride1s-epo,delta
3866,-0.0007832680541194629,patient11_window16s_stride1s-epo,delta
3867,-0.0012449589707548311,patient11_window16s_stride1s-epo,delta
3868,-0.000875981830492024,patient11_window16s_stride1s-epo,delta
3869,-0.0009885528504422485,patient11_window16s_stride1s-epo,delta
3870,-0.0014222151927324365,patient11_window16s_stride1s-epo,delta
3871,-0.0009483519899033061,patient11_window16s_stride1s-epo,delta
3872,-0.0012679629701976218,patient11_window16s_stride1s-epo,delta
3873,-0.0004182273557602129,patient11_window16s_stride1s-epo,delta
3874,-0.0007787592519125726,patient11_window16s_stride1s-epo,delta
3875,-0.002128560325256438,patient11_window16s_stride1s-epo,delta
3876,-0.0009229565832724996,patient11_window16s_stride1s-epo,delta
3877,-0.0006618505278984575,patient11_window16s_stride1s-epo,delta
3878,-0.0004977169661329744,patient11_window16s_stride1s-epo,delta
3879,2.6040785503684444e-05,patient11_window16s_stride1s-epo,delta
3880,0.0003627432518045678,patient11_window16s_stride1s-epo,delta
3881,0.00044546071962505926,patient11_window16s_stride1s-epo,delta
3882,0.0009340635096308602,patient11_window16s_stride1s-epo,delta
3883,0.000559362101210075,patient11_window16s_stride1s-epo,delta
3884,0.0006688209574458215,patient11_window16s_stride1s-epo,delta
3885,0.0006695459275624833,patient11_window16s_stride1s-epo,delta
3886,0.0011497888832920828,patient11_window16s_stride1s-epo,delta
3887,0.0006731014456721392,patient11_window16s_stride1s-epo,delta
3888,-0.00046382763745989654,patient11_window16s_stride1s-epo,delta
3889,0.000489637277048699,patient11_window16s_stride1s-epo,delta
3890,0.00048236231898434275,patient11_window16s_stride1s-epo,delta
3891,0.00024163194407247356,patient11_window16s_stride1s-epo,delta
3892,0.00018401126554544377,patient11_window16s_stride1s-epo,delta
3893,0.0005865236388730066,patient11_window16s_stride1s-epo,delta
3894,-0.0002829031196801281,patient11_window16s_stride1s-epo,delta
3895,-0.0015815250832002439,patient11_window16s_stride1s-epo,delta
3896,-0.0013355183036221866,patient11_window16s_stride1s-epo,delta
3897,-0.001274289440621153,patient11_window16s_stride1s-epo,delta
3898,-0.001420213264486744,patient11_window16s_stride1s-epo,delta
3899,-0.0015411364873940793,patient11_window16s_stride1s-epo,delta
3900,-0.0010426671160099874,patient11_window16s_stride1s-epo,delta
3901,-0.0008069529325237709,patient11_window16s_stride1s-epo,delta
3902,-0.0006930922955316103,patient11_window16s_stride1s-epo,delta
3903,-0.0007710591785481261,patient11_window16s_stride1s-epo,delta
3904,-0.0007575410098611333,patient11_window16s_stride1s-epo,delta
3905,-0.0007082490534511002,patient11_window16s_stride1s-epo,delta
3906,-0.0006462556062412522,patient11_window16s_stride1s-epo,delta
3907,-0.0008494450221875087,patient11_window16s_stride1s-epo,delta
3908,-0.00022247012583286263,patient11_window16s_stride1s-epo,delta
3909,-0.00021260195995360638,patient11_window16s_stride1s-epo,delta
3910,-9.702761537142262e-05,patient11_window16s_stride1s-epo,delta
3911,0.0008108959092561433,patient11_window16s_stride1s-epo,delta
3912,-3.5140592760921875e-05,patient11_window16s_stride1s-epo,delta
3913,-0.00012628056708367675,patient11_window16s_stride1s-epo,delta
3914,0.0013645338908929098,patient11_window16s_stride1s-epo,delta
3915,0.0007223573814146322,patient11_window16s_stride1s-epo,delta
3916,0.0005031834167590042,patient11_window16s_stride1s-epo,delta
3917,0.0003635438484626974,patient11_window16s_stride1s-epo,delta
3918,0.0001577582067321511,patient11_window16s_stride1s-epo,delta
3919,0.0007207758216393233,patient11_window16s_stride1s-epo,delta
3920,-0.00017114148742926352,patient11_window16s_stride1s-epo,delta
3921,0.0007777440056628359,patient11_window16s_stride1s-epo,delta
3922,0.0009871067970380798,patient11_window16s_stride1s-epo,delta
3923,0.0017218343383287515,patient11_window16s_stride1s-epo,delta
3924,0.0011595091875318815,patient11_window16s_stride1s-epo,delta
3925,0.0007032175846158394,patient11_window16s_stride1s-epo,delta
3926,0.000204450903891201,patient11_window16s_stride1s-epo,delta
3927,-0.0008388522052471252,patient11_window16s_stride1s-epo,delta
3928,-0.0018641703098211625,patient11_window16s_stride1s-epo,delta
3929,-0.0019294779660442957,patient11_window16s_stride1s-epo,delta
3930,-0.0012825917759897564,patient11_window16s_stride1s-epo,delta
3931,-0.0007103032337617672,patient11_window16s_stride1s-epo,delta
3932,-0.00044663822020679124,patient11_window16s_stride1s-epo,delta
3933,-0.0008798548352199362,patient11_window16s_stride1s-epo,delta
3934,-0.00021740655736687055,patient11_window16s_stride1s-epo,delta
3935,-0.00031308216955438524,patient11_window16s_stride1s-epo,delta
3936,-0.00019081400640848158,patient11_window16s_stride1s-epo,delta
3937,-0.0006918324255849446,patient11_window16s_stride1s-epo,delta
3938,-0.00042253349650113833,patient11_window16s_stride1s-epo,delta
3939,0.0009190231774668477,patient11_window16s_stride1s-epo,delta
3940,0.00011204420740441072,patient11_window16s_stride1s-epo,delta
3941,0.000826775580721899,patient11_window16s_stride1s-epo,delta
3942,0.0007490489643366024,patient11_window16s_stride1s-epo,delta
3943,0.0014484642380002482,patient11_window16s_stride1s-epo,delta
3944,0.001294011475379806,patient11_window16s_stride1s-epo,delta
3945,0.0010163633316777989,patient11_window16s_stride1s-epo,delta
3946,0.001743265271680865,patient11_window16s_stride1s-epo,delta
3947,0.0017939090869494511,patient11_window16s_stride1s-epo,delta
3948,0.0015811061700468,patient11_window16s_stride1s-epo,delta
3949,0.001345855946728402,patient11_window16s_stride1s-epo,delta
3950,0.0020698481649368433,patient11_window16s_stride1s-epo,delta
3951,0.001630310137163455,patient11_window16s_stride1s-epo,delta
3952,0.0023293564749977294,patient11_window16s_stride1s-epo,delta
3953,0.0007324053936121231,patient11_window16s_stride1s-epo,delta
3954,0.0011652814378284482,patient11_window16s_stride1s-epo,delta
3955,0.0011503652536677695,patient11_window16s_stride1s-epo,delta
3956,0.001333334753430408,patient11_window16s_stride1s-epo,delta
3957,0.0014063092133575514,patient11_window16s_stride1s-epo,delta
3958,0.000990698147273524,patient11_window16s_stride1s-epo,delta
3959,0.0013327922023715555,patient11_window16s_stride1s-epo,delta
3960,0.001540197114990103,patient11_window16s_stride1s-epo,delta
3961,0.001196533275641517,patient11_window16s_stride1s-epo,delta
3962,0.0013147818160953255,patient11_window16s_stride1s-epo,delta
3963,0.00039185022583504046,patient11_window16s_stride1s-epo,delta
3964,-8.903165855469332e-05,patient11_window16s_stride1s-epo,delta
3965,-0.0006133013397508659,patient11_window16s_stride1s-epo,delta
3966,-0.0001582462996448106,patient11_window16s_stride1s-epo,delta
3967,-0.00012422727669024607,patient11_window16s_stride1s-epo,delta
3968,0.0002985067791905635,patient11_window16s_stride1s-epo,delta
3969,0.00074037829273427,patient11_window16s_stride1s-epo,delta
3970,0.0008715021109782452,patient11_window16s_stride1s-epo,delta
3971,0.0007249077705102527,patient11_window16s_stride1s-epo,delta
3972,-0.0007467842587658098,patient11_window16s_stride1s-epo,delta
3973,0.0003316039779582004,patient11_window16s_stride1s-epo,delta
3974,-0.00022893461223370473,patient11_window16s_stride1s-epo,delta
3975,0.0003104616560315101,patient11_window16s_stride1s-epo,delta
3976,-0.00033374591477061644,patient11_window16s_stride1s-epo,delta
3977,5.6033451258074314e-05,patient11_window16s_stride1s-epo,delta
3978,6.994627741918777e-05,patient11_window16s_stride1s-epo,delta
3979,-0.0003608790039676431,patient11_window16s_stride1s-epo,delta
3980,-0.00037036745963187236,patient11_window16s_stride1s-epo,delta
3981,-0.0005955677006115871,patient11_window16s_stride1s-epo,delta
3982,0.0006117531967177488,patient11_window16s_stride1s-epo,delta
3983,0.0006704787124155141,patient11_window16s_stride1s-epo,delta
3984,0.0013813465347825113,patient11_window16s_stride1s-epo,delta
3985,0.0010034083825216137,patient11_window16s_stride1s-epo,delta
3986,0.0016320122736992407,patient11_window16s_stride1s-epo,delta
3987,0.002276745914836014,patient11_window16s_stride1s-epo,delta
3988,0.001438837594761034,patient11_window16s_stride1s-epo,delta
3989,0.0022544693146745076,patient11_window16s_stride1s-epo,delta
3990,0.0024689030777615513,patient11_window16s_stride1s-epo,delta
3991,0.0029031637921167184,patient11_window16s_stride1s-epo,delta
3992,0.0019157379219895319,patient11_window16s_stride1s-epo,delta
3993,0.0027013769935476184,patient11_window16s_stride1s-epo,delta
3994,0.002066417383585199,patient11_window16s_stride1s-epo,delta
3995,0.0012586843570897392,patient11_window16s_stride1s-epo,delta
3996,0.001713237969821555,patient11_window16s_stride1s-epo,delta
3997,0.0014033218386861623,patient11_window16s_stride1s-epo,delta
3998,0.001303257740084456,patient11_window16s_stride1s-epo,delta
3999,0.001995407822183127,patient11_window16s_stride1s-epo,delta
4000,0.0024280960955561297,patient11_window16s_stride1s-epo,delta
4001,0.0005522751587721717,patient11_window16s_stride1s-epo,delta
4002,-0.00015295695377349168,patient11_window16s_stride1s-epo,delta
4003,-0.0010168042994757483,patient11_window16s_stride1s-epo,delta
4004,-0.0006753548797777349,patient11_window16s_stride1s-epo,delta
4005,-0.0008029206853194317,patient11_window16s_stride1s-epo,delta
4006,-0.0012961242112525396,patient11_window16s_stride1s-epo,delta
4007,-0.0017378262388376769,patient11_window16s_stride1s-epo,delta
4008,-0.0012080588981420322,patient11_window16s_stride1s-epo,delta
4009,-0.0006488932962942719,patient11_window16s_stride1s-epo,delta
4010,-0.000995207285503627,patient11_window16s_stride1s-epo,delta
4011,-0.0011432746439622443,patient11_window16s_stride1s-epo,delta
4012,-0.0014319074199895692,patient11_window16s_stride1s-epo,delta
4013,-0.0006732216630286489,patient11_window16s_stride1s-epo,delta
4014,-0.00029767065962710477,patient11_window16s_stride1s-epo,delta
4015,-0.0009899448369046428,patient11_window16s_stride1s-epo,delta
4016,-0.0007241313397835427,patient11_window16s_stride1s-epo,delta
4017,-0.0008967497471446873,patient11_window16s_stride1s-epo,delta
4018,-0.00036011602169946797,patient11_window16s_stride1s-epo,delta
4019,-0.0008712189951896282,patient11_window16s_stride1s-epo,delta
4020,0.00012921586282791197,patient11_window16s_stride1s-epo,delta
4021,-0.00026864508420281646,patient11_window16s_stride1s-epo,delta
4022,-8.933606584107277e-05,patient11_window16s_stride1s-epo,delta
4023,-0.00010082747710433724,patient11_window16s_stride1s-epo,delta
4024,-0.00041994230307326643,patient11_window16s_stride1s-epo,delta
4025,-0.00018965431532263217,patient11_window16s_stride1s-epo,delta
4026,0.00039128679141920883,patient11_window16s_stride1s-epo,delta
4027,0.0015038674722320762,patient11_window16s_stride1s-epo,delta
4028,0.0010080633460647155,patient11_window16s_stride1s-epo,delta
4029,0.0003913611996988713,patient11_window16s_stride1s-epo,delta
4030,0.00036836535187276134,patient11_window16s_stride1s-epo,delta
4031,-0.00019087831064650224,patient11_window16s_stride1s-epo,delta
4032,-0.0008970593894798188,patient11_window16s_stride1s-epo,delta
4033,-0.0012889493664722906,patient11_window16s_stride1s-epo,delta
4034,-0.0011119850648509345,patient11_window16s_stride1s-epo,delta
4035,-0.0006058947664401485,patient11_window16s_stride1s-epo,delta
4036,-0.0005741246277629772,patient11_window16s_stride1s-epo,delta
4037,4.707124953577683e-05,patient11_window16s_stride1s-epo,delta
4038,0.000673718874397994,patient11_window16s_stride1s-epo,delta
4039,2.9682194335719556e-05,patient11_window16s_stride1s-epo,delta
4040,0.0009465263019767688,patient11_window16s_stride1s-epo,delta
4041,0.0009972159602923067,patient11_window16s_stride1s-epo,delta
4042,0.0015710439421889428,patient11_window16s_stride1s-epo,delta
4043,0.0016307542991339193,patient11_window16s_stride1s-epo,delta
4044,0.0020311762157762515,patient11_window16s_stride1s-epo,delta
4045,0.002244608685264595,patient11_window16s_stride1s-epo,delta
4046,0.001601463384951711,patient11_window16s_stride1s-epo,delta
4047,0.0034103350235926127,patient11_window16s_stride1s-epo,delta
4048,0.003225564057135797,patient11_window16s_stride1s-epo,delta
4049,0.003248846889904433,patient11_window16s_stride1s-epo,delta
4050,0.003945046634700042,patient11_window16s_stride1s-epo,delta
4051,0.0029710825015808228,patient11_window16s_stride1s-epo,delta
4052,0.0021079321852129655,patient11_window16s_stride1s-epo,delta
4053,0.001946118606454493,patient11_window16s_stride1s-epo,delta
4054,0.0019428354864998733,patient11_window16s_stride1s-epo,delta
4055,0.0024707274436296003,patient11_window16s_stride1s-epo,delta
4056,0.0022987035603573907,patient11_window16s_stride1s-epo,delta
4057,0.002005841151333258,patient11_window16s_stride1s-epo,delta
4058,0.0011792646002947926,patient11_window16s_stride1s-epo,delta
4059,0.001473487536231422,patient11_window16s_stride1s-epo,delta
4060,0.0010900523849869243,patient11_window16s_stride1s-epo,delta
4061,0.0008678176915905472,patient11_window16s_stride1s-epo,delta
4062,0.0008834679909032447,patient11_window16s_stride1s-epo,delta
4063,0.0004079553464986227,patient11_window16s_stride1s-epo,delta
4064,0.0003053167223228182,patient11_window16s_stride1s-epo,delta
4065,0.00039692501154838466,patient11_window16s_stride1s-epo,delta
4066,0.000656641996180756,patient11_window16s_stride1s-epo,delta
4067,0.000636899056732627,patient11_window16s_stride1s-epo,delta
4068,-0.00033063126528551774,patient11_window16s_stride1s-epo,delta
4069,-0.00016196995560595424,patient11_window16s_stride1s-epo,delta
4070,-0.0008532164372051472,patient11_window16s_stride1s-epo,delta
4071,-0.00010450097709117414,patient11_window16s_stride1s-epo,delta
4072,-0.0002062948062559468,patient11_window16s_stride1s-epo,delta
4073,0.0002939872605092307,patient11_window16s_stride1s-epo,delta
4074,0.0003831623138683075,patient11_window16s_stride1s-epo,delta
4075,0.0013278193100297495,patient11_window16s_stride1s-epo,delta
4076,0.0010273942034945143,patient11_window16s_stride1s-epo,delta
4077,0.0013876007352481288,patient11_window16s_stride1s-epo,delta
4078,0.0008639764005102434,patient11_window16s_stride1s-epo,delta
4079,0.0013316287721856907,patient11_window16s_stride1s-epo,delta
4080,0.002188469734646409,patient11_window16s_stride1s-epo,delta
4081,0.0016211484668489189,patient11_window16s_stride1s-epo,delta
4082,0.0013973276023295262,patient11_window16s_stride1s-epo,delta
4083,0.0008274900202907306,patient11_window16s_stride1s-epo,delta
4084,0.0013012788172264882,patient11_window16s_stride1s-epo,delta
4085,0.0016062686032696735,patient11_window16s_stride1s-epo,delta
4086,0.002280098476576861,patient11_window16s_stride1s-epo,delta
4087,0.0018294757749904365,patient11_window16s_stride1s-epo,delta
4088,0.0019220198922164867,patient11_window16s_stride1s-epo,delta
4089,0.0021987920654190115,patient11_window16s_stride1s-epo,delta
4090,0.0014161791274296973,patient11_window16s_stride1s-epo,delta
4091,0.0012159380977680432,patient11_window16s_stride1s-epo,delta
4092,0.0008145455643378787,patient11_window16s_stride1s-epo,delta
4093,0.0008961863461859317,patient11_window16s_stride1s-epo,delta
4094,0.000648054150235419,patient11_window16s_stride1s-epo,delta
4095,-5.941176810717064e-05,patient11_window16s_stride1s-epo,delta
4096,0.00013235198510206322,patient11_window16s_stride1s-epo,delta
4097,0.0003592022429682828,patient11_window16s_stride1s-epo,delta
4098,0.0006156502633907715,patient11_window16s_stride1s-epo,delta
4099,0.0010726625844713962,patient11_window16s_stride1s-epo,delta
4100,0.0005530174752428737,patient11_window16s_stride1s-epo,delta
4101,-6.319609172673222e-05,patient11_window16s_stride1s-epo,delta
4102,-0.000849571609339566,patient11_window16s_stride1s-epo,delta
4103,-0.0012213841492650227,patient11_window16s_stride1s-epo,delta
4104,-0.0016453911167713653,patient11_window16s_stride1s-epo,delta
4105,-0.0010316603666631137,patient11_window16s_stride1s-epo,delta
4106,-0.0003353997015824326,patient11_window16s_stride1s-epo,delta
4107,-0.0002209358124291424,patient11_window16s_stride1s-epo,delta
4108,-0.0001942193172273036,patient11_window16s_stride1s-epo,delta
4109,0.0004713742004802087,patient11_window16s_stride1s-epo,delta
4110,0.00011280633634897019,patient11_window16s_stride1s-epo,delta
4111,0.00026723308747673985,patient11_window16s_stride1s-epo,delta
4112,0.0018143286769561348,patient11_window16s_stride1s-epo,delta
4113,0.001812833042564916,patient11_window16s_stride1s-epo,delta
4114,0.0022699886653510053,patient11_window16s_stride1s-epo,delta
4115,0.0012795132841045534,patient11_window16s_stride1s-epo,delta
4116,0.0014301397471991237,patient11_window16s_stride1s-epo,delta
4117,0.002879354673613568,patient11_window16s_stride1s-epo,delta
4118,0.0031915221729797074,patient11_window16s_stride1s-epo,delta
4119,0.0034350091902498312,patient11_window16s_stride1s-epo,delta
4120,0.003390780670558371,patient11_window16s_stride1s-epo,delta
4121,0.0026339549004147866,patient11_window16s_stride1s-epo,delta
4122,0.0016590989092594135,patient11_window16s_stride1s-epo,delta
4123,0.0021638441896586185,patient11_window16s_stride1s-epo,delta
4124,0.0024737833720588575,patient11_window16s_stride1s-epo,delta
4125,0.0026158926338393953,patient11_window16s_stride1s-epo,delta
4126,0.0019198784036469404,patient11_window16s_stride1s-epo,delta
4127,0.0021433493590974355,patient11_window16s_stride1s-epo,delta
4128,0.0024127004931687574,patient11_window16s_stride1s-epo,delta
4129,0.002454310370154363,patient11_window16s_stride1s-epo,delta
4130,0.0025311522329275497,patient11_window16s_stride1s-epo,delta
4131,0.0018465955952372804,patient11_window16s_stride1s-epo,delta
4132,0.0019817101829204546,patient11_window16s_stride1s-epo,delta
4133,0.0020915671184722965,patient11_window16s_stride1s-epo,delta
4134,0.002660618191934372,patient11_window16s_stride1s-epo,delta
4135,0.002228805835217445,patient11_window16s_stride1s-epo,delta
4136,0.0009393043704046057,patient11_window16s_stride1s-epo,delta
4137,0.0012726856834825904,patient11_window16s_stride1s-epo,delta
4138,0.0010836912535429418,patient11_window16s_stride1s-epo,delta
4139,0.0006321026444384665,patient11_window16s_stride1s-epo,delta
4140,0.0008793089649591372,patient11_window16s_stride1s-epo,delta
4141,0.0010096373675987686,patient11_window16s_stride1s-epo,delta
4142,0.0006839929415213804,patient11_window16s_stride1s-epo,delta
4143,-0.00019341761260048643,patient11_window16s_stride1s-epo,delta
4144,-0.0003921717015767602,patient11_window16s_stride1s-epo,delta
4145,3.206794217965756e-05,patient11_window16s_stride1s-epo,delta
4146,0.00046828146134681185,patient11_window16s_stride1s-epo,delta
4147,0.0003857810189918618,patient11_window16s_stride1s-epo,delta
4148,0.00041021695933776404,patient11_window16s_stride1s-epo,delta
4149,0.00038673453234475385,patient11_window16s_stride1s-epo,delta
4150,0.0011523960537746525,patient11_window16s_stride1s-epo,delta
4151,0.0011628892153971104,patient11_window16s_stride1s-epo,delta
4152,0.0015692325389539924,patient11_window16s_stride1s-epo,delta
4153,0.0018673668871455392,patient11_window16s_stride1s-epo,delta
4154,0.0013212411886172903,patient11_window16s_stride1s-epo,delta
4155,0.0013875078535290268,patient11_window16s_stride1s-epo,delta
4156,0.00032008741527046834,patient11_window16s_stride1s-epo,delta
4157,0.0005541748713725098,patient11_window16s_stride1s-epo,delta
4158,0.001080814139931407,patient11_window16s_stride1s-epo,delta
4159,0.0014718501714779614,patient11_window16s_stride1s-epo,delta
4160,0.000881973182402885,patient11_window16s_stride1s-epo,delta
4161,0.00034418991171283913,patient11_window16s_stride1s-epo,delta
4162,-0.00016807687248207654,patient11_window16s_stride1s-epo,delta
4163,-0.00024247925903736372,patient11_window16s_stride1s-epo,delta
4164,-0.00010713890641493664,patient11_window16s_stride1s-epo,delta
4165,-0.0003010486445860575,patient11_window16s_stride1s-epo,delta
4166,0.00033696334219120725,patient11_window16s_stride1s-epo,delta
4167,-0.0012508933074756154,patient11_window16s_stride1s-epo,delta
4168,-0.0009986772886713177,patient11_window16s_stride1s-epo,delta
4169,-0.0021332717949281085,patient11_window16s_stride1s-epo,delta
4170,-0.002199361970651886,patient11_window16s_stride1s-epo,delta
4171,-0.0017934010058907519,patient11_window16s_stride1s-epo,delta
4172,-0.0020634881402479613,patient11_window16s_stride1s-epo,delta
4173,-0.0015005888745921396,patient11_window16s_stride1s-epo,delta
4174,-0.0011764329934221133,patient11_window16s_stride1s-epo,delta
4175,-0.001402871384478567,patient11_window16s_stride1s-epo,delta
4176,0.0004078326663237674,patient11_window16s_stride1s-epo,delta
4177,-0.0010496976945548215,patient11_window16s_stride1s-epo,delta
4178,-0.000668799796018833,patient11_window16s_stride1s-epo,delta
4179,-0.0016787351399392054,patient11_window16s_stride1s-epo,delta
4180,-0.001094382752752934,patient11_window16s_stride1s-epo,delta
4181,-0.0017466650651555623,patient11_window16s_stride1s-epo,delta
4182,-0.00018968875072097391,patient11_window16s_stride1s-epo,delta
4183,-0.0013690349853604034,patient11_window16s_stride1s-epo,delta
4184,-0.0004991523397237094,patient11_window16s_stride1s-epo,delta
4185,7.372371384134107e-05,patient11_window16s_stride1s-epo,delta
4186,-0.00017085784336853184,patient11_window16s_stride1s-epo,delta
4187,3.0534764267529535e-05,patient11_window16s_stride1s-epo,delta
4188,0.0010214489552460993,patient11_window16s_stride1s-epo,delta
4189,0.0009825852082794436,patient11_window16s_stride1s-epo,delta
4190,-0.000679680665180932,patient11_window16s_stride1s-epo,delta
4191,-0.00021281269719718407,patient11_window16s_stride1s-epo,delta
4192,0.0002898512858588816,patient11_window16s_stride1s-epo,delta
4193,0.0017560987634244183,patient11_window16s_stride1s-epo,delta
4194,0.0017160872137489973,patient11_window16s_stride1s-epo,delta
4195,0.0015228054474602695,patient11_window16s_stride1s-epo,delta
4196,0.0013571058716357668,patient11_window16s_stride1s-epo,delta
4197,0.0017249365070613728,patient11_window16s_stride1s-epo,delta
4198,0.00040347955899360216,patient11_window16s_stride1s-epo,delta
4199,0.001560375699029163,patient11_window16s_stride1s-epo,delta
4200,0.0011725479082922844,patient11_window16s_stride1s-epo,delta
4201,0.0005345999718184638,patient11_window16s_stride1s-epo,delta
4202,0.0013075106743287196,patient11_window16s_stride1s-epo,delta
4203,0.0010732177603887004,patient11_window16s_stride1s-epo,delta
4204,0.0011317625088076877,patient11_window16s_stride1s-epo,delta
4205,0.00043804725817307824,patient11_window16s_stride1s-epo,delta
4206,0.0005551935886964722,patient11_window16s_stride1s-epo,delta
4207,0.0011255897761662706,patient11_window16s_stride1s-epo,delta
4208,0.00028218163613886923,patient11_window16s_stride1s-epo,delta
4209,0.0014014662624989237,patient11_window16s_stride1s-epo,delta
4210,-8.335750541039377e-05,patient11_window16s_stride1s-epo,delta
4211,-0.00011621784229702878,patient11_window16s_stride1s-epo,delta
4212,-0.00017091426565463353,patient11_window16s_stride1s-epo,delta
4213,4.699704867423249e-05,patient11_window16s_stride1s-epo,delta
4214,0.0006997170899418607,patient11_window16s_stride1s-epo,delta
4215,0.00162353861793019,patient11_window16s_stride1s-epo,delta
4216,0.0010724508784282654,patient11_window16s_stride1s-epo,delta
4217,0.00044836066108201744,patient11_window16s_stride1s-epo,delta
4218,0.0008513664317505356,patient11_window16s_stride1s-epo,delta
4219,0.0013412543388209056,patient11_window16s_stride1s-epo,delta
4220,0.0008366084572603818,patient11_window16s_stride1s-epo,delta
4221,0.0008080877677833658,patient11_window16s_stride1s-epo,delta
4222,0.0010750760645263713,patient11_window16s_stride1s-epo,delta
4223,0.0012956031242885733,patient11_window16s_stride1s-epo,delta
4224,0.0006964088265832604,patient11_window16s_stride1s-epo,delta
4225,0.0004009132145525425,patient11_window16s_stride1s-epo,delta
4226,0.0013700884979787528,patient11_window16s_stride1s-epo,delta
4227,0.001827953024162526,patient11_window16s_stride1s-epo,delta
4228,0.0013910878520115347,patient11_window16s_stride1s-epo,delta
4229,0.0015273659071142291,patient11_window16s_stride1s-epo,delta
4230,0.002229190215055334,patient11_window16s_stride1s-epo,delta
4231,0.002301703679088325,patient11_window16s_stride1s-epo,delta
4232,0.002416513776870206,patient11_window16s_stride1s-epo,delta
4233,0.0026296373141427645,patient11_window16s_stride1s-epo,delta
4234,0.001991335588402465,patient11_window16s_stride1s-epo,delta
4235,0.0019238717774588037,patient11_window16s_stride1s-epo,delta
4236,0.0018351168740989895,patient11_window16s_stride1s-epo,delta
4237,0.004307234805175423,patient11_window16s_stride1s-epo,delta
4238,0.003573750433169529,patient11_window16s_stride1s-epo,delta
4239,0.002858304749671897,patient11_window16s_stride1s-epo,delta
4240,0.002855140844721082,patient11_window16s_stride1s-epo,delta
4241,0.0030955334396154614,patient11_window16s_stride1s-epo,delta
4242,0.002827768406758774,patient11_window16s_stride1s-epo,delta
4243,0.002482491894487446,patient11_window16s_stride1s-epo,delta
4244,0.002382272682388742,patient11_window16s_stride1s-epo,delta
4245,0.0018424695167069914,patient11_window16s_stride1s-epo,delta
4246,0.0020629084263661668,patient11_window16s_stride1s-epo,delta
4247,0.0017490229622978421,patient11_window16s_stride1s-epo,delta
4248,0.0021370353893061713,patient11_window16s_stride1s-epo,delta
4249,0.0026906764602044005,patient11_window16s_stride1s-epo,delta
4250,0.0012190034595028977,patient11_window16s_stride1s-epo,delta
4251,0.00035502898802266056,patient11_window16s_stride1s-epo,delta
4252,0.0011458240854128699,patient11_window16s_stride1s-epo,delta
4253,-0.000123065311303519,patient11_window16s_stride1s-epo,delta
4254,0.0006837380421441102,patient11_window16s_stride1s-epo,delta
4255,-0.0009573246339485181,patient11_window16s_stride1s-epo,delta
4256,-0.0015999951042264952,patient11_window16s_stride1s-epo,delta
4257,-0.002442684309232231,patient11_window16s_stride1s-epo,delta
4258,-0.0020053248473541215,patient11_window16s_stride1s-epo,delta
4259,-0.0006049599223534408,patient11_window16s_stride1s-epo,delta
4260,-0.0004424083014248357,patient11_window16s_stride1s-epo,delta
4261,-0.0010472119226587991,patient11_window16s_stride1s-epo,delta
4262,-0.0012973373442831779,patient11_window16s_stride1s-epo,delta
4263,-0.0012251584638321483,patient11_window16s_stride1s-epo,delta
4264,-0.0008723654606827365,patient11_window16s_stride1s-epo,delta
4265,-0.0007541990967203188,patient11_window16s_stride1s-epo,delta
4266,-0.0019466541475010452,patient11_window16s_stride1s-epo,delta
4267,-0.0011256524340978525,patient11_window16s_stride1s-epo,delta
4268,-0.0012789821521280176,patient11_window16s_stride1s-epo,delta
4269,-0.0011750810170758422,patient11_window16s_stride1s-epo,delta
4270,-0.0008316832497794625,patient11_window16s_stride1s-epo,delta
4271,-0.0008447609905710565,patient11_window16s_stride1s-epo,delta
4272,-0.00044288834029369714,patient11_window16s_stride1s-epo,delta
4273,-0.0007955867326345732,patient11_window16s_stride1s-epo,delta
4274,-0.0012222590819909243,patient11_window16s_stride1s-epo,delta
4275,-0.0019170315304304882,patient11_window16s_stride1s-epo,delta
4276,-0.0021597815165489355,patient11_window16s_stride1s-epo,delta
4277,-0.0016696305815734026,patient11_window16s_stride1s-epo,delta
4278,-0.001983477356876948,patient11_window16s_stride1s-epo,delta
4279,-0.002455979228936966,patient11_window16s_stride1s-epo,delta
4280,-0.0022370446426491423,patient11_window16s_stride1s-epo,delta
4281,-0.002008157581411316,patient11_window16s_stride1s-epo,delta
4282,-0.0013042703227830353,patient11_window16s_stride1s-epo,delta
4283,-0.0008223820292522077,patient11_window16s_stride1s-epo,delta
4284,-0.001040868381884356,patient11_window16s_stride1s-epo,delta
4285,-0.0009167877898498699,patient11_window16s_stride1s-epo,delta
4286,-0.0008916885697627859,patient11_window16s_stride1s-epo,delta
4287,-0.00048672995504813463,patient11_window16s_stride1s-epo,delta
4288,-0.0009164440675198972,patient11_window16s_stride1s-epo,delta
4289,-0.0013239215833540535,patient11_window16s_stride1s-epo,delta
4290,-0.001546707869496654,patient11_window16s_stride1s-epo,delta
4291,-0.003093599097754318,patient11_window16s_stride1s-epo,delta
4292,-0.002080512469604019,patient11_window16s_stride1s-epo,delta
4293,-0.002398502021205183,patient11_window16s_stride1s-epo,delta
4294,-0.002137110315528744,patient11_window16s_stride1s-epo,delta
4295,-0.0016925129342613952,patient11_window16s_stride1s-epo,delta
4296,-0.0011732518052102365,patient11_window16s_stride1s-epo,delta
4297,-0.0009582681031025598,patient11_window16s_stride1s-epo,delta
4298,-0.0005030120603397365,patient11_window16s_stride1s-epo,delta
4299,0.0001343438122498219,patient11_window16s_stride1s-epo,delta
4300,0.0003455901086264433,patient11_window16s_stride1s-epo,delta
4301,0.0002810358649952224,patient11_window16s_stride1s-epo,delta
4302,0.00043110263988217025,patient11_window16s_stride1s-epo,delta
4303,-0.0003591776241788888,patient11_window16s_stride1s-epo,delta
4304,0.0007126170390300892,patient11_window16s_stride1s-epo,delta
4305,0.0021261323044077713,patient11_window16s_stride1s-epo,delta
4306,0.002428763372027861,patient11_window16s_stride1s-epo,delta
4307,0.004603883478064807,patient11_window16s_stride1s-epo,delta
4308,0.0041646868140466555,patient11_window16s_stride1s-epo,delta
4309,0.00371808735484323,patient11_window16s_stride1s-epo,delta
4310,0.0040355240116628135,patient11_window16s_stride1s-epo,delta
4311,0.002739001151313636,patient11_window16s_stride1s-epo,delta
4312,0.0018709640310823558,patient11_window16s_stride1s-epo,delta
4313,0.0012816780138638821,patient11_window16s_stride1s-epo,delta
4314,0.00011745554863143591,patient11_window16s_stride1s-epo,delta
4315,-0.00022567875060869777,patient11_window16s_stride1s-epo,delta
4316,-0.0014707210845900612,patient11_window16s_stride1s-epo,delta
4317,4.310113215879656e-06,patient11_window16s_stride1s-epo,delta
4318,-1.6698989382963843e-05,patient11_window16s_stride1s-epo,delta
4319,0.00034008012153795595,patient11_window16s_stride1s-epo,delta
4320,-0.00036781018525993396,patient11_window16s_stride1s-epo,delta
4321,-0.0005201610052954857,patient11_window16s_stride1s-epo,delta
4322,-0.00040542432154351896,patient11_window16s_stride1s-epo,delta
4323,-0.0005013115794027105,patient11_window16s_stride1s-epo,delta
4324,-0.0004452786876695247,patient11_window16s_stride1s-epo,delta
4325,3.918741156373881e-05,patient11_window16s_stride1s-epo,delta
4326,0.0003485322829649567,patient11_window16s_stride1s-epo,delta
4327,-0.0007376645849538481,patient11_window16s_stride1s-epo,delta
4328,-0.001456716533378421,patient11_window16s_stride1s-epo,delta
4329,-0.000715897655576613,patient11_window16s_stride1s-epo,delta
4330,-5.234102403561432e-06,patient11_window16s_stride1s-epo,delta
4331,-0.0003565616218285219,patient11_window16s_stride1s-epo,delta
4332,-0.0003465859163506252,patient11_window16s_stride1s-epo,delta
4333,-8.728066704918895e-05,patient11_window16s_stride1s-epo,delta
4334,-0.0006427005683457398,patient11_window16s_stride1s-epo,delta
4335,-0.0010463012788321264,patient11_window16s_stride1s-epo,delta
4336,-0.0007860171125197955,patient11_window16s_stride1s-epo,delta
4337,-0.0006688447084749101,patient11_window16s_stride1s-epo,delta
4338,-0.0005817013685682851,patient11_window16s_stride1s-epo,delta
4339,-0.000621722679676763,patient11_window16s_stride1s-epo,delta
4340,-0.0013035191760390034,patient11_window16s_stride1s-epo,delta
4341,-0.0017168620419078249,patient11_window16s_stride1s-epo,delta
4342,-0.0007031368948175805,patient11_window16s_stride1s-epo,delta
4343,9.646847063240711e-05,patient11_window16s_stride1s-epo,delta
4344,0.00012537132838944044,patient11_window16s_stride1s-epo,delta
4345,0.000492401452646453,patient11_window16s_stride1s-epo,delta
4346,0.0005636630185039876,patient11_window16s_stride1s-epo,delta
4347,0.00013638658307010053,patient11_window16s_stride1s-epo,delta
4348,0.0006238768845689487,patient11_window16s_stride1s-epo,delta
4349,0.0006701500546951266,patient11_window16s_stride1s-epo,delta
4350,0.0012906981434287522,patient11_window16s_stride1s-epo,delta
4351,0.00262445605181162,patient11_window16s_stride1s-epo,delta
4352,0.002013730828464025,patient11_window16s_stride1s-epo,delta
4353,0.002998907466634257,patient11_window16s_stride1s-epo,delta
4354,0.003374307684965044,patient11_window16s_stride1s-epo,delta
4355,0.003481021360743048,patient11_window16s_stride1s-epo,delta
4356,0.0041132528293188675,patient11_window16s_stride1s-epo,delta
4357,0.002958271835316235,patient11_window16s_stride1s-epo,delta
4358,0.0028107568427116346,patient11_window16s_stride1s-epo,delta
4359,0.0022321151960645667,patient11_window16s_stride1s-epo,delta
4360,0.0018208589418256284,patient11_window16s_stride1s-epo,delta
4361,0.0022726601642733242,patient11_window16s_stride1s-epo,delta
4362,0.0018209250886537386,patient11_window16s_stride1s-epo,delta
4363,0.0013290439960709098,patient11_window16s_stride1s-epo,delta
4364,0.0021002283968845933,patient11_window16s_stride1s-epo,delta
4365,0.0013320203293032851,patient11_window16s_stride1s-epo,delta
4366,0.001436463815268745,patient11_window16s_stride1s-epo,delta
4367,0.0014453335195673584,patient11_window16s_stride1s-epo,delta
4368,0.0013333891794597053,patient11_window16s_stride1s-epo,delta
4369,0.001787079807465165,patient11_window16s_stride1s-epo,delta
4370,0.0023678646008997235,patient11_window16s_stride1s-epo,delta
4371,0.0013270879385759917,patient11_window16s_stride1s-epo,delta
4372,0.00202259190810142,patient11_window16s_stride1s-epo,delta
4373,0.0028031914550914502,patient11_window16s_stride1s-epo,delta
4374,0.003353975489794667,patient11_window16s_stride1s-epo,delta
4375,0.003332612288114184,patient11_window16s_stride1s-epo,delta
4376,0.002866115581581942,patient11_window16s_stride1s-epo,delta
4377,0.002542467767490249,patient11_window16s_stride1s-epo,delta
4378,0.001963215577201089,patient11_window16s_stride1s-epo,delta
4379,0.0017958703444946726,patient11_window16s_stride1s-epo,delta
4380,0.0010332233999218792,patient11_window16s_stride1s-epo,delta
4381,0.0002976287829383761,patient11_window16s_stride1s-epo,delta
4382,-3.0245024916554344e-05,patient11_window16s_stride1s-epo,delta
4383,0.00014679673278115846,patient11_window16s_stride1s-epo,delta
4384,0.00020369457526871665,patient11_window16s_stride1s-epo,delta
4385,0.0006238416574955835,patient11_window16s_stride1s-epo,delta
4386,6.057106261832152e-06,patient11_window16s_stride1s-epo,delta
4387,-0.0007447798220092009,patient11_window16s_stride1s-epo,delta
4388,-0.0008157776925599435,patient11_window16s_stride1s-epo,delta
4389,-0.0014683167646750291,patient11_window16s_stride1s-epo,delta
4390,-0.002078344661336266,patient11_window16s_stride1s-epo,delta
4391,-0.002052172906509423,patient11_window16s_stride1s-epo,delta
4392,-0.0032493430325495442,patient11_window16s_stride1s-epo,delta
4393,-0.0019495356558680802,patient11_window16s_stride1s-epo,delta
4394,-0.002873020312417358,patient11_window16s_stride1s-epo,delta
4395,-0.0017724050970566241,patient11_window16s_stride1s-epo,delta
4396,-0.0013190926523131315,patient11_window16s_stride1s-epo,delta
4397,-0.0023201986041170544,patient11_window16s_stride1s-epo,delta
4398,-0.0008959472757177108,patient11_window16s_stride1s-epo,delta
4399,-0.0012260279360714402,patient11_window16s_stride1s-epo,delta
4400,-0.00020314672718152915,patient11_window16s_stride1s-epo,delta
4401,0.0006112832863539552,patient11_window16s_stride1s-epo,delta
4402,-4.6459013185505405e-05,patient11_window16s_stride1s-epo,delta
4403,-9.337328972195807e-05,patient11_window16s_stride1s-epo,delta
4404,0.00021824348690638803,patient11_window16s_stride1s-epo,delta
4405,0.0003502629472530374,patient11_window16s_stride1s-epo,delta
4406,0.0018758959345754715,patient11_window16s_stride1s-epo,delta
4407,0.0008461280332750248,patient11_window16s_stride1s-epo,delta
4408,0.0002783835042416467,patient11_window16s_stride1s-epo,delta
4409,0.0006532150778182015,patient11_window16s_stride1s-epo,delta
4410,0.00019410318677191932,patient11_window16s_stride1s-epo,delta
4411,0.0002710129814586831,patient11_window16s_stride1s-epo,delta
4412,0.0005189329990642344,patient11_window16s_stride1s-epo,delta
4413,0.0005366101705133641,patient11_window16s_stride1s-epo,delta
4414,0.0006346064900612592,patient11_window16s_stride1s-epo,delta
4415,-0.0005745748933995198,patient11_window16s_stride1s-epo,delta
4416,-0.0006159008411876579,patient11_window16s_stride1s-epo,delta
4417,-0.0010209050464347045,patient11_window16s_stride1s-epo,delta
4418,-0.0008338543735284677,patient11_window16s_stride1s-epo,delta
4419,-0.0004852380681637783,patient11_window16s_stride1s-epo,delta
4420,-0.0005537385622701166,patient11_window16s_stride1s-epo,delta
4421,-0.0006168606818911802,patient11_window16s_stride1s-epo,delta
4422,0.0002977881202814838,patient11_window16s_stride1s-epo,delta
4423,0.001906072949860852,patient11_window16s_stride1s-epo,delta
4424,0.0030842071943725396,patient11_window16s_stride1s-epo,delta
4425,0.001582697075454508,patient11_window16s_stride1s-epo,delta
4426,0.002344953656438509,patient11_window16s_stride1s-epo,delta
4427,0.0014281790380048839,patient11_window16s_stride1s-epo,delta
4428,0.0017038350874963044,patient11_window16s_stride1s-epo,delta
4429,0.003133297336677942,patient11_window16s_stride1s-epo,delta
4430,0.002272140657832631,patient11_window16s_stride1s-epo,delta
4431,0.0017460803567395497,patient11_window16s_stride1s-epo,delta
4432,0.0016939668321752984,patient11_window16s_stride1s-epo,delta
4433,0.0009778050254466784,patient11_window16s_stride1s-epo,delta
4434,0.0005491303098927732,patient11_window16s_stride1s-epo,delta
4435,0.0007264128006625407,patient11_window16s_stride1s-epo,delta
4436,0.0012223152615449921,patient11_window16s_stride1s-epo,delta
4437,0.0014412446351878016,patient11_window16s_stride1s-epo,delta
4438,0.00034677154212079764,patient11_window16s_stride1s-epo,delta
4439,0.000342769627162355,patient11_window16s_stride1s-epo,delta
4440,0.0006556109516408594,patient11_window16s_stride1s-epo,delta
4441,0.00020088048098707963,patient11_window16s_stride1s-epo,delta
4442,0.0002642406354426857,patient11_window16s_stride1s-epo,delta
4443,0.0007544250963703239,patient11_window16s_stride1s-epo,delta
4444,0.0009843505069063142,patient11_window16s_stride1s-epo,delta
4445,-0.00011469275644766688,patient11_window16s_stride1s-epo,delta
4446,0.0004137399350096715,patient11_window16s_stride1s-epo,delta
4447,2.510406235721777e-05,patient11_window16s_stride1s-epo,delta
4448,-0.0004981521917471357,patient11_window16s_stride1s-epo,delta
4449,-0.0002686968349955551,patient11_window16s_stride1s-epo,delta
4450,0.0006745708840265115,patient11_window16s_stride1s-epo,delta
4451,0.0002663395708455898,patient11_window16s_stride1s-epo,delta
4452,-0.00017384715470479198,patient11_window16s_stride1s-epo,delta
4453,-0.00028357494643486855,patient11_window16s_stride1s-epo,delta
4454,-0.0002643063089088445,patient11_window16s_stride1s-epo,delta
4455,-0.0007543422202012664,patient11_window16s_stride1s-epo,delta
4456,-0.0007347017034066161,patient11_window16s_stride1s-epo,delta
4457,-0.0004657553415035104,patient11_window16s_stride1s-epo,delta
4458,-0.00036048230648503014,patient11_window16s_stride1s-epo,delta
4459,1.1732170958586943e-05,patient11_window16s_stride1s-epo,delta
4460,-0.0004178472490791122,patient11_window16s_stride1s-epo,delta
4461,-0.000659437621078101,patient11_window16s_stride1s-epo,delta
4462,7.442958350584674e-05,patient11_window16s_stride1s-epo,delta
4463,-7.929189739723425e-05,patient11_window16s_stride1s-epo,delta
4464,-2.7643688538920557e-05,patient11_window16s_stride1s-epo,delta
4465,0.0002271785501783654,patient11_window16s_stride1s-epo,delta
4466,0.0012525255765822817,patient11_window16s_stride1s-epo,delta
4467,0.0006205563413598454,patient11_window16s_stride1s-epo,delta
4468,0.0007157946050189938,patient11_window16s_stride1s-epo,delta
4469,0.00022338254811102577,patient11_window16s_stride1s-epo,delta
4470,0.00029392202101587996,patient11_window16s_stride1s-epo,delta
4471,0.002805623693633095,patient11_window16s_stride1s-epo,delta
4472,0.0021612855669184044,patient11_window16s_stride1s-epo,delta
4473,0.0005750093082034629,patient11_window16s_stride1s-epo,delta
4474,0.0015166646888870512,patient11_window16s_stride1s-epo,delta
4475,0.0014321434795272195,patient11_window16s_stride1s-epo,delta
4476,0.0019683305527236,patient11_window16s_stride1s-epo,delta
4477,0.0016996329419587096,patient11_window16s_stride1s-epo,delta
4478,0.001151721504400236,patient11_window16s_stride1s-epo,delta
4479,0.002622663093380171,patient11_window16s_stride1s-epo,delta
4480,0.002238409800245854,patient11_window16s_stride1s-epo,delta
4481,0.0025970642798402036,patient11_window16s_stride1s-epo,delta
4482,0.0026473322393605033,patient11_window16s_stride1s-epo,delta
4483,0.0018366815967491297,patient11_window16s_stride1s-epo,delta
4484,0.0017902946221649803,patient11_window16s_stride1s-epo,delta
4485,0.0020123616722400512,patient11_window16s_stride1s-epo,delta
4486,0.001384005026229934,patient11_window16s_stride1s-epo,delta
4487,0.0009153049533454386,patient11_window16s_stride1s-epo,delta
4488,0.001228953943394862,patient11_window16s_stride1s-epo,delta
4489,0.0009304994234783729,patient11_window16s_stride1s-epo,delta
4490,0.0010951153340921312,patient11_window16s_stride1s-epo,delta
4491,0.001315716439705686,patient11_window16s_stride1s-epo,delta
4492,0.0005627187043246682,patient11_window16s_stride1s-epo,delta
4493,0.0023104014672730116,patient11_window16s_stride1s-epo,delta
4494,0.0018993373449733035,patient11_window16s_stride1s-epo,delta
4495,0.0006140900969535188,patient11_window16s_stride1s-epo,delta
4496,0.0006396746139152969,patient11_window16s_stride1s-epo,delta
4497,0.0012839786938611969,patient11_window16s_stride1s-epo,delta
4498,0.0017466061087010427,patient11_window16s_stride1s-epo,delta
4499,0.0026103373311637196,patient11_window16s_stride1s-epo,delta
4500,0.002479040820062189,patient11_window16s_stride1s-epo,delta
4501,0.002149456236009747,patient11_window16s_stride1s-epo,delta
4502,-0.001958332356257786,patient11_window16s_stride1s-epo,delta
4503,-0.0019537741922047423,patient11_window16s_stride1s-epo,delta
4504,-0.0022461382900806387,patient11_window16s_stride1s-epo,delta
4505,-0.0022302386303398873,patient11_window16s_stride1s-epo,delta
4506,-0.0016342031686255728,patient11_window16s_stride1s-epo,delta
4507,-0.002289347988035931,patient11_window16s_stride1s-epo,delta
4508,-0.0025180495375870427,patient11_window16s_stride1s-epo,delta
4509,-0.0011014558647871474,patient11_window16s_stride1s-epo,delta
4510,-0.0010451884808440975,patient11_window16s_stride1s-epo,delta
4511,-0.0014498425431889279,patient11_window16s_stride1s-epo,delta
4512,-0.0006424015366979114,patient11_window16s_stride1s-epo,delta
4513,-0.0007337851693654912,patient11_window16s_stride1s-epo,delta
4514,-0.0016054699384185306,patient11_window16s_stride1s-epo,delta
4515,-0.0010934989610504686,patient11_window16s_stride1s-epo,delta
4516,-0.0008839995824341953,patient11_window16s_stride1s-epo,delta
4517,8.395310319829117e-05,patient11_window16s_stride1s-epo,delta
4518,-0.0008028999278196483,patient11_window16s_stride1s-epo,delta
4519,-0.001300513339831659,patient11_window16s_stride1s-epo,delta
4520,-0.0004591390175070474,patient11_window16s_stride1s-epo,delta
4521,-0.00016716476476492985,patient11_window16s_stride1s-epo,delta
4522,-0.001739085074235472,patient11_window16s_stride1s-epo,delta
4523,-0.001036913146983864,patient11_window16s_stride1s-epo,delta
4524,-0.0014124705545574476,patient11_window16s_stride1s-epo,delta
4525,-0.0012750991385538802,patient11_window16s_stride1s-epo,delta
4526,-0.001204709111080887,patient11_window16s_stride1s-epo,delta
4527,-0.0017642495760305302,patient11_window16s_stride1s-epo,delta
4528,-0.0015835328499043677,patient11_window16s_stride1s-epo,delta
4529,-0.0014476755689925864,patient11_window16s_stride1s-epo,delta
4530,-0.0013320432652080617,patient11_window16s_stride1s-epo,delta
4531,-0.0012681044192708968,patient11_window16s_stride1s-epo,delta
4532,-0.000969000149053177,patient11_window16s_stride1s-epo,delta
4533,-0.0012901208916279347,patient11_window16s_stride1s-epo,delta
4534,-0.0004221924729134924,patient11_window16s_stride1s-epo,delta
4535,7.486090577740073e-05,patient11_window16s_stride1s-epo,delta
4536,-0.00033517071847134533,patient11_window16s_stride1s-epo,delta
4537,-0.0005929499125368198,patient11_window16s_stride1s-epo,delta
4538,0.0009517447013366507,patient11_window16s_stride1s-epo,delta
4539,-0.0001050855387898904,patient11_window16s_stride1s-epo,delta
4540,0.0007811427016520949,patient11_window16s_stride1s-epo,delta
4541,0.0005423980834681546,patient11_window16s_stride1s-epo,delta
4542,0.0003731967587108046,patient11_window16s_stride1s-epo,delta
4543,-0.0007203393411374894,patient11_window16s_stride1s-epo,delta
4544,-0.00117955095376365,patient11_window16s_stride1s-epo,delta
4545,-0.0013113350653407656,patient11_window16s_stride1s-epo,delta
4546,-0.0008043902162075336,patient11_window16s_stride1s-epo,delta
4547,-0.0006453260355759884,patient11_window16s_stride1s-epo,delta
4548,-0.0007419677167049833,patient11_window16s_stride1s-epo,delta
4549,-0.0001865867082523308,patient11_window16s_stride1s-epo,delta
4550,0.00038702551083923,patient11_window16s_stride1s-epo,delta
4551,-7.643573687515722e-05,patient11_window16s_stride1s-epo,delta
4552,0.0004339549147321436,patient11_window16s_stride1s-epo,delta
4553,-0.0033548318175788297,patient11_window16s_stride1s-epo,delta
4554,-0.004096880141713329,patient11_window16s_stride1s-epo,delta
4555,-0.004396296805011615,patient11_window16s_stride1s-epo,delta
4556,-0.004650337923238566,patient11_window16s_stride1s-epo,delta
4557,-0.005005697256674886,patient11_window16s_stride1s-epo,delta
4558,-0.004003637437934437,patient11_window16s_stride1s-epo,delta
4559,-0.0032326178561739908,patient11_window16s_stride1s-epo,delta
4560,-0.002779713445300796,patient11_window16s_stride1s-epo,delta
4561,-0.002848461702855163,patient11_window16s_stride1s-epo,delta
4562,-0.003806417372945474,patient11_window16s_stride1s-epo,delta
4563,-0.0035769585006703367,patient11_window16s_stride1s-epo,delta
4564,-0.003833310741118109,patient11_window16s_stride1s-epo,delta
4565,-0.0034866809331773134,patient11_window16s_stride1s-epo,delta
4566,-0.0034727417397133887,patient11_window16s_stride1s-epo,delta
4567,-0.004115314506193868,patient11_window16s_stride1s-epo,delta
4568,-0.004161195914820357,patient11_window16s_stride1s-epo,delta
4569,-0.001608961823722765,patient11_window16s_stride1s-epo,delta
4570,-0.00029674516680569237,patient11_window16s_stride1s-epo,delta
4571,-0.0007022525664483702,patient11_window16s_stride1s-epo,delta
4572,0.00016153621729958321,patient11_window16s_stride1s-epo,delta
4573,-0.0016695980638069192,patient11_window16s_stride1s-epo,delta
4574,-0.00044602136846635205,patient11_window16s_stride1s-epo,delta
4575,-0.0014376040969590407,patient11_window16s_stride1s-epo,delta
4576,-0.0005159606354306935,patient11_window16s_stride1s-epo,delta
4577,-0.0003962618034926879,patient11_window16s_stride1s-epo,delta
4578,-0.0011750285497776156,patient11_window16s_stride1s-epo,delta
4579,-0.001890066153265971,patient11_window16s_stride1s-epo,delta
4580,-0.0020048796806080246,patient11_window16s_stride1s-epo,delta
4581,-0.001960911430113971,patient11_window16s_stride1s-epo,delta
4582,-0.001991341912992809,patient11_window16s_stride1s-epo,delta
4583,-0.0010637089973744047,patient11_window16s_stride1s-epo,delta
4584,-0.0009055766086163718,patient11_window16s_stride1s-epo,delta
4585,-0.0003553629896119459,patient11_window16s_stride1s-epo,delta
4586,-0.0011415357525299597,patient11_window16s_stride1s-epo,delta
4587,8.808242672749014e-05,patient11_window16s_stride1s-epo,delta
4588,0.0005059730807226872,patient11_window16s_stride1s-epo,delta
4589,0.000637875515723931,patient11_window16s_stride1s-epo,delta
4590,0.0004549341056494974,patient11_window16s_stride1s-epo,delta
4591,0.0007572618709330436,patient11_window16s_stride1s-epo,delta
4592,-0.0007222685568035608,patient11_window16s_stride1s-epo,delta
4593,0.0004193399364076015,patient11_window16s_stride1s-epo,delta
4594,4.084414020271633e-05,patient11_window16s_stride1s-epo,delta
4595,0.0005317788437703241,patient11_window16s_stride1s-epo,delta
4596,3.9066728033832474e-05,patient11_window16s_stride1s-epo,delta
4597,0.0009370800979060708,patient11_window16s_stride1s-epo,delta
4598,0.0013559941087583176,patient11_window16s_stride1s-epo,delta
4599,0.0022454235225584846,patient11_window16s_stride1s-epo,delta
4600,0.0013556673826740858,patient11_window16s_stride1s-epo,delta
4601,0.0017335909966495464,patient11_window16s_stride1s-epo,delta
4602,0.0009970845969174116,patient11_window16s_stride1s-epo,delta
4603,0.0018774735646382237,patient11_window16s_stride1s-epo,delta
4604,0.001945795340241025,patient11_window16s_stride1s-epo,delta
4605,0.0010569047161566834,patient11_window16s_stride1s-epo,delta
4606,0.000902154909293664,patient11_window16s_stride1s-epo,delta
4607,-5.827598225691336e-05,patient11_window16s_stride1s-epo,delta
4608,-0.0005044323284868409,patient11_window16s_stride1s-epo,delta
4609,0.0004918664688103977,patient11_window16s_stride1s-epo,delta
4610,5.491779681232352e-05,patient11_window16s_stride1s-epo,delta
4611,-0.00016680719667387385,patient11_window16s_stride1s-epo,delta
4612,0.0002592411132896573,patient11_window16s_stride1s-epo,delta
4613,-0.0004802202378013524,patient11_window16s_stride1s-epo,delta
4614,-5.878668750161657e-05,patient11_window16s_stride1s-epo,delta
4615,-0.00034590369286916634,patient11_window16s_stride1s-epo,delta
4616,0.0008207338773846712,patient11_window16s_stride1s-epo,delta
4617,0.0011332217619298478,patient11_window16s_stride1s-epo,delta
4618,0.0010326804249867405,patient11_window16s_stride1s-epo,delta
4619,0.0015900232018622139,patient11_window16s_stride1s-epo,delta
4620,-9.623515544600683e-05,patient11_window16s_stride1s-epo,delta
4621,0.0020128680947436987,patient11_window16s_stride1s-epo,delta
4622,0.002836208636510552,patient11_window16s_stride1s-epo,delta
4623,0.0029729062758396072,patient11_window16s_stride1s-epo,delta
4624,0.003460268840614114,patient11_window16s_stride1s-epo,delta
4625,0.0025243156246429867,patient11_window16s_stride1s-epo,delta
4626,0.002035000270444621,patient11_window16s_stride1s-epo,delta
4627,0.002028551102560982,patient11_window16s_stride1s-epo,delta
4628,0.0028020068452936204,patient11_window16s_stride1s-epo,delta
4629,0.0015538786729897248,patient11_window16s_stride1s-epo,delta
4630,0.0010091523703204437,patient11_window16s_stride1s-epo,delta
4631,0.0005641076055629897,patient11_window16s_stride1s-epo,delta
4632,-0.00020872662019912142,patient11_window16s_stride1s-epo,delta
4633,-0.000874592276887334,patient11_window16s_stride1s-epo,delta
4634,-0.00166815766409898,patient11_window16s_stride1s-epo,delta
4635,-0.0020974743110809824,patient11_window16s_stride1s-epo,delta
4636,-0.0013606015472933742,patient11_window16s_stride1s-epo,delta
4637,-0.001416246720285257,patient11_window16s_stride1s-epo,delta
4638,-0.002004669470482762,patient11_window16s_stride1s-epo,delta
4639,-0.001584808930842897,patient11_window16s_stride1s-epo,delta
4640,-0.001863864830713713,patient11_window16s_stride1s-epo,delta
4641,-0.0013945074226884154,patient11_window16s_stride1s-epo,delta
4642,-0.000916296579144515,patient11_window16s_stride1s-epo,delta
4643,9.198404914897882e-05,patient11_window16s_stride1s-epo,delta
4644,-0.0004786797555504801,patient11_window16s_stride1s-epo,delta
4645,0.0008975931921444859,patient11_window16s_stride1s-epo,delta
4646,0.0008620272016388338,patient11_window16s_stride1s-epo,delta
4647,0.0008877434304626218,patient11_window16s_stride1s-epo,delta
4648,0.0012577971500005345,patient11_window16s_stride1s-epo,delta
4649,0.001450469162084083,patient11_window16s_stride1s-epo,delta
4650,0.001626989495215869,patient11_window16s_stride1s-epo,delta
4651,0.001693613624434046,patient11_window16s_stride1s-epo,delta
4652,0.0002786599863551904,patient11_window16s_stride1s-epo,delta
4653,-0.0003388980971426523,patient11_window16s_stride1s-epo,delta
4654,7.041028176354602e-05,patient11_window16s_stride1s-epo,delta
4655,0.00017748483995260652,patient11_window16s_stride1s-epo,delta
4656,-0.000502514156574529,patient11_window16s_stride1s-epo,delta
4657,-0.0007439148593377435,patient11_window16s_stride1s-epo,delta
4658,-0.0016651033749766097,patient11_window16s_stride1s-epo,delta
4659,-0.0015916450720201553,patient11_window16s_stride1s-epo,delta
4660,-0.0021486482557979227,patient11_window16s_stride1s-epo,delta
4661,-0.002729213704334753,patient11_window16s_stride1s-epo,delta
4662,-0.0022552805910452333,patient11_window16s_stride1s-epo,delta
4663,-0.0010583230657371392,patient11_window16s_stride1s-epo,delta
4664,-0.002284341586847932,patient11_window16s_stride1s-epo,delta
4665,-0.0005913299559718561,patient11_window16s_stride1s-epo,delta
4666,-0.0005480378824613428,patient11_window16s_stride1s-epo,delta
4667,-0.0014502155750906857,patient11_window16s_stride1s-epo,delta
4668,-0.0007966189262277292,patient11_window16s_stride1s-epo,delta
4669,-0.00022497766239495888,patient11_window16s_stride1s-epo,delta
4670,-0.001438219077504447,patient11_window16s_stride1s-epo,delta
4671,-0.001735821846776592,patient11_window16s_stride1s-epo,delta
4672,0.0005265033519375535,patient11_window16s_stride1s-epo,delta
4673,0.0023475502290662737,patient11_window16s_stride1s-epo,delta
4674,0.002503039101173616,patient11_window16s_stride1s-epo,delta
4675,0.0021242674865400934,patient11_window16s_stride1s-epo,delta
4676,0.0017014478671130435,patient11_window16s_stride1s-epo,delta
4677,0.0017361424649329931,patient11_window16s_stride1s-epo,delta
4678,0.0012714038724445046,patient11_window16s_stride1s-epo,delta
4679,0.0013354716542246542,patient11_window16s_stride1s-epo,delta
4680,0.0008113559842145558,patient11_window16s_stride1s-epo,delta
4681,0.000241901565814752,patient11_window16s_stride1s-epo,delta
4682,0.0005248317997837453,patient11_window16s_stride1s-epo,delta
4683,0.0009707301425366661,patient11_window16s_stride1s-epo,delta
4684,0.00019439941891892951,patient11_window16s_stride1s-epo,delta
4685,0.00010368123566949077,patient11_window16s_stride1s-epo,delta
4686,0.00043383831225866703,patient11_window16s_stride1s-epo,delta
4687,0.001512171646758551,patient11_window16s_stride1s-epo,delta
4688,9.480824879299055e-05,patient11_window16s_stride1s-epo,delta
4689,-0.0002897508264699942,patient11_window16s_stride1s-epo,delta
4690,-0.001141419670686412,patient11_window16s_stride1s-epo,delta
4691,-0.000336971556779737,patient11_window16s_stride1s-epo,delta
4692,-0.0008925005260269066,patient11_window16s_stride1s-epo,delta
4693,-0.0006735986778347368,patient11_window16s_stride1s-epo,delta
4694,-0.0012293512634679793,patient11_window16s_stride1s-epo,delta
4695,-0.0012144385768356326,patient11_window16s_stride1s-epo,delta
4696,-0.0008105926267986703,patient11_window16s_stride1s-epo,delta
4697,-0.0009691534306276232,patient11_window16s_stride1s-epo,delta
4698,0.00030529354197327165,patient11_window16s_stride1s-epo,delta
4699,-0.0007607183757040493,patient11_window16s_stride1s-epo,delta
4700,-0.001080522038071633,patient11_window16s_stride1s-epo,delta
4701,-0.00031713063819769943,patient11_window16s_stride1s-epo,delta
4702,-0.00032319491811346704,patient11_window16s_stride1s-epo,delta
4703,-0.0005580825146701213,patient11_window16s_stride1s-epo,delta
4704,-0.00026192939149573285,patient11_window16s_stride1s-epo,delta
4705,-0.00030780040458179087,patient11_window16s_stride1s-epo,delta
4706,2.4914694572310727e-05,patient11_window16s_stride1s-epo,delta
4707,-0.0008591589609512244,patient11_window16s_stride1s-epo,delta
4708,0.0006507383786838078,patient11_window16s_stride1s-epo,delta
4709,0.0009688479846505611,patient11_window16s_stride1s-epo,delta
4710,0.0011462151039059944,patient11_window16s_stride1s-epo,delta
4711,0.0017440293852555961,patient11_window16s_stride1s-epo,delta
4712,0.0016897960569075099,patient11_window16s_stride1s-epo,delta
4713,0.0013057347278561992,patient11_window16s_stride1s-epo,delta
4714,0.00048573395041091866,patient11_window16s_stride1s-epo,delta
4715,0.0013945816951258761,patient11_window16s_stride1s-epo,delta
4716,0.001367886948137575,patient11_window16s_stride1s-epo,delta
4717,0.0008341226567790905,patient11_window16s_stride1s-epo,delta
4718,0.0010974914177075217,patient11_window16s_stride1s-epo,delta
4719,0.0022106169264917153,patient11_window16s_stride1s-epo,delta
4720,0.002563622664165291,patient11_window16s_stride1s-epo,delta
4721,0.0024001765588059633,patient11_window16s_stride1s-epo,delta
4722,0.0012544321054274643,patient11_window16s_stride1s-epo,delta
4723,0.0026919521915950307,patient11_window16s_stride1s-epo,delta
4724,0.002540882034730294,patient11_window16s_stride1s-epo,delta
4725,0.0012462100731091793,patient11_window16s_stride1s-epo,delta
4726,0.0012963692965290681,patient11_window16s_stride1s-epo,delta
4727,0.00042442439899357734,patient11_window16s_stride1s-epo,delta
4728,0.0012239312804564273,patient11_window16s_stride1s-epo,delta
4729,0.0008813976001194765,patient11_window16s_stride1s-epo,delta
4730,0.00042893212037091504,patient11_window16s_stride1s-epo,delta
4731,-7.957174308405256e-05,patient11_window16s_stride1s-epo,delta
4732,0.0015393378677400734,patient11_window16s_stride1s-epo,delta
4733,0.002230365950979905,patient11_window16s_stride1s-epo,delta
4734,0.001455414916272999,patient11_window16s_stride1s-epo,delta
4735,0.0008404504225454104,patient11_window16s_stride1s-epo,delta
4736,0.0005905459810976718,patient11_window16s_stride1s-epo,delta
4737,0.0005011070769946481,patient11_window16s_stride1s-epo,delta
4738,-0.0003787120860921185,patient11_window16s_stride1s-epo,delta
4739,-0.0011203911931970227,patient11_window16s_stride1s-epo,delta
4740,-0.0007553591260603453,patient11_window16s_stride1s-epo,delta
4741,0.000354972204085133,patient11_window16s_stride1s-epo,delta
4742,0.0022547971275207533,patient11_window16s_stride1s-epo,delta
4743,0.0018766876380457618,patient11_window16s_stride1s-epo,delta
4744,0.0015996928553091798,patient11_window16s_stride1s-epo,delta
4745,0.0032095660241906456,patient11_window16s_stride1s-epo,delta
4746,0.0025817962007705095,patient11_window16s_stride1s-epo,delta
4747,0.0015956073425985042,patient11_window16s_stride1s-epo,delta
4748,0.0003156876870020225,patient11_window16s_stride1s-epo,delta
4749,-0.000421837752004255,patient11_window16s_stride1s-epo,delta
4750,-0.00020900934765785941,patient11_window16s_stride1s-epo,delta
4751,0.000397816626630027,patient11_window16s_stride1s-epo,delta
4752,0.0001113564023672371,patient11_window16s_stride1s-epo,delta
4753,0.0007950169324734219,patient11_window16s_stride1s-epo,delta
4754,-0.0009743744656409263,patient11_window16s_stride1s-epo,delta
4755,0.00010045368846552836,patient11_window16s_stride1s-epo,delta
4756,-0.000565384865352639,patient11_window16s_stride1s-epo,delta
4757,-0.001922719264950136,patient11_window16s_stride1s-epo,delta
4758,-0.0010248628012072517,patient11_window16s_stride1s-epo,delta
4759,-0.0011958454090240868,patient11_window16s_stride1s-epo,delta
4760,-0.0011251021741422265,patient11_window16s_stride1s-epo,delta
4761,-0.0012593572202579827,patient11_window16s_stride1s-epo,delta
4762,-0.0016388589201957293,patient11_window16s_stride1s-epo,delta
4763,-0.0018025658930633872,patient11_window16s_stride1s-epo,delta
4764,0.000392301610446727,patient11_window16s_stride1s-epo,delta
4765,0.0004897849241446335,patient11_window16s_stride1s-epo,delta
4766,0.0014193936373973432,patient11_window16s_stride1s-epo,delta
4767,0.00035358553366100645,patient11_window16s_stride1s-epo,delta
4768,0.0006603417614692938,patient11_window16s_stride1s-epo,delta
4769,0.0011654774992800384,patient11_window16s_stride1s-epo,delta
4770,0.0026815350435253358,patient11_window16s_stride1s-epo,delta
4771,0.0014992228282980293,patient11_window16s_stride1s-epo,delta
4772,0.0012083911512584514,patient11_window16s_stride1s-epo,delta
4773,0.0016522953580684805,patient11_window16s_stride1s-epo,delta
4774,0.0028252484254780654,patient11_window16s_stride1s-epo,delta
4775,0.004385553824204235,patient11_window16s_stride1s-epo,delta
4776,0.004327717518715829,patient11_window16s_stride1s-epo,delta
4777,0.003389766404054899,patient11_window16s_stride1s-epo,delta
4778,0.0031813067926843466,patient11_window16s_stride1s-epo,delta
4779,0.0034443137343674545,patient11_window16s_stride1s-epo,delta
4780,0.0016891787001682753,patient11_window16s_stride1s-epo,delta
4781,0.0024020452903359773,patient11_window16s_stride1s-epo,delta
4782,0.002566517897356151,patient11_window16s_stride1s-epo,delta
4783,0.002747736674702117,patient11_window16s_stride1s-epo,delta
4784,0.002275109814579385,patient11_window16s_stride1s-epo,delta
4785,0.001740471243590437,patient11_window16s_stride1s-epo,delta
4786,0.002222278519359092,patient11_window16s_stride1s-epo,delta
4787,0.0029735112767117758,patient11_window16s_stride1s-epo,delta
4788,0.003510845913113197,patient11_window16s_stride1s-epo,delta
4789,0.0027724415453433326,patient11_window16s_stride1s-epo,delta
4790,0.0017009769252126345,patient11_window16s_stride1s-epo,delta
4791,0.0006855238611681099,patient11_window16s_stride1s-epo,delta
4792,0.0008854515554076486,patient11_window16s_stride1s-epo,delta
4793,0.0008545179231637933,patient11_window16s_stride1s-epo,delta
4794,0.001911077568362865,patient11_window16s_stride1s-epo,delta
4795,0.0015279902126108772,patient11_window16s_stride1s-epo,delta
4796,0.0026085476194256524,patient11_window16s_stride1s-epo,delta
4797,0.0021557635917195156,patient11_window16s_stride1s-epo,delta
4798,0.001757251460833024,patient11_window16s_stride1s-epo,delta
4799,0.002118605233188541,patient11_window16s_stride1s-epo,delta
4800,0.0032307163555303302,patient11_window16s_stride1s-epo,delta
4801,0.00344156379331066,patient11_window16s_stride1s-epo,delta
4802,0.001962889748319989,patient11_window16s_stride1s-epo,delta
4803,0.002910384144277314,patient11_window16s_stride1s-epo,delta
4804,0.002046296778499003,patient11_window16s_stride1s-epo,delta
4805,0.0014591650400934686,patient11_window16s_stride1s-epo,delta
4806,0.0024667858053410356,patient11_window16s_stride1s-epo,delta
4807,0.0024193698385535423,patient11_window16s_stride1s-epo,delta
4808,0.0023005263194584642,patient11_window16s_stride1s-epo,delta
4809,0.0010321236590136792,patient11_window16s_stride1s-epo,delta
4810,0.0012127846982878474,patient11_window16s_stride1s-epo,delta
4811,0.0007666694657002453,patient11_window16s_stride1s-epo,delta
4812,0.0011816893536084263,patient11_window16s_stride1s-epo,delta
4813,0.0005380895026854228,patient11_window16s_stride1s-epo,delta
4814,-0.00011034679136113402,patient11_window16s_stride1s-epo,delta
4815,-0.000963421162447525,patient11_window16s_stride1s-epo,delta
4816,-0.0013848465239547,patient11_window16s_stride1s-epo,delta
4817,-0.0022414183934364672,patient11_window16s_stride1s-epo,delta
4818,-0.0025292786886171197,patient11_window16s_stride1s-epo,delta
4819,-0.002626449229228416,patient11_window16s_stride1s-epo,delta
4820,-0.0019094918864896576,patient11_window16s_stride1s-epo,delta
4821,-0.001684630120336541,patient11_window16s_stride1s-epo,delta
4822,-0.0015934553381147876,patient11_window16s_stride1s-epo,delta
4823,-0.0027740170739994374,patient11_window16s_stride1s-epo,delta
4824,-0.0026844353461260274,patient11_window16s_stride1s-epo,delta
4825,-0.0023359271119533865,patient11_window16s_stride1s-epo,delta
4826,-0.0035673363114707007,patient11_window16s_stride1s-epo,delta
4827,-0.0026912932686937456,patient11_window16s_stride1s-epo,delta
4828,-0.0019690289067714807,patient11_window16s_stride1s-epo,delta
4829,-0.002335069108836074,patient11_window16s_stride1s-epo,delta
4830,-0.002376647782926803,patient11_window16s_stride1s-epo,delta
4831,-0.0008033364228063801,patient11_window16s_stride1s-epo,delta
4832,-0.0009260977370965622,patient11_window16s_stride1s-epo,delta
4833,-0.0014032158011852488,patient11_window16s_stride1s-epo,delta
4834,-0.00016864801776717288,patient11_window16s_stride1s-epo,delta
4835,-0.001067785237209184,patient11_window16s_stride1s-epo,delta
