epoch_index,wsmi_scalar,subject_id,band
0,-0.0033848555411259483,patient10_window16s_stride1s-epo,theta
1,-0.003937334318412723,patient10_window16s_stride1s-epo,theta
2,-0.004268136668868418,patient10_window16s_stride1s-epo,theta
3,-0.003817160189800275,patient10_window16s_stride1s-epo,theta
4,-0.004210704397709395,patient10_window16s_stride1s-epo,theta
5,-0.0042358474948071346,patient10_window16s_stride1s-epo,theta
6,-0.0019607363009655535,patient10_window16s_stride1s-epo,theta
7,-0.002761973531104806,patient10_window16s_stride1s-epo,theta
8,-0.0021244213573671385,patient10_window16s_stride1s-epo,theta
9,-0.004121912948800787,patient10_window16s_stride1s-epo,theta
10,-0.003373157977869396,patient10_window16s_stride1s-epo,theta
11,-0.003737417049402539,patient10_window16s_stride1s-epo,theta
12,-0.00482120429096201,patient10_window16s_stride1s-epo,theta
13,-0.005733778116440936,patient10_window16s_stride1s-epo,theta
14,-0.003274732233630091,patient10_window16s_stride1s-epo,theta
15,-0.004389406946727269,patient10_window16s_stride1s-epo,theta
16,-0.004649250768395425,patient10_window16s_stride1s-epo,theta
17,-0.006319199854067719,patient10_window16s_stride1s-epo,theta
18,-0.008151250074538277,patient10_window16s_stride1s-epo,theta
19,-0.008914156697475795,patient10_window16s_stride1s-epo,theta
20,-0.007007859860661801,patient10_window16s_stride1s-epo,theta
21,-0.006330163714084818,patient10_window16s_stride1s-epo,theta
22,-0.006332155111534934,patient10_window16s_stride1s-epo,theta
23,-0.007921028040846847,patient10_window16s_stride1s-epo,theta
24,-0.007128283559409161,patient10_window16s_stride1s-epo,theta
25,-0.006044835665274257,patient10_window16s_stride1s-epo,theta
26,-0.008217607960643447,patient10_window16s_stride1s-epo,theta
27,-0.008018277203076568,patient10_window16s_stride1s-epo,theta
28,-0.007631643062973252,patient10_window16s_stride1s-epo,theta
29,-0.007020263379317914,patient10_window16s_stride1s-epo,theta
30,-0.006443898047262531,patient10_window16s_stride1s-epo,theta
31,-0.006704731545148546,patient10_window16s_stride1s-epo,theta
32,-0.005655088725108394,patient10_window16s_stride1s-epo,theta
33,-0.006586308462539917,patient10_window16s_stride1s-epo,theta
34,-0.004056673859984326,patient10_window16s_stride1s-epo,theta
35,-0.005182075451134669,patient10_window16s_stride1s-epo,theta
36,-0.005366017888547597,patient10_window16s_stride1s-epo,theta
37,-0.006934211080858112,patient10_window16s_stride1s-epo,theta
38,-0.006534773252226892,patient10_window16s_stride1s-epo,theta
39,-0.004423604148485039,patient10_window16s_stride1s-epo,theta
40,-0.005621437588610881,patient10_window16s_stride1s-epo,theta
41,-0.0041762607651868984,patient10_window16s_stride1s-epo,theta
42,-0.003025746270747883,patient10_window16s_stride1s-epo,theta
43,-0.0014532011308421734,patient10_window16s_stride1s-epo,theta
44,-0.0003124870258181144,patient10_window16s_stride1s-epo,theta
45,-0.0007684840862766292,patient10_window16s_stride1s-epo,theta
46,-0.0010079473772573709,patient10_window16s_stride1s-epo,theta
47,-0.0023652076842278413,patient10_window16s_stride1s-epo,theta
48,-0.003111631185454933,patient10_window16s_stride1s-epo,theta
49,-0.003135975016409567,patient10_window16s_stride1s-epo,theta
50,-0.004786218641554964,patient10_window16s_stride1s-epo,theta
51,-0.00387839377637951,patient10_window16s_stride1s-epo,theta
52,-0.004001206443801435,patient10_window16s_stride1s-epo,theta
53,-0.0031057586620927974,patient10_window16s_stride1s-epo,theta
54,-0.004048866807838463,patient10_window16s_stride1s-epo,theta
55,-0.00455741013845341,patient10_window16s_stride1s-epo,theta
56,-0.0030895586439227242,patient10_window16s_stride1s-epo,theta
57,-0.005135619230554493,patient10_window16s_stride1s-epo,theta
58,-0.004689820559425206,patient10_window16s_stride1s-epo,theta
59,-0.005256270676670286,patient10_window16s_stride1s-epo,theta
60,-0.006212132481827729,patient10_window16s_stride1s-epo,theta
61,-0.005081613685191039,patient10_window16s_stride1s-epo,theta
62,-0.006174612604318141,patient10_window16s_stride1s-epo,theta
63,-0.005891500433303942,patient10_window16s_stride1s-epo,theta
64,-0.005954692764571651,patient10_window16s_stride1s-epo,theta
65,-0.005316625484831227,patient10_window16s_stride1s-epo,theta
66,-0.004272081677494502,patient10_window16s_stride1s-epo,theta
67,-0.006107584584643022,patient10_window16s_stride1s-epo,theta
68,-0.006150877119636352,patient10_window16s_stride1s-epo,theta
69,-0.005940414974861927,patient10_window16s_stride1s-epo,theta
70,-0.007356875901661084,patient10_window16s_stride1s-epo,theta
71,-0.006402523652191825,patient10_window16s_stride1s-epo,theta
72,-0.00680481371344884,patient10_window16s_stride1s-epo,theta
73,-0.006735158015498249,patient10_window16s_stride1s-epo,theta
74,-0.006007039727405497,patient10_window16s_stride1s-epo,theta
75,-0.0051649610059224535,patient10_window16s_stride1s-epo,theta
76,-0.00576151551388994,patient10_window16s_stride1s-epo,theta
77,-0.004826586471955903,patient10_window16s_stride1s-epo,theta
78,-0.004375886919918758,patient10_window16s_stride1s-epo,theta
79,-0.004430311433075043,patient10_window16s_stride1s-epo,theta
80,-0.004901616331136426,patient10_window16s_stride1s-epo,theta
81,-0.004308688627785013,patient10_window16s_stride1s-epo,theta
82,-0.0023596801354582083,patient10_window16s_stride1s-epo,theta
83,-0.00267002022479324,patient10_window16s_stride1s-epo,theta
84,-0.003069851978637903,patient10_window16s_stride1s-epo,theta
85,-0.003966954832593332,patient10_window16s_stride1s-epo,theta
86,-0.00231108387014886,patient10_window16s_stride1s-epo,theta
87,-0.001749264476350286,patient10_window16s_stride1s-epo,theta
88,-0.0022804706488050814,patient10_window16s_stride1s-epo,theta
89,-0.001087903567966157,patient10_window16s_stride1s-epo,theta
90,-0.0036830995582185977,patient10_window16s_stride1s-epo,theta
91,-0.003215921599055262,patient10_window16s_stride1s-epo,theta
92,-0.002084326702590005,patient10_window16s_stride1s-epo,theta
93,-0.0018089058697962378,patient10_window16s_stride1s-epo,theta
94,-0.0022032125132274657,patient10_window16s_stride1s-epo,theta
95,-0.0005576468580339609,patient10_window16s_stride1s-epo,theta
96,-0.002659459618007459,patient10_window16s_stride1s-epo,theta
97,-0.0016941141368786877,patient10_window16s_stride1s-epo,theta
98,-0.0028568235452837596,patient10_window16s_stride1s-epo,theta
99,0.00034038915968693536,patient10_window16s_stride1s-epo,theta
100,-0.002670946830309743,patient10_window16s_stride1s-epo,theta
101,-0.0024383301034752386,patient10_window16s_stride1s-epo,theta
102,-0.0028512075434944666,patient10_window16s_stride1s-epo,theta
103,-0.001433917321098741,patient10_window16s_stride1s-epo,theta
104,-0.004070736553496474,patient10_window16s_stride1s-epo,theta
105,-0.004401782762112134,patient10_window16s_stride1s-epo,theta
106,-0.004098662169316518,patient10_window16s_stride1s-epo,theta
107,-0.005449603793757471,patient10_window16s_stride1s-epo,theta
108,-0.004026005553446603,patient10_window16s_stride1s-epo,theta
109,-0.00554575389687799,patient10_window16s_stride1s-epo,theta
110,-0.005376614236837068,patient10_window16s_stride1s-epo,theta
111,-0.006509177336817012,patient10_window16s_stride1s-epo,theta
112,-0.006676580459035672,patient10_window16s_stride1s-epo,theta
113,-0.005628182989241171,patient10_window16s_stride1s-epo,theta
114,-0.00544825251921437,patient10_window16s_stride1s-epo,theta
115,-0.004103118268330803,patient10_window16s_stride1s-epo,theta
116,-0.002805767957531933,patient10_window16s_stride1s-epo,theta
117,-0.003652203193811454,patient10_window16s_stride1s-epo,theta
118,-0.003930675666517489,patient10_window16s_stride1s-epo,theta
119,-0.002081375161432873,patient10_window16s_stride1s-epo,theta
120,-0.0018765931042794648,patient10_window16s_stride1s-epo,theta
121,-0.0010076883219079923,patient10_window16s_stride1s-epo,theta
122,-0.0006374581342690051,patient10_window16s_stride1s-epo,theta
123,-0.0010978884333556623,patient10_window16s_stride1s-epo,theta
124,-0.0012545540476080743,patient10_window16s_stride1s-epo,theta
125,-0.00021925021666180624,patient10_window16s_stride1s-epo,theta
126,0.0006197008167369284,patient10_window16s_stride1s-epo,theta
127,0.001799555626505846,patient10_window16s_stride1s-epo,theta
128,0.0006169441716221549,patient10_window16s_stride1s-epo,theta
129,0.0009223404547902672,patient10_window16s_stride1s-epo,theta
130,-0.000680602355915655,patient10_window16s_stride1s-epo,theta
131,8.827042984674738e-06,patient10_window16s_stride1s-epo,theta
132,-0.0026670917522753795,patient10_window16s_stride1s-epo,theta
133,-0.004337980962115866,patient10_window16s_stride1s-epo,theta
134,-0.003111378680555407,patient10_window16s_stride1s-epo,theta
135,-0.003035979703103481,patient10_window16s_stride1s-epo,theta
136,-0.0028778383172552813,patient10_window16s_stride1s-epo,theta
137,-0.004449493963454517,patient10_window16s_stride1s-epo,theta
138,-0.0027225486548742997,patient10_window16s_stride1s-epo,theta
139,-0.004124770936406338,patient10_window16s_stride1s-epo,theta
140,-0.00484382207535062,patient10_window16s_stride1s-epo,theta
141,-0.0046277798290328045,patient10_window16s_stride1s-epo,theta
142,-0.005130444761179696,patient10_window16s_stride1s-epo,theta
143,-0.005277655361408843,patient10_window16s_stride1s-epo,theta
144,-0.005398346894381617,patient10_window16s_stride1s-epo,theta
145,-0.0060300737656348875,patient10_window16s_stride1s-epo,theta
146,-0.00524835062850648,patient10_window16s_stride1s-epo,theta
147,-0.005456667467939575,patient10_window16s_stride1s-epo,theta
148,-0.00435119447166089,patient10_window16s_stride1s-epo,theta
149,-0.005087422439619448,patient10_window16s_stride1s-epo,theta
150,-0.00586436700628745,patient10_window16s_stride1s-epo,theta
151,-0.007096137455366426,patient10_window16s_stride1s-epo,theta
152,-0.0054404514239349295,patient10_window16s_stride1s-epo,theta
153,-0.007645771190520051,patient10_window16s_stride1s-epo,theta
154,-0.007900853864632872,patient10_window16s_stride1s-epo,theta
155,-0.007732764968777872,patient10_window16s_stride1s-epo,theta
156,-0.008468355744834712,patient10_window16s_stride1s-epo,theta
157,-0.008459060034603567,patient10_window16s_stride1s-epo,theta
158,-0.007744578628174726,patient10_window16s_stride1s-epo,theta
159,-0.006838760827840117,patient10_window16s_stride1s-epo,theta
160,-0.006487837647083124,patient10_window16s_stride1s-epo,theta
161,-0.004464139810041921,patient10_window16s_stride1s-epo,theta
162,-0.006646065818035457,patient10_window16s_stride1s-epo,theta
163,-0.00580804212121675,patient10_window16s_stride1s-epo,theta
164,-0.0070815767595408365,patient10_window16s_stride1s-epo,theta
165,-0.006122229706569412,patient10_window16s_stride1s-epo,theta
166,-0.0056640670437449765,patient10_window16s_stride1s-epo,theta
167,-0.004757496313713231,patient10_window16s_stride1s-epo,theta
168,-0.005749696735153677,patient10_window16s_stride1s-epo,theta
169,-0.005273147807678195,patient10_window16s_stride1s-epo,theta
170,-0.006243033079029699,patient10_window16s_stride1s-epo,theta
171,-0.005644597900966387,patient10_window16s_stride1s-epo,theta
172,-0.005098269502712577,patient10_window16s_stride1s-epo,theta
173,-0.005370128301839344,patient10_window16s_stride1s-epo,theta
174,-0.0064558205356517314,patient10_window16s_stride1s-epo,theta
175,-0.005336635540255202,patient10_window16s_stride1s-epo,theta
176,-0.006152112170879767,patient10_window16s_stride1s-epo,theta
177,-0.007900737476983725,patient10_window16s_stride1s-epo,theta
178,-0.008136725517533043,patient10_window16s_stride1s-epo,theta
179,-0.006370129422936987,patient10_window16s_stride1s-epo,theta
180,-0.0067099758663202525,patient10_window16s_stride1s-epo,theta
181,-0.006209086909568896,patient10_window16s_stride1s-epo,theta
182,-0.0070413971627247786,patient10_window16s_stride1s-epo,theta
183,-0.006884341182927777,patient10_window16s_stride1s-epo,theta
184,-0.004319698515725967,patient10_window16s_stride1s-epo,theta
185,-0.004521636834900745,patient10_window16s_stride1s-epo,theta
186,-0.003311716730006712,patient10_window16s_stride1s-epo,theta
187,-0.0032613040938158965,patient10_window16s_stride1s-epo,theta
188,-0.0035123808410690957,patient10_window16s_stride1s-epo,theta
189,-0.0031205039938849402,patient10_window16s_stride1s-epo,theta
190,-0.0025813448765564326,patient10_window16s_stride1s-epo,theta
191,-0.0026472564901934663,patient10_window16s_stride1s-epo,theta
192,-0.0017162429510072187,patient10_window16s_stride1s-epo,theta
193,-0.0011288304944609827,patient10_window16s_stride1s-epo,theta
194,-0.0014020971370099016,patient10_window16s_stride1s-epo,theta
195,-0.0011379917846898754,patient10_window16s_stride1s-epo,theta
196,-0.001346659862829486,patient10_window16s_stride1s-epo,theta
197,-0.0018623311385955932,patient10_window16s_stride1s-epo,theta
198,-0.00023452945802433705,patient10_window16s_stride1s-epo,theta
199,-0.001815427191776381,patient10_window16s_stride1s-epo,theta
200,-0.001853928126314823,patient10_window16s_stride1s-epo,theta
201,-0.0019319614328170724,patient10_window16s_stride1s-epo,theta
202,-0.001443882835514145,patient10_window16s_stride1s-epo,theta
203,-0.0023921007235359264,patient10_window16s_stride1s-epo,theta
204,-0.0008334523854583686,patient10_window16s_stride1s-epo,theta
205,-0.0017074559399983084,patient10_window16s_stride1s-epo,theta
206,-0.0019042060625058437,patient10_window16s_stride1s-epo,theta
207,-0.0013617045284789915,patient10_window16s_stride1s-epo,theta
208,-0.0024267390945381584,patient10_window16s_stride1s-epo,theta
209,-0.0021638858122260732,patient10_window16s_stride1s-epo,theta
210,-0.0023109043920865545,patient10_window16s_stride1s-epo,theta
211,-0.0026436990304900044,patient10_window16s_stride1s-epo,theta
212,-0.004111931571970748,patient10_window16s_stride1s-epo,theta
213,-0.0033189570822308645,patient10_window16s_stride1s-epo,theta
214,-0.00359782094567623,patient10_window16s_stride1s-epo,theta
215,-0.0038537031260844597,patient10_window16s_stride1s-epo,theta
216,-0.0032678527889920114,patient10_window16s_stride1s-epo,theta
217,-0.0042773968431810815,patient10_window16s_stride1s-epo,theta
218,-0.0036223044618630233,patient10_window16s_stride1s-epo,theta
219,-0.0034414676821870526,patient10_window16s_stride1s-epo,theta
220,-0.0035576842754677096,patient10_window16s_stride1s-epo,theta
221,-0.004360327687621394,patient10_window16s_stride1s-epo,theta
222,-0.00409174337026551,patient10_window16s_stride1s-epo,theta
223,-0.005358904123823093,patient10_window16s_stride1s-epo,theta
224,-0.004741624839402441,patient10_window16s_stride1s-epo,theta
225,-0.005129413912700663,patient10_window16s_stride1s-epo,theta
226,-0.004902078807927356,patient10_window16s_stride1s-epo,theta
227,-0.00597828063622119,patient10_window16s_stride1s-epo,theta
228,-0.006322715468335064,patient10_window16s_stride1s-epo,theta
229,-0.0067121551420176685,patient10_window16s_stride1s-epo,theta
230,-0.0041191639521586994,patient10_window16s_stride1s-epo,theta
231,-0.004908355387610209,patient10_window16s_stride1s-epo,theta
232,-0.005670605914121619,patient10_window16s_stride1s-epo,theta
233,-0.004689455313107145,patient10_window16s_stride1s-epo,theta
234,-0.0038822248613988694,patient10_window16s_stride1s-epo,theta
235,-0.004884057843899706,patient10_window16s_stride1s-epo,theta
236,-0.005330497680211416,patient10_window16s_stride1s-epo,theta
237,-0.0044389341494748226,patient10_window16s_stride1s-epo,theta
238,-0.005208558006157287,patient10_window16s_stride1s-epo,theta
239,-0.004534128760824773,patient10_window16s_stride1s-epo,theta
240,-0.0042401721592808615,patient10_window16s_stride1s-epo,theta
241,-0.004697596026709828,patient10_window16s_stride1s-epo,theta
242,-0.003244073393302974,patient10_window16s_stride1s-epo,theta
243,-0.0036531071232464084,patient10_window16s_stride1s-epo,theta
244,-0.0021683479298340315,patient10_window16s_stride1s-epo,theta
245,-0.001523876996757767,patient10_window16s_stride1s-epo,theta
246,-0.0034692823004015597,patient10_window16s_stride1s-epo,theta
247,-0.0020800287653977003,patient10_window16s_stride1s-epo,theta
248,-0.0009219514911897263,patient10_window16s_stride1s-epo,theta
249,-0.00129675951984171,patient10_window16s_stride1s-epo,theta
250,-0.001890361213645789,patient10_window16s_stride1s-epo,theta
251,-0.0024045958904406065,patient10_window16s_stride1s-epo,theta
252,-0.0012393096348882417,patient10_window16s_stride1s-epo,theta
253,-0.0017759593151933446,patient10_window16s_stride1s-epo,theta
254,-0.0028243982419671777,patient10_window16s_stride1s-epo,theta
255,-0.002196343441149337,patient10_window16s_stride1s-epo,theta
256,-0.0016023869158203793,patient10_window16s_stride1s-epo,theta
257,-0.0027419650998027952,patient10_window16s_stride1s-epo,theta
258,-0.0030217158345424307,patient10_window16s_stride1s-epo,theta
259,-0.0033660768055280427,patient10_window16s_stride1s-epo,theta
260,-0.002623493840238398,patient10_window16s_stride1s-epo,theta
261,-0.0020046602697075,patient10_window16s_stride1s-epo,theta
262,-0.0018477979965873948,patient10_window16s_stride1s-epo,theta
263,-0.003083610849501907,patient10_window16s_stride1s-epo,theta
264,-0.003850082654694931,patient10_window16s_stride1s-epo,theta
265,-0.00587603779800891,patient10_window16s_stride1s-epo,theta
266,-0.004978665963014966,patient10_window16s_stride1s-epo,theta
267,-0.0064433913929543615,patient10_window16s_stride1s-epo,theta
268,-0.0070016244624279455,patient10_window16s_stride1s-epo,theta
269,-0.0055227687567420995,patient10_window16s_stride1s-epo,theta
270,-0.004983730544547198,patient10_window16s_stride1s-epo,theta
271,-0.004585841250917408,patient10_window16s_stride1s-epo,theta
272,-0.00609493138279545,patient10_window16s_stride1s-epo,theta
273,-0.006250660827100464,patient10_window16s_stride1s-epo,theta
274,-0.006046109565130203,patient10_window16s_stride1s-epo,theta
275,-0.007496090892597787,patient10_window16s_stride1s-epo,theta
276,-0.00792419523613397,patient10_window16s_stride1s-epo,theta
277,-0.007064918634643606,patient10_window16s_stride1s-epo,theta
278,-0.007427974027424466,patient10_window16s_stride1s-epo,theta
279,-0.004644156694941082,patient10_window16s_stride1s-epo,theta
280,-0.004440873569130404,patient10_window16s_stride1s-epo,theta
281,-0.003838073546486053,patient10_window16s_stride1s-epo,theta
282,-0.00440064676185239,patient10_window16s_stride1s-epo,theta
283,-0.003945389803728823,patient10_window16s_stride1s-epo,theta
284,-0.0032793862820166024,patient10_window16s_stride1s-epo,theta
285,-0.0036786386320688956,patient10_window16s_stride1s-epo,theta
286,-0.0048195681761508844,patient10_window16s_stride1s-epo,theta
287,-0.004276514556759592,patient10_window16s_stride1s-epo,theta
288,-0.0035418597187191225,patient10_window16s_stride1s-epo,theta
289,-0.003225428595688536,patient10_window16s_stride1s-epo,theta
290,-0.0028248445075300735,patient10_window16s_stride1s-epo,theta
291,-0.0013568319207876893,patient10_window16s_stride1s-epo,theta
292,-0.0014367855136503778,patient10_window16s_stride1s-epo,theta
293,-0.0025960963322706463,patient10_window16s_stride1s-epo,theta
294,-0.003016366527375676,patient10_window16s_stride1s-epo,theta
295,-0.0019679673847273946,patient10_window16s_stride1s-epo,theta
296,-0.0011946114169451602,patient10_window16s_stride1s-epo,theta
297,-0.0016536160897378104,patient10_window16s_stride1s-epo,theta
298,-0.0006626436953271503,patient10_window16s_stride1s-epo,theta
299,-0.00037253189865890814,patient10_window16s_stride1s-epo,theta
300,-0.0007272604663349226,patient10_window16s_stride1s-epo,theta
301,-0.00031900373661817287,patient10_window16s_stride1s-epo,theta
302,0.000619749337896168,patient10_window16s_stride1s-epo,theta
303,-0.0005834827325314362,patient10_window16s_stride1s-epo,theta
304,0.0005246371381543285,patient10_window16s_stride1s-epo,theta
305,0.0014293070102532426,patient10_window16s_stride1s-epo,theta
306,0.001312624850871349,patient10_window16s_stride1s-epo,theta
307,-0.0006467005315944638,patient10_window16s_stride1s-epo,theta
308,-0.0012466179562917584,patient10_window16s_stride1s-epo,theta
309,-0.0005558086566793755,patient10_window16s_stride1s-epo,theta
310,-0.0012943808298957013,patient10_window16s_stride1s-epo,theta
311,-0.0032752238704572756,patient10_window16s_stride1s-epo,theta
312,-0.004133364498349619,patient10_window16s_stride1s-epo,theta
313,-0.003952905788208079,patient10_window16s_stride1s-epo,theta
314,-0.0039522055222868955,patient10_window16s_stride1s-epo,theta
315,-0.004730442539093062,patient10_window16s_stride1s-epo,theta
316,-0.004955073826583151,patient10_window16s_stride1s-epo,theta
317,-0.003773643284306775,patient10_window16s_stride1s-epo,theta
318,-0.00495267977997878,patient10_window16s_stride1s-epo,theta
319,-0.0062869868907228605,patient10_window16s_stride1s-epo,theta
320,-0.006044241299452509,patient10_window16s_stride1s-epo,theta
321,-0.006472667976639097,patient10_window16s_stride1s-epo,theta
322,-0.006303718778149765,patient10_window16s_stride1s-epo,theta
323,-0.005367984617104797,patient10_window16s_stride1s-epo,theta
324,-0.006195188000710622,patient10_window16s_stride1s-epo,theta
325,-0.004727177392030998,patient10_window16s_stride1s-epo,theta
326,-0.004645530951505549,patient10_window16s_stride1s-epo,theta
327,-0.005185343119582877,patient10_window16s_stride1s-epo,theta
328,-0.005014080182884595,patient10_window16s_stride1s-epo,theta
329,-0.003941000540635138,patient10_window16s_stride1s-epo,theta
330,-0.005374569387902662,patient10_window16s_stride1s-epo,theta
331,-0.004318264173340363,patient10_window16s_stride1s-epo,theta
332,-0.003860179265578308,patient10_window16s_stride1s-epo,theta
333,-0.0034144404880209096,patient10_window16s_stride1s-epo,theta
334,-0.0033759307954505735,patient10_window16s_stride1s-epo,theta
335,-0.001657848082888939,patient10_window16s_stride1s-epo,theta
336,-0.0020197673817214015,patient10_window16s_stride1s-epo,theta
337,-0.0018001265057287809,patient10_window16s_stride1s-epo,theta
338,-0.0015409352574188402,patient10_window16s_stride1s-epo,theta
339,-0.001199100694100696,patient10_window16s_stride1s-epo,theta
340,-0.0005455381638768447,patient10_window16s_stride1s-epo,theta
341,-3.474786527039944e-05,patient10_window16s_stride1s-epo,theta
342,-0.0005855145814403784,patient10_window16s_stride1s-epo,theta
343,-0.0018342444177902061,patient10_window16s_stride1s-epo,theta
344,9.489176325426247e-05,patient10_window16s_stride1s-epo,theta
345,-0.0020085664187538778,patient10_window16s_stride1s-epo,theta
346,-0.0028110036669377982,patient10_window16s_stride1s-epo,theta
347,-0.0018741730457257216,patient10_window16s_stride1s-epo,theta
348,-0.0019852994166139966,patient10_window16s_stride1s-epo,theta
349,-0.004449275099553542,patient10_window16s_stride1s-epo,theta
350,-0.0045966771653879746,patient10_window16s_stride1s-epo,theta
351,-0.004238702873494221,patient10_window16s_stride1s-epo,theta
352,-0.005141922167553878,patient10_window16s_stride1s-epo,theta
353,-0.004500700652112745,patient10_window16s_stride1s-epo,theta
354,-0.007683955555209025,patient10_window16s_stride1s-epo,theta
355,-0.007248506621005312,patient10_window16s_stride1s-epo,theta
356,-0.0063416297392734225,patient10_window16s_stride1s-epo,theta
357,-0.006101089009373167,patient10_window16s_stride1s-epo,theta
358,-0.00472034282850433,patient10_window16s_stride1s-epo,theta
359,-0.004370333927308019,patient10_window16s_stride1s-epo,theta
360,-0.005513263866352417,patient10_window16s_stride1s-epo,theta
361,-0.004293539824620108,patient10_window16s_stride1s-epo,theta
362,-0.006958101366955574,patient10_window16s_stride1s-epo,theta
363,-0.007347900816046508,patient10_window16s_stride1s-epo,theta
364,-0.006970094251793006,patient10_window16s_stride1s-epo,theta
365,-0.005746579295086426,patient10_window16s_stride1s-epo,theta
366,-0.004667251083106333,patient10_window16s_stride1s-epo,theta
367,-0.005945631932274166,patient10_window16s_stride1s-epo,theta
368,-0.004999936034401731,patient10_window16s_stride1s-epo,theta
369,-0.0056108685579684976,patient10_window16s_stride1s-epo,theta
370,-0.004548091987403474,patient10_window16s_stride1s-epo,theta
371,-0.006175273026285051,patient10_window16s_stride1s-epo,theta
372,-0.005592618626958548,patient10_window16s_stride1s-epo,theta
373,-0.006911282088693383,patient10_window16s_stride1s-epo,theta
374,-0.006230772389524306,patient10_window16s_stride1s-epo,theta
375,-0.006617520214041984,patient10_window16s_stride1s-epo,theta
376,-0.005245039241273293,patient10_window16s_stride1s-epo,theta
377,-0.004523097863478677,patient10_window16s_stride1s-epo,theta
378,-0.006817848088243161,patient10_window16s_stride1s-epo,theta
379,-0.005225664931482558,patient10_window16s_stride1s-epo,theta
380,-0.00403581419412325,patient10_window16s_stride1s-epo,theta
381,-0.004630140687163737,patient10_window16s_stride1s-epo,theta
382,-0.004954984207961738,patient10_window16s_stride1s-epo,theta
383,-0.004255183582553706,patient10_window16s_stride1s-epo,theta
384,-0.0045222964881106815,patient10_window16s_stride1s-epo,theta
385,-0.0040732034476062265,patient10_window16s_stride1s-epo,theta
386,-0.004158983030623235,patient10_window16s_stride1s-epo,theta
387,-0.0037483245431400177,patient10_window16s_stride1s-epo,theta
388,-0.003793193777871599,patient10_window16s_stride1s-epo,theta
389,-0.004456388314253422,patient10_window16s_stride1s-epo,theta
390,-0.006344143837639223,patient10_window16s_stride1s-epo,theta
391,-0.006567436792877708,patient10_window16s_stride1s-epo,theta
392,-0.00659356682848047,patient10_window16s_stride1s-epo,theta
393,-0.006980412676533091,patient10_window16s_stride1s-epo,theta
394,-0.006462858920791875,patient10_window16s_stride1s-epo,theta
395,-0.0064721130209047925,patient10_window16s_stride1s-epo,theta
396,-0.00531429997392366,patient10_window16s_stride1s-epo,theta
397,-0.0040371258073938696,patient10_window16s_stride1s-epo,theta
398,-0.004436556295233487,patient10_window16s_stride1s-epo,theta
399,-0.004845071335407023,patient10_window16s_stride1s-epo,theta
400,-0.0036113948078072074,patient10_window16s_stride1s-epo,theta
401,-0.005715502803526648,patient10_window16s_stride1s-epo,theta
402,-0.0055421597822154075,patient10_window16s_stride1s-epo,theta
403,-0.006058655492929755,patient10_window16s_stride1s-epo,theta
404,-0.005389153831759801,patient10_window16s_stride1s-epo,theta
405,-0.006395559041600075,patient10_window16s_stride1s-epo,theta
406,-0.006547988107790064,patient10_window16s_stride1s-epo,theta
407,-0.007176142748914182,patient10_window16s_stride1s-epo,theta
408,-0.00574087572706489,patient10_window16s_stride1s-epo,theta
409,-0.007377515671300217,patient10_window16s_stride1s-epo,theta
410,-0.006993090181860116,patient10_window16s_stride1s-epo,theta
411,-0.007394158530107662,patient10_window16s_stride1s-epo,theta
412,-0.00856467759595355,patient10_window16s_stride1s-epo,theta
413,-0.007690663234130357,patient10_window16s_stride1s-epo,theta
414,-0.006633580996114286,patient10_window16s_stride1s-epo,theta
415,-0.0064077698678389515,patient10_window16s_stride1s-epo,theta
416,-0.006765465967610992,patient10_window16s_stride1s-epo,theta
417,-0.005371903288902597,patient10_window16s_stride1s-epo,theta
418,-0.005370556793470841,patient10_window16s_stride1s-epo,theta
419,-0.00608414826363242,patient10_window16s_stride1s-epo,theta
420,-0.0063615444309959735,patient10_window16s_stride1s-epo,theta
421,-0.005712530584608839,patient10_window16s_stride1s-epo,theta
422,-0.005794802766430085,patient10_window16s_stride1s-epo,theta
423,-0.00487012765768472,patient10_window16s_stride1s-epo,theta
424,-0.003985798643146008,patient10_window16s_stride1s-epo,theta
425,-0.002740830909747873,patient10_window16s_stride1s-epo,theta
426,-0.005012700786818966,patient10_window16s_stride1s-epo,theta
427,-0.003670096768838106,patient10_window16s_stride1s-epo,theta
428,-0.0039724229476704315,patient10_window16s_stride1s-epo,theta
429,-0.004291005943802836,patient10_window16s_stride1s-epo,theta
430,-0.0035443372366122097,patient10_window16s_stride1s-epo,theta
431,-0.004614206093737854,patient10_window16s_stride1s-epo,theta
432,-0.00395613221270397,patient10_window16s_stride1s-epo,theta
433,-0.003834775444299414,patient10_window16s_stride1s-epo,theta
434,-0.005938539562536351,patient10_window16s_stride1s-epo,theta
435,-0.005077952507617969,patient10_window16s_stride1s-epo,theta
436,-0.006278605223205083,patient10_window16s_stride1s-epo,theta
437,-0.0048327802434568945,patient10_window16s_stride1s-epo,theta
438,-0.005477671202880151,patient10_window16s_stride1s-epo,theta
439,-0.006209642099466842,patient10_window16s_stride1s-epo,theta
440,-0.005140396939778467,patient10_window16s_stride1s-epo,theta
441,-0.004458026198937224,patient10_window16s_stride1s-epo,theta
442,-0.0039893333287754264,patient10_window16s_stride1s-epo,theta
443,-0.004746041256583203,patient10_window16s_stride1s-epo,theta
444,-0.006095053633335648,patient10_window16s_stride1s-epo,theta
445,-0.005991164070487335,patient10_window16s_stride1s-epo,theta
446,-0.006858310855837503,patient10_window16s_stride1s-epo,theta
447,-0.00655073760064517,patient10_window16s_stride1s-epo,theta
448,-0.004409968158228395,patient10_window16s_stride1s-epo,theta
449,-0.0034880418683639978,patient10_window16s_stride1s-epo,theta
450,-0.005970185239706228,patient10_window16s_stride1s-epo,theta
451,-0.005361594940081952,patient10_window16s_stride1s-epo,theta
452,-0.005456690278773498,patient10_window16s_stride1s-epo,theta
453,-0.004776890626446837,patient10_window16s_stride1s-epo,theta
454,-0.005667731687223981,patient10_window16s_stride1s-epo,theta
455,-0.004484316096420329,patient10_window16s_stride1s-epo,theta
456,-0.00567332528470027,patient10_window16s_stride1s-epo,theta
457,-0.005998407649827883,patient10_window16s_stride1s-epo,theta
458,-0.007094243749089377,patient10_window16s_stride1s-epo,theta
459,-0.005309971140419459,patient10_window16s_stride1s-epo,theta
460,-0.004023784120242278,patient10_window16s_stride1s-epo,theta
461,-0.003001848154185691,patient10_window16s_stride1s-epo,theta
462,-0.0032280679775518197,patient10_window16s_stride1s-epo,theta
463,-0.003700114461347583,patient10_window16s_stride1s-epo,theta
464,-0.0049037136472382704,patient10_window16s_stride1s-epo,theta
465,-0.004225852212278898,patient10_window16s_stride1s-epo,theta
466,-0.006109018764835218,patient10_window16s_stride1s-epo,theta
467,-0.006048468247495685,patient10_window16s_stride1s-epo,theta
468,-0.006617916852983452,patient10_window16s_stride1s-epo,theta
469,-0.00750012549126638,patient10_window16s_stride1s-epo,theta
470,-0.008021090868171024,patient10_window16s_stride1s-epo,theta
471,-0.008006247106439242,patient10_window16s_stride1s-epo,theta
472,-0.0064894561424070655,patient10_window16s_stride1s-epo,theta
473,-0.00735754909460272,patient10_window16s_stride1s-epo,theta
474,-0.006677998545790585,patient10_window16s_stride1s-epo,theta
475,-0.00605523978179841,patient10_window16s_stride1s-epo,theta
476,-0.005622734543405635,patient10_window16s_stride1s-epo,theta
477,-0.0058877884094968615,patient10_window16s_stride1s-epo,theta
478,-0.005879304952131448,patient10_window16s_stride1s-epo,theta
479,-0.005012765583956241,patient10_window16s_stride1s-epo,theta
480,-0.005184781247160206,patient10_window16s_stride1s-epo,theta
481,-0.004312587878448994,patient10_window16s_stride1s-epo,theta
482,-0.0053210017042210015,patient10_window16s_stride1s-epo,theta
483,-0.006517404150078357,patient10_window16s_stride1s-epo,theta
484,-0.004155016504658958,patient10_window16s_stride1s-epo,theta
485,-0.004388812138711946,patient10_window16s_stride1s-epo,theta
486,-0.002614372328096931,patient10_window16s_stride1s-epo,theta
487,-0.0017535703195799978,patient10_window16s_stride1s-epo,theta
488,-0.0024598374886816935,patient10_window16s_stride1s-epo,theta
489,-0.0014405560991571796,patient10_window16s_stride1s-epo,theta
490,-0.0013435767310601538,patient10_window16s_stride1s-epo,theta
491,-0.0030550768851785753,patient10_window16s_stride1s-epo,theta
492,-0.0026806644374241725,patient10_window16s_stride1s-epo,theta
493,-0.002785302002972811,patient10_window16s_stride1s-epo,theta
494,-0.0024949499203653896,patient10_window16s_stride1s-epo,theta
495,-0.0031375648273647178,patient10_window16s_stride1s-epo,theta
496,-0.00456049992982253,patient10_window16s_stride1s-epo,theta
497,-0.0045094340069951055,patient10_window16s_stride1s-epo,theta
498,-0.0017901691288206886,patient10_window16s_stride1s-epo,theta
499,-0.0009490864456771268,patient10_window16s_stride1s-epo,theta
500,-0.0005296504505779767,patient10_window16s_stride1s-epo,theta
501,-0.001469449605380736,patient10_window16s_stride1s-epo,theta
502,-0.0020673277453372376,patient10_window16s_stride1s-epo,theta
503,-0.002745663089515654,patient10_window16s_stride1s-epo,theta
504,-0.0026057468283696475,patient10_window16s_stride1s-epo,theta
505,-0.0037449338498035593,patient10_window16s_stride1s-epo,theta
506,-0.0024452563254286305,patient10_window16s_stride1s-epo,theta
507,-0.0020963164443863072,patient10_window16s_stride1s-epo,theta
508,3.584177415344563e-05,patient10_window16s_stride1s-epo,theta
509,-0.0007330141451135111,patient10_window16s_stride1s-epo,theta
510,0.0005382706860789643,patient10_window16s_stride1s-epo,theta
511,0.00042452369428311646,patient10_window16s_stride1s-epo,theta
512,-0.00016474161166860223,patient10_window16s_stride1s-epo,theta
513,-0.00082569665339203,patient10_window16s_stride1s-epo,theta
514,-0.0016218199133364597,patient10_window16s_stride1s-epo,theta
515,-0.0009179082068590129,patient10_window16s_stride1s-epo,theta
516,-0.0029010983886818783,patient10_window16s_stride1s-epo,theta
517,-0.0015949496887048586,patient10_window16s_stride1s-epo,theta
518,-0.0012296592183649456,patient10_window16s_stride1s-epo,theta
519,-0.002942729374507763,patient10_window16s_stride1s-epo,theta
520,-0.00375229730459377,patient10_window16s_stride1s-epo,theta
521,-0.0032715517622386473,patient10_window16s_stride1s-epo,theta
522,-0.004651316431711163,patient10_window16s_stride1s-epo,theta
523,-0.005695776571249318,patient10_window16s_stride1s-epo,theta
524,-0.006474253841540191,patient10_window16s_stride1s-epo,theta
525,-0.007170343835262786,patient10_window16s_stride1s-epo,theta
526,-0.006548178891586283,patient10_window16s_stride1s-epo,theta
527,-0.005612669999828854,patient10_window16s_stride1s-epo,theta
528,-0.005788544626360347,patient10_window16s_stride1s-epo,theta
529,-0.005772594085224609,patient10_window16s_stride1s-epo,theta
530,-0.006817536077766568,patient10_window16s_stride1s-epo,theta
531,-0.007590911917624302,patient10_window16s_stride1s-epo,theta
532,-0.005365816451890571,patient10_window16s_stride1s-epo,theta
533,-0.0054044191533621725,patient10_window16s_stride1s-epo,theta
534,-0.0064868418821074575,patient10_window16s_stride1s-epo,theta
535,-0.006093893199810283,patient10_window16s_stride1s-epo,theta
536,-0.005416866140306445,patient10_window16s_stride1s-epo,theta
537,-0.004844751228126836,patient10_window16s_stride1s-epo,theta
538,-0.004629795785469697,patient10_window16s_stride1s-epo,theta
539,-0.005558889396974368,patient10_window16s_stride1s-epo,theta
540,-0.0035217678879133616,patient10_window16s_stride1s-epo,theta
541,-0.004082162446506441,patient10_window16s_stride1s-epo,theta
542,-0.0046104745886942095,patient10_window16s_stride1s-epo,theta
543,-0.0040427266423871625,patient10_window16s_stride1s-epo,theta
544,-0.005672699362550656,patient10_window16s_stride1s-epo,theta
545,-0.005049643855911992,patient10_window16s_stride1s-epo,theta
546,-0.004679598160107449,patient10_window16s_stride1s-epo,theta
547,-0.005803017559057956,patient10_window16s_stride1s-epo,theta
548,-0.005553885001717085,patient10_window16s_stride1s-epo,theta
549,-0.006150021102476835,patient10_window16s_stride1s-epo,theta
550,-0.00615924555606597,patient10_window16s_stride1s-epo,theta
551,-0.0055102494255233475,patient10_window16s_stride1s-epo,theta
552,-0.005262282721030397,patient10_window16s_stride1s-epo,theta
553,-0.007603752691270554,patient10_window16s_stride1s-epo,theta
554,-0.005155587583063893,patient10_window16s_stride1s-epo,theta
555,-0.005609837218272538,patient10_window16s_stride1s-epo,theta
556,-0.007766735401222724,patient10_window16s_stride1s-epo,theta
557,-0.007758867685211602,patient10_window16s_stride1s-epo,theta
558,-0.006456964676773657,patient10_window16s_stride1s-epo,theta
559,-0.008000714830312209,patient10_window16s_stride1s-epo,theta
560,-0.00842027798033544,patient10_window16s_stride1s-epo,theta
561,-0.010328984982313862,patient10_window16s_stride1s-epo,theta
562,-0.009614635264844852,patient10_window16s_stride1s-epo,theta
563,-0.008943375390789486,patient10_window16s_stride1s-epo,theta
564,-0.008793022314606446,patient10_window16s_stride1s-epo,theta
565,-0.008108219782761007,patient10_window16s_stride1s-epo,theta
566,-0.0070551672935640014,patient10_window16s_stride1s-epo,theta
567,-0.006812608044438795,patient10_window16s_stride1s-epo,theta
568,-0.006244129024459313,patient10_window16s_stride1s-epo,theta
569,-0.004154245700908422,patient10_window16s_stride1s-epo,theta
570,-0.004815181562625114,patient10_window16s_stride1s-epo,theta
571,-0.006777362391329186,patient10_window16s_stride1s-epo,theta
572,-0.004105816156347529,patient10_window16s_stride1s-epo,theta
573,-0.004645602882154573,patient10_window16s_stride1s-epo,theta
574,-0.006420518370153053,patient10_window16s_stride1s-epo,theta
575,-0.004847002249477991,patient10_window16s_stride1s-epo,theta
576,-0.004823214896690688,patient10_window16s_stride1s-epo,theta
577,-0.005747052150965218,patient10_window16s_stride1s-epo,theta
578,-0.005981607813338055,patient10_window16s_stride1s-epo,theta
579,-0.005431191107067318,patient10_window16s_stride1s-epo,theta
580,-0.007100043855551246,patient10_window16s_stride1s-epo,theta
581,-0.006680985472467083,patient10_window16s_stride1s-epo,theta
582,-0.006595999791059578,patient10_window16s_stride1s-epo,theta
583,-0.007429248255766088,patient10_window16s_stride1s-epo,theta
584,-0.0069837752632613565,patient10_window16s_stride1s-epo,theta
585,-0.007731380124688738,patient10_window16s_stride1s-epo,theta
586,-0.006209219732197231,patient10_window16s_stride1s-epo,theta
587,-0.007604543674771644,patient10_window16s_stride1s-epo,theta
588,-0.007734582017352922,patient10_window16s_stride1s-epo,theta
589,-0.005065824596662545,patient10_window16s_stride1s-epo,theta
590,-0.006611907891254312,patient10_window16s_stride1s-epo,theta
591,-0.006390598882281104,patient10_window16s_stride1s-epo,theta
592,-0.0072787957494323905,patient10_window16s_stride1s-epo,theta
593,-0.005300155582992952,patient10_window16s_stride1s-epo,theta
594,-0.004776991857365654,patient10_window16s_stride1s-epo,theta
595,-0.00407501878455436,patient10_window16s_stride1s-epo,theta
596,-0.005296904342992081,patient10_window16s_stride1s-epo,theta
597,-0.005976918368494974,patient10_window16s_stride1s-epo,theta
598,-0.00518357090201045,patient10_window16s_stride1s-epo,theta
599,-0.002502449388257618,patient10_window16s_stride1s-epo,theta
600,-0.003064060000810232,patient10_window16s_stride1s-epo,theta
601,3.6035303162053075e-05,patient10_window16s_stride1s-epo,theta
602,0.0003656145394672803,patient10_window16s_stride1s-epo,theta
603,-0.0008699736411502718,patient10_window16s_stride1s-epo,theta
604,-0.00010817760460345483,patient10_window16s_stride1s-epo,theta
605,-0.0017401778927836876,patient10_window16s_stride1s-epo,theta
606,-0.0027401921855244545,patient10_window16s_stride1s-epo,theta
607,-0.0020763084136520373,patient10_window16s_stride1s-epo,theta
608,-0.0014483559468249489,patient10_window16s_stride1s-epo,theta
609,-0.0027874855610050767,patient10_window16s_stride1s-epo,theta
610,-0.003440746784899456,patient10_window16s_stride1s-epo,theta
611,-0.004101479071060666,patient10_window16s_stride1s-epo,theta
612,-0.00401108196169558,patient10_window16s_stride1s-epo,theta
613,-0.004934782332252158,patient10_window16s_stride1s-epo,theta
614,-0.005129778239660894,patient10_window16s_stride1s-epo,theta
615,-0.006478215122522517,patient10_window16s_stride1s-epo,theta
616,-0.006233893499478351,patient10_window16s_stride1s-epo,theta
617,-0.0057563284505747605,patient10_window16s_stride1s-epo,theta
618,-0.0064739484106180484,patient10_window16s_stride1s-epo,theta
619,-0.007761466965095023,patient10_window16s_stride1s-epo,theta
620,-0.008296382595558172,patient10_window16s_stride1s-epo,theta
621,-0.008041342223139,patient10_window16s_stride1s-epo,theta
622,-0.007767905357239098,patient10_window16s_stride1s-epo,theta
623,-0.00789918959670725,patient10_window16s_stride1s-epo,theta
624,-0.008975974752271748,patient10_window16s_stride1s-epo,theta
625,-0.009225620978759492,patient10_window16s_stride1s-epo,theta
626,-0.008120894643518842,patient10_window16s_stride1s-epo,theta
627,-0.0064794560287977235,patient10_window16s_stride1s-epo,theta
628,-0.00610635160133308,patient10_window16s_stride1s-epo,theta
629,-0.007248024468658996,patient10_window16s_stride1s-epo,theta
630,-0.007179482176169406,patient10_window16s_stride1s-epo,theta
631,-0.005443941721766845,patient10_window16s_stride1s-epo,theta
632,-0.0065020051297660295,patient10_window16s_stride1s-epo,theta
633,-0.00587965212185758,patient10_window16s_stride1s-epo,theta
634,-0.006280188439676142,patient10_window16s_stride1s-epo,theta
635,-0.005777884981953817,patient10_window16s_stride1s-epo,theta
636,-0.005987891043118344,patient10_window16s_stride1s-epo,theta
637,-0.004524841001281528,patient10_window16s_stride1s-epo,theta
638,-0.003068390889789291,patient10_window16s_stride1s-epo,theta
639,-0.0017939546621845237,patient10_window16s_stride1s-epo,theta
640,-0.0051090667623324365,patient10_window16s_stride1s-epo,theta
641,-0.004934114314117036,patient10_window16s_stride1s-epo,theta
642,-0.005119902299468848,patient10_window16s_stride1s-epo,theta
643,-0.005803586692728334,patient10_window16s_stride1s-epo,theta
644,-0.005291559013936318,patient10_window16s_stride1s-epo,theta
645,-0.00452086526076675,patient10_window16s_stride1s-epo,theta
646,-0.003823091313262738,patient10_window16s_stride1s-epo,theta
647,-0.005408165951606219,patient10_window16s_stride1s-epo,theta
648,-0.0037885214598261077,patient10_window16s_stride1s-epo,theta
649,-0.002864209097100042,patient10_window16s_stride1s-epo,theta
650,-0.005287707335688517,patient10_window16s_stride1s-epo,theta
651,-0.0047330819373875704,patient10_window16s_stride1s-epo,theta
652,-0.0053218935347604,patient10_window16s_stride1s-epo,theta
653,-0.0054532100796601925,patient10_window16s_stride1s-epo,theta
654,-0.005846890860938068,patient10_window16s_stride1s-epo,theta
655,-0.007903587425438481,patient10_window16s_stride1s-epo,theta
656,-0.006894474498119378,patient10_window16s_stride1s-epo,theta
657,-0.0051022329858055274,patient10_window16s_stride1s-epo,theta
658,-0.005710530237916857,patient10_window16s_stride1s-epo,theta
659,-0.005390938950554968,patient10_window16s_stride1s-epo,theta
660,-0.005451409423990956,patient10_window16s_stride1s-epo,theta
661,-0.006581939990267352,patient10_window16s_stride1s-epo,theta
662,-0.005700029092874762,patient10_window16s_stride1s-epo,theta
663,-0.005290812990360118,patient10_window16s_stride1s-epo,theta
664,-0.004556714904562518,patient10_window16s_stride1s-epo,theta
665,-0.00424891867594063,patient10_window16s_stride1s-epo,theta
666,-0.0031559422728862072,patient10_window16s_stride1s-epo,theta
667,-0.005314160523378787,patient10_window16s_stride1s-epo,theta
668,-0.00634084867430525,patient10_window16s_stride1s-epo,theta
669,-0.004900065714385482,patient10_window16s_stride1s-epo,theta
670,-0.005174090768129288,patient10_window16s_stride1s-epo,theta
671,-0.003944918614388202,patient10_window16s_stride1s-epo,theta
672,-0.004883309056265237,patient10_window16s_stride1s-epo,theta
673,-0.005228616000091398,patient10_window16s_stride1s-epo,theta
674,-0.003825439638492035,patient10_window16s_stride1s-epo,theta
675,-0.0039740908062137785,patient10_window16s_stride1s-epo,theta
676,-0.002917993533868663,patient10_window16s_stride1s-epo,theta
677,-0.0037901418050373327,patient10_window16s_stride1s-epo,theta
678,-0.003669234248117747,patient10_window16s_stride1s-epo,theta
679,-0.0030064570957967804,patient10_window16s_stride1s-epo,theta
680,-0.003954282973346558,patient10_window16s_stride1s-epo,theta
681,-0.004618044129652865,patient10_window16s_stride1s-epo,theta
682,-0.0023362184803074845,patient10_window16s_stride1s-epo,theta
683,-0.0006327868047351252,patient10_window16s_stride1s-epo,theta
684,0.00022833048254367944,patient10_window16s_stride1s-epo,theta
685,-0.00029942881705216,patient10_window16s_stride1s-epo,theta
686,0.00017438508358869526,patient10_window16s_stride1s-epo,theta
687,0.0007821001774825372,patient10_window16s_stride1s-epo,theta
688,0.0016267100296702614,patient10_window16s_stride1s-epo,theta
689,0.00200317759151838,patient10_window16s_stride1s-epo,theta
690,0.001214783829375306,patient10_window16s_stride1s-epo,theta
691,0.0004680911866712949,patient10_window16s_stride1s-epo,theta
692,-0.0011787987780576782,patient10_window16s_stride1s-epo,theta
693,-0.002021656170920418,patient10_window16s_stride1s-epo,theta
694,-0.002361806721976421,patient10_window16s_stride1s-epo,theta
695,-0.0027129178586109775,patient10_window16s_stride1s-epo,theta
696,-0.0020375860327170817,patient10_window16s_stride1s-epo,theta
697,-0.0020176552254066236,patient10_window16s_stride1s-epo,theta
698,-0.0023902563705764015,patient10_window16s_stride1s-epo,theta
699,-0.004811359978300378,patient10_window16s_stride1s-epo,theta
700,-0.004716920664817313,patient10_window16s_stride1s-epo,theta
701,-0.005409505069194388,patient10_window16s_stride1s-epo,theta
702,-0.006729549831757832,patient10_window16s_stride1s-epo,theta
703,-0.0048555658607696665,patient10_window16s_stride1s-epo,theta
704,-0.006435557241998829,patient10_window16s_stride1s-epo,theta
705,-0.005868939257393419,patient10_window16s_stride1s-epo,theta
706,-0.004896750995693762,patient10_window16s_stride1s-epo,theta
707,-0.005818513097637048,patient10_window16s_stride1s-epo,theta
708,-0.005208736089147358,patient10_window16s_stride1s-epo,theta
709,-0.004242812016839093,patient10_window16s_stride1s-epo,theta
710,-0.0053076459308347675,patient10_window16s_stride1s-epo,theta
711,-0.004850102512323996,patient10_window16s_stride1s-epo,theta
712,-0.007506999400105809,patient10_window16s_stride1s-epo,theta
713,-0.008090540064623177,patient10_window16s_stride1s-epo,theta
714,-0.009463262091461283,patient10_window16s_stride1s-epo,theta
715,-0.008812849217228117,patient10_window16s_stride1s-epo,theta
716,-0.007317252723088671,patient10_window16s_stride1s-epo,theta
717,-0.0059556869009265755,patient10_window16s_stride1s-epo,theta
718,-0.006450840166467616,patient10_window16s_stride1s-epo,theta
719,-0.006857981763302429,patient10_window16s_stride1s-epo,theta
720,-0.004958418009484687,patient10_window16s_stride1s-epo,theta
721,-0.005281866937070292,patient10_window16s_stride1s-epo,theta
722,-0.004683815611732805,patient10_window16s_stride1s-epo,theta
723,-0.00527240835110686,patient10_window16s_stride1s-epo,theta
724,-0.005438391531602941,patient10_window16s_stride1s-epo,theta
725,-0.005675118705091775,patient10_window16s_stride1s-epo,theta
726,-0.006340661124050356,patient10_window16s_stride1s-epo,theta
727,-0.006212343790739432,patient10_window16s_stride1s-epo,theta
728,-0.0058317658175278475,patient10_window16s_stride1s-epo,theta
729,-0.004072721543741224,patient10_window16s_stride1s-epo,theta
730,-0.0013460327236173946,patient10_window16s_stride1s-epo,theta
731,-0.0021307881947091835,patient10_window16s_stride1s-epo,theta
732,-0.004020373614467005,patient10_window16s_stride1s-epo,theta
733,-0.006522818581745102,patient10_window16s_stride1s-epo,theta
734,-0.0052667001267006595,patient10_window16s_stride1s-epo,theta
735,-0.005179369166121874,patient10_window16s_stride1s-epo,theta
736,-0.005755340897039648,patient10_window16s_stride1s-epo,theta
737,-0.0032575055628970943,patient10_window16s_stride1s-epo,theta
738,-0.004673503852160062,patient10_window16s_stride1s-epo,theta
739,-0.003375373122943077,patient10_window16s_stride1s-epo,theta
740,-0.003116785915433209,patient10_window16s_stride1s-epo,theta
741,-0.0020337044135278546,patient10_window16s_stride1s-epo,theta
742,-0.0038856783804130804,patient10_window16s_stride1s-epo,theta
743,-0.004809819862724735,patient10_window16s_stride1s-epo,theta
744,-0.004661748544137254,patient10_window16s_stride1s-epo,theta
745,-0.003973758037693134,patient10_window16s_stride1s-epo,theta
746,-0.003727426525108533,patient10_window16s_stride1s-epo,theta
747,-0.0027206897951778204,patient10_window16s_stride1s-epo,theta
748,-0.002274217488037294,patient10_window16s_stride1s-epo,theta
749,-0.004533127327827041,patient10_window16s_stride1s-epo,theta
750,-0.004341547485705298,patient10_window16s_stride1s-epo,theta
751,-0.003530164172105865,patient10_window16s_stride1s-epo,theta
752,-0.005597046243813348,patient10_window16s_stride1s-epo,theta
753,-0.004854026326279681,patient10_window16s_stride1s-epo,theta
754,-0.0055234987996639244,patient10_window16s_stride1s-epo,theta
755,-0.00565126186675598,patient10_window16s_stride1s-epo,theta
756,-0.004903590155281876,patient10_window16s_stride1s-epo,theta
757,-0.005557686539850583,patient10_window16s_stride1s-epo,theta
758,-0.006468658765380204,patient10_window16s_stride1s-epo,theta
759,-0.005839039857729124,patient10_window16s_stride1s-epo,theta
760,-0.005799978053755814,patient10_window16s_stride1s-epo,theta
761,-0.0066183643451907465,patient10_window16s_stride1s-epo,theta
762,-0.0071254426934184685,patient10_window16s_stride1s-epo,theta
763,-0.006861652514633338,patient10_window16s_stride1s-epo,theta
764,-0.008082040942927755,patient10_window16s_stride1s-epo,theta
765,-0.007633683496122774,patient10_window16s_stride1s-epo,theta
766,-0.007999264158621117,patient10_window16s_stride1s-epo,theta
767,-0.007479737939349975,patient10_window16s_stride1s-epo,theta
768,-0.007965546062495152,patient10_window16s_stride1s-epo,theta
769,-0.007453916382435606,patient10_window16s_stride1s-epo,theta
770,-0.009443347821264644,patient10_window16s_stride1s-epo,theta
771,-0.010011131432370134,patient10_window16s_stride1s-epo,theta
772,-0.01250859552474712,patient10_window16s_stride1s-epo,theta
773,-0.011281350935291194,patient10_window16s_stride1s-epo,theta
774,-0.0127432559504433,patient10_window16s_stride1s-epo,theta
775,-0.010442469529617268,patient10_window16s_stride1s-epo,theta
776,-0.009764746655109194,patient10_window16s_stride1s-epo,theta
777,-0.010183882815511639,patient10_window16s_stride1s-epo,theta
778,-0.008145097610622199,patient10_window16s_stride1s-epo,theta
779,-0.007183743198419108,patient10_window16s_stride1s-epo,theta
780,-0.0063409771123148885,patient10_window16s_stride1s-epo,theta
781,-0.005999347714964534,patient10_window16s_stride1s-epo,theta
782,-0.0056146476402351,patient10_window16s_stride1s-epo,theta
783,-0.004673296804286373,patient10_window16s_stride1s-epo,theta
784,-0.005435515853107768,patient10_window16s_stride1s-epo,theta
785,-0.00692313824493349,patient10_window16s_stride1s-epo,theta
786,-0.006097275072939313,patient10_window16s_stride1s-epo,theta
787,-0.007000295352628705,patient10_window16s_stride1s-epo,theta
788,-0.004447625236509813,patient10_window16s_stride1s-epo,theta
789,-0.004302586410300416,patient10_window16s_stride1s-epo,theta
790,-0.002783183095643368,patient10_window16s_stride1s-epo,theta
791,-0.002815132182119397,patient10_window16s_stride1s-epo,theta
792,-0.004196493889839235,patient10_window16s_stride1s-epo,theta
793,-0.004116952035814217,patient10_window16s_stride1s-epo,theta
794,-0.004935063846039472,patient10_window16s_stride1s-epo,theta
795,-0.004727673912062584,patient10_window16s_stride1s-epo,theta
796,-0.005078279700545751,patient10_window16s_stride1s-epo,theta
797,-0.005089966562531058,patient10_window16s_stride1s-epo,theta
798,-0.004082959323260579,patient10_window16s_stride1s-epo,theta
799,-0.00511345658722972,patient10_window16s_stride1s-epo,theta
800,-0.005348230731347276,patient10_window16s_stride1s-epo,theta
801,-0.006344261967594938,patient10_window16s_stride1s-epo,theta
802,-0.005557520318166066,patient10_window16s_stride1s-epo,theta
803,-0.0036865818647563798,patient10_window16s_stride1s-epo,theta
804,-0.004920378975643187,patient10_window16s_stride1s-epo,theta
805,-0.00684610628512804,patient10_window16s_stride1s-epo,theta
806,-0.0076269403472216885,patient10_window16s_stride1s-epo,theta
807,-0.006930425193869142,patient10_window16s_stride1s-epo,theta
808,-0.0066045945251443205,patient10_window16s_stride1s-epo,theta
809,-0.008325866561830039,patient10_window16s_stride1s-epo,theta
810,-0.00944656310292418,patient10_window16s_stride1s-epo,theta
811,-0.010734243555384335,patient10_window16s_stride1s-epo,theta
812,-0.011539405082725784,patient10_window16s_stride1s-epo,theta
813,-0.010857492924468203,patient10_window16s_stride1s-epo,theta
814,-0.010483408047164092,patient10_window16s_stride1s-epo,theta
815,-0.0104438063979456,patient10_window16s_stride1s-epo,theta
816,-0.010147344608564226,patient10_window16s_stride1s-epo,theta
817,-0.010275380845343057,patient10_window16s_stride1s-epo,theta
818,-0.009879205621051658,patient10_window16s_stride1s-epo,theta
819,-0.010888062089154386,patient10_window16s_stride1s-epo,theta
820,-0.010936728238854432,patient10_window16s_stride1s-epo,theta
821,-0.009112898714858153,patient10_window16s_stride1s-epo,theta
822,-0.009895565299946386,patient10_window16s_stride1s-epo,theta
823,-0.009178909440771267,patient10_window16s_stride1s-epo,theta
824,-0.008915614793717358,patient10_window16s_stride1s-epo,theta
825,-0.00726592708371883,patient10_window16s_stride1s-epo,theta
826,-0.005700384797340269,patient10_window16s_stride1s-epo,theta
827,-0.006115040341052003,patient10_window16s_stride1s-epo,theta
828,-0.006756894956110146,patient10_window16s_stride1s-epo,theta
829,-0.007491607709103752,patient10_window16s_stride1s-epo,theta
830,-0.009359686322376824,patient10_window16s_stride1s-epo,theta
831,-0.009242568453052425,patient10_window16s_stride1s-epo,theta
832,-0.008404647418451924,patient10_window16s_stride1s-epo,theta
833,-0.00914687171022862,patient10_window16s_stride1s-epo,theta
834,-0.00887074922529407,patient10_window16s_stride1s-epo,theta
835,-0.007292404801818333,patient10_window16s_stride1s-epo,theta
836,-0.00621750803231518,patient10_window16s_stride1s-epo,theta
837,-0.007746568872734053,patient10_window16s_stride1s-epo,theta
838,-0.007000125514646784,patient10_window16s_stride1s-epo,theta
839,-0.010932651969723449,patient10_window16s_stride1s-epo,theta
840,-0.010575132419990337,patient10_window16s_stride1s-epo,theta
841,-0.010034208584967423,patient10_window16s_stride1s-epo,theta
842,-0.009573109264548588,patient10_window16s_stride1s-epo,theta
843,-0.009446611232354461,patient10_window16s_stride1s-epo,theta
844,-0.009558239458409527,patient10_window16s_stride1s-epo,theta
845,-0.007267419755751321,patient10_window16s_stride1s-epo,theta
846,-0.005985007193618823,patient10_window16s_stride1s-epo,theta
847,-0.007242657617055731,patient10_window16s_stride1s-epo,theta
848,-0.004875558324967641,patient10_window16s_stride1s-epo,theta
849,-0.00508155813456297,patient10_window16s_stride1s-epo,theta
850,-0.004548988076747671,patient10_window16s_stride1s-epo,theta
851,-0.005944187909798151,patient10_window16s_stride1s-epo,theta
852,-0.005383359063229266,patient10_window16s_stride1s-epo,theta
853,-0.005630022594651176,patient10_window16s_stride1s-epo,theta
854,-0.007120804403434741,patient10_window16s_stride1s-epo,theta
855,-0.004827411618904943,patient10_window16s_stride1s-epo,theta
856,-0.004827805057102044,patient10_window16s_stride1s-epo,theta
857,-0.0032477256127548724,patient10_window16s_stride1s-epo,theta
858,-0.0036767042069981723,patient10_window16s_stride1s-epo,theta
859,-0.005066275279997358,patient10_window16s_stride1s-epo,theta
860,-0.004609059124538065,patient10_window16s_stride1s-epo,theta
861,-0.0042867328146819,patient10_window16s_stride1s-epo,theta
862,-0.006115688880485812,patient10_window16s_stride1s-epo,theta
863,-0.004029235483809481,patient10_window16s_stride1s-epo,theta
864,-0.0055316953422301736,patient10_window16s_stride1s-epo,theta
865,-0.005233007515081243,patient10_window16s_stride1s-epo,theta
866,-0.005438196936579385,patient10_window16s_stride1s-epo,theta
867,-0.004246747041148593,patient10_window16s_stride1s-epo,theta
868,-0.0046054184472430985,patient10_window16s_stride1s-epo,theta
869,-0.005161421106025939,patient10_window16s_stride1s-epo,theta
870,-0.004394520367858655,patient10_window16s_stride1s-epo,theta
871,-0.004793143769298045,patient10_window16s_stride1s-epo,theta
872,-0.003430682164708477,patient10_window16s_stride1s-epo,theta
873,-0.0036842145947748577,patient10_window16s_stride1s-epo,theta
874,-0.003049305280114311,patient10_window16s_stride1s-epo,theta
875,-0.00510831942147988,patient10_window16s_stride1s-epo,theta
876,-0.004437914984254958,patient10_window16s_stride1s-epo,theta
877,-0.003668290388776147,patient10_window16s_stride1s-epo,theta
878,-0.002378925677985288,patient10_window16s_stride1s-epo,theta
879,-0.0016810853163835885,patient10_window16s_stride1s-epo,theta
880,-0.0016143846045163503,patient10_window16s_stride1s-epo,theta
881,-0.001854597119162666,patient10_window16s_stride1s-epo,theta
882,-0.00170324872961419,patient10_window16s_stride1s-epo,theta
883,-0.0023315002317298235,patient10_window16s_stride1s-epo,theta
884,-0.0030680582309280044,patient10_window16s_stride1s-epo,theta
885,-0.00396003502477453,patient10_window16s_stride1s-epo,theta
886,-0.0026877560728798535,patient10_window16s_stride1s-epo,theta
887,-0.0028776821498871074,patient10_window16s_stride1s-epo,theta
888,-0.004399004269511402,patient10_window16s_stride1s-epo,theta
889,-0.005556308584188269,patient10_window16s_stride1s-epo,theta
890,-0.005508827861988618,patient10_window16s_stride1s-epo,theta
891,-0.004469708003079094,patient10_window16s_stride1s-epo,theta
892,-0.004446188883841761,patient10_window16s_stride1s-epo,theta
893,-0.00441466533588275,patient10_window16s_stride1s-epo,theta
894,-0.005656645442491473,patient10_window16s_stride1s-epo,theta
895,-0.005274912237036241,patient10_window16s_stride1s-epo,theta
896,-0.004280423954271639,patient10_window16s_stride1s-epo,theta
897,-0.0036009177539107436,patient10_window16s_stride1s-epo,theta
898,-0.004398946634662077,patient10_window16s_stride1s-epo,theta
899,-0.003994069796545214,patient10_window16s_stride1s-epo,theta
900,-0.004569524640362054,patient10_window16s_stride1s-epo,theta
901,-0.00470243466947957,patient10_window16s_stride1s-epo,theta
902,-0.004366384834934704,patient10_window16s_stride1s-epo,theta
903,-0.0036551681060354615,patient10_window16s_stride1s-epo,theta
904,-0.0012450824352203261,patient10_window16s_stride1s-epo,theta
905,-0.002596775040745953,patient10_window16s_stride1s-epo,theta
906,-0.0029479946124010194,patient10_window16s_stride1s-epo,theta
907,-0.0021542135608887012,patient10_window16s_stride1s-epo,theta
908,-0.0006161335795604831,patient10_window16s_stride1s-epo,theta
909,-0.001761031709228844,patient10_window16s_stride1s-epo,theta
910,0.0012392231698557458,patient10_window16s_stride1s-epo,theta
911,-0.0006038430607863079,patient10_window16s_stride1s-epo,theta
912,-0.0017843505691944993,patient10_window16s_stride1s-epo,theta
913,-0.0015582275490390923,patient10_window16s_stride1s-epo,theta
914,-0.00034892046000928263,patient10_window16s_stride1s-epo,theta
915,-0.0014053068367179053,patient10_window16s_stride1s-epo,theta
916,-0.0002882137123868798,patient10_window16s_stride1s-epo,theta
917,-0.0014422613775869051,patient10_window16s_stride1s-epo,theta
918,-0.0023863249132838682,patient10_window16s_stride1s-epo,theta
919,-0.0031404378912948073,patient10_window16s_stride1s-epo,theta
920,-0.002817741575571777,patient10_window16s_stride1s-epo,theta
921,-0.001936658989793299,patient10_window16s_stride1s-epo,theta
922,-0.005272831329437839,patient10_window16s_stride1s-epo,theta
923,-0.004561762487246083,patient10_window16s_stride1s-epo,theta
924,-0.004270526791153906,patient10_window16s_stride1s-epo,theta
925,-0.0034851501241209503,patient10_window16s_stride1s-epo,theta
926,-0.005138726131189876,patient10_window16s_stride1s-epo,theta
927,-0.004775062205484387,patient10_window16s_stride1s-epo,theta
928,-0.005493550011592666,patient10_window16s_stride1s-epo,theta
929,-0.0033625112055308648,patient10_window16s_stride1s-epo,theta
930,-0.004572282858683906,patient10_window16s_stride1s-epo,theta
931,-0.005406001480661559,patient10_window16s_stride1s-epo,theta
932,-0.005503986347614749,patient10_window16s_stride1s-epo,theta
933,-0.00607186439126833,patient10_window16s_stride1s-epo,theta
934,-0.005171109111945658,patient10_window16s_stride1s-epo,theta
935,-0.004692402399461366,patient10_window16s_stride1s-epo,theta
936,-0.006217386796755338,patient10_window16s_stride1s-epo,theta
937,-0.005630276323238842,patient10_window16s_stride1s-epo,theta
938,-0.005340613104730842,patient10_window16s_stride1s-epo,theta
939,-0.0053818101656820765,patient10_window16s_stride1s-epo,theta
940,-0.005347221196109373,patient10_window16s_stride1s-epo,theta
941,-0.004989292702539904,patient10_window16s_stride1s-epo,theta
942,-0.003496319807476178,patient10_window16s_stride1s-epo,theta
943,-0.003627726789106117,patient10_window16s_stride1s-epo,theta
944,-0.004113521646024313,patient10_window16s_stride1s-epo,theta
945,-0.003507070217054279,patient10_window16s_stride1s-epo,theta
946,-0.0031192983605856997,patient10_window16s_stride1s-epo,theta
947,-0.002319858118517762,patient10_window16s_stride1s-epo,theta
948,-0.003358950289536543,patient10_window16s_stride1s-epo,theta
949,-0.002665497173810303,patient10_window16s_stride1s-epo,theta
950,-0.004939829044380922,patient10_window16s_stride1s-epo,theta
951,-0.004729697215283486,patient10_window16s_stride1s-epo,theta
952,-0.004055123203523944,patient10_window16s_stride1s-epo,theta
953,-0.0031126322404601216,patient10_window16s_stride1s-epo,theta
954,-0.0019724057266539497,patient10_window16s_stride1s-epo,theta
955,-0.0031523243912501137,patient10_window16s_stride1s-epo,theta
956,-0.0025062632474721442,patient10_window16s_stride1s-epo,theta
957,-0.002711161735881658,patient10_window16s_stride1s-epo,theta
958,-0.002021019564202052,patient10_window16s_stride1s-epo,theta
959,-0.0025304551631423152,patient10_window16s_stride1s-epo,theta
960,-0.0012879071839296125,patient10_window16s_stride1s-epo,theta
961,-0.0026756996148136133,patient10_window16s_stride1s-epo,theta
962,-0.0021190179789234037,patient10_window16s_stride1s-epo,theta
963,-0.0033596647721934585,patient10_window16s_stride1s-epo,theta
964,-0.0032605244579077095,patient10_window16s_stride1s-epo,theta
965,-0.002717468770648671,patient10_window16s_stride1s-epo,theta
966,-0.003961747422664539,patient10_window16s_stride1s-epo,theta
967,-0.004448880081179002,patient10_window16s_stride1s-epo,theta
968,-0.004700300934672885,patient10_window16s_stride1s-epo,theta
969,-0.004171770027035345,patient10_window16s_stride1s-epo,theta
970,-0.0049625249190745025,patient10_window16s_stride1s-epo,theta
971,-0.005329225828784793,patient10_window16s_stride1s-epo,theta
972,-0.004913949392297769,patient10_window16s_stride1s-epo,theta
973,-0.0056776713105622855,patient10_window16s_stride1s-epo,theta
974,-0.006032035161491165,patient10_window16s_stride1s-epo,theta
975,-0.0064138670334006834,patient10_window16s_stride1s-epo,theta
976,-0.005307412245027283,patient10_window16s_stride1s-epo,theta
977,-0.006158425808832758,patient10_window16s_stride1s-epo,theta
978,-0.004849357929693967,patient10_window16s_stride1s-epo,theta
979,-0.0040782415390169776,patient10_window16s_stride1s-epo,theta
980,-0.003017763879290977,patient10_window16s_stride1s-epo,theta
981,-0.004048780414012544,patient10_window16s_stride1s-epo,theta
982,-0.004644592199517486,patient10_window16s_stride1s-epo,theta
983,-0.004637305271451192,patient10_window16s_stride1s-epo,theta
984,-0.00440966922131903,patient10_window16s_stride1s-epo,theta
985,-0.004881199256345906,patient10_window16s_stride1s-epo,theta
986,-0.005370213541852374,patient10_window16s_stride1s-epo,theta
987,-0.005548397973915103,patient10_window16s_stride1s-epo,theta
988,-0.0054171824855306526,patient10_window16s_stride1s-epo,theta
989,-0.003874486051428491,patient10_window16s_stride1s-epo,theta
990,-0.004345381412308439,patient10_window16s_stride1s-epo,theta
991,-0.005012445972143022,patient10_window16s_stride1s-epo,theta
992,-0.005134198450107383,patient10_window16s_stride1s-epo,theta
993,-0.006568854202311253,patient10_window16s_stride1s-epo,theta
994,-0.005910462282545032,patient10_window16s_stride1s-epo,theta
995,-0.007838603559767947,patient10_window16s_stride1s-epo,theta
996,-0.007680759575074639,patient10_window16s_stride1s-epo,theta
997,-0.006910053423819676,patient10_window16s_stride1s-epo,theta
998,-0.0048754341015762315,patient10_window16s_stride1s-epo,theta
999,-0.0031455662606635006,patient10_window16s_stride1s-epo,theta
1000,-0.00408347214776955,patient10_window16s_stride1s-epo,theta
1001,-0.0022255976664814284,patient10_window16s_stride1s-epo,theta
1002,-0.003212051599591326,patient10_window16s_stride1s-epo,theta
1003,-0.005073494546105764,patient10_window16s_stride1s-epo,theta
1004,-0.005693760354320425,patient10_window16s_stride1s-epo,theta
1005,-0.0030502904499062115,patient10_window16s_stride1s-epo,theta
1006,-0.0028556477989313627,patient10_window16s_stride1s-epo,theta
1007,-0.002953426308297667,patient10_window16s_stride1s-epo,theta
1008,-0.0015734266092020514,patient10_window16s_stride1s-epo,theta
1009,-0.0005148540319749548,patient10_window16s_stride1s-epo,theta
1010,-0.0025092755392384118,patient10_window16s_stride1s-epo,theta
1011,0.0002115373646602732,patient10_window16s_stride1s-epo,theta
1012,0.0012479996946634987,patient10_window16s_stride1s-epo,theta
1013,-0.0003057772368255953,patient10_window16s_stride1s-epo,theta
1014,-0.001171430776117924,patient10_window16s_stride1s-epo,theta
1015,-0.001216569481594363,patient10_window16s_stride1s-epo,theta
1016,-0.0006863694743346698,patient10_window16s_stride1s-epo,theta
1017,-0.0014689190065893443,patient10_window16s_stride1s-epo,theta
1018,-0.0018376153714610099,patient10_window16s_stride1s-epo,theta
1019,-0.0005930347207401404,patient10_window16s_stride1s-epo,theta
1020,3.145007538009334e-05,patient10_window16s_stride1s-epo,theta
1021,-0.001834349621305233,patient10_window16s_stride1s-epo,theta
1022,-0.001123778001407103,patient10_window16s_stride1s-epo,theta
1023,-0.0019234519957969003,patient10_window16s_stride1s-epo,theta
1024,-0.0017368392961639612,patient10_window16s_stride1s-epo,theta
1025,-0.0013732029835948172,patient10_window16s_stride1s-epo,theta
1026,-0.001443076013775073,patient10_window16s_stride1s-epo,theta
1027,-0.0004642994981559159,patient10_window16s_stride1s-epo,theta
1028,-0.0016002946981087023,patient10_window16s_stride1s-epo,theta
1029,-0.0015981133298545616,patient10_window16s_stride1s-epo,theta
1030,-0.0023789538721616663,patient10_window16s_stride1s-epo,theta
1031,-0.0039021751555886413,patient10_window16s_stride1s-epo,theta
1032,-0.004720753364200184,patient10_window16s_stride1s-epo,theta
1033,-0.0036098561129375966,patient10_window16s_stride1s-epo,theta
1034,-0.0051822682823142105,patient10_window16s_stride1s-epo,theta
1035,-0.004985472865800711,patient10_window16s_stride1s-epo,theta
1036,-0.005400711275262957,patient10_window16s_stride1s-epo,theta
1037,-0.004813809824251469,patient10_window16s_stride1s-epo,theta
1038,-0.0038245769967294543,patient10_window16s_stride1s-epo,theta
1039,-0.004590155818805213,patient10_window16s_stride1s-epo,theta
1040,-0.004849287072937116,patient10_window16s_stride1s-epo,theta
1041,-0.0051468264960358575,patient10_window16s_stride1s-epo,theta
1042,-0.004394910256830957,patient10_window16s_stride1s-epo,theta
1043,-0.006072158032312146,patient10_window16s_stride1s-epo,theta
1044,-0.005665365429723994,patient10_window16s_stride1s-epo,theta
1045,-0.005485426123377725,patient10_window16s_stride1s-epo,theta
1046,-0.004725915826370142,patient10_window16s_stride1s-epo,theta
1047,-0.003221538722439557,patient10_window16s_stride1s-epo,theta
1048,-0.0037403869617557146,patient10_window16s_stride1s-epo,theta
1049,-0.002458509748233012,patient10_window16s_stride1s-epo,theta
1050,-0.0019432205112909697,patient10_window16s_stride1s-epo,theta
1051,-0.002126695312423888,patient10_window16s_stride1s-epo,theta
1052,-0.002386848770024042,patient10_window16s_stride1s-epo,theta
1053,-0.004742508751466439,patient10_window16s_stride1s-epo,theta
1054,-0.004936494487997532,patient10_window16s_stride1s-epo,theta
1055,-0.006478004633868356,patient10_window16s_stride1s-epo,theta
1056,-0.004831417725966381,patient10_window16s_stride1s-epo,theta
1057,-0.006189577834378623,patient10_window16s_stride1s-epo,theta
1058,-0.006265426878112842,patient10_window16s_stride1s-epo,theta
1059,-0.005739424762056128,patient10_window16s_stride1s-epo,theta
1060,-0.005807434623814823,patient10_window16s_stride1s-epo,theta
1061,-0.007190531720197892,patient10_window16s_stride1s-epo,theta
1062,-0.008616732693975103,patient10_window16s_stride1s-epo,theta
1063,-0.007634682444664569,patient10_window16s_stride1s-epo,theta
1064,-0.00895355183806342,patient10_window16s_stride1s-epo,theta
1065,-0.007719744273613253,patient10_window16s_stride1s-epo,theta
1066,-0.009456194286185356,patient10_window16s_stride1s-epo,theta
1067,-0.00947442203857463,patient10_window16s_stride1s-epo,theta
1068,-0.009747316689455228,patient10_window16s_stride1s-epo,theta
1069,-0.009980988937571305,patient10_window16s_stride1s-epo,theta
1070,-0.009652878847541024,patient10_window16s_stride1s-epo,theta
1071,-0.00906247160827103,patient10_window16s_stride1s-epo,theta
1072,-0.00901872682253087,patient10_window16s_stride1s-epo,theta
1073,-0.006702811853467939,patient10_window16s_stride1s-epo,theta
1074,-0.00738319623768005,patient10_window16s_stride1s-epo,theta
1075,-0.006370166771023885,patient10_window16s_stride1s-epo,theta
1076,-0.006770629040861947,patient10_window16s_stride1s-epo,theta
1077,-0.006902934203593479,patient10_window16s_stride1s-epo,theta
1078,-0.00481194573859486,patient10_window16s_stride1s-epo,theta
1079,-0.004133060133691908,patient10_window16s_stride1s-epo,theta
1080,-0.005354751711515503,patient10_window16s_stride1s-epo,theta
1081,-0.0038878234322963483,patient10_window16s_stride1s-epo,theta
1082,-0.004002452718065601,patient10_window16s_stride1s-epo,theta
1083,-0.004936539906265849,patient10_window16s_stride1s-epo,theta
1084,-0.004593966924459702,patient10_window16s_stride1s-epo,theta
1085,-0.004665060713954352,patient10_window16s_stride1s-epo,theta
1086,-0.0037909820750815833,patient10_window16s_stride1s-epo,theta
1087,-0.004383776560263604,patient10_window16s_stride1s-epo,theta
1088,-0.0058338781955251,patient10_window16s_stride1s-epo,theta
1089,-0.005817652015598003,patient10_window16s_stride1s-epo,theta
1090,-0.006460435976504546,patient10_window16s_stride1s-epo,theta
1091,-0.005203994397809938,patient10_window16s_stride1s-epo,theta
1092,-0.0035416760629500585,patient10_window16s_stride1s-epo,theta
1093,-0.004753452494077324,patient10_window16s_stride1s-epo,theta
1094,-0.005472150116339704,patient10_window16s_stride1s-epo,theta
1095,-0.006199879143039076,patient10_window16s_stride1s-epo,theta
1096,-0.004267835182246768,patient10_window16s_stride1s-epo,theta
1097,-0.0034779853919207062,patient10_window16s_stride1s-epo,theta
1098,-0.0039575727606471715,patient10_window16s_stride1s-epo,theta
1099,-0.0015194567840709381,patient10_window16s_stride1s-epo,theta
1100,-0.0018295321293632107,patient10_window16s_stride1s-epo,theta
1101,-0.0008570580391629212,patient10_window16s_stride1s-epo,theta
1102,-0.0016140417186172064,patient10_window16s_stride1s-epo,theta
1103,-0.0036772667378691024,patient10_window16s_stride1s-epo,theta
1104,-0.0045877289275658645,patient10_window16s_stride1s-epo,theta
1105,-0.0036096584430822605,patient10_window16s_stride1s-epo,theta
1106,-0.003967569339197927,patient10_window16s_stride1s-epo,theta
1107,-0.0052578702940637425,patient10_window16s_stride1s-epo,theta
1108,-0.004604243808098422,patient10_window16s_stride1s-epo,theta
1109,-0.0029816513875284647,patient10_window16s_stride1s-epo,theta
1110,-0.003247398930789329,patient10_window16s_stride1s-epo,theta
1111,-0.002284819974940727,patient10_window16s_stride1s-epo,theta
1112,-0.0035755826214957007,patient10_window16s_stride1s-epo,theta
1113,-0.004983421426759494,patient10_window16s_stride1s-epo,theta
1114,-0.004145842599790303,patient10_window16s_stride1s-epo,theta
1115,-0.0037597986821005717,patient10_window16s_stride1s-epo,theta
1116,-0.004376988056198534,patient10_window16s_stride1s-epo,theta
1117,-0.002369861551816644,patient10_window16s_stride1s-epo,theta
1118,-0.002860747113643274,patient10_window16s_stride1s-epo,theta
1119,-0.0033408118425666345,patient10_window16s_stride1s-epo,theta
1120,-0.004638476714038786,patient10_window16s_stride1s-epo,theta
1121,-0.0051690480344090475,patient10_window16s_stride1s-epo,theta
1122,-0.005206152637968436,patient10_window16s_stride1s-epo,theta
1123,-0.0037319877586894524,patient10_window16s_stride1s-epo,theta
1124,-0.003377570888248015,patient10_window16s_stride1s-epo,theta
1125,-0.002797530461039192,patient10_window16s_stride1s-epo,theta
1126,-0.003312458717419938,patient10_window16s_stride1s-epo,theta
1127,-0.0037556127969609284,patient10_window16s_stride1s-epo,theta
1128,-0.0028434409510056393,patient10_window16s_stride1s-epo,theta
1129,-0.0030934672992544267,patient10_window16s_stride1s-epo,theta
1130,-0.0048643099254467555,patient10_window16s_stride1s-epo,theta
1131,-0.0046951393947071785,patient10_window16s_stride1s-epo,theta
1132,-0.00488035057832294,patient10_window16s_stride1s-epo,theta
1133,-0.005003664354800096,patient10_window16s_stride1s-epo,theta
1134,-0.00616685045445193,patient10_window16s_stride1s-epo,theta
1135,-0.0037474361071232103,patient10_window16s_stride1s-epo,theta
1136,-0.0014329511212986207,patient10_window16s_stride1s-epo,theta
1137,-0.0015358162573670543,patient10_window16s_stride1s-epo,theta
1138,-0.003886943225897739,patient10_window16s_stride1s-epo,theta
1139,-0.00201899689701608,patient10_window16s_stride1s-epo,theta
1140,-0.0032040272143053247,patient10_window16s_stride1s-epo,theta
1141,-0.00507299148205197,patient10_window16s_stride1s-epo,theta
1142,-0.003634985701332843,patient10_window16s_stride1s-epo,theta
1143,-0.0035833056011896408,patient10_window16s_stride1s-epo,theta
1144,-0.0039687520497088385,patient10_window16s_stride1s-epo,theta
1145,-0.0034955747422715216,patient10_window16s_stride1s-epo,theta
1146,-0.004443799626570768,patient10_window16s_stride1s-epo,theta
1147,-0.004894378351260938,patient10_window16s_stride1s-epo,theta
1148,-0.0048030096515884165,patient10_window16s_stride1s-epo,theta
1149,-0.004667783656483973,patient10_window16s_stride1s-epo,theta
1150,-0.002855193442977626,patient10_window16s_stride1s-epo,theta
1151,-0.003085397353286362,patient10_window16s_stride1s-epo,theta
1152,-0.004304381212810957,patient10_window16s_stride1s-epo,theta
1153,-0.0047552687703805545,patient10_window16s_stride1s-epo,theta
1154,-0.004501468693367801,patient10_window16s_stride1s-epo,theta
1155,-0.0051318705994613705,patient10_window16s_stride1s-epo,theta
1156,-0.0052448875054105825,patient10_window16s_stride1s-epo,theta
1157,-0.004895279030659177,patient10_window16s_stride1s-epo,theta
1158,-0.0046802872702813355,patient10_window16s_stride1s-epo,theta
1159,-0.006120844443582914,patient10_window16s_stride1s-epo,theta
1160,-0.0026860144239887244,patient10_window16s_stride1s-epo,theta
1161,-0.004770629873600979,patient10_window16s_stride1s-epo,theta
1162,-0.005287819924023007,patient10_window16s_stride1s-epo,theta
1163,-0.006129376868141986,patient10_window16s_stride1s-epo,theta
1164,-0.006480820780518597,patient10_window16s_stride1s-epo,theta
1165,-0.007244059331015742,patient10_window16s_stride1s-epo,theta
1166,-0.005290407493130508,patient10_window16s_stride1s-epo,theta
1167,-0.006203010905941344,patient10_window16s_stride1s-epo,theta
1168,-0.007227544195470872,patient10_window16s_stride1s-epo,theta
1169,-0.0054958481270277046,patient10_window16s_stride1s-epo,theta
1170,-0.005300754488152841,patient10_window16s_stride1s-epo,theta
1171,-0.006212136013435388,patient10_window16s_stride1s-epo,theta
1172,-0.006397902768975499,patient10_window16s_stride1s-epo,theta
1173,-0.006467652229928393,patient10_window16s_stride1s-epo,theta
1174,-0.0071278243423361495,patient10_window16s_stride1s-epo,theta
1175,-0.005111751659148915,patient10_window16s_stride1s-epo,theta
1176,-0.005783234171363807,patient10_window16s_stride1s-epo,theta
1177,-0.00492725760898005,patient10_window16s_stride1s-epo,theta
1178,-0.003930265690956021,patient10_window16s_stride1s-epo,theta
1179,-0.00463021500153932,patient10_window16s_stride1s-epo,theta
1180,-0.003835075480392344,patient10_window16s_stride1s-epo,theta
1181,-0.004153816152611267,patient10_window16s_stride1s-epo,theta
1182,-0.003661433184076964,patient10_window16s_stride1s-epo,theta
1183,-0.004032166656986911,patient10_window16s_stride1s-epo,theta
1184,-0.0038696157781935403,patient10_window16s_stride1s-epo,theta
1185,-0.0033533631721711136,patient10_window16s_stride1s-epo,theta
1186,-0.0028106975312326243,patient10_window16s_stride1s-epo,theta
1187,-0.000475600745568618,patient10_window16s_stride1s-epo,theta
1188,-0.0020536575576417166,patient10_window16s_stride1s-epo,theta
1189,-0.003323059136544101,patient10_window16s_stride1s-epo,theta
1190,-0.0031721375232273146,patient10_window16s_stride1s-epo,theta
1191,-0.002250843588278401,patient10_window16s_stride1s-epo,theta
1192,-0.002794513707178797,patient10_window16s_stride1s-epo,theta
1193,-0.003302932253393264,patient10_window16s_stride1s-epo,theta
1194,-0.0026049298492184787,patient10_window16s_stride1s-epo,theta
1195,-0.0026668137245311847,patient10_window16s_stride1s-epo,theta
1196,-0.002237353155124943,patient10_window16s_stride1s-epo,theta
1197,-0.002496698704357041,patient10_window16s_stride1s-epo,theta
1198,-0.005027070630393154,patient10_window16s_stride1s-epo,theta
1199,-0.004542615418237701,patient10_window16s_stride1s-epo,theta
1200,-0.0051450390149403915,patient10_window16s_stride1s-epo,theta
1201,-0.005914445874479569,patient10_window16s_stride1s-epo,theta
1202,-0.006693114180906747,patient10_window16s_stride1s-epo,theta
1203,-0.007025921224364096,patient10_window16s_stride1s-epo,theta
1204,-0.005934211497973921,patient10_window16s_stride1s-epo,theta
1205,-0.0038418171248994354,patient10_window16s_stride1s-epo,theta
1206,-0.0027801153205178567,patient10_window16s_stride1s-epo,theta
1207,-0.0025792060438437282,patient10_window16s_stride1s-epo,theta
1208,-0.0024346948877339886,patient10_window16s_stride1s-epo,theta
1209,-0.001579807354546638,patient10_window16s_stride1s-epo,theta
1210,-0.0013343505405584248,patient10_window16s_stride1s-epo,theta
1211,-0.001305732535298705,patient10_window16s_stride1s-epo,theta
1212,-0.0014302194208592818,patient10_window16s_stride1s-epo,theta
1213,-0.0017063603308003733,patient10_window16s_stride1s-epo,theta
1214,-0.0010822183914406332,patient10_window16s_stride1s-epo,theta
1215,-0.0011820371240331765,patient10_window16s_stride1s-epo,theta
1216,-0.0006737233376065175,patient10_window16s_stride1s-epo,theta
1217,-0.0004553350360934763,patient10_window16s_stride1s-epo,theta
1218,0.0020988879592019082,patient10_window16s_stride1s-epo,theta
1219,0.002071689740123243,patient10_window16s_stride1s-epo,theta
1220,-0.0006103991867640381,patient10_window16s_stride1s-epo,theta
1221,-0.0008152972537134512,patient10_window16s_stride1s-epo,theta
1222,-0.0016908070315340472,patient10_window16s_stride1s-epo,theta
1223,-0.0003461618790154916,patient10_window16s_stride1s-epo,theta
1224,-0.002440159395823616,patient10_window16s_stride1s-epo,theta
1225,-0.002673755596219641,patient10_window16s_stride1s-epo,theta
1226,-0.0027833008922084246,patient10_window16s_stride1s-epo,theta
1227,-0.003150605014495198,patient10_window16s_stride1s-epo,theta
1228,-0.00310715577912821,patient10_window16s_stride1s-epo,theta
1229,-0.003980089291193025,patient10_window16s_stride1s-epo,theta
1230,-0.003565312822028289,patient10_window16s_stride1s-epo,theta
1231,-0.003696575767182287,patient10_window16s_stride1s-epo,theta
1232,-0.0045029711113916265,patient10_window16s_stride1s-epo,theta
1233,-0.0033775542901622814,patient10_window16s_stride1s-epo,theta
1234,-0.003294991010451954,patient10_window16s_stride1s-epo,theta
1235,-0.0031982038081858114,patient10_window16s_stride1s-epo,theta
1236,-0.0029473128733217818,patient10_window16s_stride1s-epo,theta
1237,-0.0026302789127673697,patient10_window16s_stride1s-epo,theta
1238,-0.0044541037307442915,patient10_window16s_stride1s-epo,theta
1239,-0.004844760891122132,patient10_window16s_stride1s-epo,theta
1240,-0.005334100900650179,patient10_window16s_stride1s-epo,theta
1241,-0.003763625530233589,patient10_window16s_stride1s-epo,theta
1242,-0.005731259590241092,patient10_window16s_stride1s-epo,theta
1243,-0.004131728285940083,patient10_window16s_stride1s-epo,theta
1244,-0.0024595786406891996,patient10_window16s_stride1s-epo,theta
1245,-0.004069860307082596,patient10_window16s_stride1s-epo,theta
1246,-0.004432681115101348,patient10_window16s_stride1s-epo,theta
1247,-0.00519389850953297,patient10_window16s_stride1s-epo,theta
1248,-0.005639133889611095,patient10_window16s_stride1s-epo,theta
1249,-0.007047508180605006,patient10_window16s_stride1s-epo,theta
1250,-0.007500978460158835,patient10_window16s_stride1s-epo,theta
1251,-0.005479816657115967,patient10_window16s_stride1s-epo,theta
1252,-0.004809724375823784,patient10_window16s_stride1s-epo,theta
1253,-0.004977784944591387,patient10_window16s_stride1s-epo,theta
1254,-0.0045254574555457,patient10_window16s_stride1s-epo,theta
1255,-0.006254912142275208,patient10_window16s_stride1s-epo,theta
1256,-0.006552540879072655,patient10_window16s_stride1s-epo,theta
1257,-0.006665159968610963,patient10_window16s_stride1s-epo,theta
1258,-0.006335666349325439,patient10_window16s_stride1s-epo,theta
1259,-0.009206831963726384,patient10_window16s_stride1s-epo,theta
1260,-0.008058821452242649,patient10_window16s_stride1s-epo,theta
1261,-0.008240540005087626,patient10_window16s_stride1s-epo,theta
1262,-0.008250862041257705,patient10_window16s_stride1s-epo,theta
1263,-0.0075095468363231,patient10_window16s_stride1s-epo,theta
1264,-0.006579219892304554,patient10_window16s_stride1s-epo,theta
1265,-0.006108369222206311,patient10_window16s_stride1s-epo,theta
1266,-0.005108738030643728,patient10_window16s_stride1s-epo,theta
1267,-0.0045213456681688574,patient10_window16s_stride1s-epo,theta
1268,-0.003083912589381133,patient10_window16s_stride1s-epo,theta
1269,-0.005606794510893929,patient10_window16s_stride1s-epo,theta
1270,-0.004206063288526928,patient10_window16s_stride1s-epo,theta
1271,-0.0037697032539536464,patient10_window16s_stride1s-epo,theta
1272,-0.003664981691421892,patient10_window16s_stride1s-epo,theta
1273,-0.005151072879149758,patient10_window16s_stride1s-epo,theta
1274,-0.0058036430814598725,patient10_window16s_stride1s-epo,theta
1275,-0.005624676373015424,patient10_window16s_stride1s-epo,theta
1276,-0.005868974389512988,patient10_window16s_stride1s-epo,theta
1277,-0.0059115701232453875,patient10_window16s_stride1s-epo,theta
1278,-0.0053346608435760265,patient10_window16s_stride1s-epo,theta
1279,-0.004478731680973809,patient10_window16s_stride1s-epo,theta
1280,-0.004790958628381365,patient10_window16s_stride1s-epo,theta
1281,-0.005676411575079419,patient10_window16s_stride1s-epo,theta
1282,-0.005988420919576516,patient10_window16s_stride1s-epo,theta
1283,-0.006467216823150084,patient10_window16s_stride1s-epo,theta
1284,-0.006648197954512533,patient10_window16s_stride1s-epo,theta
1285,-0.006342634621511956,patient10_window16s_stride1s-epo,theta
1286,-0.006393613500942754,patient10_window16s_stride1s-epo,theta
1287,-0.007633294987036534,patient10_window16s_stride1s-epo,theta
1288,-0.008927717540708223,patient10_window16s_stride1s-epo,theta
1289,-0.0075419096802636105,patient10_window16s_stride1s-epo,theta
1290,-0.0071618333822129655,patient10_window16s_stride1s-epo,theta
1291,-0.007300081162855882,patient10_window16s_stride1s-epo,theta
1292,-0.00896449101133775,patient10_window16s_stride1s-epo,theta
1293,-0.008929151276004733,patient10_window16s_stride1s-epo,theta
1294,-0.00868336008444529,patient10_window16s_stride1s-epo,theta
1295,-0.008976884478266434,patient10_window16s_stride1s-epo,theta
1296,-0.00828384510760841,patient10_window16s_stride1s-epo,theta
1297,-0.008018143767603885,patient10_window16s_stride1s-epo,theta
1298,-0.008500530441055329,patient10_window16s_stride1s-epo,theta
1299,-0.0079962858983577,patient10_window16s_stride1s-epo,theta
1300,-0.0074510533547740955,patient10_window16s_stride1s-epo,theta
1301,-0.006020744477782853,patient10_window16s_stride1s-epo,theta
1302,-0.005802922281921088,patient10_window16s_stride1s-epo,theta
1303,-0.00595571723895837,patient10_window16s_stride1s-epo,theta
1304,-0.004167456079235966,patient10_window16s_stride1s-epo,theta
1305,-0.002790430960756123,patient10_window16s_stride1s-epo,theta
1306,-0.002070105595732001,patient10_window16s_stride1s-epo,theta
1307,-0.0019783614307630135,patient10_window16s_stride1s-epo,theta
1308,-0.003474085097171646,patient10_window16s_stride1s-epo,theta
1309,-0.003179737783223352,patient10_window16s_stride1s-epo,theta
1310,-0.005267367560296452,patient10_window16s_stride1s-epo,theta
1311,-0.0046743445643222204,patient10_window16s_stride1s-epo,theta
1312,-0.005244864214401268,patient10_window16s_stride1s-epo,theta
1313,-0.003804815210784993,patient10_window16s_stride1s-epo,theta
1314,-0.0031005794310232106,patient10_window16s_stride1s-epo,theta
1315,-0.002831963428618603,patient10_window16s_stride1s-epo,theta
1316,-0.0027237363889341137,patient10_window16s_stride1s-epo,theta
1317,-0.003946204373004284,patient10_window16s_stride1s-epo,theta
1318,-0.003816825554824109,patient10_window16s_stride1s-epo,theta
1319,-0.0056565721877794815,patient10_window16s_stride1s-epo,theta
1320,-0.005666287089294644,patient10_window16s_stride1s-epo,theta
1321,-0.00707677017151362,patient10_window16s_stride1s-epo,theta
1322,-0.005964550064019955,patient10_window16s_stride1s-epo,theta
1323,-0.004735685612472969,patient10_window16s_stride1s-epo,theta
1324,-0.003795352157317076,patient10_window16s_stride1s-epo,theta
1325,-0.006795323171621928,patient10_window16s_stride1s-epo,theta
1326,-0.0038020779178793607,patient10_window16s_stride1s-epo,theta
1327,-0.0030724869058527267,patient10_window16s_stride1s-epo,theta
1328,-0.003210014687235863,patient10_window16s_stride1s-epo,theta
1329,-0.005135586562747951,patient10_window16s_stride1s-epo,theta
1330,-0.0071305368113799,patient10_window16s_stride1s-epo,theta
1331,-0.006434036720702654,patient10_window16s_stride1s-epo,theta
1332,-0.006153539524250143,patient10_window16s_stride1s-epo,theta
1333,-0.007549634999898162,patient10_window16s_stride1s-epo,theta
1334,-0.00873214294484661,patient10_window16s_stride1s-epo,theta
1335,-0.0069497829734652935,patient10_window16s_stride1s-epo,theta
1336,-0.006756602305165405,patient10_window16s_stride1s-epo,theta
1337,-0.007833899055304024,patient10_window16s_stride1s-epo,theta
1338,-0.007267807867490383,patient10_window16s_stride1s-epo,theta
1339,-0.009258488627081373,patient10_window16s_stride1s-epo,theta
1340,-0.00791523549692419,patient10_window16s_stride1s-epo,theta
1341,-0.007363649098745408,patient10_window16s_stride1s-epo,theta
1342,-0.006810293473285285,patient10_window16s_stride1s-epo,theta
1343,-0.00747201539756741,patient10_window16s_stride1s-epo,theta
1344,-0.00880051665422116,patient10_window16s_stride1s-epo,theta
1345,-0.006733242284135653,patient10_window16s_stride1s-epo,theta
1346,-0.006149130033674512,patient10_window16s_stride1s-epo,theta
1347,-0.006514018537950887,patient10_window16s_stride1s-epo,theta
1348,-0.006031311711617689,patient10_window16s_stride1s-epo,theta
1349,-0.005001220300266659,patient10_window16s_stride1s-epo,theta
1350,-0.005377508057355701,patient10_window16s_stride1s-epo,theta
1351,-0.00427502663252772,patient10_window16s_stride1s-epo,theta
1352,-0.005056559765208089,patient10_window16s_stride1s-epo,theta
1353,-0.0036217444301380798,patient10_window16s_stride1s-epo,theta
1354,-0.004411833563390357,patient10_window16s_stride1s-epo,theta
1355,-0.004198805369424409,patient10_window16s_stride1s-epo,theta
1356,-0.004302188947788774,patient10_window16s_stride1s-epo,theta
1357,-0.005048450663468507,patient10_window16s_stride1s-epo,theta
1358,-0.003769684107784815,patient10_window16s_stride1s-epo,theta
1359,-0.004580977381938196,patient10_window16s_stride1s-epo,theta
1360,-0.005194480541613984,patient10_window16s_stride1s-epo,theta
1361,-0.007336521796065543,patient10_window16s_stride1s-epo,theta
1362,-0.006456750221348588,patient10_window16s_stride1s-epo,theta
1363,-0.007223657561778762,patient10_window16s_stride1s-epo,theta
1364,-0.007886009860939397,patient10_window16s_stride1s-epo,theta
1365,-0.009215514730667299,patient10_window16s_stride1s-epo,theta
1366,-0.010353527590302284,patient10_window16s_stride1s-epo,theta
1367,-0.010809744734759583,patient10_window16s_stride1s-epo,theta
1368,-0.009465306253244507,patient10_window16s_stride1s-epo,theta
1369,-0.008298953238600177,patient10_window16s_stride1s-epo,theta
1370,-0.008948049740104424,patient10_window16s_stride1s-epo,theta
1371,-0.010337121053170329,patient10_window16s_stride1s-epo,theta
1372,-0.008950803356806146,patient10_window16s_stride1s-epo,theta
1373,-0.009478937199107905,patient10_window16s_stride1s-epo,theta
1374,-0.010209962684900936,patient10_window16s_stride1s-epo,theta
1375,-0.010770460731065143,patient10_window16s_stride1s-epo,theta
1376,-0.010205880670854728,patient10_window16s_stride1s-epo,theta
1377,-0.009562511308444268,patient10_window16s_stride1s-epo,theta
1378,-0.008628213191444904,patient10_window16s_stride1s-epo,theta
1379,-0.0068984207824214485,patient10_window16s_stride1s-epo,theta
1380,-0.006147068469895856,patient10_window16s_stride1s-epo,theta
1381,-0.004830303307853037,patient10_window16s_stride1s-epo,theta
1382,-0.006085360104672514,patient10_window16s_stride1s-epo,theta
1383,-0.003823614376491252,patient10_window16s_stride1s-epo,theta
1384,-0.0036182359382276185,patient10_window16s_stride1s-epo,theta
1385,-0.005314860958602647,patient10_window16s_stride1s-epo,theta
1386,-0.005090457418274761,patient10_window16s_stride1s-epo,theta
1387,-0.005316705585247939,patient10_window16s_stride1s-epo,theta
1388,-0.00482591487062498,patient10_window16s_stride1s-epo,theta
1389,-0.006746390980072313,patient10_window16s_stride1s-epo,theta
1390,-0.006281007219318546,patient10_window16s_stride1s-epo,theta
1391,-0.006081619200658419,patient10_window16s_stride1s-epo,theta
1392,-0.0038911229624492374,patient10_window16s_stride1s-epo,theta
1393,-0.0047405641011454055,patient10_window16s_stride1s-epo,theta
1394,-0.0071158504177131245,patient10_window16s_stride1s-epo,theta
1395,-0.006424453910923052,patient10_window16s_stride1s-epo,theta
1396,-0.007327462669552099,patient10_window16s_stride1s-epo,theta
1397,-0.005340229803687799,patient10_window16s_stride1s-epo,theta
1398,-0.006412196419068232,patient10_window16s_stride1s-epo,theta
1399,-0.0061375157629037,patient10_window16s_stride1s-epo,theta
1400,-0.006422731657758934,patient10_window16s_stride1s-epo,theta
1401,-0.00643569921047248,patient10_window16s_stride1s-epo,theta
1402,-0.007604402351544104,patient10_window16s_stride1s-epo,theta
1403,-0.006653165198273083,patient10_window16s_stride1s-epo,theta
1404,-0.006014163542197825,patient10_window16s_stride1s-epo,theta
1405,-0.006077367789351757,patient10_window16s_stride1s-epo,theta
1406,-0.00597034290320764,patient10_window16s_stride1s-epo,theta
1407,-0.005976919886123378,patient10_window16s_stride1s-epo,theta
1408,-0.005762062820682734,patient10_window16s_stride1s-epo,theta
1409,-0.005106378047190773,patient10_window16s_stride1s-epo,theta
1410,-0.005924504402745983,patient10_window16s_stride1s-epo,theta
1411,-0.006150190551879273,patient10_window16s_stride1s-epo,theta
1412,-0.007436123396051673,patient10_window16s_stride1s-epo,theta
1413,-0.006625182712394033,patient10_window16s_stride1s-epo,theta
1414,-0.004612906111302142,patient10_window16s_stride1s-epo,theta
1415,-0.006589983142903056,patient10_window16s_stride1s-epo,theta
1416,-0.007137834635928426,patient10_window16s_stride1s-epo,theta
1417,-0.007341775919115634,patient10_window16s_stride1s-epo,theta
1418,-0.007424078998531924,patient10_window16s_stride1s-epo,theta
1419,-0.004861006766604686,patient10_window16s_stride1s-epo,theta
1420,-0.0035172632398188467,patient10_window16s_stride1s-epo,theta
1421,-0.0058646523805877294,patient10_window16s_stride1s-epo,theta
1422,-0.004714103957522424,patient10_window16s_stride1s-epo,theta
1423,-0.004851308059711661,patient10_window16s_stride1s-epo,theta
1424,-0.0035703048603999235,patient10_window16s_stride1s-epo,theta
1425,-0.002533989456757937,patient10_window16s_stride1s-epo,theta
1426,-0.0013445163522214012,patient10_window16s_stride1s-epo,theta
1427,-0.0016820977305262667,patient10_window16s_stride1s-epo,theta
1428,-0.0010494148456081682,patient10_window16s_stride1s-epo,theta
1429,-0.0028839375467425953,patient10_window16s_stride1s-epo,theta
1430,-0.0037699746536153924,patient10_window16s_stride1s-epo,theta
1431,-0.004093001214377375,patient10_window16s_stride1s-epo,theta
1432,-0.003265630375311295,patient10_window16s_stride1s-epo,theta
1433,-0.004806711670694088,patient10_window16s_stride1s-epo,theta
1434,-0.0037526685533581547,patient10_window16s_stride1s-epo,theta
1435,-0.004417843633850515,patient10_window16s_stride1s-epo,theta
1436,-0.004630164252458386,patient10_window16s_stride1s-epo,theta
1437,-0.00435957166772055,patient10_window16s_stride1s-epo,theta
1438,-0.00424499825780111,patient10_window16s_stride1s-epo,theta
1439,-0.004541064584524841,patient10_window16s_stride1s-epo,theta
1440,-0.00680428090114319,patient10_window16s_stride1s-epo,theta
1441,-0.008537619795669872,patient10_window16s_stride1s-epo,theta
1442,-0.008909427838758734,patient10_window16s_stride1s-epo,theta
1443,-0.008899325065324188,patient10_window16s_stride1s-epo,theta
1444,-0.008779641752242691,patient10_window16s_stride1s-epo,theta
1445,-0.009373282791712617,patient10_window16s_stride1s-epo,theta
1446,-0.006813432433269926,patient10_window16s_stride1s-epo,theta
1447,-0.00796444373329563,patient10_window16s_stride1s-epo,theta
1448,-0.007378397356903936,patient10_window16s_stride1s-epo,theta
1449,-0.00671112953577236,patient10_window16s_stride1s-epo,theta
1450,-0.006211845708677934,patient10_window16s_stride1s-epo,theta
1451,-0.007826310737366823,patient10_window16s_stride1s-epo,theta
1452,-0.007311448956666261,patient10_window16s_stride1s-epo,theta
1453,-0.00827933170238628,patient10_window16s_stride1s-epo,theta
1454,-0.00724298338262952,patient10_window16s_stride1s-epo,theta
1455,-0.006018991370735714,patient10_window16s_stride1s-epo,theta
1456,-0.006625720410915948,patient10_window16s_stride1s-epo,theta
1457,-0.0050017637765282065,patient10_window16s_stride1s-epo,theta
1458,-0.002222478742789673,patient10_window16s_stride1s-epo,theta
1459,-0.001532679234186084,patient10_window16s_stride1s-epo,theta
1460,-0.0027050762967935262,patient10_window16s_stride1s-epo,theta
1461,-0.0015497564076573122,patient10_window16s_stride1s-epo,theta
1462,-0.0020690627506473234,patient10_window16s_stride1s-epo,theta
1463,-0.0021914672182109392,patient10_window16s_stride1s-epo,theta
1464,-0.0021754460252417242,patient10_window16s_stride1s-epo,theta
1465,0.0005791792566623079,patient10_window16s_stride1s-epo,theta
1466,-0.00040438960680854705,patient10_window16s_stride1s-epo,theta
1467,-0.0005616594199474336,patient10_window16s_stride1s-epo,theta
1468,-0.00024447420177363155,patient10_window16s_stride1s-epo,theta
1469,0.00037628103613560824,patient10_window16s_stride1s-epo,theta
1470,-0.00046775281672044143,patient10_window16s_stride1s-epo,theta
1471,-0.0008946608932346412,patient10_window16s_stride1s-epo,theta
1472,1.8456942030623393e-05,patient10_window16s_stride1s-epo,theta
1473,-0.00026771092609033126,patient10_window16s_stride1s-epo,theta
1474,-0.001138088223773941,patient10_window16s_stride1s-epo,theta
1475,-0.002816909529976216,patient10_window16s_stride1s-epo,theta
1476,-0.0034707422748093456,patient10_window16s_stride1s-epo,theta
1477,-0.003428097512095158,patient10_window16s_stride1s-epo,theta
1478,-0.0037978126700322114,patient10_window16s_stride1s-epo,theta
1479,-0.004024891137990193,patient10_window16s_stride1s-epo,theta
1480,-0.00442677782748946,patient10_window16s_stride1s-epo,theta
1481,-0.005205171022931413,patient10_window16s_stride1s-epo,theta
1482,-0.005892649765910303,patient10_window16s_stride1s-epo,theta
1483,-0.0051550904567299735,patient10_window16s_stride1s-epo,theta
1484,-0.005367284141473015,patient10_window16s_stride1s-epo,theta
1485,-0.005489936057394915,patient10_window16s_stride1s-epo,theta
1486,-0.005353391325299918,patient10_window16s_stride1s-epo,theta
1487,-0.006420873557466756,patient10_window16s_stride1s-epo,theta
1488,-0.005581791414015182,patient10_window16s_stride1s-epo,theta
1489,-0.00515916696801858,patient10_window16s_stride1s-epo,theta
1490,-0.004581116676444522,patient10_window16s_stride1s-epo,theta
1491,-0.0035713457657025015,patient10_window16s_stride1s-epo,theta
1492,-0.0023364359432050622,patient10_window16s_stride1s-epo,theta
1493,-0.002315455434581231,patient10_window16s_stride1s-epo,theta
1494,-0.0016572679167667695,patient10_window16s_stride1s-epo,theta
1495,-0.0015131051679645293,patient10_window16s_stride1s-epo,theta
1496,-0.0028871918333096603,patient10_window16s_stride1s-epo,theta
1497,-0.0019090882627514532,patient10_window16s_stride1s-epo,theta
1498,-0.0003010605762881079,patient10_window16s_stride1s-epo,theta
1499,-0.001220122561467869,patient10_window16s_stride1s-epo,theta
1500,-0.001696690307489369,patient10_window16s_stride1s-epo,theta
1501,-0.0007929711474572369,patient10_window16s_stride1s-epo,theta
1502,-0.0013143037713831093,patient10_window16s_stride1s-epo,theta
1503,-0.0017922861798425394,patient10_window16s_stride1s-epo,theta
1504,-0.001146766864238236,patient10_window16s_stride1s-epo,theta
1505,-2.5943537873922534e-05,patient10_window16s_stride1s-epo,theta
1506,-0.0005970030355257019,patient10_window16s_stride1s-epo,theta
1507,-0.0010322120637007576,patient10_window16s_stride1s-epo,theta
1508,0.0003041551294339383,patient10_window16s_stride1s-epo,theta
1509,0.0004687991396447023,patient10_window16s_stride1s-epo,theta
1510,0.0009629656789115265,patient10_window16s_stride1s-epo,theta
1511,0.000504153949165598,patient10_window16s_stride1s-epo,theta
1512,0.0009040771982320909,patient10_window16s_stride1s-epo,theta
1513,-0.0006740133861792878,patient10_window16s_stride1s-epo,theta
1514,5.1442839755348354e-05,patient10_window16s_stride1s-epo,theta
1515,-0.0022888461350632217,patient10_window16s_stride1s-epo,theta
1516,-0.0028545871889733227,patient10_window16s_stride1s-epo,theta
1517,-0.0034584828605767393,patient10_window16s_stride1s-epo,theta
1518,-0.0032986304674059827,patient10_window16s_stride1s-epo,theta
1519,-0.003290330725284149,patient10_window16s_stride1s-epo,theta
1520,-0.004294729285559136,patient10_window16s_stride1s-epo,theta
1521,-0.0030408019388594625,patient10_window16s_stride1s-epo,theta
1522,-0.002735310298891236,patient10_window16s_stride1s-epo,theta
1523,-0.0035600861186293182,patient10_window16s_stride1s-epo,theta
1524,-0.004541309139011367,patient10_window16s_stride1s-epo,theta
1525,-0.005124553817392053,patient10_window16s_stride1s-epo,theta
1526,-0.005856555473799937,patient10_window16s_stride1s-epo,theta
1527,-0.006667474340960417,patient10_window16s_stride1s-epo,theta
1528,-0.007509901099099982,patient10_window16s_stride1s-epo,theta
1529,-0.006708580358222928,patient10_window16s_stride1s-epo,theta
1530,-0.008033755582477039,patient10_window16s_stride1s-epo,theta
1531,-0.0050566600837632265,patient10_window16s_stride1s-epo,theta
1532,-0.004532918516057442,patient10_window16s_stride1s-epo,theta
1533,-0.005089455220446451,patient10_window16s_stride1s-epo,theta
1534,-0.0065008247159723,patient10_window16s_stride1s-epo,theta
1535,-0.007382284972185808,patient10_window16s_stride1s-epo,theta
1536,-0.007598559787047816,patient10_window16s_stride1s-epo,theta
1537,-0.007193166709742929,patient10_window16s_stride1s-epo,theta
1538,-0.006794778714652777,patient10_window16s_stride1s-epo,theta
1539,-0.008259782343811806,patient10_window16s_stride1s-epo,theta
1540,-0.007976361648868852,patient10_window16s_stride1s-epo,theta
1541,-0.008208951120221877,patient10_window16s_stride1s-epo,theta
1542,-0.007228049724706243,patient10_window16s_stride1s-epo,theta
1543,-0.004413033146974502,patient10_window16s_stride1s-epo,theta
1544,-0.006300235683081105,patient10_window16s_stride1s-epo,theta
1545,-0.006419703274157572,patient10_window16s_stride1s-epo,theta
1546,-0.004223832237728735,patient10_window16s_stride1s-epo,theta
1547,-0.004056239240992405,patient10_window16s_stride1s-epo,theta
1548,-0.003161499529657504,patient10_window16s_stride1s-epo,theta
1549,-0.002751877125970361,patient10_window16s_stride1s-epo,theta
1550,-0.003341470987789048,patient10_window16s_stride1s-epo,theta
1551,-0.005293329468883184,patient10_window16s_stride1s-epo,theta
1552,-0.006599891876031033,patient10_window16s_stride1s-epo,theta
1553,-0.006686090169642152,patient10_window16s_stride1s-epo,theta
1554,-0.005473118115958356,patient10_window16s_stride1s-epo,theta
1555,-0.005350960715917673,patient10_window16s_stride1s-epo,theta
1556,-0.0061678514062660054,patient10_window16s_stride1s-epo,theta
1557,-0.00501876778364535,patient10_window16s_stride1s-epo,theta
1558,-0.005769239224916753,patient10_window16s_stride1s-epo,theta
1559,-0.005223492942327382,patient10_window16s_stride1s-epo,theta
1560,-0.0055687873655299956,patient10_window16s_stride1s-epo,theta
1561,-0.005580179858733712,patient10_window16s_stride1s-epo,theta
1562,-0.007132369503628624,patient10_window16s_stride1s-epo,theta
1563,-0.007531394389778934,patient10_window16s_stride1s-epo,theta
1564,-0.00682982128752738,patient10_window16s_stride1s-epo,theta
1565,-0.007218451543774728,patient10_window16s_stride1s-epo,theta
1566,-0.007523282796994061,patient10_window16s_stride1s-epo,theta
1567,-0.006904260919459977,patient10_window16s_stride1s-epo,theta
1568,-0.005100010131034903,patient10_window16s_stride1s-epo,theta
1569,-0.006448309459351896,patient10_window16s_stride1s-epo,theta
1570,-0.005850978105488771,patient10_window16s_stride1s-epo,theta
1571,-0.004109475444046174,patient10_window16s_stride1s-epo,theta
1572,-0.005908824433004036,patient10_window16s_stride1s-epo,theta
1573,-0.006599649990651124,patient10_window16s_stride1s-epo,theta
1574,-0.005648164580908047,patient10_window16s_stride1s-epo,theta
1575,-0.006892968415632691,patient10_window16s_stride1s-epo,theta
1576,-0.005936242715596407,patient10_window16s_stride1s-epo,theta
1577,-0.0051853533788351535,patient10_window16s_stride1s-epo,theta
1578,-0.004811270163956207,patient10_window16s_stride1s-epo,theta
1579,-0.005128597752407012,patient10_window16s_stride1s-epo,theta
1580,-0.006109421302549128,patient10_window16s_stride1s-epo,theta
1581,-0.006162375725595707,patient10_window16s_stride1s-epo,theta
1582,-0.006604246955842912,patient10_window16s_stride1s-epo,theta
1583,-0.00607306573177802,patient10_window16s_stride1s-epo,theta
1584,-0.004973064602472084,patient10_window16s_stride1s-epo,theta
1585,-0.004643054795038736,patient10_window16s_stride1s-epo,theta
1586,-0.005798453332303322,patient10_window16s_stride1s-epo,theta
1587,-0.0062846368219718575,patient10_window16s_stride1s-epo,theta
1588,-0.005358415099373173,patient10_window16s_stride1s-epo,theta
1589,-0.005259241213016609,patient10_window16s_stride1s-epo,theta
1590,-0.002929225056032762,patient10_window16s_stride1s-epo,theta
1591,-0.003148187585964589,patient10_window16s_stride1s-epo,theta
1592,-0.003492672219595808,patient10_window16s_stride1s-epo,theta
1593,-0.00454265373104588,patient10_window16s_stride1s-epo,theta
1594,-0.004614999977155144,patient10_window16s_stride1s-epo,theta
1595,-0.005823062264469359,patient10_window16s_stride1s-epo,theta
1596,-0.005659899580228454,patient10_window16s_stride1s-epo,theta
1597,-0.004748152673041918,patient10_window16s_stride1s-epo,theta
1598,-0.0060003482512133175,patient10_window16s_stride1s-epo,theta
1599,-0.006295395562978226,patient10_window16s_stride1s-epo,theta
1600,-0.006387138328780085,patient10_window16s_stride1s-epo,theta
1601,-0.0045905773450181245,patient10_window16s_stride1s-epo,theta
1602,-0.004632445067535624,patient10_window16s_stride1s-epo,theta
1603,-0.004822770060691791,patient10_window16s_stride1s-epo,theta
1604,-0.004207037633865044,patient10_window16s_stride1s-epo,theta
1605,-0.004607129487911909,patient10_window16s_stride1s-epo,theta
1606,-0.004983701759543771,patient10_window16s_stride1s-epo,theta
1607,-0.0036643720368712443,patient10_window16s_stride1s-epo,theta
1608,-0.0022390510923390454,patient10_window16s_stride1s-epo,theta
1609,-0.0026492313077021564,patient10_window16s_stride1s-epo,theta
1610,-0.0012647697427683208,patient10_window16s_stride1s-epo,theta
1611,-0.0010647002781359668,patient10_window16s_stride1s-epo,theta
1612,0.0001001221680847284,patient10_window16s_stride1s-epo,theta
1613,-0.0005708666044894047,patient10_window16s_stride1s-epo,theta
1614,-0.0011618900949410267,patient10_window16s_stride1s-epo,theta
1615,-6.279343389032492e-05,patient10_window16s_stride1s-epo,theta
1616,0.0003283318458548175,patient10_window16s_stride1s-epo,theta
1617,-5.3164637098592145e-05,patient10_window16s_stride1s-epo,theta
1618,-0.0002977131261788953,patient10_window16s_stride1s-epo,theta
1619,0.00032020473435485973,patient10_window16s_stride1s-epo,theta
1620,-0.0019410246256398838,patient10_window16s_stride1s-epo,theta
1621,-0.001539000843216026,patient10_window16s_stride1s-epo,theta
1622,-0.0013596565647454146,patient10_window16s_stride1s-epo,theta
1623,-0.004379343363706875,patient10_window16s_stride1s-epo,theta
1624,-0.005948758675311298,patient10_window16s_stride1s-epo,theta
1625,-0.004630866504488679,patient10_window16s_stride1s-epo,theta
1626,-0.0064095743228424875,patient10_window16s_stride1s-epo,theta
1627,-0.007320458202431188,patient10_window16s_stride1s-epo,theta
1628,-0.007620808990880506,patient10_window16s_stride1s-epo,theta
1629,-0.007502176999700656,patient10_window16s_stride1s-epo,theta
1630,-0.00730734323820853,patient10_window16s_stride1s-epo,theta
1631,-0.006844802653720504,patient10_window16s_stride1s-epo,theta
1632,-0.006190642081413801,patient10_window16s_stride1s-epo,theta
1633,-0.006843446767739476,patient10_window16s_stride1s-epo,theta
1634,-0.006504855132801079,patient10_window16s_stride1s-epo,theta
1635,-0.004485999701116704,patient10_window16s_stride1s-epo,theta
1636,-0.003567616695900196,patient10_window16s_stride1s-epo,theta
1637,-0.003923952839336398,patient10_window16s_stride1s-epo,theta
1638,-0.003143175242900692,patient10_window16s_stride1s-epo,theta
1639,-0.0032947304524378594,patient10_window16s_stride1s-epo,theta
1640,-0.0028597910880493157,patient10_window16s_stride1s-epo,theta
1641,-0.0009908854636506044,patient10_window16s_stride1s-epo,theta
1642,-0.0015570848695960356,patient10_window16s_stride1s-epo,theta
1643,-0.0020189820783493594,patient10_window16s_stride1s-epo,theta
1644,-0.0008028866056917181,patient10_window16s_stride1s-epo,theta
1645,-0.001985538353641509,patient10_window16s_stride1s-epo,theta
1646,-0.0034569854555014765,patient10_window16s_stride1s-epo,theta
1647,-0.0013769607998216293,patient10_window16s_stride1s-epo,theta
1648,-5.012536629118623e-05,patient10_window16s_stride1s-epo,theta
1649,-0.00014105798857736714,patient10_window16s_stride1s-epo,theta
1650,-0.001644028867641494,patient10_window16s_stride1s-epo,theta
1651,-0.0025457677227540975,patient10_window16s_stride1s-epo,theta
1652,-0.0029968970825823243,patient10_window16s_stride1s-epo,theta
1653,-0.004890950193031306,patient10_window16s_stride1s-epo,theta
1654,-0.005593257899260996,patient10_window16s_stride1s-epo,theta
1655,-0.003812746913923465,patient10_window16s_stride1s-epo,theta
1656,-0.0054640405216102505,patient10_window16s_stride1s-epo,theta
1657,-0.004250343714118166,patient10_window16s_stride1s-epo,theta
1658,-0.004319425799360896,patient10_window16s_stride1s-epo,theta
1659,-0.0035957118503004,patient10_window16s_stride1s-epo,theta
1660,-0.0038495500748692035,patient10_window16s_stride1s-epo,theta
1661,-0.0020168816903781074,patient10_window16s_stride1s-epo,theta
1662,-0.0011363301579606056,patient10_window16s_stride1s-epo,theta
1663,-0.0035500551691716666,patient10_window16s_stride1s-epo,theta
1664,-0.002944095756725943,patient10_window16s_stride1s-epo,theta
1665,-0.004526625148953022,patient10_window16s_stride1s-epo,theta
1666,-0.0028482319457451637,patient10_window16s_stride1s-epo,theta
1667,-0.001271600598768748,patient10_window16s_stride1s-epo,theta
1668,0.0004584767422244555,patient10_window16s_stride1s-epo,theta
1669,-7.504340962539862e-05,patient10_window16s_stride1s-epo,theta
1670,-0.0003585236817645523,patient10_window16s_stride1s-epo,theta
1671,-0.0023590909235214684,patient10_window16s_stride1s-epo,theta
1672,-0.004730004741520662,patient10_window16s_stride1s-epo,theta
1673,-0.005216787344999984,patient10_window16s_stride1s-epo,theta
1674,-0.005042389468369134,patient10_window16s_stride1s-epo,theta
1675,-0.006337796726316325,patient10_window16s_stride1s-epo,theta
1676,-0.00688064563656784,patient10_window16s_stride1s-epo,theta
1677,-0.007496508911909407,patient10_window16s_stride1s-epo,theta
1678,-0.006607004681265606,patient10_window16s_stride1s-epo,theta
1679,-0.007717273510967266,patient10_window16s_stride1s-epo,theta
1680,-0.006024634833207233,patient10_window16s_stride1s-epo,theta
1681,-0.004893667765863914,patient10_window16s_stride1s-epo,theta
1682,-0.0057933965027495695,patient10_window16s_stride1s-epo,theta
1683,-0.004791970373025415,patient10_window16s_stride1s-epo,theta
1684,-0.005889264093287441,patient10_window16s_stride1s-epo,theta
1685,-0.007325122035846754,patient10_window16s_stride1s-epo,theta
1686,-0.006637293537251359,patient10_window16s_stride1s-epo,theta
1687,-0.006541343960387465,patient10_window16s_stride1s-epo,theta
1688,-0.0055777921180118345,patient10_window16s_stride1s-epo,theta
1689,-0.0047296417801468565,patient10_window16s_stride1s-epo,theta
1690,-0.005480796566877233,patient10_window16s_stride1s-epo,theta
1691,-0.005812434199476473,patient10_window16s_stride1s-epo,theta
1692,-0.004496939901168464,patient10_window16s_stride1s-epo,theta
1693,-0.005556074897351465,patient10_window16s_stride1s-epo,theta
1694,-0.00597103553806902,patient10_window16s_stride1s-epo,theta
1695,-0.005377412291009246,patient10_window16s_stride1s-epo,theta
1696,-0.0058063087408998645,patient10_window16s_stride1s-epo,theta
1697,-0.006520836739420014,patient10_window16s_stride1s-epo,theta
1698,-0.004949804104104617,patient10_window16s_stride1s-epo,theta
1699,-0.004555661750204814,patient10_window16s_stride1s-epo,theta
1700,-0.005908835086832671,patient10_window16s_stride1s-epo,theta
1701,-0.0029379919159580135,patient10_window16s_stride1s-epo,theta
1702,-0.00333013571054251,patient10_window16s_stride1s-epo,theta
1703,-0.0023138731302987485,patient10_window16s_stride1s-epo,theta
1704,-0.0027025112814486707,patient10_window16s_stride1s-epo,theta
1705,-0.0008423333475884601,patient10_window16s_stride1s-epo,theta
1706,-0.0017996700719967902,patient10_window16s_stride1s-epo,theta
1707,-0.001631545277348847,patient10_window16s_stride1s-epo,theta
1708,-0.0011375432551647285,patient10_window16s_stride1s-epo,theta
1709,0.00036359208424493935,patient10_window16s_stride1s-epo,theta
1710,-0.001353840394462682,patient10_window16s_stride1s-epo,theta
1711,-0.0022348401961049904,patient10_window16s_stride1s-epo,theta
1712,-0.0025213409917774275,patient10_window16s_stride1s-epo,theta
1713,-0.00011168982074220908,patient10_window16s_stride1s-epo,theta
1714,-0.000994781440823252,patient10_window16s_stride1s-epo,theta
1715,-0.00021500813323538387,patient10_window16s_stride1s-epo,theta
1716,-0.0001226215723909325,patient10_window16s_stride1s-epo,theta
1717,-0.0015209034763566296,patient10_window16s_stride1s-epo,theta
1718,-0.0036214875729596863,patient10_window16s_stride1s-epo,theta
1719,-0.0033491016639669306,patient10_window16s_stride1s-epo,theta
1720,-0.0037721204791647234,patient10_window16s_stride1s-epo,theta
1721,-0.004434238899242467,patient10_window16s_stride1s-epo,theta
1722,-0.0034413963508954106,patient10_window16s_stride1s-epo,theta
1723,-0.005703064314392968,patient10_window16s_stride1s-epo,theta
1724,-0.006333606178666508,patient10_window16s_stride1s-epo,theta
1725,-0.005303340454978976,patient10_window16s_stride1s-epo,theta
1726,-0.005279420239743488,patient10_window16s_stride1s-epo,theta
1727,-0.004427588767202231,patient10_window16s_stride1s-epo,theta
1728,-0.004832944310028538,patient10_window16s_stride1s-epo,theta
1729,-0.005161024923867699,patient10_window16s_stride1s-epo,theta
1730,-0.005998834377103339,patient10_window16s_stride1s-epo,theta
1731,-0.006309237074812516,patient10_window16s_stride1s-epo,theta
1732,-0.006195747239681648,patient10_window16s_stride1s-epo,theta
1733,-0.004677472987228851,patient10_window16s_stride1s-epo,theta
1734,-0.004662182727961939,patient10_window16s_stride1s-epo,theta
1735,-0.004905520757080368,patient10_window16s_stride1s-epo,theta
1736,-0.005822928773442531,patient10_window16s_stride1s-epo,theta
1737,-0.005059620541018205,patient10_window16s_stride1s-epo,theta
1738,-0.005950782008273717,patient10_window16s_stride1s-epo,theta
1739,-0.006321723631291007,patient10_window16s_stride1s-epo,theta
1740,-0.004548662462322535,patient10_window16s_stride1s-epo,theta
1741,-0.00575408900709302,patient10_window16s_stride1s-epo,theta
1742,-0.00688138974248784,patient10_window16s_stride1s-epo,theta
1743,-0.007703929171529692,patient10_window16s_stride1s-epo,theta
1744,-0.005734069903660298,patient10_window16s_stride1s-epo,theta
1745,-0.006112603460284581,patient10_window16s_stride1s-epo,theta
1746,-0.005616645503312361,patient10_window16s_stride1s-epo,theta
1747,-0.006927754327688657,patient10_window16s_stride1s-epo,theta
1748,-0.005968409511165697,patient10_window16s_stride1s-epo,theta
1749,-0.0054881875557977935,patient10_window16s_stride1s-epo,theta
1750,-0.0051748936276429045,patient10_window16s_stride1s-epo,theta
1751,-0.003823601982204766,patient10_window16s_stride1s-epo,theta
1752,-0.0032460777710700633,patient10_window16s_stride1s-epo,theta
1753,-0.004925904881143211,patient10_window16s_stride1s-epo,theta
1754,-0.005498701182413301,patient10_window16s_stride1s-epo,theta
1755,-0.006513638176114036,patient10_window16s_stride1s-epo,theta
1756,-0.005263020120302186,patient10_window16s_stride1s-epo,theta
1757,-0.0058449778243004616,patient10_window16s_stride1s-epo,theta
1758,-0.006570899596700377,patient10_window16s_stride1s-epo,theta
1759,-0.00466790266693538,patient10_window16s_stride1s-epo,theta
1760,-0.005358614393374561,patient10_window16s_stride1s-epo,theta
1761,-0.0049109902067555385,patient10_window16s_stride1s-epo,theta
1762,-0.005561658707217274,patient10_window16s_stride1s-epo,theta
1763,-0.005600496764561254,patient10_window16s_stride1s-epo,theta
1764,-0.005206850678780112,patient10_window16s_stride1s-epo,theta
1765,-0.004502841275788426,patient10_window16s_stride1s-epo,theta
1766,-0.0052775914796938115,patient10_window16s_stride1s-epo,theta
1767,-0.004892730652567999,patient10_window16s_stride1s-epo,theta
1768,-0.006064717713173461,patient10_window16s_stride1s-epo,theta
1769,-0.003670014211816413,patient10_window16s_stride1s-epo,theta
1770,-0.0014053557313500765,patient10_window16s_stride1s-epo,theta
1771,-0.004289611758508379,patient10_window16s_stride1s-epo,theta
1772,-0.00517310087300264,patient10_window16s_stride1s-epo,theta
1773,-0.004889199741477166,patient10_window16s_stride1s-epo,theta
1774,-0.00419891905824118,patient10_window16s_stride1s-epo,theta
1775,-0.002653083671136893,patient10_window16s_stride1s-epo,theta
1776,-0.002865254329531359,patient10_window16s_stride1s-epo,theta
1777,-0.0035644799840798473,patient10_window16s_stride1s-epo,theta
1778,-0.0035713200209332254,patient10_window16s_stride1s-epo,theta
1779,-0.002934758029456317,patient10_window16s_stride1s-epo,theta
1780,-0.00267990947884388,patient10_window16s_stride1s-epo,theta
1781,-0.0035389810445885838,patient10_window16s_stride1s-epo,theta
1782,-0.004290301692587722,patient10_window16s_stride1s-epo,theta
1783,-0.0042172241302248364,patient10_window16s_stride1s-epo,theta
1784,-0.004502266123850764,patient10_window16s_stride1s-epo,theta
1785,-0.003457579661117267,patient10_window16s_stride1s-epo,theta
1786,-0.004075088733927516,patient10_window16s_stride1s-epo,theta
1787,-0.0032604407456243135,patient10_window16s_stride1s-epo,theta
1788,-0.003607818750549539,patient10_window16s_stride1s-epo,theta
1789,-0.003043345993437017,patient10_window16s_stride1s-epo,theta
1790,-0.003025791787110013,patient10_window16s_stride1s-epo,theta
1791,-0.002417108851011271,patient10_window16s_stride1s-epo,theta
1792,-0.003422215929080292,patient10_window16s_stride1s-epo,theta
1793,-0.003297395498887306,patient10_window16s_stride1s-epo,theta
1794,-0.0030093887091229977,patient10_window16s_stride1s-epo,theta
1795,-0.0033782923715298986,patient10_window16s_stride1s-epo,theta
1796,-0.003811568726444736,patient10_window16s_stride1s-epo,theta
1797,-0.005129865961992827,patient10_window16s_stride1s-epo,theta
1798,-0.004014438573513139,patient10_window16s_stride1s-epo,theta
1799,-0.005488119862785636,patient10_window16s_stride1s-epo,theta
1800,-0.0034640793123745,patient10_window16s_stride1s-epo,theta
1801,-0.003231732693968484,patient10_window16s_stride1s-epo,theta
1802,-0.0024747676888617195,patient10_window16s_stride1s-epo,theta
1803,-0.002376853475245992,patient10_window16s_stride1s-epo,theta
1804,-0.004707383725567178,patient10_window16s_stride1s-epo,theta
1805,-0.0018547369575072753,patient10_window16s_stride1s-epo,theta
1806,-0.002841083509255431,patient10_window16s_stride1s-epo,theta
1807,-0.0014163557157592188,patient10_window16s_stride1s-epo,theta
1808,-0.0029815106685439517,patient10_window16s_stride1s-epo,theta
1809,-0.0023595546482056097,patient10_window16s_stride1s-epo,theta
1810,-0.0020000448418363566,patient10_window16s_stride1s-epo,theta
1811,-0.0011290356748191485,patient10_window16s_stride1s-epo,theta
1812,-0.0014904756110974086,patient10_window16s_stride1s-epo,theta
1813,-0.0023718809731412887,patient10_window16s_stride1s-epo,theta
1814,-0.0018325795026099148,patient10_window16s_stride1s-epo,theta
1815,-0.002160390705083406,patient10_window16s_stride1s-epo,theta
1816,-0.0023456909832784423,patient10_window16s_stride1s-epo,theta
1817,-0.0021199643994448463,patient10_window16s_stride1s-epo,theta
1818,-0.0013879311106518432,patient10_window16s_stride1s-epo,theta
1819,-0.0023688164332777255,patient10_window16s_stride1s-epo,theta
1820,-0.0017934900836725914,patient10_window16s_stride1s-epo,theta
1821,-0.0031036740463430777,patient10_window16s_stride1s-epo,theta
1822,-0.001920297809245698,patient10_window16s_stride1s-epo,theta
1823,-0.004187350701585455,patient10_window16s_stride1s-epo,theta
1824,-0.0017134470172849004,patient10_window16s_stride1s-epo,theta
1825,-0.0034482417509351334,patient10_window16s_stride1s-epo,theta
1826,-0.0043586326178891,patient10_window16s_stride1s-epo,theta
1827,-0.003919224915411044,patient10_window16s_stride1s-epo,theta
1828,-0.0026354456351784443,patient10_window16s_stride1s-epo,theta
1829,-0.0012499168806971348,patient10_window16s_stride1s-epo,theta
1830,-0.0016851439982540153,patient10_window16s_stride1s-epo,theta
1831,-0.0016450409852266231,patient10_window16s_stride1s-epo,theta
1832,-0.002194206267469348,patient10_window16s_stride1s-epo,theta
1833,-0.003550268882972575,patient10_window16s_stride1s-epo,theta
1834,-0.0022971347231599726,patient10_window16s_stride1s-epo,theta
1835,-0.0023839054411475768,patient10_window16s_stride1s-epo,theta
1836,-0.0015185753372487527,patient10_window16s_stride1s-epo,theta
1837,-0.0042897649498552385,patient10_window16s_stride1s-epo,theta
1838,-0.005649532071099214,patient10_window16s_stride1s-epo,theta
1839,-0.00572024732710675,patient10_window16s_stride1s-epo,theta
1840,-0.005238379682756092,patient10_window16s_stride1s-epo,theta
1841,-0.005651878796988992,patient10_window16s_stride1s-epo,theta
1842,-0.0026677860677857858,patient10_window16s_stride1s-epo,theta
1843,-0.004335412745695715,patient10_window16s_stride1s-epo,theta
1844,-0.004523165672689402,patient10_window16s_stride1s-epo,theta
1845,-0.005652933767986696,patient10_window16s_stride1s-epo,theta
1846,-0.0034883630527702252,patient10_window16s_stride1s-epo,theta
1847,-0.0028032627923624265,patient10_window16s_stride1s-epo,theta
1848,-0.0022120350111346234,patient10_window16s_stride1s-epo,theta
1849,-0.0023428485060662005,patient10_window16s_stride1s-epo,theta
1850,-0.0014547788276850979,patient10_window16s_stride1s-epo,theta
1851,-0.0006078324423346097,patient10_window16s_stride1s-epo,theta
1852,-0.0013564519558877798,patient10_window16s_stride1s-epo,theta
1853,-0.001129345779083061,patient10_window16s_stride1s-epo,theta
1854,-0.001021900692714504,patient10_window16s_stride1s-epo,theta
1855,-0.0023076797077988755,patient10_window16s_stride1s-epo,theta
1856,-0.002473793566615231,patient10_window16s_stride1s-epo,theta
1857,-0.002340964881966825,patient10_window16s_stride1s-epo,theta
1858,-0.0016176945924031363,patient10_window16s_stride1s-epo,theta
1859,-0.003156110647509163,patient10_window16s_stride1s-epo,theta
1860,-0.002939069494177126,patient10_window16s_stride1s-epo,theta
1861,-0.0030315170907035745,patient10_window16s_stride1s-epo,theta
1862,-0.0016575795023832083,patient10_window16s_stride1s-epo,theta
1863,-0.0020518067770928915,patient10_window16s_stride1s-epo,theta
1864,-0.003143987761799521,patient10_window16s_stride1s-epo,theta
1865,-0.003633021405453612,patient10_window16s_stride1s-epo,theta
1866,-0.0038106125107771616,patient10_window16s_stride1s-epo,theta
1867,-0.004640645838831449,patient10_window16s_stride1s-epo,theta
1868,-0.004793659404941698,patient10_window16s_stride1s-epo,theta
1869,-0.0047773101431555255,patient10_window16s_stride1s-epo,theta
1870,-0.003914330810456937,patient10_window16s_stride1s-epo,theta
1871,-0.005355062199868733,patient10_window16s_stride1s-epo,theta
1872,-0.0050008717232398634,patient10_window16s_stride1s-epo,theta
1873,-0.0055178749278857525,patient10_window16s_stride1s-epo,theta
1874,-0.006961507187901059,patient10_window16s_stride1s-epo,theta
1875,-0.00503512416279103,patient10_window16s_stride1s-epo,theta
1876,-0.006362250244464329,patient10_window16s_stride1s-epo,theta
1877,-0.006947521530526866,patient10_window16s_stride1s-epo,theta
1878,-0.00801045239060413,patient10_window16s_stride1s-epo,theta
1879,-0.0066718709231692415,patient10_window16s_stride1s-epo,theta
1880,-0.007558159631344944,patient10_window16s_stride1s-epo,theta
1881,-0.007043057486802744,patient10_window16s_stride1s-epo,theta
1882,-0.006376230342758347,patient10_window16s_stride1s-epo,theta
1883,-0.006736275939329794,patient10_window16s_stride1s-epo,theta
1884,-0.0061869980357918426,patient10_window16s_stride1s-epo,theta
1885,-0.0066187415372134075,patient10_window16s_stride1s-epo,theta
1886,-0.009101573611826072,patient10_window16s_stride1s-epo,theta
1887,-0.007747123019808144,patient10_window16s_stride1s-epo,theta
1888,-0.008575640013523678,patient10_window16s_stride1s-epo,theta
1889,-0.008613591274919471,patient10_window16s_stride1s-epo,theta
1890,-0.007958166775994521,patient10_window16s_stride1s-epo,theta
1891,-0.007594268131204258,patient10_window16s_stride1s-epo,theta
1892,-0.0080977303830408,patient10_window16s_stride1s-epo,theta
1893,-0.006336521450879923,patient10_window16s_stride1s-epo,theta
1894,-0.0078429298843392,patient10_window16s_stride1s-epo,theta
1895,-0.008156738092702598,patient10_window16s_stride1s-epo,theta
1896,-0.009357153360992167,patient10_window16s_stride1s-epo,theta
1897,-0.008846590105390125,patient10_window16s_stride1s-epo,theta
1898,-0.00861527172100746,patient10_window16s_stride1s-epo,theta
1899,-0.009097392927657186,patient10_window16s_stride1s-epo,theta
1900,-0.008276534041938089,patient10_window16s_stride1s-epo,theta
1901,-0.006973734269881825,patient10_window16s_stride1s-epo,theta
1902,-0.0038244078031641343,patient10_window16s_stride1s-epo,theta
1903,-0.005508261885447978,patient10_window16s_stride1s-epo,theta
1904,-0.004455228054666315,patient10_window16s_stride1s-epo,theta
1905,-0.004059110331421359,patient10_window16s_stride1s-epo,theta
1906,-0.004622047394464858,patient10_window16s_stride1s-epo,theta
1907,-0.004580098943336889,patient10_window16s_stride1s-epo,theta
1908,-0.005796391402924954,patient10_window16s_stride1s-epo,theta
1909,-0.006749767871761883,patient10_window16s_stride1s-epo,theta
1910,-0.006314247724674688,patient10_window16s_stride1s-epo,theta
1911,-0.00556459557846479,patient10_window16s_stride1s-epo,theta
1912,-0.004416836422084807,patient10_window16s_stride1s-epo,theta
1913,-0.0042926135820422155,patient10_window16s_stride1s-epo,theta
1914,-0.005231218523340192,patient10_window16s_stride1s-epo,theta
1915,-0.005196583371608999,patient10_window16s_stride1s-epo,theta
1916,-0.004442034304397424,patient10_window16s_stride1s-epo,theta
1917,-0.006966735685368561,patient10_window16s_stride1s-epo,theta
1918,-0.006622171627454634,patient10_window16s_stride1s-epo,theta
1919,-0.007424502781606438,patient10_window16s_stride1s-epo,theta
1920,-0.007439555967575456,patient10_window16s_stride1s-epo,theta
1921,-0.007794781220447686,patient10_window16s_stride1s-epo,theta
1922,-0.008145081298684744,patient10_window16s_stride1s-epo,theta
1923,-0.007352944377131437,patient10_window16s_stride1s-epo,theta
1924,-0.008878371402322172,patient10_window16s_stride1s-epo,theta
1925,-0.008683035171069279,patient10_window16s_stride1s-epo,theta
1926,-0.008941713665305277,patient10_window16s_stride1s-epo,theta
1927,-0.007722253586129849,patient10_window16s_stride1s-epo,theta
1928,-0.007054778297181434,patient10_window16s_stride1s-epo,theta
1929,-0.006168452637011361,patient10_window16s_stride1s-epo,theta
1930,-0.005903304880348608,patient10_window16s_stride1s-epo,theta
1931,-0.005547900572178625,patient10_window16s_stride1s-epo,theta
1932,-0.007443316091927452,patient10_window16s_stride1s-epo,theta
1933,-0.008827468377109236,patient10_window16s_stride1s-epo,theta
1934,-0.007853965006990303,patient10_window16s_stride1s-epo,theta
1935,-0.008353975225939496,patient10_window16s_stride1s-epo,theta
1936,-0.008166146506360963,patient10_window16s_stride1s-epo,theta
1937,-0.008489870458399286,patient10_window16s_stride1s-epo,theta
1938,-0.009636677501345121,patient10_window16s_stride1s-epo,theta
1939,-0.009298343060307081,patient10_window16s_stride1s-epo,theta
1940,-0.006909642335063756,patient10_window16s_stride1s-epo,theta
1941,-0.0066075955689169985,patient10_window16s_stride1s-epo,theta
1942,-0.0059611477126137015,patient10_window16s_stride1s-epo,theta
1943,-0.007033187317090112,patient10_window16s_stride1s-epo,theta
1944,-0.007659100067993811,patient10_window16s_stride1s-epo,theta
1945,-0.007147454830538883,patient10_window16s_stride1s-epo,theta
1946,-0.007280367858658512,patient10_window16s_stride1s-epo,theta
1947,-0.0066640057478141584,patient10_window16s_stride1s-epo,theta
1948,-0.006611315603766743,patient10_window16s_stride1s-epo,theta
1949,-0.007471621479266899,patient10_window16s_stride1s-epo,theta
1950,-0.006177251015753252,patient10_window16s_stride1s-epo,theta
1951,-0.005315635939706295,patient10_window16s_stride1s-epo,theta
1952,-0.005775832117920029,patient10_window16s_stride1s-epo,theta
1953,-0.007105391640964319,patient10_window16s_stride1s-epo,theta
1954,-0.0068899261957065,patient10_window16s_stride1s-epo,theta
1955,-0.007018015185026674,patient10_window16s_stride1s-epo,theta
1956,-0.007750643285102827,patient10_window16s_stride1s-epo,theta
1957,-0.008446263084782041,patient10_window16s_stride1s-epo,theta
1958,-0.008099478848797415,patient10_window16s_stride1s-epo,theta
1959,-0.008402501106221332,patient10_window16s_stride1s-epo,theta
1960,-0.007313445724986191,patient10_window16s_stride1s-epo,theta
1961,-0.00831292450339519,patient10_window16s_stride1s-epo,theta
1962,-0.007207016244861252,patient10_window16s_stride1s-epo,theta
1963,-0.006190348619659055,patient10_window16s_stride1s-epo,theta
1964,-0.005505354088440548,patient10_window16s_stride1s-epo,theta
1965,-0.00473907848824118,patient10_window16s_stride1s-epo,theta
1966,-0.003688556858703882,patient10_window16s_stride1s-epo,theta
1967,-0.0029727489472173197,patient10_window16s_stride1s-epo,theta
1968,-0.001988618152789584,patient10_window16s_stride1s-epo,theta
1969,-0.0031332204510285625,patient10_window16s_stride1s-epo,theta
1970,-0.0035833901751622836,patient10_window16s_stride1s-epo,theta
1971,-0.0022324707396725405,patient10_window16s_stride1s-epo,theta
1972,-0.002299371555414296,patient10_window16s_stride1s-epo,theta
1973,-0.002535907061062392,patient10_window16s_stride1s-epo,theta
1974,-0.003147224374901338,patient10_window16s_stride1s-epo,theta
1975,-0.003648383348386773,patient10_window16s_stride1s-epo,theta
1976,-0.003962461476338049,patient10_window16s_stride1s-epo,theta
1977,-0.003149276862548821,patient10_window16s_stride1s-epo,theta
1978,-0.0022958468250086966,patient10_window16s_stride1s-epo,theta
1979,-0.001140818140995755,patient10_window16s_stride1s-epo,theta
1980,-0.0019494094386554375,patient10_window16s_stride1s-epo,theta
1981,-0.004080330726096683,patient10_window16s_stride1s-epo,theta
1982,-0.004310462198860856,patient10_window16s_stride1s-epo,theta
1983,-0.0035538960453964518,patient10_window16s_stride1s-epo,theta
1984,-0.005421111653448623,patient10_window16s_stride1s-epo,theta
1985,-0.005431423678336336,patient10_window16s_stride1s-epo,theta
1986,-0.006126838587034736,patient10_window16s_stride1s-epo,theta
1987,-0.008042092779079427,patient10_window16s_stride1s-epo,theta
1988,-0.00815754733719978,patient10_window16s_stride1s-epo,theta
1989,-0.007403316756516592,patient10_window16s_stride1s-epo,theta
1990,-0.006815084766456201,patient10_window16s_stride1s-epo,theta
1991,-0.008438966562649723,patient10_window16s_stride1s-epo,theta
1992,-0.006568452976363103,patient10_window16s_stride1s-epo,theta
1993,-0.006938038742160711,patient10_window16s_stride1s-epo,theta
1994,-0.006815329685443521,patient10_window16s_stride1s-epo,theta
1995,-0.00483030984037185,patient10_window16s_stride1s-epo,theta
1996,-0.005021574845602536,patient10_window16s_stride1s-epo,theta
1997,-0.0038060178333133594,patient10_window16s_stride1s-epo,theta
1998,-0.0053049857344218765,patient10_window16s_stride1s-epo,theta
1999,-0.00586848062825871,patient10_window16s_stride1s-epo,theta
2000,-0.0038110198293625354,patient10_window16s_stride1s-epo,theta
2001,-0.004389643518399992,patient10_window16s_stride1s-epo,theta
2002,-0.0014068660695100675,patient10_window16s_stride1s-epo,theta
2003,-0.002653891728925674,patient10_window16s_stride1s-epo,theta
2004,-0.0033133355488971744,patient10_window16s_stride1s-epo,theta
2005,-0.004330802325072316,patient10_window16s_stride1s-epo,theta
2006,-0.0026885773882957755,patient10_window16s_stride1s-epo,theta
2007,-0.0032252940269729955,patient10_window16s_stride1s-epo,theta
2008,-0.004250628640343519,patient10_window16s_stride1s-epo,theta
2009,-0.005768292055213895,patient10_window16s_stride1s-epo,theta
2010,-0.004962731673283817,patient10_window16s_stride1s-epo,theta
2011,-0.0047083803961251785,patient10_window16s_stride1s-epo,theta
2012,-0.005116356871031464,patient10_window16s_stride1s-epo,theta
2013,-0.004413558404694624,patient10_window16s_stride1s-epo,theta
2014,-0.0030909057427273893,patient10_window16s_stride1s-epo,theta
2015,-0.0036745621014887347,patient10_window16s_stride1s-epo,theta
2016,-0.005668116383221846,patient10_window16s_stride1s-epo,theta
2017,-0.006755594458889759,patient10_window16s_stride1s-epo,theta
2018,-0.00565738835149716,patient10_window16s_stride1s-epo,theta
2019,-0.004456936833702612,patient10_window16s_stride1s-epo,theta
2020,-0.0017852200346108896,patient10_window16s_stride1s-epo,theta
2021,-0.001996342789297464,patient10_window16s_stride1s-epo,theta
2022,-0.0016876442822374759,patient10_window16s_stride1s-epo,theta
2023,-0.001140123755722986,patient10_window16s_stride1s-epo,theta
2024,-4.215954862632242e-06,patient10_window16s_stride1s-epo,theta
2025,0.00020459844020986762,patient10_window16s_stride1s-epo,theta
2026,-0.0019379192688401355,patient10_window16s_stride1s-epo,theta
2027,-0.0028103631894136967,patient10_window16s_stride1s-epo,theta
2028,-0.003024144279124727,patient10_window16s_stride1s-epo,theta
2029,-0.004916864373705557,patient10_window16s_stride1s-epo,theta
2030,-0.0033340181540873863,patient10_window16s_stride1s-epo,theta
2031,-0.002591141086518565,patient10_window16s_stride1s-epo,theta
2032,-0.0018745059856549848,patient10_window16s_stride1s-epo,theta
2033,-0.0003278755626770862,patient10_window16s_stride1s-epo,theta
2034,-0.001619615093319296,patient10_window16s_stride1s-epo,theta
2035,-0.001660131892996589,patient10_window16s_stride1s-epo,theta
2036,-0.0015122166853579842,patient10_window16s_stride1s-epo,theta
2037,-0.0018331307014126436,patient10_window16s_stride1s-epo,theta
2038,-0.0018945787422621474,patient10_window16s_stride1s-epo,theta
2039,-0.0028049557573660835,patient10_window16s_stride1s-epo,theta
2040,-0.002669094466307258,patient10_window16s_stride1s-epo,theta
2041,-0.0030162978947170867,patient10_window16s_stride1s-epo,theta
2042,-0.0010164169411908215,patient10_window16s_stride1s-epo,theta
2043,-3.3942037767167806e-05,patient10_window16s_stride1s-epo,theta
2044,0.0012207906636679975,patient10_window16s_stride1s-epo,theta
2045,0.0005867482881927832,patient10_window16s_stride1s-epo,theta
2046,0.0007912884600957833,patient10_window16s_stride1s-epo,theta
2047,0.003986825858381423,patient10_window16s_stride1s-epo,theta
2048,0.0022128962875083025,patient10_window16s_stride1s-epo,theta
2049,0.002943001754587047,patient10_window16s_stride1s-epo,theta
2050,-6.018675936233766e-05,patient10_window16s_stride1s-epo,theta
2051,-0.001716672097242382,patient10_window16s_stride1s-epo,theta
2052,-0.0016170848626623757,patient10_window16s_stride1s-epo,theta
2053,-0.0016571075679145384,patient10_window16s_stride1s-epo,theta
2054,0.0006602468895475768,patient10_window16s_stride1s-epo,theta
2055,0.00011340659772255399,patient10_window16s_stride1s-epo,theta
2056,3.1284051263702383e-05,patient10_window16s_stride1s-epo,theta
2057,-0.0016373249160531696,patient10_window16s_stride1s-epo,theta
2058,-0.0015196934465262783,patient10_window16s_stride1s-epo,theta
2059,0.0008548870981188247,patient10_window16s_stride1s-epo,theta
2060,-0.002480604066335598,patient10_window16s_stride1s-epo,theta
2061,-0.001465482739481323,patient10_window16s_stride1s-epo,theta
2062,-0.0035347803224188845,patient10_window16s_stride1s-epo,theta
2063,-0.004907523980010042,patient10_window16s_stride1s-epo,theta
2064,-0.004830963690287834,patient10_window16s_stride1s-epo,theta
2065,-0.0039710001757667,patient10_window16s_stride1s-epo,theta
2066,-0.002938241141203243,patient10_window16s_stride1s-epo,theta
2067,-0.0026489433478530055,patient10_window16s_stride1s-epo,theta
2068,-0.003959123759448603,patient10_window16s_stride1s-epo,theta
2069,-0.003363001422187083,patient10_window16s_stride1s-epo,theta
2070,-0.005151086402127183,patient10_window16s_stride1s-epo,theta
2071,-0.005757084495704448,patient10_window16s_stride1s-epo,theta
2072,-0.006270619054680298,patient10_window16s_stride1s-epo,theta
2073,-0.006652035936584921,patient10_window16s_stride1s-epo,theta
2074,-0.005932239909573909,patient10_window16s_stride1s-epo,theta
2075,-0.006242824762453342,patient10_window16s_stride1s-epo,theta
2076,-0.006818764495975711,patient10_window16s_stride1s-epo,theta
2077,-0.0056852830471683675,patient10_window16s_stride1s-epo,theta
2078,-0.006844949860058306,patient10_window16s_stride1s-epo,theta
2079,-0.007515248731689523,patient10_window16s_stride1s-epo,theta
2080,-0.007332847728004432,patient10_window16s_stride1s-epo,theta
2081,-0.009285516239291098,patient10_window16s_stride1s-epo,theta
2082,-0.00892709233614985,patient10_window16s_stride1s-epo,theta
2083,-0.008613316902894241,patient10_window16s_stride1s-epo,theta
2084,-0.006209984724358838,patient10_window16s_stride1s-epo,theta
2085,-0.00723276429877025,patient10_window16s_stride1s-epo,theta
2086,-0.005816150279687049,patient10_window16s_stride1s-epo,theta
2087,-0.005964772223818779,patient10_window16s_stride1s-epo,theta
2088,-0.004044516719459668,patient10_window16s_stride1s-epo,theta
2089,-0.004824662169647812,patient10_window16s_stride1s-epo,theta
2090,-0.00482660312824595,patient10_window16s_stride1s-epo,theta
2091,-0.005982314786449779,patient10_window16s_stride1s-epo,theta
2092,-0.006194702551705924,patient10_window16s_stride1s-epo,theta
2093,-0.005297332079434346,patient10_window16s_stride1s-epo,theta
2094,-0.00543728009297989,patient10_window16s_stride1s-epo,theta
2095,-0.0037342916596040726,patient10_window16s_stride1s-epo,theta
2096,-0.003311280015860364,patient10_window16s_stride1s-epo,theta
2097,-0.0037889289029695954,patient10_window16s_stride1s-epo,theta
2098,-0.0035233711251877603,patient10_window16s_stride1s-epo,theta
2099,-0.004100924329138727,patient10_window16s_stride1s-epo,theta
2100,-0.0041792427334294835,patient10_window16s_stride1s-epo,theta
2101,-0.0032667991138012995,patient10_window16s_stride1s-epo,theta
2102,-0.0025576973589076925,patient10_window16s_stride1s-epo,theta
2103,-0.0020241207371836417,patient10_window16s_stride1s-epo,theta
2104,-0.004409854893979002,patient10_window16s_stride1s-epo,theta
2105,-0.004089070300247163,patient10_window16s_stride1s-epo,theta
2106,-0.002892195912552365,patient10_window16s_stride1s-epo,theta
2107,-0.0033700585097055005,patient10_window16s_stride1s-epo,theta
2108,-0.0029379784606616117,patient10_window16s_stride1s-epo,theta
2109,-0.004639022248311999,patient10_window16s_stride1s-epo,theta
2110,-0.0034533571196259136,patient10_window16s_stride1s-epo,theta
2111,-0.003513764046997518,patient10_window16s_stride1s-epo,theta
2112,-0.005828965356899155,patient10_window16s_stride1s-epo,theta
2113,-0.005487218299800411,patient10_window16s_stride1s-epo,theta
2114,-0.00507207141648686,patient10_window16s_stride1s-epo,theta
2115,-0.003948578174679002,patient10_window16s_stride1s-epo,theta
2116,-0.003598063126963515,patient10_window16s_stride1s-epo,theta
2117,-0.002797341980299957,patient10_window16s_stride1s-epo,theta
2118,-0.0027598596849164017,patient10_window16s_stride1s-epo,theta
2119,-0.002368729474100993,patient10_window16s_stride1s-epo,theta
2120,-0.0028122661269953746,patient10_window16s_stride1s-epo,theta
2121,-0.0007968538564980952,patient10_window16s_stride1s-epo,theta
2122,-0.002173621702742342,patient10_window16s_stride1s-epo,theta
2123,-0.0011772725137508676,patient10_window16s_stride1s-epo,theta
2124,-0.00060477933757059,patient10_window16s_stride1s-epo,theta
2125,-0.002169316518072873,patient10_window16s_stride1s-epo,theta
2126,-0.0024425402367555388,patient10_window16s_stride1s-epo,theta
2127,-0.0018207240524335377,patient10_window16s_stride1s-epo,theta
2128,-0.0009030268304050821,patient10_window16s_stride1s-epo,theta
2129,-0.00012741010779088465,patient10_window16s_stride1s-epo,theta
2130,-0.0012416055709318099,patient10_window16s_stride1s-epo,theta
2131,-0.003053459625885141,patient10_window16s_stride1s-epo,theta
2132,-0.0036669710482211747,patient10_window16s_stride1s-epo,theta
2133,-0.0036265284122771325,patient10_window16s_stride1s-epo,theta
2134,-0.0049994077420249155,patient10_window16s_stride1s-epo,theta
2135,-0.005725896386028601,patient10_window16s_stride1s-epo,theta
2136,-0.004178378732863765,patient10_window16s_stride1s-epo,theta
2137,-0.005103686410917174,patient10_window16s_stride1s-epo,theta
2138,-0.004788630083604176,patient10_window16s_stride1s-epo,theta
2139,-0.0052524435493977875,patient10_window16s_stride1s-epo,theta
2140,-0.004608238314373736,patient10_window16s_stride1s-epo,theta
2141,-0.004675505245218096,patient10_window16s_stride1s-epo,theta
2142,-0.004476939248428837,patient10_window16s_stride1s-epo,theta
2143,-0.006027028685475427,patient10_window16s_stride1s-epo,theta
2144,-0.005714463172162768,patient10_window16s_stride1s-epo,theta
2145,-0.004561482569398048,patient10_window16s_stride1s-epo,theta
2146,-0.0038155522427115785,patient10_window16s_stride1s-epo,theta
2147,-0.003552739212563683,patient10_window16s_stride1s-epo,theta
2148,-0.0037552012431839575,patient10_window16s_stride1s-epo,theta
2149,-0.004018350123373791,patient10_window16s_stride1s-epo,theta
2150,-0.00362270193486786,patient10_window16s_stride1s-epo,theta
2151,-0.0030227100084791294,patient10_window16s_stride1s-epo,theta
2152,-0.004876101924646298,patient10_window16s_stride1s-epo,theta
2153,-0.004547591175479235,patient10_window16s_stride1s-epo,theta
2154,-0.0044677263650389374,patient10_window16s_stride1s-epo,theta
2155,-0.00511361983611843,patient10_window16s_stride1s-epo,theta
2156,-0.005942549326417442,patient10_window16s_stride1s-epo,theta
2157,-0.005387941886525909,patient10_window16s_stride1s-epo,theta
2158,-0.005382699603675199,patient10_window16s_stride1s-epo,theta
2159,-0.00514776855650383,patient10_window16s_stride1s-epo,theta
2160,-0.0044612834300389636,patient10_window16s_stride1s-epo,theta
2161,-0.004071893024224201,patient10_window16s_stride1s-epo,theta
2162,-0.004694592284964196,patient10_window16s_stride1s-epo,theta
2163,-0.005351685970809333,patient10_window16s_stride1s-epo,theta
2164,-0.006174239967103652,patient10_window16s_stride1s-epo,theta
2165,-0.007101032568429157,patient10_window16s_stride1s-epo,theta
2166,-0.006258046447102973,patient10_window16s_stride1s-epo,theta
2167,-0.006087653267172401,patient10_window16s_stride1s-epo,theta
2168,-0.005146565108433085,patient10_window16s_stride1s-epo,theta
2169,-0.003412202139594571,patient10_window16s_stride1s-epo,theta
2170,-0.0055884272909332315,patient10_window16s_stride1s-epo,theta
2171,-0.005197364641853882,patient10_window16s_stride1s-epo,theta
2172,-0.0062840251026534885,patient10_window16s_stride1s-epo,theta
2173,-0.0061771863011111814,patient10_window16s_stride1s-epo,theta
2174,-0.006058451547291513,patient10_window16s_stride1s-epo,theta
2175,-0.005692260483682153,patient10_window16s_stride1s-epo,theta
2176,-0.006286307201208046,patient10_window16s_stride1s-epo,theta
2177,-0.008389848726552074,patient10_window16s_stride1s-epo,theta
2178,-0.01039807279288412,patient10_window16s_stride1s-epo,theta
2179,-0.009845125313063183,patient10_window16s_stride1s-epo,theta
2180,-0.008893991315181319,patient10_window16s_stride1s-epo,theta
2181,-0.00862071549641682,patient10_window16s_stride1s-epo,theta
2182,-0.009229674094188407,patient10_window16s_stride1s-epo,theta
2183,-0.009256615629714134,patient10_window16s_stride1s-epo,theta
2184,-0.009785646556601506,patient10_window16s_stride1s-epo,theta
2185,-0.010146867642684297,patient10_window16s_stride1s-epo,theta
2186,-0.0073474574344382345,patient10_window16s_stride1s-epo,theta
2187,-0.0063297525303285355,patient10_window16s_stride1s-epo,theta
2188,-0.004223945711534481,patient10_window16s_stride1s-epo,theta
2189,-0.004453768024552355,patient10_window16s_stride1s-epo,theta
2190,-0.0038997271273712567,patient10_window16s_stride1s-epo,theta
2191,-0.0036873955771821285,patient10_window16s_stride1s-epo,theta
2192,-0.0042812064488104455,patient10_window16s_stride1s-epo,theta
2193,-0.0017475495108976598,patient10_window16s_stride1s-epo,theta
2194,0.00023386197996772367,patient10_window16s_stride1s-epo,theta
2195,-0.0007426202090041869,patient10_window16s_stride1s-epo,theta
2196,-0.001817492115095196,patient10_window16s_stride1s-epo,theta
2197,-0.003792873076250704,patient10_window16s_stride1s-epo,theta
2198,-0.002414353132237141,patient10_window16s_stride1s-epo,theta
2199,-0.003907750426805601,patient10_window16s_stride1s-epo,theta
2200,-0.0038504218184487837,patient10_window16s_stride1s-epo,theta
2201,-0.004299661330345977,patient10_window16s_stride1s-epo,theta
2202,-0.004556268228737012,patient10_window16s_stride1s-epo,theta
2203,-0.005963369953803017,patient10_window16s_stride1s-epo,theta
2204,-0.005570476388532512,patient10_window16s_stride1s-epo,theta
2205,-0.00660859406141752,patient10_window16s_stride1s-epo,theta
2206,-0.006252531176303044,patient10_window16s_stride1s-epo,theta
2207,-0.006178072953425637,patient10_window16s_stride1s-epo,theta
2208,-0.005479305967274002,patient10_window16s_stride1s-epo,theta
2209,-0.004922526197566044,patient10_window16s_stride1s-epo,theta
2210,-0.007047763298921392,patient10_window16s_stride1s-epo,theta
2211,-0.00612758413273586,patient10_window16s_stride1s-epo,theta
2212,-0.004594715938254989,patient10_window16s_stride1s-epo,theta
2213,-0.004006488270699289,patient10_window16s_stride1s-epo,theta
2214,-0.004507428743807611,patient10_window16s_stride1s-epo,theta
2215,-0.003913623267976224,patient10_window16s_stride1s-epo,theta
2216,-0.0043245338043806,patient10_window16s_stride1s-epo,theta
2217,-0.004104317496659876,patient10_window16s_stride1s-epo,theta
2218,-0.006607987548104536,patient10_window16s_stride1s-epo,theta
2219,-0.005334410824923744,patient10_window16s_stride1s-epo,theta
2220,-0.003915741660727066,patient10_window16s_stride1s-epo,theta
2221,-0.004407313384807312,patient10_window16s_stride1s-epo,theta
2222,-0.005740445340472526,patient10_window16s_stride1s-epo,theta
2223,-0.006075236053522015,patient10_window16s_stride1s-epo,theta
2224,-0.0046269908449868375,patient10_window16s_stride1s-epo,theta
2225,-0.005383889257300544,patient10_window16s_stride1s-epo,theta
2226,-0.005206361835113372,patient10_window16s_stride1s-epo,theta
2227,-0.005859312092544628,patient10_window16s_stride1s-epo,theta
2228,-0.00609386330268006,patient10_window16s_stride1s-epo,theta
2229,-0.006310896116638935,patient10_window16s_stride1s-epo,theta
2230,-0.005027943367228722,patient10_window16s_stride1s-epo,theta
2231,-0.004159793446850541,patient10_window16s_stride1s-epo,theta
2232,-0.00500278366129419,patient10_window16s_stride1s-epo,theta
2233,-0.006583923248227152,patient10_window16s_stride1s-epo,theta
2234,-0.007142460511216851,patient10_window16s_stride1s-epo,theta
2235,-0.007233303114621002,patient10_window16s_stride1s-epo,theta
2236,-0.006531956373207281,patient10_window16s_stride1s-epo,theta
2237,-0.005528575007169146,patient10_window16s_stride1s-epo,theta
2238,-0.004798369489463414,patient10_window16s_stride1s-epo,theta
2239,-0.00409289484335408,patient10_window16s_stride1s-epo,theta
2240,-0.005580858927360053,patient10_window16s_stride1s-epo,theta
2241,-0.006224762990391874,patient10_window16s_stride1s-epo,theta
2242,-0.006249050924784567,patient10_window16s_stride1s-epo,theta
2243,-0.005949651967964353,patient10_window16s_stride1s-epo,theta
2244,-0.005520936873414666,patient10_window16s_stride1s-epo,theta
2245,-0.005907877833023498,patient10_window16s_stride1s-epo,theta
2246,-0.006822681978492223,patient10_window16s_stride1s-epo,theta
2247,-0.007956143119870219,patient10_window16s_stride1s-epo,theta
2248,-0.007121002370479235,patient10_window16s_stride1s-epo,theta
2249,-0.006893624420193841,patient10_window16s_stride1s-epo,theta
2250,-0.006127213624057813,patient10_window16s_stride1s-epo,theta
2251,-0.008100238380938077,patient10_window16s_stride1s-epo,theta
2252,-0.007677052017646091,patient10_window16s_stride1s-epo,theta
2253,-0.008201654924202289,patient10_window16s_stride1s-epo,theta
2254,-0.008312121455607953,patient10_window16s_stride1s-epo,theta
2255,-0.009286978502010372,patient10_window16s_stride1s-epo,theta
2256,-0.008821462508587452,patient10_window16s_stride1s-epo,theta
2257,-0.008937192305048847,patient10_window16s_stride1s-epo,theta
2258,-0.007248369776113825,patient10_window16s_stride1s-epo,theta
2259,-0.008285332373998922,patient10_window16s_stride1s-epo,theta
2260,-0.007276755668222744,patient10_window16s_stride1s-epo,theta
2261,-0.006231137717995512,patient10_window16s_stride1s-epo,theta
2262,-0.007269094653720471,patient10_window16s_stride1s-epo,theta
2263,-0.006880689677240403,patient10_window16s_stride1s-epo,theta
2264,-0.007298729715448553,patient10_window16s_stride1s-epo,theta
2265,-0.005716325672383405,patient10_window16s_stride1s-epo,theta
2266,-0.00575259154644372,patient10_window16s_stride1s-epo,theta
2267,-0.0048965476179727175,patient10_window16s_stride1s-epo,theta
2268,-0.006174057380641767,patient10_window16s_stride1s-epo,theta
2269,-0.006244422558142459,patient10_window16s_stride1s-epo,theta
2270,-0.0060020789759060375,patient10_window16s_stride1s-epo,theta
2271,-0.005214012912280842,patient10_window16s_stride1s-epo,theta
2272,-0.003591726063964107,patient10_window16s_stride1s-epo,theta
2273,-0.002996473561883367,patient10_window16s_stride1s-epo,theta
2274,-0.00423221851432871,patient10_window16s_stride1s-epo,theta
2275,-0.004417401174824291,patient10_window16s_stride1s-epo,theta
2276,-0.0033916137499949866,patient10_window16s_stride1s-epo,theta
2277,-0.002781138846380154,patient10_window16s_stride1s-epo,theta
2278,-0.0014887140698871444,patient10_window16s_stride1s-epo,theta
2279,-0.0013906968287735516,patient10_window16s_stride1s-epo,theta
2280,-0.0011614443542529208,patient10_window16s_stride1s-epo,theta
2281,-0.00026089046970479633,patient10_window16s_stride1s-epo,theta
2282,-0.0010662917474944075,patient10_window16s_stride1s-epo,theta
2283,3.3431089223531774e-05,patient10_window16s_stride1s-epo,theta
2284,-0.002254482035300875,patient10_window16s_stride1s-epo,theta
2285,-0.0029501629114565566,patient10_window16s_stride1s-epo,theta
2286,-0.0021181615141615514,patient10_window16s_stride1s-epo,theta
2287,-0.0018226226925540428,patient10_window16s_stride1s-epo,theta
2288,-0.0015705367929425877,patient10_window16s_stride1s-epo,theta
2289,0.0008274662392549188,patient10_window16s_stride1s-epo,theta
2290,0.0023794240472434806,patient10_window16s_stride1s-epo,theta
2291,0.0004981996063393065,patient10_window16s_stride1s-epo,theta
2292,-0.0014796792841448195,patient10_window16s_stride1s-epo,theta
2293,-0.0015386323865925185,patient10_window16s_stride1s-epo,theta
2294,-0.002080409137104569,patient10_window16s_stride1s-epo,theta
2295,0.0005715678866631131,patient10_window16s_stride1s-epo,theta
2296,-0.002138517009457574,patient10_window16s_stride1s-epo,theta
2297,-0.0008960024526149781,patient10_window16s_stride1s-epo,theta
2298,-0.0031225878696573848,patient10_window16s_stride1s-epo,theta
2299,-0.004281504090499828,patient10_window16s_stride1s-epo,theta
2300,-0.004798634336790331,patient10_window16s_stride1s-epo,theta
2301,-0.005667149522016018,patient10_window16s_stride1s-epo,theta
2302,-0.0063659897381275945,patient10_window16s_stride1s-epo,theta
2303,-0.007185629160872688,patient10_window16s_stride1s-epo,theta
2304,-0.0064210543254352,patient10_window16s_stride1s-epo,theta
2305,-0.00637581603005499,patient10_window16s_stride1s-epo,theta
2306,-0.006192956626663791,patient10_window16s_stride1s-epo,theta
2307,-0.005535382084187237,patient10_window16s_stride1s-epo,theta
2308,-0.005735407860449075,patient10_window16s_stride1s-epo,theta
2309,-0.005952795561945148,patient10_window16s_stride1s-epo,theta
2310,-0.005555961352454058,patient10_window16s_stride1s-epo,theta
2311,-0.006537600061147458,patient10_window16s_stride1s-epo,theta
2312,-0.0046341336778098685,patient10_window16s_stride1s-epo,theta
2313,-0.0037941352968808273,patient10_window16s_stride1s-epo,theta
2314,-0.004396160388367079,patient10_window16s_stride1s-epo,theta
2315,-0.003886629387946073,patient10_window16s_stride1s-epo,theta
2316,-0.005003304207923829,patient10_window16s_stride1s-epo,theta
2317,-0.004107787209788304,patient10_window16s_stride1s-epo,theta
2318,-0.004591732796298134,patient10_window16s_stride1s-epo,theta
2319,-0.005806037222255669,patient10_window16s_stride1s-epo,theta
2320,-0.006936700341826014,patient10_window16s_stride1s-epo,theta
2321,-0.006335426561258804,patient10_window16s_stride1s-epo,theta
2322,-0.006428426405040301,patient10_window16s_stride1s-epo,theta
2323,-0.006393149459070441,patient10_window16s_stride1s-epo,theta
2324,-0.006627560875985769,patient10_window16s_stride1s-epo,theta
2325,-0.005434242681213732,patient10_window16s_stride1s-epo,theta
2326,-0.006646410148404234,patient10_window16s_stride1s-epo,theta
2327,-0.005591478053434883,patient10_window16s_stride1s-epo,theta
2328,-0.0062720111496004675,patient10_window16s_stride1s-epo,theta
2329,-0.0043003984364981375,patient10_window16s_stride1s-epo,theta
2330,-0.005503207508462462,patient10_window16s_stride1s-epo,theta
2331,-0.004402627000184067,patient10_window16s_stride1s-epo,theta
2332,-0.0055435610555341465,patient10_window16s_stride1s-epo,theta
2333,-0.005585709515056519,patient10_window16s_stride1s-epo,theta
2334,-0.004722753026895043,patient10_window16s_stride1s-epo,theta
2335,-0.005076218763547697,patient10_window16s_stride1s-epo,theta
2336,-0.005261280552993367,patient10_window16s_stride1s-epo,theta
2337,-0.004907191417353293,patient10_window16s_stride1s-epo,theta
2338,-0.005299697785770033,patient10_window16s_stride1s-epo,theta
2339,-0.00270723571335128,patient10_window16s_stride1s-epo,theta
2340,-0.003505967143878118,patient10_window16s_stride1s-epo,theta
2341,-0.004448040597229478,patient10_window16s_stride1s-epo,theta
2342,-0.005256453163232119,patient10_window16s_stride1s-epo,theta
2343,-0.005133644919114181,patient10_window16s_stride1s-epo,theta
2344,-0.005284516289214224,patient10_window16s_stride1s-epo,theta
2345,-0.005445413416546344,patient10_window16s_stride1s-epo,theta
2346,-0.005945323718779473,patient10_window16s_stride1s-epo,theta
2347,-0.005398278957716939,patient10_window16s_stride1s-epo,theta
2348,-0.005300179984218725,patient10_window16s_stride1s-epo,theta
2349,-0.005866247007677865,patient10_window16s_stride1s-epo,theta
2350,-0.003947180659070359,patient10_window16s_stride1s-epo,theta
2351,-0.005866447448603865,patient10_window16s_stride1s-epo,theta
2352,-0.005590276089488623,patient10_window16s_stride1s-epo,theta
2353,-0.0075495443852697025,patient10_window16s_stride1s-epo,theta
2354,-0.008099839155255351,patient10_window16s_stride1s-epo,theta
2355,-0.00963559159421258,patient10_window16s_stride1s-epo,theta
2356,-0.010370886040199744,patient10_window16s_stride1s-epo,theta
2357,-0.008017034017653097,patient10_window16s_stride1s-epo,theta
2358,-0.00697421489548842,patient10_window16s_stride1s-epo,theta
2359,-0.005592937270733493,patient10_window16s_stride1s-epo,theta
2360,-0.007303006279591943,patient10_window16s_stride1s-epo,theta
2361,-0.008204308618618648,patient10_window16s_stride1s-epo,theta
2362,-0.008765626012228946,patient10_window16s_stride1s-epo,theta
2363,-0.008191160382141412,patient10_window16s_stride1s-epo,theta
2364,-0.009296991597868301,patient10_window16s_stride1s-epo,theta
2365,-0.009304210863065708,patient10_window16s_stride1s-epo,theta
2366,-0.009070109066008223,patient10_window16s_stride1s-epo,theta
2367,-0.007365434410470491,patient10_window16s_stride1s-epo,theta
2368,-0.007612806147394373,patient10_window16s_stride1s-epo,theta
2369,-0.005996868661722242,patient10_window16s_stride1s-epo,theta
2370,-0.005438307671470671,patient10_window16s_stride1s-epo,theta
2371,-0.005999762051777071,patient10_window16s_stride1s-epo,theta
2372,-0.005529077740152074,patient10_window16s_stride1s-epo,theta
2373,-0.006713168287579505,patient10_window16s_stride1s-epo,theta
2374,-0.007706822557663417,patient10_window16s_stride1s-epo,theta
2375,-0.007243721591313534,patient10_window16s_stride1s-epo,theta
2376,-0.00767809257502196,patient10_window16s_stride1s-epo,theta
2377,-0.0073875565279499025,patient10_window16s_stride1s-epo,theta
2378,-0.008054856661305159,patient10_window16s_stride1s-epo,theta
2379,-0.005718343652404697,patient10_window16s_stride1s-epo,theta
2380,-0.0046791693520199275,patient10_window16s_stride1s-epo,theta
2381,-0.0044258286916230285,patient10_window16s_stride1s-epo,theta
2382,-0.005014590808864423,patient10_window16s_stride1s-epo,theta
2383,-0.004021507264375611,patient10_window16s_stride1s-epo,theta
2384,-0.004347890116424249,patient10_window16s_stride1s-epo,theta
2385,-0.003835414105507055,patient10_window16s_stride1s-epo,theta
2386,-0.0022345652637007184,patient10_window16s_stride1s-epo,theta
2387,-0.0029931640294113466,patient10_window16s_stride1s-epo,theta
2388,-0.0022726621439919273,patient10_window16s_stride1s-epo,theta
2389,-0.0024145614183996114,patient10_window16s_stride1s-epo,theta
2390,-0.002857026939265582,patient10_window16s_stride1s-epo,theta
2391,-0.003606229924056885,patient10_window16s_stride1s-epo,theta
2392,-0.0021443033158931664,patient10_window16s_stride1s-epo,theta
2393,-0.0041356575056178,patient10_window16s_stride1s-epo,theta
2394,-0.00384491065445266,patient10_window16s_stride1s-epo,theta
2395,-0.004003471073070957,patient10_window16s_stride1s-epo,theta
2396,-0.006553839940957314,patient10_window16s_stride1s-epo,theta
2397,-0.0068755210650153905,patient10_window16s_stride1s-epo,theta
2398,-0.006202478919595232,patient10_window16s_stride1s-epo,theta
2399,-0.006207546527130242,patient10_window16s_stride1s-epo,theta
2400,-0.00557606279178957,patient10_window16s_stride1s-epo,theta
2401,-0.005907102702485877,patient10_window16s_stride1s-epo,theta
2402,-0.007205835224142622,patient10_window16s_stride1s-epo,theta
2403,-0.007839228676507813,patient10_window16s_stride1s-epo,theta
2404,-0.007055548263242337,patient10_window16s_stride1s-epo,theta
2405,-0.008187908740992744,patient10_window16s_stride1s-epo,theta
2406,-0.008272944701310044,patient10_window16s_stride1s-epo,theta
2407,-0.008612351593286742,patient10_window16s_stride1s-epo,theta
2408,-0.007924368446841313,patient10_window16s_stride1s-epo,theta
2409,-0.007235753428172261,patient10_window16s_stride1s-epo,theta
2410,-0.007258932293314967,patient10_window16s_stride1s-epo,theta
2411,-0.008882185205601825,patient10_window16s_stride1s-epo,theta
2412,-0.00715470539035526,patient10_window16s_stride1s-epo,theta
2413,-0.007942438223567248,patient10_window16s_stride1s-epo,theta
2414,-0.008610904885815606,patient10_window16s_stride1s-epo,theta
2415,-0.00868112277100904,patient10_window16s_stride1s-epo,theta
2416,-0.007778230412291451,patient10_window16s_stride1s-epo,theta
2417,-0.006950863306851777,patient10_window16s_stride1s-epo,theta
2418,-0.006712539001081647,patient10_window16s_stride1s-epo,theta
2419,-0.005862445334194022,patient10_window16s_stride1s-epo,theta
2420,-0.005592744298646292,patient10_window16s_stride1s-epo,theta
2421,-0.006718816659522854,patient10_window16s_stride1s-epo,theta
2422,-0.00685625984128144,patient10_window16s_stride1s-epo,theta
2423,-0.006428039792565782,patient10_window16s_stride1s-epo,theta
2424,-0.006407696313830272,patient10_window16s_stride1s-epo,theta
2425,-0.006840270792161859,patient10_window16s_stride1s-epo,theta
2426,-0.0071287676059589465,patient10_window16s_stride1s-epo,theta
2427,-0.006036171126222256,patient10_window16s_stride1s-epo,theta
2428,-0.008481704156621174,patient10_window16s_stride1s-epo,theta
2429,-0.007572261242607847,patient10_window16s_stride1s-epo,theta
2430,-0.006806227659902934,patient10_window16s_stride1s-epo,theta
2431,-0.0055567494730666585,patient10_window16s_stride1s-epo,theta
2432,-0.005520632097318084,patient10_window16s_stride1s-epo,theta
2433,-0.0052407234716677934,patient10_window16s_stride1s-epo,theta
2434,-0.004624182483656762,patient10_window16s_stride1s-epo,theta
2435,-0.006422799298600837,patient10_window16s_stride1s-epo,theta
2436,-0.005483446451037856,patient10_window16s_stride1s-epo,theta
2437,-0.004910458961485374,patient10_window16s_stride1s-epo,theta
2438,-0.0037368898651318786,patient10_window16s_stride1s-epo,theta
2439,-0.0038342885046469127,patient10_window16s_stride1s-epo,theta
2440,-0.005123675031719042,patient10_window16s_stride1s-epo,theta
2441,-0.0035039081781648553,patient10_window16s_stride1s-epo,theta
2442,-0.001809595606229848,patient10_window16s_stride1s-epo,theta
2443,-0.0014697262037833946,patient10_window16s_stride1s-epo,theta
2444,-0.0023751630693804055,patient10_window16s_stride1s-epo,theta
2445,-0.002945511188013923,patient10_window16s_stride1s-epo,theta
2446,-0.0032119653762181406,patient10_window16s_stride1s-epo,theta
2447,-0.0034773686264835467,patient10_window16s_stride1s-epo,theta
2448,-0.005785545386536603,patient10_window16s_stride1s-epo,theta
2449,-0.004027468338984055,patient10_window16s_stride1s-epo,theta
2450,-0.0043410516477786,patient10_window16s_stride1s-epo,theta
2451,-0.00487902724783927,patient10_window16s_stride1s-epo,theta
2452,-0.00511057477173889,patient10_window16s_stride1s-epo,theta
2453,-0.006847700280426366,patient10_window16s_stride1s-epo,theta
2454,-0.005880250309366885,patient10_window16s_stride1s-epo,theta
2455,-0.006173899030025905,patient10_window16s_stride1s-epo,theta
2456,-0.0037108573016990127,patient10_window16s_stride1s-epo,theta
2457,-0.006247221790731245,patient10_window16s_stride1s-epo,theta
2458,-0.006752321922200849,patient10_window16s_stride1s-epo,theta
2459,-0.006436095056517843,patient10_window16s_stride1s-epo,theta
2460,-0.005301557457928041,patient10_window16s_stride1s-epo,theta
2461,-0.0055682185683319915,patient10_window16s_stride1s-epo,theta
2462,-0.007233891367346365,patient10_window16s_stride1s-epo,theta
2463,-0.007650413609447252,patient10_window16s_stride1s-epo,theta
2464,-0.006274043725993697,patient10_window16s_stride1s-epo,theta
2465,-0.007885161839250842,patient10_window16s_stride1s-epo,theta
2466,-0.005645283495781676,patient10_window16s_stride1s-epo,theta
2467,-0.005294213215194812,patient10_window16s_stride1s-epo,theta
2468,-0.004617363849263163,patient10_window16s_stride1s-epo,theta
2469,-0.00414275909730453,patient10_window16s_stride1s-epo,theta
2470,-0.0028737071708932844,patient10_window16s_stride1s-epo,theta
2471,-0.00463296536276431,patient10_window16s_stride1s-epo,theta
2472,-0.005158737662625236,patient10_window16s_stride1s-epo,theta
2473,-0.0031738934838092185,patient10_window16s_stride1s-epo,theta
2474,-0.0027457681149062646,patient10_window16s_stride1s-epo,theta
2475,-0.004307208799793719,patient10_window16s_stride1s-epo,theta
2476,-0.004723306952285161,patient10_window16s_stride1s-epo,theta
2477,-0.004078690604409262,patient10_window16s_stride1s-epo,theta
2478,-0.0017195763522138035,patient10_window16s_stride1s-epo,theta
2479,-0.0019797357704265574,patient10_window16s_stride1s-epo,theta
2480,-0.000343896470316388,patient10_window16s_stride1s-epo,theta
2481,-0.0009749001826585089,patient10_window16s_stride1s-epo,theta
2482,-0.0007725239097465269,patient10_window16s_stride1s-epo,theta
2483,-0.0016059163577072327,patient10_window16s_stride1s-epo,theta
2484,-0.000903469043921085,patient10_window16s_stride1s-epo,theta
2485,-0.001131493598650973,patient10_window16s_stride1s-epo,theta
2486,-0.003780037585604697,patient10_window16s_stride1s-epo,theta
2487,-0.0018848373578727968,patient10_window16s_stride1s-epo,theta
2488,-0.0022452144893231564,patient10_window16s_stride1s-epo,theta
2489,-0.0020290228478650513,patient10_window16s_stride1s-epo,theta
2490,-0.0022451084605189723,patient10_window16s_stride1s-epo,theta
2491,-0.001588952539354835,patient10_window16s_stride1s-epo,theta
2492,-0.0022291526454590836,patient10_window16s_stride1s-epo,theta
2493,-0.003825737055131779,patient10_window16s_stride1s-epo,theta
2494,-0.003697533698269286,patient10_window16s_stride1s-epo,theta
2495,-0.0026576037210177803,patient10_window16s_stride1s-epo,theta
2496,-0.0028192287644281753,patient10_window16s_stride1s-epo,theta
2497,-0.0028634363242116233,patient10_window16s_stride1s-epo,theta
2498,-0.0023905243018983733,patient10_window16s_stride1s-epo,theta
2499,-0.004923559486082504,patient10_window16s_stride1s-epo,theta
2500,-0.004582000197860556,patient10_window16s_stride1s-epo,theta
2501,-0.005504744218656444,patient10_window16s_stride1s-epo,theta
2502,-0.0028904619640734742,patient10_window16s_stride1s-epo,theta
2503,-0.00314817624598668,patient10_window16s_stride1s-epo,theta
2504,-0.004145438979024937,patient10_window16s_stride1s-epo,theta
2505,-0.003930065586626319,patient10_window16s_stride1s-epo,theta
2506,-0.003865817653308412,patient10_window16s_stride1s-epo,theta
2507,-0.0037403642716789657,patient10_window16s_stride1s-epo,theta
2508,-0.0046654016738220784,patient10_window16s_stride1s-epo,theta
2509,-0.004452822410267835,patient10_window16s_stride1s-epo,theta
2510,-0.003962425558996108,patient10_window16s_stride1s-epo,theta
2511,-0.00448971214244528,patient10_window16s_stride1s-epo,theta
2512,-0.00596732325986329,patient10_window16s_stride1s-epo,theta
2513,-0.006353595677513194,patient10_window16s_stride1s-epo,theta
2514,-0.007794340777547203,patient10_window16s_stride1s-epo,theta
2515,-0.0069184377034496895,patient10_window16s_stride1s-epo,theta
2516,-0.005082263504143918,patient10_window16s_stride1s-epo,theta
2517,-0.006307409181165363,patient10_window16s_stride1s-epo,theta
2518,-0.007477904610700397,patient10_window16s_stride1s-epo,theta
2519,-0.008164256149447852,patient10_window16s_stride1s-epo,theta
2520,-0.007263212665028219,patient10_window16s_stride1s-epo,theta
2521,-0.007003412839486342,patient10_window16s_stride1s-epo,theta
2522,-0.0064828773420133115,patient10_window16s_stride1s-epo,theta
2523,-0.006641474233142529,patient10_window16s_stride1s-epo,theta
2524,-0.005848525975038546,patient10_window16s_stride1s-epo,theta
2525,-0.006430234886253668,patient10_window16s_stride1s-epo,theta
2526,-0.005943140417306123,patient10_window16s_stride1s-epo,theta
2527,-0.00394752566118498,patient10_window16s_stride1s-epo,theta
2528,-0.005311339047028834,patient10_window16s_stride1s-epo,theta
2529,-0.0037039606356987433,patient10_window16s_stride1s-epo,theta
2530,-0.0007689101613379712,patient10_window16s_stride1s-epo,theta
2531,-0.0008877861023044759,patient10_window16s_stride1s-epo,theta
2532,0.0006523842792358418,patient10_window16s_stride1s-epo,theta
2533,0.00193929008285639,patient10_window16s_stride1s-epo,theta
2534,0.002057722485515056,patient10_window16s_stride1s-epo,theta
2535,-0.00042061917655020626,patient10_window16s_stride1s-epo,theta
2536,-0.0008559723363908356,patient10_window16s_stride1s-epo,theta
2537,-0.0007591147515233745,patient10_window16s_stride1s-epo,theta
2538,-0.0017013923896096609,patient10_window16s_stride1s-epo,theta
2539,-0.0009442995409589694,patient10_window16s_stride1s-epo,theta
2540,-0.004214177507340317,patient10_window16s_stride1s-epo,theta
2541,-0.003855735749995636,patient10_window16s_stride1s-epo,theta
2542,-0.0050258801100614885,patient10_window16s_stride1s-epo,theta
2543,-0.0057519734462239454,patient10_window16s_stride1s-epo,theta
2544,-0.005054725728494605,patient10_window16s_stride1s-epo,theta
2545,-0.004376401888321057,patient10_window16s_stride1s-epo,theta
2546,-0.004836657387962051,patient10_window16s_stride1s-epo,theta
2547,-0.005385330599384675,patient10_window16s_stride1s-epo,theta
2548,-0.005486588272838352,patient10_window16s_stride1s-epo,theta
2549,-0.006033710340020132,patient10_window16s_stride1s-epo,theta
2550,-0.004818798835639714,patient10_window16s_stride1s-epo,theta
2551,-0.003467186251494557,patient10_window16s_stride1s-epo,theta
2552,-0.003554190401741494,patient10_window16s_stride1s-epo,theta
2553,-0.004555269415631422,patient10_window16s_stride1s-epo,theta
2554,-0.005341743495591988,patient10_window16s_stride1s-epo,theta
2555,-0.004923178534639945,patient10_window16s_stride1s-epo,theta
2556,-0.0034452630493091232,patient10_window16s_stride1s-epo,theta
2557,-0.002548321082554475,patient10_window16s_stride1s-epo,theta
2558,-0.0021567931899509093,patient10_window16s_stride1s-epo,theta
2559,-0.0019495676668326467,patient10_window16s_stride1s-epo,theta
2560,-0.001895593669243677,patient10_window16s_stride1s-epo,theta
2561,-0.0015516298107867434,patient10_window16s_stride1s-epo,theta
2562,-0.0022115876264739835,patient10_window16s_stride1s-epo,theta
2563,-0.0005606271117791284,patient10_window16s_stride1s-epo,theta
2564,4.9752207354798046e-05,patient10_window16s_stride1s-epo,theta
2565,-0.000899797599258721,patient10_window16s_stride1s-epo,theta
2566,-0.001182942940221984,patient10_window16s_stride1s-epo,theta
2567,-0.0011330956662183008,patient10_window16s_stride1s-epo,theta
2568,-0.002128823103500287,patient10_window16s_stride1s-epo,theta
2569,-0.0020544624943903108,patient10_window16s_stride1s-epo,theta
2570,-0.00277963253771321,patient10_window16s_stride1s-epo,theta
2571,-0.00214994098993506,patient10_window16s_stride1s-epo,theta
2572,-0.0023705921174280347,patient10_window16s_stride1s-epo,theta
2573,-0.0021603261270448783,patient10_window16s_stride1s-epo,theta
2574,-0.0015173390794390464,patient10_window16s_stride1s-epo,theta
2575,-0.002584240247459582,patient10_window16s_stride1s-epo,theta
2576,-0.002914511228670393,patient10_window16s_stride1s-epo,theta
2577,-0.00309878667766973,patient10_window16s_stride1s-epo,theta
2578,-0.0035104734825564614,patient10_window16s_stride1s-epo,theta
2579,-0.002716178166544742,patient10_window16s_stride1s-epo,theta
2580,-0.002671321714816423,patient10_window16s_stride1s-epo,theta
2581,-0.002269941651163947,patient10_window16s_stride1s-epo,theta
2582,-0.002042646515282966,patient10_window16s_stride1s-epo,theta
2583,-0.0014315068590539267,patient10_window16s_stride1s-epo,theta
2584,-0.0018154313562201722,patient10_window16s_stride1s-epo,theta
2585,-0.003169909271045725,patient10_window16s_stride1s-epo,theta
2586,-0.003197452713636315,patient10_window16s_stride1s-epo,theta
2587,-0.0016035377393154972,patient10_window16s_stride1s-epo,theta
2588,-0.002667157361915561,patient10_window16s_stride1s-epo,theta
2589,-0.0025062438373378367,patient10_window16s_stride1s-epo,theta
2590,-0.0021115166868525374,patient10_window16s_stride1s-epo,theta
2591,-0.0038061121162270705,patient10_window16s_stride1s-epo,theta
2592,-0.0025883060352940098,patient10_window16s_stride1s-epo,theta
2593,-0.002835576229567762,patient10_window16s_stride1s-epo,theta
2594,-0.0034237233063521533,patient10_window16s_stride1s-epo,theta
2595,-0.0034146041757574554,patient10_window16s_stride1s-epo,theta
2596,-0.00474211909407834,patient10_window16s_stride1s-epo,theta
2597,-0.0036317279662287823,patient10_window16s_stride1s-epo,theta
2598,-0.0031687246753402693,patient10_window16s_stride1s-epo,theta
2599,-0.0049050884014358335,patient10_window16s_stride1s-epo,theta
2600,-0.006847621520703953,patient10_window16s_stride1s-epo,theta
2601,-0.0066277290158285275,patient10_window16s_stride1s-epo,theta
2602,-0.0053984695454083725,patient10_window16s_stride1s-epo,theta
2603,-0.005382900739625329,patient10_window16s_stride1s-epo,theta
2604,-0.005966284524657583,patient10_window16s_stride1s-epo,theta
2605,-0.0065825874294178155,patient10_window16s_stride1s-epo,theta
2606,-0.005679686044519938,patient10_window16s_stride1s-epo,theta
2607,-0.006310938214795313,patient10_window16s_stride1s-epo,theta
2608,-0.0071214571237471665,patient10_window16s_stride1s-epo,theta
2609,-0.007335960453563238,patient10_window16s_stride1s-epo,theta
2610,-0.006731541792199184,patient10_window16s_stride1s-epo,theta
2611,-0.006936350775660118,patient10_window16s_stride1s-epo,theta
2612,-0.006144927230495495,patient10_window16s_stride1s-epo,theta
2613,-0.00627011678681053,patient10_window16s_stride1s-epo,theta
2614,-0.005053176086721143,patient10_window16s_stride1s-epo,theta
2615,-0.004345749881337957,patient10_window16s_stride1s-epo,theta
2616,-0.004005453493774261,patient10_window16s_stride1s-epo,theta
2617,-0.004448479830558826,patient10_window16s_stride1s-epo,theta
2618,-0.005968204655487841,patient10_window16s_stride1s-epo,theta
2619,-0.0048683281071167425,patient10_window16s_stride1s-epo,theta
2620,-0.005816056056734067,patient10_window16s_stride1s-epo,theta
2621,-0.004288268307878274,patient10_window16s_stride1s-epo,theta
2622,-0.005139532859809193,patient10_window16s_stride1s-epo,theta
2623,-0.004933769580958898,patient10_window16s_stride1s-epo,theta
2624,-0.005410866447551832,patient10_window16s_stride1s-epo,theta
2625,-0.00633695873367115,patient10_window16s_stride1s-epo,theta
2626,-0.0064607402976530155,patient10_window16s_stride1s-epo,theta
2627,-0.006495927071647067,patient10_window16s_stride1s-epo,theta
2628,-0.008499582707650073,patient10_window16s_stride1s-epo,theta
2629,-0.009500768840668968,patient10_window16s_stride1s-epo,theta
2630,-0.009507316910211658,patient10_window16s_stride1s-epo,theta
2631,-0.01055351397853074,patient10_window16s_stride1s-epo,theta
2632,-0.009880235960476939,patient10_window16s_stride1s-epo,theta
2633,-0.011109744840430417,patient10_window16s_stride1s-epo,theta
2634,-0.01134351523576944,patient10_window16s_stride1s-epo,theta
2635,-0.012033836617587494,patient10_window16s_stride1s-epo,theta
2636,-0.011303325778855441,patient10_window16s_stride1s-epo,theta
2637,-0.011145450002623224,patient10_window16s_stride1s-epo,theta
2638,-0.009518258689784722,patient10_window16s_stride1s-epo,theta
2639,-0.009598183892840468,patient10_window16s_stride1s-epo,theta
2640,-0.008162039407634054,patient10_window16s_stride1s-epo,theta
2641,-0.007859502531703998,patient10_window16s_stride1s-epo,theta
2642,-0.007908737628873619,patient10_window16s_stride1s-epo,theta
2643,-0.005447896649156067,patient10_window16s_stride1s-epo,theta
2644,-0.006292770147111314,patient10_window16s_stride1s-epo,theta
2645,-0.007068562039576236,patient10_window16s_stride1s-epo,theta
2646,-0.007076502244559236,patient10_window16s_stride1s-epo,theta
2647,-0.00747003046716274,patient10_window16s_stride1s-epo,theta
2648,-0.0059846682124175465,patient10_window16s_stride1s-epo,theta
2649,-0.005093725088410922,patient10_window16s_stride1s-epo,theta
2650,-0.004058555257435892,patient10_window16s_stride1s-epo,theta
2651,-0.004151855790631586,patient10_window16s_stride1s-epo,theta
2652,-0.0028753767164988527,patient10_window16s_stride1s-epo,theta
2653,-0.001598850172222817,patient10_window16s_stride1s-epo,theta
2654,-0.0013949369223070543,patient10_window16s_stride1s-epo,theta
2655,0.00040966240252471433,patient10_window16s_stride1s-epo,theta
2656,0.00042600882227127236,patient10_window16s_stride1s-epo,theta
2657,-0.0010718426074540059,patient10_window16s_stride1s-epo,theta
2658,-0.0017567489305951977,patient10_window16s_stride1s-epo,theta
2659,-0.0020575927349266235,patient10_window16s_stride1s-epo,theta
2660,-0.0028959905497487103,patient10_window16s_stride1s-epo,theta
2661,-0.0022586984870087263,patient10_window16s_stride1s-epo,theta
2662,-0.0032482348406270823,patient10_window16s_stride1s-epo,theta
2663,-0.002719387834608912,patient10_window16s_stride1s-epo,theta
2664,-0.005448919071550925,patient10_window16s_stride1s-epo,theta
2665,-0.004510378494734976,patient10_window16s_stride1s-epo,theta
2666,-0.004732789267725319,patient10_window16s_stride1s-epo,theta
2667,-0.005526984965767839,patient10_window16s_stride1s-epo,theta
2668,-0.005734720410333774,patient10_window16s_stride1s-epo,theta
2669,-0.006974372352189355,patient10_window16s_stride1s-epo,theta
2670,-0.00857333066219635,patient10_window16s_stride1s-epo,theta
2671,-0.006900197306229011,patient10_window16s_stride1s-epo,theta
2672,-0.006608568583256058,patient10_window16s_stride1s-epo,theta
2673,-0.007424724208127835,patient10_window16s_stride1s-epo,theta
2674,-0.006855137703148096,patient10_window16s_stride1s-epo,theta
2675,-0.00762957277091408,patient10_window16s_stride1s-epo,theta
2676,-0.009569748847905155,patient10_window16s_stride1s-epo,theta
2677,-0.009633705343366078,patient10_window16s_stride1s-epo,theta
2678,-0.007768382077201101,patient10_window16s_stride1s-epo,theta
2679,-0.007437380064780523,patient10_window16s_stride1s-epo,theta
2680,-0.005969263744333058,patient10_window16s_stride1s-epo,theta
2681,-0.0063573594650441195,patient10_window16s_stride1s-epo,theta
2682,-0.005121085362964004,patient10_window16s_stride1s-epo,theta
2683,-0.0029663595808750907,patient10_window16s_stride1s-epo,theta
2684,-0.00190999756502313,patient10_window16s_stride1s-epo,theta
2685,-0.0030114864982065913,patient10_window16s_stride1s-epo,theta
2686,-0.003600968916500396,patient10_window16s_stride1s-epo,theta
2687,-0.0042540350962649255,patient10_window16s_stride1s-epo,theta
2688,-0.00545628409024457,patient10_window16s_stride1s-epo,theta
2689,-0.0066855616535179355,patient10_window16s_stride1s-epo,theta
2690,-0.005774051952663493,patient10_window16s_stride1s-epo,theta
2691,-0.00532421402700812,patient10_window16s_stride1s-epo,theta
2692,-0.004690224252102867,patient10_window16s_stride1s-epo,theta
2693,-0.004652456719808668,patient10_window16s_stride1s-epo,theta
2694,-0.006622425140381122,patient10_window16s_stride1s-epo,theta
2695,-0.007018164791276086,patient10_window16s_stride1s-epo,theta
2696,-0.008211993167668723,patient10_window16s_stride1s-epo,theta
2697,-0.009074011265234862,patient10_window16s_stride1s-epo,theta
2698,-0.009029297344126358,patient10_window16s_stride1s-epo,theta
2699,-0.009904492658261035,patient10_window16s_stride1s-epo,theta
2700,-0.009803117393816483,patient10_window16s_stride1s-epo,theta
2701,-0.01016589024211605,patient10_window16s_stride1s-epo,theta
2702,-0.008148444873850748,patient10_window16s_stride1s-epo,theta
2703,-0.008329689041372006,patient10_window16s_stride1s-epo,theta
2704,-0.007734712196380604,patient10_window16s_stride1s-epo,theta
2705,-0.007056598310335166,patient10_window16s_stride1s-epo,theta
2706,-0.006910131669299021,patient10_window16s_stride1s-epo,theta
2707,-0.006853372904049453,patient10_window16s_stride1s-epo,theta
2708,-0.006348607539262584,patient10_window16s_stride1s-epo,theta
2709,-0.0059211451356038025,patient10_window16s_stride1s-epo,theta
2710,-0.004680310283693248,patient10_window16s_stride1s-epo,theta
2711,-0.005786421362427842,patient10_window16s_stride1s-epo,theta
2712,-0.003816945621356305,patient10_window16s_stride1s-epo,theta
2713,-0.003216650070106524,patient10_window16s_stride1s-epo,theta
2714,-0.003509060351470825,patient10_window16s_stride1s-epo,theta
2715,-0.003895593858831438,patient10_window16s_stride1s-epo,theta
2716,-0.0042607055785222735,patient10_window16s_stride1s-epo,theta
2717,-0.003118402592753059,patient10_window16s_stride1s-epo,theta
2718,-0.005079469064114109,patient10_window16s_stride1s-epo,theta
2719,-0.00395439101198613,patient10_window16s_stride1s-epo,theta
2720,-0.002472884633340345,patient10_window16s_stride1s-epo,theta
2721,-0.003268016139714928,patient10_window16s_stride1s-epo,theta
2722,-0.002240242461694027,patient10_window16s_stride1s-epo,theta
2723,-0.0025082714626821876,patient10_window16s_stride1s-epo,theta
2724,-0.00295221820210031,patient10_window16s_stride1s-epo,theta
2725,-0.003788419444420002,patient10_window16s_stride1s-epo,theta
2726,-0.004122107322022188,patient10_window16s_stride1s-epo,theta
2727,-0.004018521124363922,patient10_window16s_stride1s-epo,theta
2728,-0.00471373766372128,patient10_window16s_stride1s-epo,theta
2729,-0.005119142779195727,patient10_window16s_stride1s-epo,theta
2730,-0.004928831213463594,patient10_window16s_stride1s-epo,theta
2731,-0.0021368361895807513,patient10_window16s_stride1s-epo,theta
2732,-0.0028748672208188026,patient10_window16s_stride1s-epo,theta
2733,-0.00264956545682146,patient10_window16s_stride1s-epo,theta
2734,-0.0025508192745277935,patient10_window16s_stride1s-epo,theta
2735,-0.0015407633949063961,patient10_window16s_stride1s-epo,theta
2736,-0.002699218441564769,patient10_window16s_stride1s-epo,theta
2737,-0.002106486421292198,patient10_window16s_stride1s-epo,theta
2738,-0.0015599347628003552,patient10_window16s_stride1s-epo,theta
2739,-0.0029753089695932875,patient10_window16s_stride1s-epo,theta
2740,-0.0029175604841402583,patient10_window16s_stride1s-epo,theta
2741,-0.0031366857492388213,patient10_window16s_stride1s-epo,theta
2742,-0.0030865322632641972,patient10_window16s_stride1s-epo,theta
2743,-0.004014967126274021,patient10_window16s_stride1s-epo,theta
2744,-0.00209511789442975,patient10_window16s_stride1s-epo,theta
2745,-0.0013424150233685372,patient10_window16s_stride1s-epo,theta
2746,-0.0016783939729230956,patient10_window16s_stride1s-epo,theta
2747,-0.004352453312571789,patient10_window16s_stride1s-epo,theta
2748,-0.005529527138359502,patient10_window16s_stride1s-epo,theta
2749,-0.005440336807507107,patient10_window16s_stride1s-epo,theta
2750,-0.005018242016335293,patient10_window16s_stride1s-epo,theta
2751,-0.005922838635514728,patient10_window16s_stride1s-epo,theta
2752,-0.006454286442352267,patient10_window16s_stride1s-epo,theta
2753,-0.007855232884323151,patient10_window16s_stride1s-epo,theta
2754,-0.008318826713199019,patient10_window16s_stride1s-epo,theta
2755,-0.008496394081763878,patient10_window16s_stride1s-epo,theta
2756,-0.008373786273095853,patient10_window16s_stride1s-epo,theta
2757,-0.008114160095468644,patient10_window16s_stride1s-epo,theta
2758,-0.008723998272509277,patient10_window16s_stride1s-epo,theta
2759,-0.0081305994774053,patient10_window16s_stride1s-epo,theta
2760,-0.0072059540954865445,patient10_window16s_stride1s-epo,theta
2761,-0.008809202221715337,patient10_window16s_stride1s-epo,theta
2762,-0.007622993068637624,patient10_window16s_stride1s-epo,theta
2763,-0.00636382956328094,patient10_window16s_stride1s-epo,theta
2764,-0.006154290934266387,patient10_window16s_stride1s-epo,theta
2765,-0.006974431860176092,patient10_window16s_stride1s-epo,theta
2766,-0.006300063495478064,patient10_window16s_stride1s-epo,theta
2767,-0.005444171824918273,patient10_window16s_stride1s-epo,theta
2768,-0.004620272645149207,patient10_window16s_stride1s-epo,theta
2769,-0.005730315100285217,patient10_window16s_stride1s-epo,theta
2770,-0.00757240529531038,patient10_window16s_stride1s-epo,theta
2771,-0.0068585816506972885,patient10_window16s_stride1s-epo,theta
2772,-0.007217019675383459,patient10_window16s_stride1s-epo,theta
2773,-0.00886278577193194,patient10_window16s_stride1s-epo,theta
2774,-0.006765060197257495,patient10_window16s_stride1s-epo,theta
2775,-0.006624332840463093,patient10_window16s_stride1s-epo,theta
2776,-0.009521079392822096,patient10_window16s_stride1s-epo,theta
2777,-0.009752133966882697,patient10_window16s_stride1s-epo,theta
2778,-0.010912577158629271,patient10_window16s_stride1s-epo,theta
2779,-0.009196218439846051,patient10_window16s_stride1s-epo,theta
2780,-0.00931563706475852,patient10_window16s_stride1s-epo,theta
2781,-0.007455847846400146,patient10_window16s_stride1s-epo,theta
2782,-0.007589164216008227,patient10_window16s_stride1s-epo,theta
2783,-0.00813534352094403,patient10_window16s_stride1s-epo,theta
2784,-0.007460469714403379,patient10_window16s_stride1s-epo,theta
2785,-0.008507104152805957,patient10_window16s_stride1s-epo,theta
2786,-0.00819457165740782,patient10_window16s_stride1s-epo,theta
2787,-0.00645656416796198,patient10_window16s_stride1s-epo,theta
2788,-0.006190792482358291,patient10_window16s_stride1s-epo,theta
2789,-0.0064315298168053986,patient10_window16s_stride1s-epo,theta
2790,-0.0055651174451907615,patient10_window16s_stride1s-epo,theta
2791,-0.005214985412618027,patient10_window16s_stride1s-epo,theta
2792,-0.003545656342066172,patient10_window16s_stride1s-epo,theta
2793,-0.002364858701256403,patient10_window16s_stride1s-epo,theta
2794,-0.002880718118512024,patient10_window16s_stride1s-epo,theta
2795,-0.0038456290081915457,patient10_window16s_stride1s-epo,theta
2796,-0.0032988806999031243,patient10_window16s_stride1s-epo,theta
2797,-0.003917557737031781,patient10_window16s_stride1s-epo,theta
2798,-0.003652685762714833,patient10_window16s_stride1s-epo,theta
2799,-0.006288523044164131,patient10_window16s_stride1s-epo,theta
2800,-0.00600569550660967,patient10_window16s_stride1s-epo,theta
2801,-0.007317224602126123,patient10_window16s_stride1s-epo,theta
2802,-0.008581858430949883,patient10_window16s_stride1s-epo,theta
2803,-0.008606703119687836,patient10_window16s_stride1s-epo,theta
2804,-0.0079945374984245,patient10_window16s_stride1s-epo,theta
2805,-0.0077814739122456685,patient10_window16s_stride1s-epo,theta
2806,-0.010736964631657013,patient10_window16s_stride1s-epo,theta
2807,-0.010677262019909964,patient10_window16s_stride1s-epo,theta
2808,-0.01083784750027366,patient10_window16s_stride1s-epo,theta
2809,-0.011690886804742163,patient10_window16s_stride1s-epo,theta
2810,-0.01110632100561041,patient10_window16s_stride1s-epo,theta
2811,-0.01028234533121508,patient10_window16s_stride1s-epo,theta
2812,-0.010501097429158524,patient10_window16s_stride1s-epo,theta
2813,-0.010153521257214995,patient10_window16s_stride1s-epo,theta
2814,-0.009473110381153085,patient10_window16s_stride1s-epo,theta
2815,-0.009075544354723098,patient10_window16s_stride1s-epo,theta
2816,-0.007641471070223979,patient10_window16s_stride1s-epo,theta
2817,-0.007733767968408842,patient10_window16s_stride1s-epo,theta
2818,-0.006866125167337309,patient10_window16s_stride1s-epo,theta
2819,-0.0071059752354427665,patient10_window16s_stride1s-epo,theta
2820,-0.008054217132369056,patient10_window16s_stride1s-epo,theta
2821,-0.008079918346499008,patient10_window16s_stride1s-epo,theta
2822,-0.005927411451950174,patient10_window16s_stride1s-epo,theta
2823,-0.005281416460069349,patient10_window16s_stride1s-epo,theta
2824,-0.005987357320823464,patient10_window16s_stride1s-epo,theta
2825,-0.0050158627171695514,patient10_window16s_stride1s-epo,theta
2826,-0.003580072991264705,patient10_window16s_stride1s-epo,theta
2827,-0.00489542483933153,patient10_window16s_stride1s-epo,theta
2828,-0.003174231703603102,patient10_window16s_stride1s-epo,theta
2829,-0.0038061354837656525,patient10_window16s_stride1s-epo,theta
2830,-0.0024751556448098606,patient10_window16s_stride1s-epo,theta
2831,-0.002330740634163461,patient10_window16s_stride1s-epo,theta
2832,-0.002116672569767544,patient10_window16s_stride1s-epo,theta
2833,-0.0007984591777381346,patient10_window16s_stride1s-epo,theta
2834,-0.0005336576603565203,patient10_window16s_stride1s-epo,theta
2835,-0.000963059886648708,patient10_window16s_stride1s-epo,theta
2836,-0.0002628219292365665,patient10_window16s_stride1s-epo,theta
2837,-0.00012332776936781816,patient10_window16s_stride1s-epo,theta
2838,-0.0005712495727207192,patient10_window16s_stride1s-epo,theta
2839,-0.0012060936404407574,patient10_window16s_stride1s-epo,theta
2840,0.0001986499283238182,patient10_window16s_stride1s-epo,theta
2841,-0.0007238684019320354,patient10_window16s_stride1s-epo,theta
2842,-0.0007917566948973772,patient10_window16s_stride1s-epo,theta
2843,-7.829031806183064e-05,patient10_window16s_stride1s-epo,theta
2844,-0.002758964396022963,patient10_window16s_stride1s-epo,theta
2845,-0.0016845058044842427,patient10_window16s_stride1s-epo,theta
2846,-0.0026933738829158366,patient10_window16s_stride1s-epo,theta
2847,-0.002309310120824738,patient10_window16s_stride1s-epo,theta
2848,-0.003773255540246823,patient10_window16s_stride1s-epo,theta
2849,-0.0039375955327758975,patient10_window16s_stride1s-epo,theta
2850,-0.0035302143918611683,patient10_window16s_stride1s-epo,theta
2851,-0.002978193819105513,patient10_window16s_stride1s-epo,theta
2852,-0.004138600201021953,patient10_window16s_stride1s-epo,theta
2853,-0.005107357975968427,patient10_window16s_stride1s-epo,theta
2854,-0.00447272028197747,patient10_window16s_stride1s-epo,theta
2855,-0.003728799398941117,patient10_window16s_stride1s-epo,theta
2856,-0.0032726311108943777,patient10_window16s_stride1s-epo,theta
2857,-0.004327204585354487,patient10_window16s_stride1s-epo,theta
2858,-0.004096933601258244,patient10_window16s_stride1s-epo,theta
2859,-0.0037548051069400895,patient10_window16s_stride1s-epo,theta
2860,-0.0042416715598340374,patient10_window16s_stride1s-epo,theta
2861,-0.005628235468504478,patient10_window16s_stride1s-epo,theta
2862,-0.0032901872694586203,patient10_window16s_stride1s-epo,theta
2863,-0.0025188639153094325,patient10_window16s_stride1s-epo,theta
2864,-0.002928263860438911,patient10_window16s_stride1s-epo,theta
2865,-0.0026432418581116605,patient10_window16s_stride1s-epo,theta
2866,-0.0006823370856970184,patient10_window16s_stride1s-epo,theta
2867,-0.0018413696278675937,patient10_window16s_stride1s-epo,theta
2868,-0.0018492977693360475,patient10_window16s_stride1s-epo,theta
2869,-0.0005170714431540847,patient10_window16s_stride1s-epo,theta
2870,-0.0006189194489874497,patient10_window16s_stride1s-epo,theta
2871,0.0004440957267129306,patient10_window16s_stride1s-epo,theta
2872,-0.0004824024344249982,patient10_window16s_stride1s-epo,theta
2873,-0.0012300033871488934,patient10_window16s_stride1s-epo,theta
2874,0.00015866324849850652,patient10_window16s_stride1s-epo,theta
2875,-0.001079353338068329,patient10_window16s_stride1s-epo,theta
2876,-0.0005417693725017123,patient10_window16s_stride1s-epo,theta
2877,0.0010327913108711905,patient10_window16s_stride1s-epo,theta
2878,0.0013793948457721905,patient10_window16s_stride1s-epo,theta
2879,-7.356726731179462e-06,patient10_window16s_stride1s-epo,theta
2880,9.932451990142211e-05,patient10_window16s_stride1s-epo,theta
2881,0.00013787486777789803,patient10_window16s_stride1s-epo,theta
2882,-0.0006809493643303716,patient10_window16s_stride1s-epo,theta
2883,-0.0006994392109262447,patient10_window16s_stride1s-epo,theta
2884,-0.0007524527794113582,patient10_window16s_stride1s-epo,theta
2885,0.000310173381745993,patient10_window16s_stride1s-epo,theta
2886,0.0007425001323748646,patient10_window16s_stride1s-epo,theta
2887,-0.00170895153309893,patient10_window16s_stride1s-epo,theta
2888,-0.0020472997952271812,patient10_window16s_stride1s-epo,theta
2889,-0.0034016384868440024,patient10_window16s_stride1s-epo,theta
2890,-0.004150598051968306,patient10_window16s_stride1s-epo,theta
2891,-0.0033881593993253627,patient10_window16s_stride1s-epo,theta
2892,-0.004218371126412012,patient10_window16s_stride1s-epo,theta
2893,-0.006298497400165338,patient10_window16s_stride1s-epo,theta
2894,-0.007706155543213766,patient10_window16s_stride1s-epo,theta
2895,-0.008096342401258694,patient10_window16s_stride1s-epo,theta
2896,-0.009148219358786435,patient10_window16s_stride1s-epo,theta
2897,-0.008309189638498719,patient10_window16s_stride1s-epo,theta
2898,-0.008216521702590983,patient10_window16s_stride1s-epo,theta
2899,-0.008146907729348384,patient10_window16s_stride1s-epo,theta
2900,-0.007151390904961775,patient10_window16s_stride1s-epo,theta
2901,-0.00867100250397047,patient10_window16s_stride1s-epo,theta
2902,-0.007644382524826133,patient10_window16s_stride1s-epo,theta
2903,-0.008126817292706617,patient10_window16s_stride1s-epo,theta
2904,-0.00912034690512752,patient10_window16s_stride1s-epo,theta
2905,-0.009024788534444625,patient10_window16s_stride1s-epo,theta
2906,-0.008410865956499139,patient10_window16s_stride1s-epo,theta
2907,-0.009056088436694682,patient10_window16s_stride1s-epo,theta
2908,-0.008652267510210305,patient10_window16s_stride1s-epo,theta
2909,-0.008756233540795987,patient10_window16s_stride1s-epo,theta
2910,-0.009095911697756077,patient10_window16s_stride1s-epo,theta
2911,-0.005896241359632296,patient10_window16s_stride1s-epo,theta
2912,-0.006375641963308817,patient10_window16s_stride1s-epo,theta
2913,-0.005785730038794505,patient10_window16s_stride1s-epo,theta
2914,-0.004575485474249076,patient10_window16s_stride1s-epo,theta
2915,-0.005098728944424227,patient10_window16s_stride1s-epo,theta
2916,-0.004812266422009405,patient10_window16s_stride1s-epo,theta
2917,-0.003427472093094238,patient10_window16s_stride1s-epo,theta
2918,-0.0035321699269242114,patient10_window16s_stride1s-epo,theta
2919,-0.00237418160118484,patient10_window16s_stride1s-epo,theta
2920,-0.0027613286100833484,patient10_window16s_stride1s-epo,theta
2921,-0.0019812549166985183,patient10_window16s_stride1s-epo,theta
2922,-0.0021175803971646813,patient10_window16s_stride1s-epo,theta
2923,-0.0030390903844807796,patient10_window16s_stride1s-epo,theta
2924,-0.00014775228253662622,patient10_window16s_stride1s-epo,theta
2925,-0.0016483759983472498,patient10_window16s_stride1s-epo,theta
2926,-0.00024079351362946288,patient10_window16s_stride1s-epo,theta
2927,-0.002100745351434491,patient10_window16s_stride1s-epo,theta
2928,-0.0014515019918377495,patient10_window16s_stride1s-epo,theta
2929,-0.0010389947986003858,patient10_window16s_stride1s-epo,theta
2930,-0.0021424928843095012,patient10_window16s_stride1s-epo,theta
2931,-0.001963882975183138,patient10_window16s_stride1s-epo,theta
2932,-0.0010911019059059222,patient10_window16s_stride1s-epo,theta
2933,-0.002842652616042556,patient10_window16s_stride1s-epo,theta
2934,-0.0028773691628371546,patient10_window16s_stride1s-epo,theta
2935,-0.0029987232792484187,patient10_window16s_stride1s-epo,theta
2936,-0.005428535113448133,patient10_window16s_stride1s-epo,theta
2937,-0.0052896427564200045,patient10_window16s_stride1s-epo,theta
2938,-0.003660058884177817,patient10_window16s_stride1s-epo,theta
2939,-0.0046178074142270275,patient10_window16s_stride1s-epo,theta
2940,-0.005508400682069676,patient10_window16s_stride1s-epo,theta
2941,-0.006413709028797294,patient10_window16s_stride1s-epo,theta
2942,-0.006160540501095375,patient10_window16s_stride1s-epo,theta
2943,-0.0037296487423694297,patient10_window16s_stride1s-epo,theta
2944,-0.0042114207303644725,patient10_window16s_stride1s-epo,theta
2945,-0.00463954519528503,patient10_window16s_stride1s-epo,theta
2946,-0.004118308985110251,patient10_window16s_stride1s-epo,theta
2947,-0.004077690712612763,patient10_window16s_stride1s-epo,theta
2948,-0.00583467661142249,patient10_window16s_stride1s-epo,theta
2949,-0.005102413428654963,patient10_window16s_stride1s-epo,theta
2950,-0.005040088094440127,patient10_window16s_stride1s-epo,theta
2951,-0.0035322669515183715,patient10_window16s_stride1s-epo,theta
2952,-0.0030355715546651466,patient10_window16s_stride1s-epo,theta
2953,-0.00303824674428556,patient10_window16s_stride1s-epo,theta
2954,-0.005284164654382404,patient10_window16s_stride1s-epo,theta
2955,-0.006350008880520222,patient10_window16s_stride1s-epo,theta
2956,-0.004972054253415326,patient10_window16s_stride1s-epo,theta
2957,-0.005170118657199015,patient10_window16s_stride1s-epo,theta
2958,-0.005993220220044964,patient10_window16s_stride1s-epo,theta
2959,-0.007499032961522048,patient10_window16s_stride1s-epo,theta
2960,-0.00809704705315512,patient10_window16s_stride1s-epo,theta
2961,-0.00900701877061586,patient10_window16s_stride1s-epo,theta
2962,-0.009176060934496787,patient10_window16s_stride1s-epo,theta
2963,-0.008865289345975753,patient10_window16s_stride1s-epo,theta
2964,-0.007480462166143878,patient10_window16s_stride1s-epo,theta
2965,-0.006358819133510321,patient10_window16s_stride1s-epo,theta
2966,-0.00617329941867229,patient10_window16s_stride1s-epo,theta
2967,-0.006181977241166785,patient10_window16s_stride1s-epo,theta
2968,-0.006484279062797098,patient10_window16s_stride1s-epo,theta
2969,-0.005737713626759294,patient10_window16s_stride1s-epo,theta
2970,-0.006903166080965155,patient10_window16s_stride1s-epo,theta
2971,-0.005240257092772269,patient10_window16s_stride1s-epo,theta
2972,-0.005295753915320615,patient10_window16s_stride1s-epo,theta
2973,-0.0064082704369110574,patient10_window16s_stride1s-epo,theta
2974,-0.005368018944753426,patient10_window16s_stride1s-epo,theta
2975,-0.0049761924616143005,patient10_window16s_stride1s-epo,theta
2976,-0.0042868377494142025,patient10_window16s_stride1s-epo,theta
2977,-0.0022924547462085188,patient10_window16s_stride1s-epo,theta
2978,-0.0022821244470879365,patient10_window16s_stride1s-epo,theta
2979,-0.0028319408438640145,patient10_window16s_stride1s-epo,theta
2980,-0.003602012641433366,patient10_window16s_stride1s-epo,theta
2981,-0.002875055445386515,patient10_window16s_stride1s-epo,theta
2982,-0.0035680288701029055,patient10_window16s_stride1s-epo,theta
2983,-0.00227234544440416,patient10_window16s_stride1s-epo,theta
2984,-0.0011875131924171058,patient10_window16s_stride1s-epo,theta
2985,-0.0027375028506939425,patient10_window16s_stride1s-epo,theta
2986,-0.004192338178078331,patient10_window16s_stride1s-epo,theta
2987,-0.004296254225055529,patient10_window16s_stride1s-epo,theta
2988,-0.004638406657984596,patient10_window16s_stride1s-epo,theta
2989,-0.0032408811639142595,patient10_window16s_stride1s-epo,theta
2990,-0.0031335275105450157,patient10_window16s_stride1s-epo,theta
2991,-0.0029457565238902228,patient10_window16s_stride1s-epo,theta
2992,-0.003490030564038294,patient10_window16s_stride1s-epo,theta
2993,-0.004195980702191337,patient10_window16s_stride1s-epo,theta
2994,-0.0037869380781239137,patient10_window16s_stride1s-epo,theta
2995,-0.0037092510988482484,patient10_window16s_stride1s-epo,theta
2996,-0.002299031073948269,patient10_window16s_stride1s-epo,theta
2997,-0.003882542070215938,patient10_window16s_stride1s-epo,theta
2998,-0.0037418053355951376,patient10_window16s_stride1s-epo,theta
2999,-0.003344932684026989,patient10_window16s_stride1s-epo,theta
3000,-0.004257806377603093,patient10_window16s_stride1s-epo,theta
3001,-0.0031835100537919224,patient10_window16s_stride1s-epo,theta
3002,-0.003024763884914492,patient10_window16s_stride1s-epo,theta
3003,-0.004794682588110462,patient10_window16s_stride1s-epo,theta
3004,-0.004285612529528903,patient10_window16s_stride1s-epo,theta
3005,-0.0033458674003610128,patient10_window16s_stride1s-epo,theta
3006,-0.0037572653652651606,patient10_window16s_stride1s-epo,theta
3007,-0.005695620337815793,patient10_window16s_stride1s-epo,theta
3008,-0.005221083006205446,patient10_window16s_stride1s-epo,theta
3009,-0.0038367363155135266,patient10_window16s_stride1s-epo,theta
3010,-0.004542611300059253,patient10_window16s_stride1s-epo,theta
3011,-0.0042411755663422125,patient10_window16s_stride1s-epo,theta
3012,-0.002235485515912869,patient10_window16s_stride1s-epo,theta
3013,-0.0024171211107030716,patient10_window16s_stride1s-epo,theta
3014,-0.002612802846908507,patient10_window16s_stride1s-epo,theta
3015,-0.0011297020200152965,patient10_window16s_stride1s-epo,theta
3016,-0.0007502882488240589,patient10_window16s_stride1s-epo,theta
3017,-0.0025455443405850635,patient10_window16s_stride1s-epo,theta
3018,-0.002235111432668144,patient10_window16s_stride1s-epo,theta
3019,-0.003187411682913391,patient10_window16s_stride1s-epo,theta
3020,-0.003350618187350004,patient10_window16s_stride1s-epo,theta
3021,-0.004760042619583104,patient10_window16s_stride1s-epo,theta
3022,-0.004590768522358274,patient10_window16s_stride1s-epo,theta
3023,-0.005050141256839808,patient10_window16s_stride1s-epo,theta
3024,-0.004795077393067209,patient10_window16s_stride1s-epo,theta
3025,-0.005811320694531817,patient10_window16s_stride1s-epo,theta
3026,-0.003922693665835672,patient10_window16s_stride1s-epo,theta
3027,-0.004556716652422536,patient10_window16s_stride1s-epo,theta
3028,-0.004888154401121424,patient10_window16s_stride1s-epo,theta
3029,-0.004366501382735789,patient10_window16s_stride1s-epo,theta
3030,-0.0034373511865534528,patient10_window16s_stride1s-epo,theta
3031,-0.002212921006448972,patient10_window16s_stride1s-epo,theta
3032,-0.0026993432894173797,patient10_window16s_stride1s-epo,theta
3033,-0.0023507674775519937,patient10_window16s_stride1s-epo,theta
3034,-0.002790572613921849,patient10_window16s_stride1s-epo,theta
3035,-0.002614559606028727,patient10_window16s_stride1s-epo,theta
3036,-0.0030211696470940227,patient10_window16s_stride1s-epo,theta
3037,-0.0036555158664073003,patient10_window16s_stride1s-epo,theta
3038,-0.005009617913938344,patient10_window16s_stride1s-epo,theta
3039,-0.005096595736846236,patient10_window16s_stride1s-epo,theta
3040,-0.005314359822211941,patient10_window16s_stride1s-epo,theta
3041,-0.00406959520935578,patient10_window16s_stride1s-epo,theta
3042,-0.004357421317865252,patient10_window16s_stride1s-epo,theta
3043,-0.00514441508581428,patient10_window16s_stride1s-epo,theta
3044,-0.005550452136105603,patient10_window16s_stride1s-epo,theta
3045,-0.005282324648978267,patient10_window16s_stride1s-epo,theta
3046,-0.005359622792661037,patient10_window16s_stride1s-epo,theta
3047,-0.006149847454769558,patient10_window16s_stride1s-epo,theta
3048,-0.004963365751733737,patient10_window16s_stride1s-epo,theta
3049,-0.005817993503891531,patient10_window16s_stride1s-epo,theta
3050,-0.006811865791875126,patient10_window16s_stride1s-epo,theta
3051,-0.006585596580380629,patient10_window16s_stride1s-epo,theta
3052,-0.007118455504318154,patient10_window16s_stride1s-epo,theta
3053,-0.006720567444857602,patient10_window16s_stride1s-epo,theta
3054,-0.006001055556203349,patient10_window16s_stride1s-epo,theta
3055,-0.005726925393785387,patient10_window16s_stride1s-epo,theta
3056,-0.005071229465134454,patient10_window16s_stride1s-epo,theta
3057,-0.005039712140519064,patient10_window16s_stride1s-epo,theta
3058,-0.005286017579110739,patient10_window16s_stride1s-epo,theta
3059,-0.004832891966154419,patient10_window16s_stride1s-epo,theta
3060,-0.0044287469001934214,patient10_window16s_stride1s-epo,theta
3061,-0.006738306728130634,patient10_window16s_stride1s-epo,theta
3062,-0.006290097294202007,patient10_window16s_stride1s-epo,theta
3063,-0.00679347832942381,patient10_window16s_stride1s-epo,theta
3064,-0.006518789328495563,patient10_window16s_stride1s-epo,theta
3065,-0.006265060267680589,patient10_window16s_stride1s-epo,theta
3066,-0.005953783927269979,patient10_window16s_stride1s-epo,theta
3067,-0.005261167553768518,patient10_window16s_stride1s-epo,theta
3068,-0.006514382368689513,patient10_window16s_stride1s-epo,theta
3069,-0.005752174668484355,patient10_window16s_stride1s-epo,theta
3070,-0.005482660548170545,patient10_window16s_stride1s-epo,theta
3071,-0.006761092249829947,patient10_window16s_stride1s-epo,theta
3072,-0.006070146502889173,patient10_window16s_stride1s-epo,theta
3073,-0.0051192105999756125,patient10_window16s_stride1s-epo,theta
3074,-0.00648544328324712,patient10_window16s_stride1s-epo,theta
3075,-0.006622950788067915,patient10_window16s_stride1s-epo,theta
3076,-0.006692579736206149,patient10_window16s_stride1s-epo,theta
3077,-0.0070581712629063115,patient10_window16s_stride1s-epo,theta
3078,-0.006906506703776666,patient10_window16s_stride1s-epo,theta
3079,-0.006346024096072912,patient10_window16s_stride1s-epo,theta
3080,-0.006781926159195658,patient10_window16s_stride1s-epo,theta
3081,-0.005916116582872111,patient10_window16s_stride1s-epo,theta
3082,-0.006271519359167194,patient10_window16s_stride1s-epo,theta
3083,-0.006404863567651354,patient10_window16s_stride1s-epo,theta
3084,-0.005061824030201127,patient10_window16s_stride1s-epo,theta
3085,-0.005652371864236705,patient10_window16s_stride1s-epo,theta
3086,-0.004826848283388367,patient10_window16s_stride1s-epo,theta
3087,-0.004726585370498289,patient10_window16s_stride1s-epo,theta
3088,-0.0055741279780962254,patient10_window16s_stride1s-epo,theta
3089,-0.005675655578891165,patient10_window16s_stride1s-epo,theta
3090,-0.005211171567289986,patient10_window16s_stride1s-epo,theta
3091,-0.004961269048060711,patient10_window16s_stride1s-epo,theta
3092,-0.004678893233700466,patient10_window16s_stride1s-epo,theta
3093,-0.0037250208511957305,patient10_window16s_stride1s-epo,theta
3094,-0.0041617927528907195,patient10_window16s_stride1s-epo,theta
3095,-0.0030968330943692357,patient10_window16s_stride1s-epo,theta
3096,-0.0045484343495736795,patient10_window16s_stride1s-epo,theta
3097,-0.004495398078666078,patient10_window16s_stride1s-epo,theta
3098,-0.005195275245162151,patient10_window16s_stride1s-epo,theta
3099,-0.004370999763223779,patient10_window16s_stride1s-epo,theta
3100,-0.005046411106052702,patient10_window16s_stride1s-epo,theta
3101,-0.005888886188364697,patient10_window16s_stride1s-epo,theta
3102,-0.005121071683333168,patient10_window16s_stride1s-epo,theta
3103,-0.004111245901394772,patient10_window16s_stride1s-epo,theta
3104,-0.005038611502658193,patient10_window16s_stride1s-epo,theta
3105,-0.005894819252996807,patient10_window16s_stride1s-epo,theta
3106,-0.006942443577633237,patient10_window16s_stride1s-epo,theta
3107,-0.006631554295327817,patient10_window16s_stride1s-epo,theta
3108,-0.007915344589308758,patient10_window16s_stride1s-epo,theta
3109,-0.005933077860451894,patient10_window16s_stride1s-epo,theta
3110,-0.005404675219179086,patient10_window16s_stride1s-epo,theta
3111,-0.005230265575229565,patient10_window16s_stride1s-epo,theta
3112,-0.005146616496130894,patient10_window16s_stride1s-epo,theta
3113,-0.005093757354687499,patient10_window16s_stride1s-epo,theta
3114,-0.005835541351356215,patient10_window16s_stride1s-epo,theta
3115,-0.005012170538470813,patient10_window16s_stride1s-epo,theta
3116,-0.005230482649018801,patient10_window16s_stride1s-epo,theta
3117,-0.004373998188929043,patient10_window16s_stride1s-epo,theta
3118,-0.00393428747161258,patient10_window16s_stride1s-epo,theta
3119,-0.003169576201104629,patient10_window16s_stride1s-epo,theta
3120,-0.0028537234479326786,patient10_window16s_stride1s-epo,theta
3121,-0.0017293643515482854,patient10_window16s_stride1s-epo,theta
3122,-0.001153978445074717,patient10_window16s_stride1s-epo,theta
3123,-0.001371609879401354,patient10_window16s_stride1s-epo,theta
3124,-0.0010020400627095377,patient10_window16s_stride1s-epo,theta
3125,-0.0013814067065036927,patient10_window16s_stride1s-epo,theta
3126,-0.0005923834367351968,patient10_window16s_stride1s-epo,theta
3127,2.693643063537171e-05,patient10_window16s_stride1s-epo,theta
3128,-0.0023714847197309715,patient10_window16s_stride1s-epo,theta
3129,-0.002547442851405316,patient10_window16s_stride1s-epo,theta
3130,-0.0021902173917156286,patient10_window16s_stride1s-epo,theta
3131,-0.0035770807510847307,patient10_window16s_stride1s-epo,theta
3132,-0.0032768736623381483,patient10_window16s_stride1s-epo,theta
3133,-0.004611081013325858,patient10_window16s_stride1s-epo,theta
3134,-0.005156154343929876,patient10_window16s_stride1s-epo,theta
3135,-0.005674535732331293,patient10_window16s_stride1s-epo,theta
3136,-0.0031804055652746117,patient10_window16s_stride1s-epo,theta
3137,-0.0034674016794611884,patient10_window16s_stride1s-epo,theta
3138,-0.0032638437372845964,patient10_window16s_stride1s-epo,theta
3139,-0.0019387555462181771,patient10_window16s_stride1s-epo,theta
3140,-0.00030309545308860203,patient10_window16s_stride1s-epo,theta
3141,-0.0011571453122330726,patient10_window16s_stride1s-epo,theta
3142,-0.0014646637305400611,patient10_window16s_stride1s-epo,theta
3143,-0.0015504359132410153,patient10_window16s_stride1s-epo,theta
3144,0.00019049454814373625,patient10_window16s_stride1s-epo,theta
3145,0.0002666368959379394,patient10_window16s_stride1s-epo,theta
3146,0.0003340828330995072,patient10_window16s_stride1s-epo,theta
3147,-0.0007476651182299927,patient10_window16s_stride1s-epo,theta
3148,0.0003457600047328458,patient10_window16s_stride1s-epo,theta
3149,6.720141987606614e-05,patient10_window16s_stride1s-epo,theta
3150,0.0003915297640397321,patient10_window16s_stride1s-epo,theta
3151,0.0008611303275653484,patient10_window16s_stride1s-epo,theta
3152,-0.0011351901177733817,patient10_window16s_stride1s-epo,theta
3153,-0.001733259653014646,patient10_window16s_stride1s-epo,theta
3154,-0.003086525479936913,patient10_window16s_stride1s-epo,theta
3155,-0.0027574579051029397,patient10_window16s_stride1s-epo,theta
3156,-0.004563240014068814,patient10_window16s_stride1s-epo,theta
3157,-0.005218620076478587,patient10_window16s_stride1s-epo,theta
3158,-0.005442902565889282,patient10_window16s_stride1s-epo,theta
3159,-0.0051340845643260856,patient10_window16s_stride1s-epo,theta
3160,-0.007342442758413012,patient10_window16s_stride1s-epo,theta
3161,-0.005754847081946794,patient10_window16s_stride1s-epo,theta
3162,-0.0067085495885605565,patient10_window16s_stride1s-epo,theta
3163,-0.005148576598519197,patient10_window16s_stride1s-epo,theta
3164,-0.006046139243963954,patient10_window16s_stride1s-epo,theta
3165,-0.005501604470658509,patient10_window16s_stride1s-epo,theta
3166,-0.005172465645381897,patient10_window16s_stride1s-epo,theta
3167,-0.0058316864591283785,patient10_window16s_stride1s-epo,theta
3168,-0.006376589015049687,patient10_window16s_stride1s-epo,theta
3169,-0.004956319990371873,patient10_window16s_stride1s-epo,theta
3170,-0.005123747706801559,patient10_window16s_stride1s-epo,theta
3171,-0.005554831541368748,patient10_window16s_stride1s-epo,theta
3172,-0.004869078290792349,patient10_window16s_stride1s-epo,theta
3173,-0.005072026528453343,patient10_window16s_stride1s-epo,theta
3174,-0.0058754361621005625,patient10_window16s_stride1s-epo,theta
3175,-0.004127753190158668,patient10_window16s_stride1s-epo,theta
3176,-0.004301795606573029,patient10_window16s_stride1s-epo,theta
3177,-0.0036299443388011403,patient10_window16s_stride1s-epo,theta
3178,-0.004611021732908395,patient10_window16s_stride1s-epo,theta
3179,-0.004316009799526141,patient10_window16s_stride1s-epo,theta
3180,-0.004400768764810391,patient10_window16s_stride1s-epo,theta
3181,-0.0037062107875786405,patient10_window16s_stride1s-epo,theta
3182,-0.0032397816699030755,patient10_window16s_stride1s-epo,theta
3183,-0.005144629560493097,patient10_window16s_stride1s-epo,theta
3184,-0.0024910323696640934,patient10_window16s_stride1s-epo,theta
3185,-0.0028227004195327636,patient10_window16s_stride1s-epo,theta
3186,-0.004522662961485877,patient10_window16s_stride1s-epo,theta
3187,-0.005017854399457018,patient10_window16s_stride1s-epo,theta
3188,-0.005402458034800069,patient10_window16s_stride1s-epo,theta
3189,-0.006695627408144114,patient10_window16s_stride1s-epo,theta
3190,-0.0060654187213181705,patient10_window16s_stride1s-epo,theta
3191,-0.006440895696136187,patient10_window16s_stride1s-epo,theta
3192,-0.006573009003822354,patient10_window16s_stride1s-epo,theta
3193,-0.007218171057820702,patient10_window16s_stride1s-epo,theta
3194,-0.005963624741304867,patient10_window16s_stride1s-epo,theta
3195,-0.006884764903161111,patient10_window16s_stride1s-epo,theta
3196,-0.007026158183535953,patient10_window16s_stride1s-epo,theta
3197,-0.0075442471832056525,patient10_window16s_stride1s-epo,theta
3198,-0.006706743380518146,patient10_window16s_stride1s-epo,theta
3199,-0.006177201454859032,patient10_window16s_stride1s-epo,theta
3200,-0.006528386134122504,patient10_window16s_stride1s-epo,theta
3201,-0.005421217272834148,patient10_window16s_stride1s-epo,theta
3202,-0.005629118130229301,patient10_window16s_stride1s-epo,theta
3203,-0.004905679775518502,patient10_window16s_stride1s-epo,theta
3204,-0.0032049197664388777,patient10_window16s_stride1s-epo,theta
3205,-0.00427441444207142,patient10_window16s_stride1s-epo,theta
3206,-0.0038954257278867926,patient10_window16s_stride1s-epo,theta
3207,-0.004200971665207964,patient10_window16s_stride1s-epo,theta
3208,-0.002529684089317378,patient10_window16s_stride1s-epo,theta
3209,-0.004297399258312479,patient10_window16s_stride1s-epo,theta
3210,-0.003888518716192524,patient10_window16s_stride1s-epo,theta
3211,-0.004966499299271644,patient10_window16s_stride1s-epo,theta
3212,-0.0040876192126809265,patient10_window16s_stride1s-epo,theta
3213,-0.0038833501891480833,patient10_window16s_stride1s-epo,theta
3214,-0.005819390470090208,patient10_window16s_stride1s-epo,theta
3215,-0.004717341465417029,patient10_window16s_stride1s-epo,theta
3216,-0.003658467825186261,patient10_window16s_stride1s-epo,theta
3217,-0.0037898384394197747,patient10_window16s_stride1s-epo,theta
3218,-0.0035827946723373566,patient10_window16s_stride1s-epo,theta
3219,-0.004039907988970555,patient10_window16s_stride1s-epo,theta
3220,-0.004724683807171693,patient10_window16s_stride1s-epo,theta
3221,-0.005762589874757598,patient10_window16s_stride1s-epo,theta
3222,-0.004719945307593793,patient10_window16s_stride1s-epo,theta
3223,-0.0042629220997315665,patient10_window16s_stride1s-epo,theta
3224,-0.005887146406053763,patient10_window16s_stride1s-epo,theta
3225,-0.005636116388217146,patient10_window16s_stride1s-epo,theta
3226,-0.006106183064912263,patient10_window16s_stride1s-epo,theta
3227,-0.005224369074378502,patient10_window16s_stride1s-epo,theta
3228,-0.0053877941194389704,patient10_window16s_stride1s-epo,theta
3229,-0.004318524526325106,patient10_window16s_stride1s-epo,theta
3230,-0.004965157062164525,patient10_window16s_stride1s-epo,theta
3231,-0.004466434509119796,patient10_window16s_stride1s-epo,theta
3232,-0.004652852547697384,patient10_window16s_stride1s-epo,theta
3233,-0.004655878034733175,patient10_window16s_stride1s-epo,theta
3234,-0.004210200849402889,patient10_window16s_stride1s-epo,theta
3235,-0.003395530353961189,patient10_window16s_stride1s-epo,theta
3236,-0.0024734613777883776,patient10_window16s_stride1s-epo,theta
3237,-0.002792485444594463,patient10_window16s_stride1s-epo,theta
3238,-0.0029972153761613158,patient10_window16s_stride1s-epo,theta
3239,-0.002745871719230541,patient10_window16s_stride1s-epo,theta
3240,-0.002756310012339505,patient10_window16s_stride1s-epo,theta
3241,-0.0019593569529434986,patient10_window16s_stride1s-epo,theta
3242,-0.002788819482586255,patient10_window16s_stride1s-epo,theta
3243,-0.00250005264909026,patient10_window16s_stride1s-epo,theta
3244,-0.0023234673193754337,patient10_window16s_stride1s-epo,theta
3245,-0.0022028259891200145,patient10_window16s_stride1s-epo,theta
3246,-0.0023340080358685415,patient10_window16s_stride1s-epo,theta
3247,-0.00238008042355163,patient10_window16s_stride1s-epo,theta
3248,-0.004307212252060469,patient10_window16s_stride1s-epo,theta
3249,-0.004925219551324361,patient10_window16s_stride1s-epo,theta
3250,-0.004501078742804185,patient10_window16s_stride1s-epo,theta
3251,-0.00289845316352276,patient10_window16s_stride1s-epo,theta
3252,-0.0033672846715621803,patient10_window16s_stride1s-epo,theta
3253,-0.0029385998858882175,patient10_window16s_stride1s-epo,theta
3254,-0.002309229618891335,patient10_window16s_stride1s-epo,theta
3255,-0.00512418675049793,patient10_window16s_stride1s-epo,theta
3256,-0.0051438459686437505,patient10_window16s_stride1s-epo,theta
3257,-0.00380856501619385,patient10_window16s_stride1s-epo,theta
3258,-0.0038610257522709076,patient10_window16s_stride1s-epo,theta
3259,-0.004684319356629664,patient10_window16s_stride1s-epo,theta
3260,-0.004167048104195052,patient10_window16s_stride1s-epo,theta
3261,-0.005825270709945532,patient10_window16s_stride1s-epo,theta
3262,-0.005641969504509802,patient10_window16s_stride1s-epo,theta
3263,-0.006025383685100025,patient10_window16s_stride1s-epo,theta
3264,-0.005375284928987997,patient10_window16s_stride1s-epo,theta
3265,-0.004425517748062971,patient10_window16s_stride1s-epo,theta
3266,-0.004560351060248067,patient10_window16s_stride1s-epo,theta
3267,-0.0044049069366995045,patient10_window16s_stride1s-epo,theta
3268,-0.00424069764655818,patient10_window16s_stride1s-epo,theta
3269,-0.005124373687600885,patient10_window16s_stride1s-epo,theta
3270,-0.0058420407420923404,patient10_window16s_stride1s-epo,theta
3271,-0.005133803514357355,patient10_window16s_stride1s-epo,theta
3272,-0.0064416200309498385,patient10_window16s_stride1s-epo,theta
3273,-0.005742836016192105,patient10_window16s_stride1s-epo,theta
3274,-0.006819173089336848,patient10_window16s_stride1s-epo,theta
3275,-0.00637297117692408,patient10_window16s_stride1s-epo,theta
3276,-0.006080157155135486,patient10_window16s_stride1s-epo,theta
3277,-0.004346226342769316,patient10_window16s_stride1s-epo,theta
3278,-0.006388129643345202,patient10_window16s_stride1s-epo,theta
3279,-0.0060853482451842765,patient10_window16s_stride1s-epo,theta
3280,-0.004997788141238746,patient10_window16s_stride1s-epo,theta
3281,-0.005033020231110817,patient10_window16s_stride1s-epo,theta
3282,-0.005957692662159078,patient10_window16s_stride1s-epo,theta
3283,-0.0057135613065384455,patient10_window16s_stride1s-epo,theta
3284,-0.00740347223389197,patient10_window16s_stride1s-epo,theta
3285,-0.006890044140065249,patient10_window16s_stride1s-epo,theta
3286,-0.0058463615543041985,patient10_window16s_stride1s-epo,theta
3287,-0.006443007473995326,patient10_window16s_stride1s-epo,theta
3288,-0.005193202543979847,patient10_window16s_stride1s-epo,theta
3289,-0.00588486297660851,patient10_window16s_stride1s-epo,theta
3290,-0.005421963390940602,patient10_window16s_stride1s-epo,theta
3291,-0.005618669557885218,patient10_window16s_stride1s-epo,theta
3292,-0.006604561117404063,patient10_window16s_stride1s-epo,theta
3293,-0.007095249247833984,patient10_window16s_stride1s-epo,theta
3294,-0.006259091365419156,patient10_window16s_stride1s-epo,theta
3295,-0.00576315167644007,patient10_window16s_stride1s-epo,theta
3296,-0.00521460328444407,patient10_window16s_stride1s-epo,theta
3297,-0.005700210975085643,patient10_window16s_stride1s-epo,theta
3298,-0.004131399863619134,patient10_window16s_stride1s-epo,theta
3299,-0.004723700364340649,patient10_window16s_stride1s-epo,theta
3300,-0.00571855820004015,patient10_window16s_stride1s-epo,theta
3301,-0.00591038182925844,patient10_window16s_stride1s-epo,theta
3302,-0.005778103654612511,patient10_window16s_stride1s-epo,theta
3303,-0.004173198245758052,patient10_window16s_stride1s-epo,theta
3304,-0.003419112976898893,patient10_window16s_stride1s-epo,theta
3305,-0.00394785104444653,patient10_window16s_stride1s-epo,theta
3306,-0.005129415757383514,patient10_window16s_stride1s-epo,theta
3307,-0.00406333691382063,patient10_window16s_stride1s-epo,theta
3308,-0.004461306222786101,patient10_window16s_stride1s-epo,theta
3309,-0.003484208654919786,patient10_window16s_stride1s-epo,theta
3310,-0.004712968810753986,patient10_window16s_stride1s-epo,theta
3311,-0.003582868531581706,patient10_window16s_stride1s-epo,theta
3312,-0.0027999848700956697,patient10_window16s_stride1s-epo,theta
3313,-0.003980795963651713,patient10_window16s_stride1s-epo,theta
3314,-0.004274413643553989,patient10_window16s_stride1s-epo,theta
3315,-0.0034163225124561893,patient10_window16s_stride1s-epo,theta
3316,-0.0021428603310315246,patient10_window16s_stride1s-epo,theta
3317,-0.00434235507244891,patient10_window16s_stride1s-epo,theta
3318,-0.00436976654097361,patient10_window16s_stride1s-epo,theta
3319,-0.0033403221000603742,patient10_window16s_stride1s-epo,theta
3320,-0.0033944704955543967,patient10_window16s_stride1s-epo,theta
3321,-0.0024165068887214763,patient10_window16s_stride1s-epo,theta
3322,-0.001998953083695962,patient10_window16s_stride1s-epo,theta
3323,-0.003931532789618543,patient10_window16s_stride1s-epo,theta
3324,-0.004164892620079881,patient10_window16s_stride1s-epo,theta
3325,-0.003812996202436221,patient10_window16s_stride1s-epo,theta
3326,-0.003812170415470178,patient10_window16s_stride1s-epo,theta
3327,-0.003739712508870855,patient10_window16s_stride1s-epo,theta
3328,-0.0039832053748411434,patient10_window16s_stride1s-epo,theta
3329,-0.0035494976652346278,patient10_window16s_stride1s-epo,theta
3330,-0.0041162588068927525,patient10_window16s_stride1s-epo,theta
3331,-0.0039694367864794395,patient10_window16s_stride1s-epo,theta
3332,-0.005142025697684413,patient10_window16s_stride1s-epo,theta
3333,-0.0043858537205327215,patient10_window16s_stride1s-epo,theta
3334,-0.003411775971270876,patient10_window16s_stride1s-epo,theta
3335,-0.0055888174637118634,patient10_window16s_stride1s-epo,theta
3336,-0.005024991857591832,patient10_window16s_stride1s-epo,theta
3337,-0.00719921236140203,patient10_window16s_stride1s-epo,theta
3338,-0.007587883707087453,patient10_window16s_stride1s-epo,theta
3339,-0.008064877116549869,patient10_window16s_stride1s-epo,theta
3340,-0.007832268582503583,patient10_window16s_stride1s-epo,theta
3341,-0.005937771141623239,patient10_window16s_stride1s-epo,theta
3342,-0.00618097512510821,patient10_window16s_stride1s-epo,theta
3343,-0.008180870435507557,patient10_window16s_stride1s-epo,theta
3344,-0.006561647801544279,patient10_window16s_stride1s-epo,theta
3345,-0.006042202397074229,patient10_window16s_stride1s-epo,theta
3346,-0.00738571766629656,patient10_window16s_stride1s-epo,theta
3347,-0.00733395248075646,patient10_window16s_stride1s-epo,theta
3348,-0.00775914994252948,patient10_window16s_stride1s-epo,theta
3349,-0.008887512931928257,patient10_window16s_stride1s-epo,theta
3350,-0.008856481532893104,patient10_window16s_stride1s-epo,theta
3351,-0.00976698132681105,patient10_window16s_stride1s-epo,theta
3352,-0.01048862506592929,patient10_window16s_stride1s-epo,theta
3353,-0.008333840608776937,patient10_window16s_stride1s-epo,theta
3354,-0.0091441628815627,patient10_window16s_stride1s-epo,theta
3355,-0.006841006484797222,patient10_window16s_stride1s-epo,theta
3356,-0.007560710097120408,patient10_window16s_stride1s-epo,theta
3357,-0.008888625961212442,patient10_window16s_stride1s-epo,theta
3358,-0.009343013438879784,patient10_window16s_stride1s-epo,theta
3359,-0.0064337525391791875,patient10_window16s_stride1s-epo,theta
3360,-0.005731190897671958,patient10_window16s_stride1s-epo,theta
3361,-0.0048171454339944655,patient10_window16s_stride1s-epo,theta
3362,-0.004172099485360627,patient10_window16s_stride1s-epo,theta
3363,-0.003248184827798968,patient10_window16s_stride1s-epo,theta
3364,-0.0035452199504222713,patient10_window16s_stride1s-epo,theta
3365,-0.0010581962862690295,patient10_window16s_stride1s-epo,theta
3366,-0.0005009296467938378,patient10_window16s_stride1s-epo,theta
3367,-0.0006315577200561767,patient10_window16s_stride1s-epo,theta
3368,0.0005052180997123731,patient10_window16s_stride1s-epo,theta
3369,0.0006434901208661855,patient10_window16s_stride1s-epo,theta
3370,0.00026056108832057777,patient10_window16s_stride1s-epo,theta
3371,-0.0005262302503082341,patient10_window16s_stride1s-epo,theta
3372,-0.0007259378295190397,patient10_window16s_stride1s-epo,theta
3373,-0.000701546471917358,patient10_window16s_stride1s-epo,theta
3374,-0.002044539085728932,patient10_window16s_stride1s-epo,theta
3375,-0.0036109209881814157,patient10_window16s_stride1s-epo,theta
3376,-0.0032742400528712272,patient10_window16s_stride1s-epo,theta
3377,-0.00324533865485933,patient10_window16s_stride1s-epo,theta
3378,-0.0033287260320919248,patient10_window16s_stride1s-epo,theta
3379,-0.003748939225316872,patient10_window16s_stride1s-epo,theta
3380,-0.004155766344956306,patient10_window16s_stride1s-epo,theta
3381,-0.003863535564660708,patient10_window16s_stride1s-epo,theta
3382,-0.004725526221960094,patient10_window16s_stride1s-epo,theta
3383,-0.004918777843479955,patient10_window16s_stride1s-epo,theta
3384,-0.003306750811775022,patient10_window16s_stride1s-epo,theta
3385,-0.0025812274911166003,patient10_window16s_stride1s-epo,theta
3386,-0.0011620828618147323,patient10_window16s_stride1s-epo,theta
3387,-0.0025854707800088083,patient10_window16s_stride1s-epo,theta
3388,-0.002257173106405879,patient10_window16s_stride1s-epo,theta
3389,-0.002122611545408672,patient10_window16s_stride1s-epo,theta
3390,-0.000777798014451684,patient10_window16s_stride1s-epo,theta
3391,-0.0018130981879096323,patient10_window16s_stride1s-epo,theta
3392,-0.0020771233382961204,patient10_window16s_stride1s-epo,theta
3393,-0.0032118547024090247,patient10_window16s_stride1s-epo,theta
3394,-0.001691036994688133,patient10_window16s_stride1s-epo,theta
3395,-0.0021506844800799696,patient10_window16s_stride1s-epo,theta
3396,-0.003620074584370434,patient10_window16s_stride1s-epo,theta
3397,-0.0012486649585676792,patient10_window16s_stride1s-epo,theta
3398,-0.002408541844013942,patient10_window16s_stride1s-epo,theta
3399,-0.0030647696604495095,patient10_window16s_stride1s-epo,theta
3400,-0.0058706780631517085,patient10_window16s_stride1s-epo,theta
3401,-0.005710283416331343,patient10_window16s_stride1s-epo,theta
3402,-0.007397886874729341,patient10_window16s_stride1s-epo,theta
3403,-0.0053948171730450285,patient10_window16s_stride1s-epo,theta
3404,-0.005236448863458689,patient10_window16s_stride1s-epo,theta
3405,-0.006727635197452777,patient10_window16s_stride1s-epo,theta
3406,-0.007414501227689347,patient10_window16s_stride1s-epo,theta
3407,-0.00791971882508561,patient10_window16s_stride1s-epo,theta
3408,-0.00817001337803815,patient10_window16s_stride1s-epo,theta
3409,-0.006867981117956205,patient10_window16s_stride1s-epo,theta
3410,-0.007310370980321637,patient10_window16s_stride1s-epo,theta
3411,-0.00747741701864056,patient10_window16s_stride1s-epo,theta
3412,-0.006270655557751687,patient10_window16s_stride1s-epo,theta
3413,-0.0062521718720735305,patient10_window16s_stride1s-epo,theta
3414,-0.006831730892807316,patient10_window16s_stride1s-epo,theta
3415,-0.006400149705831431,patient10_window16s_stride1s-epo,theta
3416,-0.004661786923078686,patient10_window16s_stride1s-epo,theta
3417,-0.002942533519207297,patient10_window16s_stride1s-epo,theta
3418,-0.0042117764808310984,patient10_window16s_stride1s-epo,theta
3419,-0.006023342170560457,patient10_window16s_stride1s-epo,theta
3420,-0.005616610701424501,patient10_window16s_stride1s-epo,theta
3421,-0.00640302870897536,patient10_window16s_stride1s-epo,theta
3422,-0.005080375350180469,patient10_window16s_stride1s-epo,theta
3423,-0.004368342061274009,patient10_window16s_stride1s-epo,theta
3424,-0.004475421145452061,patient10_window16s_stride1s-epo,theta
3425,-0.00427615349266493,patient10_window16s_stride1s-epo,theta
3426,-0.005574020298111971,patient10_window16s_stride1s-epo,theta
3427,-0.006414291717363083,patient10_window16s_stride1s-epo,theta
3428,-0.006363600281434008,patient10_window16s_stride1s-epo,theta
3429,-0.008414290922365786,patient10_window16s_stride1s-epo,theta
3430,-0.005428940933739046,patient10_window16s_stride1s-epo,theta
3431,-0.005775373815751358,patient10_window16s_stride1s-epo,theta
3432,-0.006338822509033466,patient10_window16s_stride1s-epo,theta
3433,-0.005799527175998917,patient10_window16s_stride1s-epo,theta
3434,-0.005724015718959699,patient10_window16s_stride1s-epo,theta
3435,-0.0047347337647486555,patient10_window16s_stride1s-epo,theta
3436,-0.005027875448010255,patient10_window16s_stride1s-epo,theta
3437,-0.004914602930529411,patient10_window16s_stride1s-epo,theta
3438,-0.004778319195317095,patient10_window16s_stride1s-epo,theta
3439,-0.005263805435903738,patient10_window16s_stride1s-epo,theta
3440,-0.005385002997530406,patient10_window16s_stride1s-epo,theta
3441,-0.003854906630276823,patient10_window16s_stride1s-epo,theta
3442,-0.005379601791608192,patient10_window16s_stride1s-epo,theta
3443,-0.004221469241437701,patient10_window16s_stride1s-epo,theta
3444,-0.0031473351009779983,patient10_window16s_stride1s-epo,theta
3445,-0.002683966080128952,patient10_window16s_stride1s-epo,theta
3446,-0.004307042803339763,patient10_window16s_stride1s-epo,theta
3447,-0.0027028586952041835,patient10_window16s_stride1s-epo,theta
3448,-0.0027363703118134003,patient10_window16s_stride1s-epo,theta
3449,-0.0020516123243815975,patient10_window16s_stride1s-epo,theta
3450,-0.0033235703872076575,patient10_window16s_stride1s-epo,theta
3451,-0.003509279235033261,patient10_window16s_stride1s-epo,theta
3452,-0.004232770547481339,patient10_window16s_stride1s-epo,theta
3453,-0.004617524448277124,patient10_window16s_stride1s-epo,theta
3454,-0.004049688908241549,patient10_window16s_stride1s-epo,theta
3455,-0.004047719773942412,patient10_window16s_stride1s-epo,theta
3456,-0.0044709502664134326,patient10_window16s_stride1s-epo,theta
3457,-0.004671842489744507,patient10_window16s_stride1s-epo,theta
3458,-0.0028460120992429734,patient10_window16s_stride1s-epo,theta
3459,-0.003706456355886135,patient10_window16s_stride1s-epo,theta
3460,-0.0036353599612705787,patient10_window16s_stride1s-epo,theta
3461,-0.0018731185098893666,patient10_window16s_stride1s-epo,theta
3462,-0.0013450666353939358,patient10_window16s_stride1s-epo,theta
3463,-0.0027645800072828835,patient10_window16s_stride1s-epo,theta
3464,-0.003058323116580447,patient10_window16s_stride1s-epo,theta
3465,-0.0030454298478877913,patient10_window16s_stride1s-epo,theta
3466,-0.002410752558174985,patient10_window16s_stride1s-epo,theta
3467,-0.0018166492185181945,patient10_window16s_stride1s-epo,theta
3468,-0.0010273721297566934,patient10_window16s_stride1s-epo,theta
3469,-0.0009143379607626021,patient10_window16s_stride1s-epo,theta
3470,-0.0028606794470372857,patient10_window16s_stride1s-epo,theta
3471,-0.004821943324735745,patient10_window16s_stride1s-epo,theta
3472,-0.003012548736374665,patient10_window16s_stride1s-epo,theta
3473,-0.0034140388167826796,patient10_window16s_stride1s-epo,theta
3474,-0.003441259147073308,patient10_window16s_stride1s-epo,theta
3475,-0.003532580107496962,patient10_window16s_stride1s-epo,theta
3476,-0.0034743978251230508,patient10_window16s_stride1s-epo,theta
3477,-0.003615941835542664,patient10_window16s_stride1s-epo,theta
3478,-0.002608984076840368,patient10_window16s_stride1s-epo,theta
3479,-0.0028950213910469503,patient10_window16s_stride1s-epo,theta
3480,-0.002793601524581191,patient10_window16s_stride1s-epo,theta
3481,-0.0038492849518885148,patient10_window16s_stride1s-epo,theta
3482,-0.0038904745891909513,patient10_window16s_stride1s-epo,theta
3483,-0.004149182376036684,patient10_window16s_stride1s-epo,theta
3484,-0.0036404424983069355,patient10_window16s_stride1s-epo,theta
3485,-0.003128909472493483,patient10_window16s_stride1s-epo,theta
3486,-0.0031471382010568225,patient10_window16s_stride1s-epo,theta
3487,-0.0017954525546597972,patient10_window16s_stride1s-epo,theta
3488,-0.0018806872079655669,patient10_window16s_stride1s-epo,theta
3489,-0.0015541982194356046,patient10_window16s_stride1s-epo,theta
3490,-0.0015773050210781301,patient10_window16s_stride1s-epo,theta
3491,-0.0023204041268875507,patient10_window16s_stride1s-epo,theta
3492,-0.0022711020220490415,patient10_window16s_stride1s-epo,theta
3493,-0.001448550810503396,patient10_window16s_stride1s-epo,theta
3494,-0.002886409236144937,patient10_window16s_stride1s-epo,theta
3495,-0.002555116247821385,patient10_window16s_stride1s-epo,theta
3496,-0.002166401648701797,patient10_window16s_stride1s-epo,theta
3497,-0.001531687195305302,patient10_window16s_stride1s-epo,theta
3498,-0.002663879934340755,patient10_window16s_stride1s-epo,theta
3499,-0.0016549713968689718,patient10_window16s_stride1s-epo,theta
3500,-0.001113192016333725,patient10_window16s_stride1s-epo,theta
3501,-0.0005796783009077267,patient10_window16s_stride1s-epo,theta
3502,-0.0017845068131275767,patient10_window16s_stride1s-epo,theta
3503,-0.0012510879374194404,patient10_window16s_stride1s-epo,theta
3504,-0.0014501719147019282,patient10_window16s_stride1s-epo,theta
3505,-0.0023167841478732906,patient10_window16s_stride1s-epo,theta
3506,-0.003330434585378776,patient10_window16s_stride1s-epo,theta
3507,-0.002481501306484955,patient10_window16s_stride1s-epo,theta
3508,-0.004347022365651859,patient10_window16s_stride1s-epo,theta
3509,-0.005911527101546772,patient10_window16s_stride1s-epo,theta
3510,-0.00642559847655731,patient10_window16s_stride1s-epo,theta
3511,-0.005938749974028329,patient10_window16s_stride1s-epo,theta
3512,-0.006055715722767791,patient10_window16s_stride1s-epo,theta
3513,-0.006756311011093515,patient10_window16s_stride1s-epo,theta
3514,-0.006589847515754464,patient10_window16s_stride1s-epo,theta
3515,-0.0056466326407188325,patient10_window16s_stride1s-epo,theta
3516,-0.00543202285616126,patient10_window16s_stride1s-epo,theta
3517,-0.004645993193445026,patient10_window16s_stride1s-epo,theta
3518,-0.004340804666683878,patient10_window16s_stride1s-epo,theta
3519,-0.004177706462482665,patient10_window16s_stride1s-epo,theta
3520,-0.0020364062115971293,patient10_window16s_stride1s-epo,theta
3521,-0.0026856877430122793,patient10_window16s_stride1s-epo,theta
3522,-0.0026118535388670733,patient10_window16s_stride1s-epo,theta
3523,-0.005241155485757946,patient10_window16s_stride1s-epo,theta
3524,-0.004232528841763875,patient10_window16s_stride1s-epo,theta
3525,-0.0028473476533062082,patient10_window16s_stride1s-epo,theta
3526,-0.005041270527414301,patient10_window16s_stride1s-epo,theta
3527,-0.003875471465655875,patient10_window16s_stride1s-epo,theta
3528,-0.002362440717926371,patient10_window16s_stride1s-epo,theta
3529,-0.0022401253005104255,patient10_window16s_stride1s-epo,theta
3530,-0.004469387027073254,patient10_window16s_stride1s-epo,theta
3531,-0.003987950601869482,patient10_window16s_stride1s-epo,theta
3532,-0.006082679769366406,patient10_window16s_stride1s-epo,theta
3533,-0.006723653850147145,patient10_window16s_stride1s-epo,theta
3534,-0.0069858871995763395,patient10_window16s_stride1s-epo,theta
3535,-0.005067419841936749,patient10_window16s_stride1s-epo,theta
3536,-0.0053763341486800465,patient10_window16s_stride1s-epo,theta
3537,-0.004937002741352963,patient10_window16s_stride1s-epo,theta
3538,-0.006560163556099471,patient10_window16s_stride1s-epo,theta
3539,-0.0048914896437189615,patient10_window16s_stride1s-epo,theta
3540,-0.005592203760718451,patient10_window16s_stride1s-epo,theta
3541,-0.004016333270994381,patient10_window16s_stride1s-epo,theta
3542,-0.0040420443825443285,patient10_window16s_stride1s-epo,theta
3543,-0.004460380974631938,patient10_window16s_stride1s-epo,theta
3544,-0.004381652995136589,patient10_window16s_stride1s-epo,theta
3545,-0.005103131883716656,patient10_window16s_stride1s-epo,theta
3546,-0.005746084030233768,patient10_window16s_stride1s-epo,theta
3547,-0.004874954798767445,patient10_window16s_stride1s-epo,theta
3548,-0.004717614922979292,patient10_window16s_stride1s-epo,theta
3549,-0.004598669278817165,patient10_window16s_stride1s-epo,theta
3550,-0.004207688296089974,patient10_window16s_stride1s-epo,theta
3551,-0.005149367452632596,patient10_window16s_stride1s-epo,theta
3552,-0.005807117803119056,patient10_window16s_stride1s-epo,theta
3553,-0.004975382757398565,patient10_window16s_stride1s-epo,theta
3554,-0.004772920828741684,patient10_window16s_stride1s-epo,theta
3555,-0.005671714970687248,patient10_window16s_stride1s-epo,theta
3556,-0.005822174040433558,patient10_window16s_stride1s-epo,theta
3557,-0.005330695829427853,patient10_window16s_stride1s-epo,theta
3558,-0.004149326051706395,patient10_window16s_stride1s-epo,theta
3559,-0.005156633799993261,patient10_window16s_stride1s-epo,theta
3560,-0.005285370959647869,patient10_window16s_stride1s-epo,theta
3561,-0.005022110894935325,patient10_window16s_stride1s-epo,theta
3562,-0.0040397663009636596,patient10_window16s_stride1s-epo,theta
3563,-0.0039054579327340985,patient10_window16s_stride1s-epo,theta
3564,-0.002931237630244472,patient10_window16s_stride1s-epo,theta
3565,-0.004342997697830491,patient10_window16s_stride1s-epo,theta
3566,-0.006420375882600763,patient10_window16s_stride1s-epo,theta
3567,-0.0055418482402399905,patient10_window16s_stride1s-epo,theta
3568,-0.005877339568957218,patient10_window16s_stride1s-epo,theta
3569,-0.004715498145439129,patient10_window16s_stride1s-epo,theta
3570,-0.004618208948953602,patient10_window16s_stride1s-epo,theta
3571,-0.003932385432920213,patient10_window16s_stride1s-epo,theta
3572,-0.0033302215740508567,patient10_window16s_stride1s-epo,theta
3573,-0.00490907863916678,patient10_window16s_stride1s-epo,theta
3574,-0.0051179014413540195,patient10_window16s_stride1s-epo,theta
3575,-0.0041571913886669755,patient10_window16s_stride1s-epo,theta
3576,-0.0029471161849168267,patient10_window16s_stride1s-epo,theta
3577,-0.0035434256542574015,patient10_window16s_stride1s-epo,theta
3578,-0.0025907974191998777,patient10_window16s_stride1s-epo,theta
3579,-0.003971404395936984,patient10_window16s_stride1s-epo,theta
3580,-0.0027122036905168493,patient10_window16s_stride1s-epo,theta
3581,-0.0020273241833027003,patient10_window16s_stride1s-epo,theta
3582,-0.003672824716448265,patient10_window16s_stride1s-epo,theta
3583,-0.004547096916329554,patient10_window16s_stride1s-epo,theta
3584,-0.002507012161178151,patient10_window16s_stride1s-epo,theta
3585,-0.00480379919298784,patient10_window16s_stride1s-epo,theta
3586,-0.004358967253681669,patient10_window16s_stride1s-epo,theta
3587,-0.003147141443958682,patient10_window16s_stride1s-epo,theta
3588,-0.002836867444733882,patient10_window16s_stride1s-epo,theta
3589,-0.004951103377130952,patient10_window16s_stride1s-epo,theta
3590,-0.0043644205360262285,patient10_window16s_stride1s-epo,theta
3591,-0.00472141017893593,patient10_window16s_stride1s-epo,theta
3592,-0.0055373435986035635,patient10_window16s_stride1s-epo,theta
3593,-0.006676322900564839,patient10_window16s_stride1s-epo,theta
3594,-0.006078252710567178,patient10_window16s_stride1s-epo,theta
3595,-0.00568873361535721,patient10_window16s_stride1s-epo,theta
3596,-0.006828403568563395,patient10_window16s_stride1s-epo,theta
3597,-0.0071115143765595225,patient10_window16s_stride1s-epo,theta
3598,-0.004512127661118113,patient10_window16s_stride1s-epo,theta
3599,-0.004769382093526065,patient10_window16s_stride1s-epo,theta
3600,-0.0049115382083056835,patient10_window16s_stride1s-epo,theta
3601,-0.005432323243444913,patient10_window16s_stride1s-epo,theta
3602,-0.0061567786226193995,patient10_window16s_stride1s-epo,theta
3603,-0.004595229166807042,patient10_window16s_stride1s-epo,theta
3604,-0.004979917770896416,patient10_window16s_stride1s-epo,theta
3605,-0.003196813942502702,patient10_window16s_stride1s-epo,theta
3606,-0.0037659011845423257,patient10_window16s_stride1s-epo,theta
3607,-0.002785151057329361,patient10_window16s_stride1s-epo,theta
3608,-0.002908670116726861,patient10_window16s_stride1s-epo,theta
3609,-0.00602584004264146,patient10_window16s_stride1s-epo,theta
3610,-0.004712047455138631,patient10_window16s_stride1s-epo,theta
3611,-0.005562156111252046,patient10_window16s_stride1s-epo,theta
3612,-0.0055476786271069665,patient10_window16s_stride1s-epo,theta
3613,-0.006700492700985193,patient10_window16s_stride1s-epo,theta
3614,-0.005625918605792095,patient10_window16s_stride1s-epo,theta
3615,-0.005521993601193447,patient10_window16s_stride1s-epo,theta
3616,-0.00498664022899602,patient10_window16s_stride1s-epo,theta
3617,-0.005004245748795988,patient10_window16s_stride1s-epo,theta
3618,-0.005437293294514036,patient10_window16s_stride1s-epo,theta
3619,-0.004955884001620424,patient10_window16s_stride1s-epo,theta
3620,-0.005859463796903124,patient10_window16s_stride1s-epo,theta
3621,-0.005049437220029068,patient10_window16s_stride1s-epo,theta
3622,-0.0036979528332543,patient10_window16s_stride1s-epo,theta
3623,-0.0028078269647106914,patient10_window16s_stride1s-epo,theta
3624,-0.003903147966423722,patient10_window16s_stride1s-epo,theta
3625,-0.003073783162935025,patient10_window16s_stride1s-epo,theta
3626,-0.0028246315147400568,patient10_window16s_stride1s-epo,theta
3627,-0.002967076548095584,patient10_window16s_stride1s-epo,theta
3628,-0.002308070369476793,patient10_window16s_stride1s-epo,theta
3629,-0.0027051826607099078,patient10_window16s_stride1s-epo,theta
3630,-0.0031497021511855796,patient10_window16s_stride1s-epo,theta
3631,-0.003973823459427705,patient10_window16s_stride1s-epo,theta
3632,-0.0038229178483675757,patient10_window16s_stride1s-epo,theta
3633,-0.003602106929118269,patient10_window16s_stride1s-epo,theta
3634,-0.0028166968645560635,patient10_window16s_stride1s-epo,theta
3635,-0.0034222767475225228,patient10_window16s_stride1s-epo,theta
3636,-0.004564484251138485,patient10_window16s_stride1s-epo,theta
3637,-0.004590349602576597,patient10_window16s_stride1s-epo,theta
3638,-0.0067912083206389095,patient10_window16s_stride1s-epo,theta
3639,-0.007815333604895364,patient10_window16s_stride1s-epo,theta
3640,-0.005966514949887681,patient10_window16s_stride1s-epo,theta
3641,-0.005106741383899921,patient10_window16s_stride1s-epo,theta
3642,-0.004842850590475602,patient10_window16s_stride1s-epo,theta
3643,-0.004576468526554976,patient10_window16s_stride1s-epo,theta
3644,-0.004654960907138323,patient10_window16s_stride1s-epo,theta
3645,-0.003646414806839645,patient10_window16s_stride1s-epo,theta
3646,-0.004797020087131467,patient10_window16s_stride1s-epo,theta
3647,-0.003900975119982829,patient10_window16s_stride1s-epo,theta
3648,-0.00235379195633224,patient10_window16s_stride1s-epo,theta
3649,-0.002310657416132463,patient10_window16s_stride1s-epo,theta
3650,-0.0029166066016001646,patient10_window16s_stride1s-epo,theta
3651,-0.0029037424526057176,patient10_window16s_stride1s-epo,theta
3652,-0.002789620045589531,patient10_window16s_stride1s-epo,theta
3653,-0.0019693451805225977,patient10_window16s_stride1s-epo,theta
3654,-0.0024345390448149776,patient10_window16s_stride1s-epo,theta
3655,-0.0014389137830421728,patient10_window16s_stride1s-epo,theta
3656,-0.0004606187218447212,patient10_window16s_stride1s-epo,theta
3657,0.0010199733210862747,patient10_window16s_stride1s-epo,theta
3658,0.0003681405417963648,patient10_window16s_stride1s-epo,theta
3659,-0.00041409355447544297,patient10_window16s_stride1s-epo,theta
3660,0.00018615196207884583,patient10_window16s_stride1s-epo,theta
3661,0.001133770402217637,patient10_window16s_stride1s-epo,theta
3662,-0.00020750481778188717,patient10_window16s_stride1s-epo,theta
3663,-0.0006660719420675946,patient10_window16s_stride1s-epo,theta
3664,-0.0013726162605038502,patient10_window16s_stride1s-epo,theta
3665,-0.0036119884664355694,patient10_window16s_stride1s-epo,theta
3666,-0.0029044524481205082,patient10_window16s_stride1s-epo,theta
3667,-0.004085074303999038,patient10_window16s_stride1s-epo,theta
3668,-0.002844642063365326,patient10_window16s_stride1s-epo,theta
3669,-0.0027888142829995827,patient10_window16s_stride1s-epo,theta
3670,-0.00408629258326619,patient10_window16s_stride1s-epo,theta
3671,-0.005424622762682554,patient10_window16s_stride1s-epo,theta
3672,-0.004989291997654713,patient10_window16s_stride1s-epo,theta
3673,-0.004918412417528026,patient10_window16s_stride1s-epo,theta
3674,-0.005570971676269457,patient10_window16s_stride1s-epo,theta
3675,-0.006826674176687377,patient10_window16s_stride1s-epo,theta
3676,-0.006339640191734883,patient10_window16s_stride1s-epo,theta
3677,-0.005470189948130011,patient10_window16s_stride1s-epo,theta
3678,-0.00485612633269557,patient10_window16s_stride1s-epo,theta
3679,-0.003915205635746984,patient10_window16s_stride1s-epo,theta
3680,-0.0037814116544707295,patient10_window16s_stride1s-epo,theta
3681,-0.0032847675858877247,patient10_window16s_stride1s-epo,theta
3682,-0.005044192014339733,patient10_window16s_stride1s-epo,theta
3683,-0.0044977905843095805,patient10_window16s_stride1s-epo,theta
3684,-0.006009055612373155,patient10_window16s_stride1s-epo,theta
3685,-0.005840324559148878,patient10_window16s_stride1s-epo,theta
3686,-0.005651188862869384,patient10_window16s_stride1s-epo,theta
3687,-0.006367208075684358,patient10_window16s_stride1s-epo,theta
3688,-0.005706682539577051,patient10_window16s_stride1s-epo,theta
3689,-0.006831809076226614,patient10_window16s_stride1s-epo,theta
3690,-0.005939709365419142,patient10_window16s_stride1s-epo,theta
3691,-0.005989112104941549,patient10_window16s_stride1s-epo,theta
3692,-0.0052265540296530045,patient10_window16s_stride1s-epo,theta
3693,-0.005767838566907015,patient10_window16s_stride1s-epo,theta
3694,-0.0034314659580411844,patient10_window16s_stride1s-epo,theta
3695,-0.0029790730677021577,patient10_window16s_stride1s-epo,theta
3696,-0.004638403807023339,patient10_window16s_stride1s-epo,theta
3697,-0.003373530895279991,patient10_window16s_stride1s-epo,theta
3698,-0.004189853545672374,patient10_window16s_stride1s-epo,theta
3699,-0.003892304178722626,patient10_window16s_stride1s-epo,theta
3700,-0.005475765769747678,patient10_window16s_stride1s-epo,theta
3701,-0.003556614640648157,patient10_window16s_stride1s-epo,theta
3702,-0.004319446350199655,patient10_window16s_stride1s-epo,theta
3703,-0.007153310492480875,patient10_window16s_stride1s-epo,theta
3704,-0.008215018319077706,patient10_window16s_stride1s-epo,theta
3705,-0.008622680200710007,patient10_window16s_stride1s-epo,theta
3706,-0.007650306011241413,patient10_window16s_stride1s-epo,theta
3707,-0.008189050907816303,patient10_window16s_stride1s-epo,theta
3708,-0.008955714967742853,patient10_window16s_stride1s-epo,theta
3709,-0.008562361351601116,patient10_window16s_stride1s-epo,theta
3710,-0.009086329137997505,patient10_window16s_stride1s-epo,theta
3711,-0.010607401298161831,patient10_window16s_stride1s-epo,theta
3712,-0.00962498763116008,patient10_window16s_stride1s-epo,theta
3713,-0.011349503639094758,patient10_window16s_stride1s-epo,theta
3714,-0.01213289460454861,patient10_window16s_stride1s-epo,theta
3715,-0.011231287384487882,patient10_window16s_stride1s-epo,theta
3716,-0.010066839451836437,patient10_window16s_stride1s-epo,theta
3717,-0.00964299970511626,patient10_window16s_stride1s-epo,theta
3718,-0.008733239987123814,patient10_window16s_stride1s-epo,theta
3719,-0.007984269473328382,patient10_window16s_stride1s-epo,theta
3720,-0.007115530112762663,patient10_window16s_stride1s-epo,theta
3721,-0.00798759122080852,patient10_window16s_stride1s-epo,theta
3722,-0.0075013322144870664,patient10_window16s_stride1s-epo,theta
3723,-0.006406423417255174,patient10_window16s_stride1s-epo,theta
3724,-0.004687337801129971,patient10_window16s_stride1s-epo,theta
3725,-0.0026319328559274878,patient10_window16s_stride1s-epo,theta
3726,-0.0029094064686325757,patient10_window16s_stride1s-epo,theta
3727,-0.0018896309341296664,patient10_window16s_stride1s-epo,theta
3728,-0.0013198743837877238,patient10_window16s_stride1s-epo,theta
3729,-0.002742779407963953,patient10_window16s_stride1s-epo,theta
3730,-0.004140684709753375,patient10_window16s_stride1s-epo,theta
3731,-0.004495461426471918,patient10_window16s_stride1s-epo,theta
3732,-0.004989514912200072,patient10_window16s_stride1s-epo,theta
3733,-0.005823239914376041,patient10_window16s_stride1s-epo,theta
3734,-0.00582891617377186,patient10_window16s_stride1s-epo,theta
3735,-0.005396731501753208,patient10_window16s_stride1s-epo,theta
3736,-0.006037717137305731,patient10_window16s_stride1s-epo,theta
3737,-0.008203518393359737,patient10_window16s_stride1s-epo,theta
3738,-0.007503731512253312,patient10_window16s_stride1s-epo,theta
3739,-0.008141253151302054,patient10_window16s_stride1s-epo,theta
3740,-0.007782763989435698,patient10_window16s_stride1s-epo,theta
3741,-0.006883061990701412,patient10_window16s_stride1s-epo,theta
3742,-0.007720281251730402,patient10_window16s_stride1s-epo,theta
3743,-0.009230253629908,patient10_window16s_stride1s-epo,theta
3744,-0.009612827276368066,patient10_window16s_stride1s-epo,theta
3745,-0.008650637831836255,patient10_window16s_stride1s-epo,theta
3746,-0.006384016320757598,patient10_window16s_stride1s-epo,theta
3747,-0.004961963486539535,patient10_window16s_stride1s-epo,theta
3748,-0.005028932905747119,patient10_window16s_stride1s-epo,theta
3749,-0.006438505111997182,patient10_window16s_stride1s-epo,theta
3750,-0.006750679635544663,patient10_window16s_stride1s-epo,theta
3751,-0.005965339041331452,patient10_window16s_stride1s-epo,theta
3752,-0.0050402698437564605,patient10_window16s_stride1s-epo,theta
3753,-0.0054587015261417125,patient10_window16s_stride1s-epo,theta
3754,-0.004871811607671565,patient10_window16s_stride1s-epo,theta
3755,-0.006689720456279835,patient10_window16s_stride1s-epo,theta
3756,-0.0056167516689610225,patient10_window16s_stride1s-epo,theta
3757,-0.006298971562903773,patient10_window16s_stride1s-epo,theta
3758,-0.00694554990830277,patient10_window16s_stride1s-epo,theta
3759,-0.006088538419587877,patient10_window16s_stride1s-epo,theta
3760,-0.007547554305633549,patient10_window16s_stride1s-epo,theta
3761,-0.006909907229459729,patient10_window16s_stride1s-epo,theta
3762,-0.008049518683656744,patient10_window16s_stride1s-epo,theta
3763,-0.007927733542958873,patient10_window16s_stride1s-epo,theta
3764,-0.00982647040205112,patient10_window16s_stride1s-epo,theta
3765,-0.00956661823142401,patient10_window16s_stride1s-epo,theta
3766,-0.00881848678616358,patient10_window16s_stride1s-epo,theta
3767,-0.00890744188180467,patient10_window16s_stride1s-epo,theta
3768,-0.006810052956568426,patient10_window16s_stride1s-epo,theta
3769,-0.006294687446420185,patient10_window16s_stride1s-epo,theta
3770,-0.007985416975079335,patient10_window16s_stride1s-epo,theta
3771,-0.008931296884053563,patient10_window16s_stride1s-epo,theta
3772,-0.00947662776728236,patient10_window16s_stride1s-epo,theta
3773,-0.010910450850153354,patient10_window16s_stride1s-epo,theta
3774,-0.01040004219524847,patient10_window16s_stride1s-epo,theta
3775,-0.00935530241974737,patient10_window16s_stride1s-epo,theta
3776,-0.009312141292284814,patient10_window16s_stride1s-epo,theta
3777,-0.009666217464238501,patient10_window16s_stride1s-epo,theta
3778,-0.01048218227705955,patient10_window16s_stride1s-epo,theta
3779,-0.009229912580947039,patient10_window16s_stride1s-epo,theta
3780,-0.009853008395473185,patient10_window16s_stride1s-epo,theta
3781,-0.008602771631665616,patient10_window16s_stride1s-epo,theta
3782,-0.009606045883933014,patient10_window16s_stride1s-epo,theta
3783,-0.009600230747718777,patient10_window16s_stride1s-epo,theta
3784,-0.009191297694731529,patient10_window16s_stride1s-epo,theta
3785,-0.009905844336083302,patient10_window16s_stride1s-epo,theta
3786,-0.007269185658253412,patient10_window16s_stride1s-epo,theta
3787,-0.00820015927075249,patient10_window16s_stride1s-epo,theta
3788,-0.006849260229794979,patient10_window16s_stride1s-epo,theta
3789,-0.00882302023656321,patient10_window16s_stride1s-epo,theta
3790,-0.008661585821727602,patient10_window16s_stride1s-epo,theta
3791,-0.00814602350430317,patient10_window16s_stride1s-epo,theta
3792,-0.009632334415206372,patient10_window16s_stride1s-epo,theta
3793,-0.009461693542149367,patient10_window16s_stride1s-epo,theta
3794,-0.00977637117758031,patient10_window16s_stride1s-epo,theta
3795,-0.009474165767641892,patient10_window16s_stride1s-epo,theta
3796,-0.010145219179848413,patient10_window16s_stride1s-epo,theta
3797,-0.009761838340909395,patient10_window16s_stride1s-epo,theta
3798,-0.009822781424981546,patient10_window16s_stride1s-epo,theta
3799,-0.008837784822807853,patient10_window16s_stride1s-epo,theta
3800,-0.008803502136862323,patient10_window16s_stride1s-epo,theta
3801,-0.008997411756448869,patient10_window16s_stride1s-epo,theta
3802,-0.008040789853141102,patient10_window16s_stride1s-epo,theta
3803,-0.006293707176893989,patient10_window16s_stride1s-epo,theta
3804,-0.006425144541173801,patient10_window16s_stride1s-epo,theta
3805,-0.005877401450421057,patient10_window16s_stride1s-epo,theta
3806,-0.005064680282311267,patient10_window16s_stride1s-epo,theta
3807,-0.004937317382170266,patient10_window16s_stride1s-epo,theta
3808,-0.004671300415284552,patient10_window16s_stride1s-epo,theta
3809,-0.0030293603847451347,patient10_window16s_stride1s-epo,theta
3810,-0.0036614036334180334,patient10_window16s_stride1s-epo,theta
3811,-0.004443248366256573,patient10_window16s_stride1s-epo,theta
3812,-0.004070552781628037,patient10_window16s_stride1s-epo,theta
3813,-0.00417462467064738,patient10_window16s_stride1s-epo,theta
3814,-0.004906383888206635,patient10_window16s_stride1s-epo,theta
3815,-0.0048191862791523545,patient10_window16s_stride1s-epo,theta
3816,-0.0039019063186213547,patient10_window16s_stride1s-epo,theta
3817,-0.004187417673236007,patient10_window16s_stride1s-epo,theta
3818,-0.00534052260759624,patient10_window16s_stride1s-epo,theta
3819,-0.004431554777584655,patient10_window16s_stride1s-epo,theta
3820,-0.003989370512326694,patient10_window16s_stride1s-epo,theta
3821,-0.005308940133453573,patient10_window16s_stride1s-epo,theta
3822,-0.004514279088697809,patient10_window16s_stride1s-epo,theta
3823,-0.004614066257419911,patient10_window16s_stride1s-epo,theta
3824,-0.0029393044895818007,patient10_window16s_stride1s-epo,theta
3825,-0.003032564265018599,patient10_window16s_stride1s-epo,theta
3826,-0.005895135625678477,patient10_window16s_stride1s-epo,theta
3827,-0.005978125650115264,patient10_window16s_stride1s-epo,theta
3828,-0.0052227041382642645,patient10_window16s_stride1s-epo,theta
3829,-0.0054676624230942505,patient10_window16s_stride1s-epo,theta
3830,-0.005164857757411229,patient10_window16s_stride1s-epo,theta
3831,-0.005844940019058521,patient10_window16s_stride1s-epo,theta
3832,-0.005845236454399847,patient10_window16s_stride1s-epo,theta
3833,-0.005610315834479129,patient10_window16s_stride1s-epo,theta
3834,-0.005071689403852036,patient10_window16s_stride1s-epo,theta
3835,-0.004442147129371319,patient10_window16s_stride1s-epo,theta
3836,-0.0040502031915875935,patient10_window16s_stride1s-epo,theta
3837,-0.004656803367274881,patient10_window16s_stride1s-epo,theta
3838,-0.006533521566301966,patient10_window16s_stride1s-epo,theta
3839,-0.004930289250708466,patient10_window16s_stride1s-epo,theta
3840,-0.004599482216504997,patient10_window16s_stride1s-epo,theta
3841,-0.004734344676433489,patient10_window16s_stride1s-epo,theta
3842,-0.003989826749718389,patient10_window16s_stride1s-epo,theta
3843,-0.002659140894397188,patient10_window16s_stride1s-epo,theta
3844,-0.0036935809714680966,patient10_window16s_stride1s-epo,theta
3845,-0.0037393534966038947,patient10_window16s_stride1s-epo,theta
3846,-0.006774787298081172,patient10_window16s_stride1s-epo,theta
3847,-0.006860901098516003,patient10_window16s_stride1s-epo,theta
3848,-0.006434399044395525,patient10_window16s_stride1s-epo,theta
3849,-0.008690967550752451,patient10_window16s_stride1s-epo,theta
3850,-0.009273561490212273,patient10_window16s_stride1s-epo,theta
3851,-0.010729318172886571,patient10_window16s_stride1s-epo,theta
3852,-0.00824167072196672,patient10_window16s_stride1s-epo,theta
3853,-0.007238798860072189,patient10_window16s_stride1s-epo,theta
3854,-0.006078610506779077,patient10_window16s_stride1s-epo,theta
3855,-0.005969430941661215,patient10_window16s_stride1s-epo,theta
3856,-0.006334152543070059,patient10_window16s_stride1s-epo,theta
3857,-0.005545680471912648,patient10_window16s_stride1s-epo,theta
3858,-0.005564985630134359,patient10_window16s_stride1s-epo,theta
3859,-0.00542543480665004,patient10_window16s_stride1s-epo,theta
3860,-0.0043593598514227345,patient10_window16s_stride1s-epo,theta
3861,-0.0048590608753851655,patient10_window16s_stride1s-epo,theta
3862,-0.003695381893502991,patient10_window16s_stride1s-epo,theta
3863,-0.0050744338832074826,patient10_window16s_stride1s-epo,theta
3864,-0.0051450612725991015,patient10_window16s_stride1s-epo,theta
3865,-0.004330337793726583,patient10_window16s_stride1s-epo,theta
3866,-0.003327878120966255,patient10_window16s_stride1s-epo,theta
3867,-0.0023949996970753927,patient10_window16s_stride1s-epo,theta
3868,-0.0038141636036412648,patient10_window16s_stride1s-epo,theta
3869,-0.0035450326358602087,patient10_window16s_stride1s-epo,theta
3870,-0.0031712234079539665,patient10_window16s_stride1s-epo,theta
3871,-0.004198750052188937,patient10_window16s_stride1s-epo,theta
3872,-0.004295188697047849,patient10_window16s_stride1s-epo,theta
3873,-0.005121144029282692,patient10_window16s_stride1s-epo,theta
3874,-0.00420640158366513,patient10_window16s_stride1s-epo,theta
3875,-0.005324683406421715,patient10_window16s_stride1s-epo,theta
3876,-0.004888170386028163,patient10_window16s_stride1s-epo,theta
3877,-0.0037112451996762093,patient10_window16s_stride1s-epo,theta
3878,-0.003488110743969062,patient10_window16s_stride1s-epo,theta
3879,-0.0026347099729933936,patient10_window16s_stride1s-epo,theta
3880,-0.003033765941343991,patient10_window16s_stride1s-epo,theta
3881,-0.005097186553874451,patient10_window16s_stride1s-epo,theta
3882,-0.005064001726199355,patient10_window16s_stride1s-epo,theta
3883,-0.005408432113969838,patient10_window16s_stride1s-epo,theta
3884,-0.006102217623322296,patient10_window16s_stride1s-epo,theta
3885,-0.0076224423412930625,patient10_window16s_stride1s-epo,theta
3886,-0.007236042501898045,patient10_window16s_stride1s-epo,theta
3887,-0.005703280451285712,patient10_window16s_stride1s-epo,theta
3888,-0.0075956082478899345,patient10_window16s_stride1s-epo,theta
3889,-0.006097384582079375,patient10_window16s_stride1s-epo,theta
3890,-0.0070360957831239294,patient10_window16s_stride1s-epo,theta
3891,-0.007099092484512401,patient10_window16s_stride1s-epo,theta
3892,-0.00645598225809488,patient10_window16s_stride1s-epo,theta
3893,-0.007183000594037533,patient10_window16s_stride1s-epo,theta
3894,-0.008419910693460465,patient10_window16s_stride1s-epo,theta
3895,-0.008257049699760158,patient10_window16s_stride1s-epo,theta
3896,-0.007157508196312194,patient10_window16s_stride1s-epo,theta
3897,-0.006061588506927246,patient10_window16s_stride1s-epo,theta
3898,-0.0069123497228602525,patient10_window16s_stride1s-epo,theta
3899,-0.006142490351758541,patient10_window16s_stride1s-epo,theta
3900,-0.0058364996935343595,patient10_window16s_stride1s-epo,theta
3901,-0.005353824099430774,patient10_window16s_stride1s-epo,theta
3902,-0.005253186801074789,patient10_window16s_stride1s-epo,theta
3903,-0.005534922581983388,patient10_window16s_stride1s-epo,theta
3904,-0.003925570557688146,patient10_window16s_stride1s-epo,theta
3905,-0.0058729258437588494,patient10_window16s_stride1s-epo,theta
3906,-0.004790056682830915,patient10_window16s_stride1s-epo,theta
3907,-0.005101735409214819,patient10_window16s_stride1s-epo,theta
3908,-0.00590841779682512,patient10_window16s_stride1s-epo,theta
3909,-0.006418362627547721,patient10_window16s_stride1s-epo,theta
3910,-0.006160856815423624,patient10_window16s_stride1s-epo,theta
3911,-0.005407054253474015,patient10_window16s_stride1s-epo,theta
3912,-0.005787313134008171,patient10_window16s_stride1s-epo,theta
3913,-0.006890844412419419,patient10_window16s_stride1s-epo,theta
3914,-0.006003685947095164,patient10_window16s_stride1s-epo,theta
3915,-0.006970865195104513,patient10_window16s_stride1s-epo,theta
3916,-0.006909608102073343,patient10_window16s_stride1s-epo,theta
3917,-0.00702489130892949,patient10_window16s_stride1s-epo,theta
3918,-0.00679233647978179,patient10_window16s_stride1s-epo,theta
3919,-0.007226266220625759,patient10_window16s_stride1s-epo,theta
3920,-0.007140874297771894,patient10_window16s_stride1s-epo,theta
3921,-0.006164721645111018,patient10_window16s_stride1s-epo,theta
3922,-0.005308182244805828,patient10_window16s_stride1s-epo,theta
3923,-0.005669957665570275,patient10_window16s_stride1s-epo,theta
3924,-0.007157617937478519,patient10_window16s_stride1s-epo,theta
3925,-0.007788026587079165,patient10_window16s_stride1s-epo,theta
3926,-0.00587293090191949,patient10_window16s_stride1s-epo,theta
3927,-0.006272104321845445,patient10_window16s_stride1s-epo,theta
3928,-0.005675415029015461,patient10_window16s_stride1s-epo,theta
3929,-0.005391931635727354,patient10_window16s_stride1s-epo,theta
3930,-0.0051227395161610656,patient10_window16s_stride1s-epo,theta
3931,-0.005986282949204063,patient10_window16s_stride1s-epo,theta
3932,-0.00542919370249934,patient10_window16s_stride1s-epo,theta
3933,-0.004860539932624762,patient10_window16s_stride1s-epo,theta
3934,-0.00209577163567966,patient10_window16s_stride1s-epo,theta
3935,-0.000489229908864293,patient10_window16s_stride1s-epo,theta
3936,-0.0013450162252827667,patient10_window16s_stride1s-epo,theta
3937,-0.0032764909180239767,patient10_window16s_stride1s-epo,theta
3938,-0.003662740683535471,patient10_window16s_stride1s-epo,theta
3939,-0.003486622802002153,patient10_window16s_stride1s-epo,theta
3940,-0.0017760422378230829,patient10_window16s_stride1s-epo,theta
3941,-0.0010719137342197773,patient10_window16s_stride1s-epo,theta
3942,-0.002780175455236674,patient10_window16s_stride1s-epo,theta
3943,-0.002861471758875907,patient10_window16s_stride1s-epo,theta
3944,-0.0037589070673050323,patient10_window16s_stride1s-epo,theta
3945,-0.004768979013622792,patient10_window16s_stride1s-epo,theta
3946,-0.006006884710419233,patient10_window16s_stride1s-epo,theta
3947,-0.004739199303879475,patient10_window16s_stride1s-epo,theta
3948,-0.005821802241635543,patient10_window16s_stride1s-epo,theta
3949,-0.0074974323564027025,patient10_window16s_stride1s-epo,theta
3950,-0.008948226525305495,patient10_window16s_stride1s-epo,theta
3951,-0.007909047404725988,patient10_window16s_stride1s-epo,theta
3952,-0.007305456347105382,patient10_window16s_stride1s-epo,theta
3953,-0.006031840023038264,patient10_window16s_stride1s-epo,theta
3954,-0.005697968551889599,patient10_window16s_stride1s-epo,theta
3955,-0.0067282836239732765,patient10_window16s_stride1s-epo,theta
3956,-0.007886985856708852,patient10_window16s_stride1s-epo,theta
3957,-0.006346681478878413,patient10_window16s_stride1s-epo,theta
3958,-0.0057191896956588,patient10_window16s_stride1s-epo,theta
3959,-0.007733611233504529,patient10_window16s_stride1s-epo,theta
3960,-0.007591728784415179,patient10_window16s_stride1s-epo,theta
3961,-0.008861404046200925,patient10_window16s_stride1s-epo,theta
3962,-0.007063042349109562,patient10_window16s_stride1s-epo,theta
3963,-0.00755568905835047,patient10_window16s_stride1s-epo,theta
3964,-0.008229525223994717,patient10_window16s_stride1s-epo,theta
3965,-0.0073282787970873715,patient10_window16s_stride1s-epo,theta
3966,-0.007207458146780648,patient10_window16s_stride1s-epo,theta
3967,-0.007365456707332949,patient10_window16s_stride1s-epo,theta
3968,-0.008555621289542794,patient10_window16s_stride1s-epo,theta
3969,-0.008056944893530182,patient10_window16s_stride1s-epo,theta
3970,-0.008166140513120278,patient10_window16s_stride1s-epo,theta
3971,-0.007538389635713685,patient10_window16s_stride1s-epo,theta
3972,-0.007623930612964742,patient10_window16s_stride1s-epo,theta
3973,-0.008958357690698563,patient10_window16s_stride1s-epo,theta
3974,-0.007580729789933044,patient10_window16s_stride1s-epo,theta
3975,-0.0071512393107291405,patient10_window16s_stride1s-epo,theta
3976,-0.007555187209895014,patient10_window16s_stride1s-epo,theta
3977,-0.008433419194332431,patient10_window16s_stride1s-epo,theta
3978,-0.009044705534545477,patient10_window16s_stride1s-epo,theta
3979,-0.008922111702314103,patient10_window16s_stride1s-epo,theta
3980,-0.008488720496205773,patient10_window16s_stride1s-epo,theta
3981,-0.007846708838471734,patient10_window16s_stride1s-epo,theta
3982,-0.00709919436695418,patient10_window16s_stride1s-epo,theta
3983,-0.005476526745693462,patient10_window16s_stride1s-epo,theta
3984,-0.006851197937155935,patient10_window16s_stride1s-epo,theta
3985,-0.006035780409259348,patient10_window16s_stride1s-epo,theta
3986,-0.00557570621697587,patient10_window16s_stride1s-epo,theta
3987,-0.006484716526562717,patient10_window16s_stride1s-epo,theta
3988,-0.006105814144288073,patient10_window16s_stride1s-epo,theta
3989,-0.005932202849586982,patient10_window16s_stride1s-epo,theta
3990,-0.007515483454630662,patient10_window16s_stride1s-epo,theta
3991,-0.0045878135929102535,patient10_window16s_stride1s-epo,theta
3992,-0.00539181870649926,patient10_window16s_stride1s-epo,theta
3993,-0.005400047727081631,patient10_window16s_stride1s-epo,theta
3994,-0.005034418950559319,patient10_window16s_stride1s-epo,theta
3995,-0.005496006533894165,patient10_window16s_stride1s-epo,theta
3996,-0.005286444257248715,patient10_window16s_stride1s-epo,theta
3997,-0.005970642874342498,patient10_window16s_stride1s-epo,theta
3998,-0.0060406392661853875,patient10_window16s_stride1s-epo,theta
3999,-0.006152594394197214,patient10_window16s_stride1s-epo,theta
4000,-0.00511748891008109,patient10_window16s_stride1s-epo,theta
4001,-0.006647386000577594,patient10_window16s_stride1s-epo,theta
4002,-0.006097677184959869,patient10_window16s_stride1s-epo,theta
4003,-0.007437098174390003,patient10_window16s_stride1s-epo,theta
4004,-0.007249536845205403,patient10_window16s_stride1s-epo,theta
4005,-0.008830616211068676,patient10_window16s_stride1s-epo,theta
4006,-0.008315185783459996,patient10_window16s_stride1s-epo,theta
4007,-0.008884232168271403,patient10_window16s_stride1s-epo,theta
4008,-0.007089469016944723,patient10_window16s_stride1s-epo,theta
4009,-0.00744494866028506,patient10_window16s_stride1s-epo,theta
4010,-0.00850251678357431,patient10_window16s_stride1s-epo,theta
4011,-0.008594074478576472,patient10_window16s_stride1s-epo,theta
4012,-0.008020217810066507,patient10_window16s_stride1s-epo,theta
4013,-0.009781098492214306,patient10_window16s_stride1s-epo,theta
4014,-0.0089311711963137,patient10_window16s_stride1s-epo,theta
4015,-0.009821366205412992,patient10_window16s_stride1s-epo,theta
4016,-0.008249178147679807,patient10_window16s_stride1s-epo,theta
4017,-0.00794153634422183,patient10_window16s_stride1s-epo,theta
4018,-0.007892859803051978,patient10_window16s_stride1s-epo,theta
4019,-0.007102847185431527,patient10_window16s_stride1s-epo,theta
4020,-0.007056342094847778,patient10_window16s_stride1s-epo,theta
4021,-0.00745189015047301,patient10_window16s_stride1s-epo,theta
4022,-0.007924027587049054,patient10_window16s_stride1s-epo,theta
4023,-0.005262651371476074,patient10_window16s_stride1s-epo,theta
4024,-0.00615254196606675,patient10_window16s_stride1s-epo,theta
4025,-0.005865534659511069,patient10_window16s_stride1s-epo,theta
4026,-0.005157580069925598,patient10_window16s_stride1s-epo,theta
4027,-0.005194168378818251,patient10_window16s_stride1s-epo,theta
4028,-0.005390323973917982,patient10_window16s_stride1s-epo,theta
4029,-0.0037011468474719483,patient10_window16s_stride1s-epo,theta
4030,-0.005901242465454888,patient10_window16s_stride1s-epo,theta
4031,-0.006442588833840703,patient10_window16s_stride1s-epo,theta
4032,-0.007062817989934032,patient10_window16s_stride1s-epo,theta
4033,-0.005938201790073057,patient10_window16s_stride1s-epo,theta
4034,-0.004237785578113765,patient10_window16s_stride1s-epo,theta
4035,-0.005195520377814671,patient10_window16s_stride1s-epo,theta
4036,-0.005063081850826637,patient10_window16s_stride1s-epo,theta
4037,-0.0038178428591432775,patient10_window16s_stride1s-epo,theta
4038,-0.003922542429933213,patient10_window16s_stride1s-epo,theta
4039,-0.0045101318472364075,patient10_window16s_stride1s-epo,theta
4040,-0.0036369533772442745,patient10_window16s_stride1s-epo,theta
4041,-0.0041091210946006635,patient10_window16s_stride1s-epo,theta
4042,-0.004375193704947759,patient10_window16s_stride1s-epo,theta
4043,-0.003493671510050416,patient10_window16s_stride1s-epo,theta
4044,-0.003997819172664456,patient10_window16s_stride1s-epo,theta
4045,-0.0037594957556114725,patient10_window16s_stride1s-epo,theta
4046,-0.00395553072935989,patient10_window16s_stride1s-epo,theta
4047,-0.0037485329201889304,patient10_window16s_stride1s-epo,theta
4048,-0.003367509628845623,patient10_window16s_stride1s-epo,theta
4049,-0.0036200946774387695,patient10_window16s_stride1s-epo,theta
4050,-0.0038606185805899473,patient10_window16s_stride1s-epo,theta
4051,-0.0031107678308718335,patient10_window16s_stride1s-epo,theta
4052,-0.003230370003636098,patient10_window16s_stride1s-epo,theta
4053,-0.0037925764311473793,patient10_window16s_stride1s-epo,theta
4054,-0.002011706064640643,patient10_window16s_stride1s-epo,theta
4055,-0.0016789917562451944,patient10_window16s_stride1s-epo,theta
4056,-0.0016555026843820505,patient10_window16s_stride1s-epo,theta
4057,-0.0021774882450930643,patient10_window16s_stride1s-epo,theta
4058,-0.003090900124807661,patient10_window16s_stride1s-epo,theta
4059,-0.0032472451972225345,patient10_window16s_stride1s-epo,theta
4060,-0.003828236287554373,patient10_window16s_stride1s-epo,theta
4061,-0.00295665208770594,patient10_window16s_stride1s-epo,theta
4062,-0.004270657476562351,patient10_window16s_stride1s-epo,theta
4063,-0.005059847500975806,patient10_window16s_stride1s-epo,theta
4064,-0.005084532602587023,patient10_window16s_stride1s-epo,theta
4065,-0.005730683463137687,patient10_window16s_stride1s-epo,theta
4066,-0.00521390556974715,patient10_window16s_stride1s-epo,theta
4067,-0.004394241136670163,patient10_window16s_stride1s-epo,theta
4068,-0.0036811371308395936,patient10_window16s_stride1s-epo,theta
4069,-0.0034963945576944404,patient10_window16s_stride1s-epo,theta
4070,-0.0045031103152644225,patient10_window16s_stride1s-epo,theta
4071,-0.005806778297833921,patient10_window16s_stride1s-epo,theta
4072,-0.004871430982717389,patient10_window16s_stride1s-epo,theta
4073,-0.005361839326738221,patient10_window16s_stride1s-epo,theta
4074,-0.006486600706140259,patient10_window16s_stride1s-epo,theta
4075,-0.005696295228587328,patient10_window16s_stride1s-epo,theta
4076,-0.006033601033043314,patient10_window16s_stride1s-epo,theta
4077,-0.006832066395516685,patient10_window16s_stride1s-epo,theta
4078,-0.005004075357627329,patient10_window16s_stride1s-epo,theta
4079,-0.002952228122352328,patient10_window16s_stride1s-epo,theta
4080,-0.0035895174964353745,patient10_window16s_stride1s-epo,theta
4081,-0.003854167318893369,patient10_window16s_stride1s-epo,theta
4082,-0.004641086493011818,patient10_window16s_stride1s-epo,theta
4083,-0.004910208993773317,patient10_window16s_stride1s-epo,theta
4084,-0.006130402823733539,patient10_window16s_stride1s-epo,theta
4085,-0.006503782362606861,patient10_window16s_stride1s-epo,theta
4086,-0.006684191912062639,patient10_window16s_stride1s-epo,theta
4087,-0.007060757192724877,patient10_window16s_stride1s-epo,theta
4088,-0.0068681686644420864,patient10_window16s_stride1s-epo,theta
4089,-0.004985020055290822,patient10_window16s_stride1s-epo,theta
4090,-0.003907873599740016,patient10_window16s_stride1s-epo,theta
4091,-0.0043839132234042635,patient10_window16s_stride1s-epo,theta
4092,-0.005152912723333095,patient10_window16s_stride1s-epo,theta
4093,-0.007261655522357144,patient10_window16s_stride1s-epo,theta
4094,-0.005540275722950495,patient10_window16s_stride1s-epo,theta
4095,-0.0058408607163624475,patient10_window16s_stride1s-epo,theta
4096,-0.006264667638275034,patient10_window16s_stride1s-epo,theta
4097,-0.006836927396331104,patient10_window16s_stride1s-epo,theta
4098,-0.007126014812481547,patient10_window16s_stride1s-epo,theta
4099,-0.009038965496072568,patient10_window16s_stride1s-epo,theta
4100,-0.007452908504278106,patient10_window16s_stride1s-epo,theta
4101,-0.007175845097373117,patient10_window16s_stride1s-epo,theta
4102,-0.007786355261982053,patient10_window16s_stride1s-epo,theta
4103,-0.007509546089997775,patient10_window16s_stride1s-epo,theta
4104,-0.007618803569209298,patient10_window16s_stride1s-epo,theta
4105,-0.009755272914101278,patient10_window16s_stride1s-epo,theta
4106,-0.00895913938992574,patient10_window16s_stride1s-epo,theta
4107,-0.008525976193673618,patient10_window16s_stride1s-epo,theta
4108,-0.00906849570566335,patient10_window16s_stride1s-epo,theta
4109,-0.009208976112853973,patient10_window16s_stride1s-epo,theta
4110,-0.00942973498099608,patient10_window16s_stride1s-epo,theta
4111,-0.008911066483130977,patient10_window16s_stride1s-epo,theta
4112,-0.009633710271289696,patient10_window16s_stride1s-epo,theta
4113,-0.009239935619192825,patient10_window16s_stride1s-epo,theta
4114,-0.010040088396860079,patient10_window16s_stride1s-epo,theta
4115,-0.009267727184953809,patient10_window16s_stride1s-epo,theta
4116,-0.009311130679679314,patient10_window16s_stride1s-epo,theta
4117,-0.010155346208237409,patient10_window16s_stride1s-epo,theta
4118,-0.009932353974665749,patient10_window16s_stride1s-epo,theta
4119,-0.008681081188055995,patient10_window16s_stride1s-epo,theta
4120,-0.008450821558373888,patient10_window16s_stride1s-epo,theta
4121,-0.00840125625820916,patient10_window16s_stride1s-epo,theta
4122,-0.00906688873863858,patient10_window16s_stride1s-epo,theta
4123,-0.008546086292863509,patient10_window16s_stride1s-epo,theta
4124,-0.008822318236865476,patient10_window16s_stride1s-epo,theta
4125,-0.006682311753298455,patient10_window16s_stride1s-epo,theta
4126,-0.007673767619044149,patient10_window16s_stride1s-epo,theta
4127,-0.008215669260965223,patient10_window16s_stride1s-epo,theta
4128,-0.007893829297610141,patient10_window16s_stride1s-epo,theta
4129,-0.006807358225782148,patient10_window16s_stride1s-epo,theta
4130,-0.006225384359224404,patient10_window16s_stride1s-epo,theta
4131,-0.007534986178458337,patient10_window16s_stride1s-epo,theta
4132,-0.005834126204251039,patient10_window16s_stride1s-epo,theta
4133,-0.005921910804852096,patient10_window16s_stride1s-epo,theta
4134,-0.009094043928716468,patient10_window16s_stride1s-epo,theta
4135,-0.008880592633243256,patient10_window16s_stride1s-epo,theta
4136,-0.008872249099536201,patient10_window16s_stride1s-epo,theta
4137,-0.009146339421861646,patient10_window16s_stride1s-epo,theta
4138,-0.008468741316530389,patient10_window16s_stride1s-epo,theta
4139,-0.00829188216635493,patient10_window16s_stride1s-epo,theta
4140,-0.007683390771138657,patient10_window16s_stride1s-epo,theta
4141,-0.007391219929677576,patient10_window16s_stride1s-epo,theta
4142,-0.005773643627226352,patient10_window16s_stride1s-epo,theta
4143,-0.0051169392072349445,patient10_window16s_stride1s-epo,theta
4144,-0.004781667931845631,patient10_window16s_stride1s-epo,theta
4145,-0.003992402885851862,patient10_window16s_stride1s-epo,theta
4146,-0.0016541723104094308,patient10_window16s_stride1s-epo,theta
4147,-0.0013132679703763384,patient10_window16s_stride1s-epo,theta
4148,-0.00306836880778365,patient10_window16s_stride1s-epo,theta
4149,-0.004991902340147894,patient10_window16s_stride1s-epo,theta
4150,-0.0031076640266168984,patient10_window16s_stride1s-epo,theta
4151,-0.0010955520231731033,patient10_window16s_stride1s-epo,theta
4152,-0.0005448824978496226,patient10_window16s_stride1s-epo,theta
4153,-0.0004276582111307793,patient10_window16s_stride1s-epo,theta
4154,-0.0018353752332982156,patient10_window16s_stride1s-epo,theta
4155,-0.002839190342116791,patient10_window16s_stride1s-epo,theta
4156,-0.004805981946729828,patient10_window16s_stride1s-epo,theta
4157,-0.005541957747010966,patient10_window16s_stride1s-epo,theta
4158,-0.006190434049908429,patient10_window16s_stride1s-epo,theta
4159,-0.006805347405189089,patient10_window16s_stride1s-epo,theta
4160,-0.00446333445096038,patient10_window16s_stride1s-epo,theta
4161,-0.00404349374538227,patient10_window16s_stride1s-epo,theta
4162,-0.004837130810536733,patient10_window16s_stride1s-epo,theta
4163,-0.006738652959365907,patient10_window16s_stride1s-epo,theta
4164,-0.0063296476938741915,patient10_window16s_stride1s-epo,theta
4165,-0.0053359440131891004,patient10_window16s_stride1s-epo,theta
4166,-0.006081827032727564,patient10_window16s_stride1s-epo,theta
4167,-0.007125274791170644,patient10_window16s_stride1s-epo,theta
4168,-0.006959992440084802,patient10_window16s_stride1s-epo,theta
4169,-0.004936166620275056,patient10_window16s_stride1s-epo,theta
4170,-0.004124281043181653,patient10_window16s_stride1s-epo,theta
4171,-0.0013913791249637055,patient10_window16s_stride1s-epo,theta
4172,-0.002513919554178308,patient10_window16s_stride1s-epo,theta
4173,0.0001536106686102657,patient10_window16s_stride1s-epo,theta
4174,9.526597334397037e-06,patient10_window16s_stride1s-epo,theta
4175,-0.0009934157850665837,patient10_window16s_stride1s-epo,theta
4176,-0.0032566939047018167,patient10_window16s_stride1s-epo,theta
4177,-0.003403820505795146,patient10_window16s_stride1s-epo,theta
4178,-0.0031324636497416535,patient10_window16s_stride1s-epo,theta
4179,-0.0029903548155863187,patient10_window16s_stride1s-epo,theta
4180,-0.004688559426570018,patient10_window16s_stride1s-epo,theta
4181,-0.0031582619494984108,patient10_window16s_stride1s-epo,theta
4182,-0.0046783861652888,patient10_window16s_stride1s-epo,theta
4183,-0.0050841828051739245,patient10_window16s_stride1s-epo,theta
4184,-0.00567476271887377,patient10_window16s_stride1s-epo,theta
4185,-0.005570658437498916,patient10_window16s_stride1s-epo,theta
4186,-0.006610742792588965,patient10_window16s_stride1s-epo,theta
4187,-0.0073521347192166036,patient10_window16s_stride1s-epo,theta
4188,-0.007575450624035712,patient10_window16s_stride1s-epo,theta
4189,-0.007511493594223361,patient10_window16s_stride1s-epo,theta
4190,-0.007414033967777746,patient10_window16s_stride1s-epo,theta
4191,-0.005856840723942557,patient10_window16s_stride1s-epo,theta
4192,-0.006114345090394153,patient10_window16s_stride1s-epo,theta
4193,-0.00721280686605236,patient10_window16s_stride1s-epo,theta
4194,-0.004870493972119313,patient10_window16s_stride1s-epo,theta
4195,-0.004441914931192667,patient10_window16s_stride1s-epo,theta
4196,-0.0032383692499970596,patient10_window16s_stride1s-epo,theta
4197,-0.005496687771554297,patient10_window16s_stride1s-epo,theta
4198,-0.005560626893726281,patient10_window16s_stride1s-epo,theta
4199,-0.004324544475903316,patient10_window16s_stride1s-epo,theta
4200,-0.004016549124580494,patient10_window16s_stride1s-epo,theta
4201,-0.003222629073082783,patient10_window16s_stride1s-epo,theta
4202,-0.0038058332516268793,patient10_window16s_stride1s-epo,theta
4203,-0.004904247637490066,patient10_window16s_stride1s-epo,theta
4204,-0.005504974882916772,patient10_window16s_stride1s-epo,theta
4205,-0.0031615673028787053,patient10_window16s_stride1s-epo,theta
4206,-0.004756982092843473,patient10_window16s_stride1s-epo,theta
4207,-0.004993014066947615,patient10_window16s_stride1s-epo,theta
4208,-0.004145678319139485,patient10_window16s_stride1s-epo,theta
4209,-0.004138588623231306,patient10_window16s_stride1s-epo,theta
4210,-0.005546183647088475,patient10_window16s_stride1s-epo,theta
4211,-0.004031710848301343,patient10_window16s_stride1s-epo,theta
4212,-0.005077859725728142,patient10_window16s_stride1s-epo,theta
4213,-0.0033171074920742972,patient10_window16s_stride1s-epo,theta
4214,-0.0044892464190177,patient10_window16s_stride1s-epo,theta
4215,-0.003947432870216757,patient10_window16s_stride1s-epo,theta
4216,-0.004974307578071413,patient10_window16s_stride1s-epo,theta
4217,-0.004557228402203595,patient10_window16s_stride1s-epo,theta
4218,-0.00487050676127316,patient10_window16s_stride1s-epo,theta
4219,-0.004932076663654642,patient10_window16s_stride1s-epo,theta
4220,-0.003992195062661002,patient10_window16s_stride1s-epo,theta
4221,-0.00314028291786847,patient10_window16s_stride1s-epo,theta
4222,-0.0018442413113765226,patient10_window16s_stride1s-epo,theta
4223,4.9835669779585384e-05,patient10_window16s_stride1s-epo,theta
4224,-0.0007770943463369064,patient10_window16s_stride1s-epo,theta
4225,-0.0009797078041587598,patient10_window16s_stride1s-epo,theta
4226,-8.148912582920065e-05,patient10_window16s_stride1s-epo,theta
4227,-0.0012354839899409921,patient10_window16s_stride1s-epo,theta
4228,-0.0018991256054433092,patient10_window16s_stride1s-epo,theta
4229,-0.00022896375473896026,patient10_window16s_stride1s-epo,theta
4230,-0.0018425562252973682,patient10_window16s_stride1s-epo,theta
4231,-0.001948869501087742,patient10_window16s_stride1s-epo,theta
4232,-0.002669900215152317,patient10_window16s_stride1s-epo,theta
4233,-0.00206598862800167,patient10_window16s_stride1s-epo,theta
4234,-0.002451055880869838,patient10_window16s_stride1s-epo,theta
4235,-0.005401629054243304,patient10_window16s_stride1s-epo,theta
4236,-0.005813819495560509,patient10_window16s_stride1s-epo,theta
4237,-0.005791375338806836,patient10_window16s_stride1s-epo,theta
4238,-0.0064048240730372324,patient10_window16s_stride1s-epo,theta
4239,-0.006664019794223532,patient10_window16s_stride1s-epo,theta
4240,-0.0069496969829380825,patient10_window16s_stride1s-epo,theta
4241,-0.00704029201731661,patient10_window16s_stride1s-epo,theta
4242,-0.007898610846841885,patient10_window16s_stride1s-epo,theta
4243,-0.007282267774286913,patient10_window16s_stride1s-epo,theta
4244,-0.006903171293590603,patient10_window16s_stride1s-epo,theta
4245,-0.005917085337551006,patient10_window16s_stride1s-epo,theta
4246,-0.005799272137481094,patient10_window16s_stride1s-epo,theta
4247,-0.004759519062551869,patient10_window16s_stride1s-epo,theta
4248,-0.005463617389630678,patient10_window16s_stride1s-epo,theta
4249,-0.006599814843645937,patient10_window16s_stride1s-epo,theta
4250,-0.005745533500186839,patient10_window16s_stride1s-epo,theta
4251,-0.005009224527556808,patient10_window16s_stride1s-epo,theta
4252,-0.004410688151225385,patient10_window16s_stride1s-epo,theta
4253,-0.004740412570973327,patient10_window16s_stride1s-epo,theta
4254,-0.0052962667324586744,patient10_window16s_stride1s-epo,theta
4255,-0.0059295210443188525,patient10_window16s_stride1s-epo,theta
4256,-0.007386396914074975,patient10_window16s_stride1s-epo,theta
4257,-0.008193206126617685,patient10_window16s_stride1s-epo,theta
4258,-0.004698918994745012,patient10_window16s_stride1s-epo,theta
4259,-0.004701657339497154,patient10_window16s_stride1s-epo,theta
4260,-0.006930696201313636,patient10_window16s_stride1s-epo,theta
4261,-0.006845140284195452,patient10_window16s_stride1s-epo,theta
4262,-0.007035153062105827,patient10_window16s_stride1s-epo,theta
4263,-0.008134020542788322,patient10_window16s_stride1s-epo,theta
4264,-0.007208902143563365,patient10_window16s_stride1s-epo,theta
4265,-0.008590438917035688,patient10_window16s_stride1s-epo,theta
4266,-0.007148946157810883,patient10_window16s_stride1s-epo,theta
4267,-0.0092723758265398,patient10_window16s_stride1s-epo,theta
4268,-0.010066401070716156,patient10_window16s_stride1s-epo,theta
4269,-0.009681943870538135,patient10_window16s_stride1s-epo,theta
4270,-0.010684216989956594,patient10_window16s_stride1s-epo,theta
4271,-0.007641007967375994,patient10_window16s_stride1s-epo,theta
4272,-0.008360709567083138,patient10_window16s_stride1s-epo,theta
4273,-0.007186122735721782,patient10_window16s_stride1s-epo,theta
4274,-0.00872422504112853,patient10_window16s_stride1s-epo,theta
4275,-0.007795294331532512,patient10_window16s_stride1s-epo,theta
4276,-0.006644717608128862,patient10_window16s_stride1s-epo,theta
4277,-0.006186876854346521,patient10_window16s_stride1s-epo,theta
4278,-0.007825650908549735,patient10_window16s_stride1s-epo,theta
4279,-0.006364156728291312,patient10_window16s_stride1s-epo,theta
4280,-0.007153255327946526,patient10_window16s_stride1s-epo,theta
4281,-0.006421530232237626,patient10_window16s_stride1s-epo,theta
4282,-0.006773988776443954,patient10_window16s_stride1s-epo,theta
4283,-0.005479618325126937,patient10_window16s_stride1s-epo,theta
4284,-0.00514631403383636,patient10_window16s_stride1s-epo,theta
4285,-0.006035785726223236,patient10_window16s_stride1s-epo,theta
4286,-0.005014812361724535,patient10_window16s_stride1s-epo,theta
4287,-0.004401285178640255,patient10_window16s_stride1s-epo,theta
4288,-0.0036906103297335642,patient10_window16s_stride1s-epo,theta
4289,-0.004140421888042221,patient10_window16s_stride1s-epo,theta
4290,-0.003965775368019475,patient10_window16s_stride1s-epo,theta
4291,-0.005065701318424858,patient10_window16s_stride1s-epo,theta
4292,-0.006276375252419583,patient10_window16s_stride1s-epo,theta
4293,-0.006989155512126888,patient10_window16s_stride1s-epo,theta
4294,-0.008091596573120878,patient10_window16s_stride1s-epo,theta
4295,-0.008151928206195893,patient10_window16s_stride1s-epo,theta
4296,-0.008341934553761638,patient10_window16s_stride1s-epo,theta
4297,-0.00641683071468952,patient10_window16s_stride1s-epo,theta
4298,-0.0060371050356387655,patient10_window16s_stride1s-epo,theta
4299,-0.006366476323630616,patient10_window16s_stride1s-epo,theta
4300,-0.005984139296735478,patient10_window16s_stride1s-epo,theta
4301,-0.005191555714584648,patient10_window16s_stride1s-epo,theta
4302,-0.005717946244133104,patient10_window16s_stride1s-epo,theta
4303,-0.005631085769936173,patient10_window16s_stride1s-epo,theta
4304,-0.008075251572068278,patient10_window16s_stride1s-epo,theta
4305,-0.0077595835815379354,patient10_window16s_stride1s-epo,theta
4306,-0.0073178228587990266,patient10_window16s_stride1s-epo,theta
4307,-0.007064642966317084,patient10_window16s_stride1s-epo,theta
4308,-0.005930314012595131,patient10_window16s_stride1s-epo,theta
4309,-0.004710682039075527,patient10_window16s_stride1s-epo,theta
4310,-0.0038108132959134805,patient10_window16s_stride1s-epo,theta
4311,-0.0034021798458707233,patient10_window16s_stride1s-epo,theta
4312,-0.0030918009623463836,patient10_window16s_stride1s-epo,theta
4313,-0.004319629811641319,patient10_window16s_stride1s-epo,theta
4314,-0.006288765531075598,patient10_window16s_stride1s-epo,theta
4315,-0.004308130440500164,patient10_window16s_stride1s-epo,theta
4316,-0.004415360155934726,patient10_window16s_stride1s-epo,theta
4317,-0.005549990356477107,patient10_window16s_stride1s-epo,theta
4318,-0.005236864376131014,patient10_window16s_stride1s-epo,theta
4319,-0.004352255567118279,patient10_window16s_stride1s-epo,theta
4320,-0.005252938966855909,patient10_window16s_stride1s-epo,theta
4321,-0.005452212695422303,patient10_window16s_stride1s-epo,theta
4322,-0.004340845360048665,patient10_window16s_stride1s-epo,theta
4323,-0.0034664973240843117,patient10_window16s_stride1s-epo,theta
4324,-0.0048117016881996585,patient10_window16s_stride1s-epo,theta
4325,-0.004246889733460497,patient10_window16s_stride1s-epo,theta
4326,-0.0040990207453645185,patient10_window16s_stride1s-epo,theta
4327,-0.004568279081556291,patient10_window16s_stride1s-epo,theta
4328,-0.0046189514892691795,patient10_window16s_stride1s-epo,theta
4329,-0.004085148789988168,patient10_window16s_stride1s-epo,theta
4330,-0.0025271344729702067,patient10_window16s_stride1s-epo,theta
4331,-0.001955823084105975,patient10_window16s_stride1s-epo,theta
4332,-0.0010112276925946374,patient10_window16s_stride1s-epo,theta
4333,-0.0020341015492419674,patient10_window16s_stride1s-epo,theta
4334,-0.0030816082399025054,patient10_window16s_stride1s-epo,theta
4335,-0.0028686880717713665,patient10_window16s_stride1s-epo,theta
4336,-0.002512801613730418,patient10_window16s_stride1s-epo,theta
4337,-0.002520713772529786,patient10_window16s_stride1s-epo,theta
4338,-0.002616598914048211,patient10_window16s_stride1s-epo,theta
4339,-0.0036360335808086055,patient10_window16s_stride1s-epo,theta
4340,-0.0033709564200228555,patient10_window16s_stride1s-epo,theta
4341,-0.0034037312754908013,patient10_window16s_stride1s-epo,theta
4342,-0.00439763587405988,patient10_window16s_stride1s-epo,theta
4343,-0.005546902653262,patient10_window16s_stride1s-epo,theta
4344,-0.004561997607414644,patient10_window16s_stride1s-epo,theta
4345,-0.004785569967716134,patient10_window16s_stride1s-epo,theta
4346,-0.005716483144953392,patient10_window16s_stride1s-epo,theta
4347,-0.006117395926007487,patient10_window16s_stride1s-epo,theta
4348,-0.00494149715273305,patient10_window16s_stride1s-epo,theta
4349,-0.004611300016971096,patient10_window16s_stride1s-epo,theta
4350,-0.002958651625785311,patient10_window16s_stride1s-epo,theta
4351,-0.0012672668048602567,patient10_window16s_stride1s-epo,theta
4352,-0.00211529441461892,patient10_window16s_stride1s-epo,theta
4353,-0.000654352608544594,patient10_window16s_stride1s-epo,theta
4354,-0.00013597349670478736,patient10_window16s_stride1s-epo,theta
4355,-0.001814996299780708,patient10_window16s_stride1s-epo,theta
4356,-0.0019098272578900177,patient10_window16s_stride1s-epo,theta
4357,-0.0004958682048074593,patient10_window16s_stride1s-epo,theta
4358,-0.0004387592897598378,patient10_window16s_stride1s-epo,theta
4359,-0.0010327733627870169,patient10_window16s_stride1s-epo,theta
4360,-0.0015331775631546851,patient10_window16s_stride1s-epo,theta
4361,-0.0004362623646081185,patient10_window16s_stride1s-epo,theta
4362,-0.0036914842518576494,patient10_window16s_stride1s-epo,theta
4363,-0.0038901982210487467,patient10_window16s_stride1s-epo,theta
4364,-0.0021538765879990968,patient10_window16s_stride1s-epo,theta
4365,-0.003428284439045613,patient10_window16s_stride1s-epo,theta
4366,-0.002378028871313535,patient10_window16s_stride1s-epo,theta
4367,-0.0030856603477606623,patient10_window16s_stride1s-epo,theta
4368,-0.004395606558004058,patient10_window16s_stride1s-epo,theta
4369,-0.004674647321285638,patient10_window16s_stride1s-epo,theta
4370,-0.004512656271716715,patient10_window16s_stride1s-epo,theta
4371,-0.006399651525350231,patient10_window16s_stride1s-epo,theta
4372,-0.005725740231977857,patient10_window16s_stride1s-epo,theta
4373,-0.004938120222172662,patient10_window16s_stride1s-epo,theta
4374,-0.005501881672048084,patient10_window16s_stride1s-epo,theta
4375,-0.004703170524492931,patient10_window16s_stride1s-epo,theta
4376,-0.005416201721216595,patient10_window16s_stride1s-epo,theta
4377,-0.006480029138352937,patient10_window16s_stride1s-epo,theta
4378,-0.005797925117565636,patient10_window16s_stride1s-epo,theta
4379,-0.005117285659543526,patient10_window16s_stride1s-epo,theta
4380,-0.006042968032993744,patient10_window16s_stride1s-epo,theta
4381,-0.0064952569084080715,patient10_window16s_stride1s-epo,theta
4382,-0.0058729354149185155,patient10_window16s_stride1s-epo,theta
4383,-0.005935418921397051,patient10_window16s_stride1s-epo,theta
4384,-0.005475149834058719,patient10_window16s_stride1s-epo,theta
4385,-0.006842107799662611,patient10_window16s_stride1s-epo,theta
4386,-0.007234348249889714,patient10_window16s_stride1s-epo,theta
4387,-0.005967690215298882,patient10_window16s_stride1s-epo,theta
4388,-0.007057118979778475,patient10_window16s_stride1s-epo,theta
4389,-0.007358401952582008,patient10_window16s_stride1s-epo,theta
4390,-0.006498044230856319,patient10_window16s_stride1s-epo,theta
4391,-0.00843562471999189,patient10_window16s_stride1s-epo,theta
4392,-0.006564765624022288,patient10_window16s_stride1s-epo,theta
4393,-0.007823038483222688,patient10_window16s_stride1s-epo,theta
4394,-0.007764579351329002,patient10_window16s_stride1s-epo,theta
4395,-0.0077737849242570005,patient10_window16s_stride1s-epo,theta
4396,-0.008925819693727483,patient10_window16s_stride1s-epo,theta
4397,-0.0073584163945454835,patient10_window16s_stride1s-epo,theta
4398,-0.00762039490898667,patient10_window16s_stride1s-epo,theta
4399,-0.007903866513942058,patient10_window16s_stride1s-epo,theta
4400,-0.007445495905523856,patient10_window16s_stride1s-epo,theta
4401,-0.008002992679564178,patient10_window16s_stride1s-epo,theta
4402,-0.00726251420203042,patient10_window16s_stride1s-epo,theta
4403,-0.006472943552912696,patient10_window16s_stride1s-epo,theta
4404,-0.006784292951377789,patient10_window16s_stride1s-epo,theta
4405,-0.00680124007713595,patient10_window16s_stride1s-epo,theta
4406,-0.008143324944574858,patient10_window16s_stride1s-epo,theta
4407,-0.0070029315073807,patient10_window16s_stride1s-epo,theta
4408,-0.007453677199242844,patient10_window16s_stride1s-epo,theta
4409,-0.006415117328846061,patient10_window16s_stride1s-epo,theta
4410,-0.006443212553383288,patient10_window16s_stride1s-epo,theta
4411,-0.006775415370470248,patient10_window16s_stride1s-epo,theta
4412,-0.007009091339734492,patient10_window16s_stride1s-epo,theta
4413,-0.005421152408987496,patient10_window16s_stride1s-epo,theta
4414,-0.006804226746893931,patient10_window16s_stride1s-epo,theta
4415,-0.007103182554612418,patient10_window16s_stride1s-epo,theta
4416,-0.007272492489831892,patient10_window16s_stride1s-epo,theta
4417,-0.007151415395292574,patient10_window16s_stride1s-epo,theta
4418,-0.00620196169121545,patient10_window16s_stride1s-epo,theta
4419,-0.004391370873849391,patient10_window16s_stride1s-epo,theta
4420,-0.0023960244239208403,patient10_window16s_stride1s-epo,theta
4421,-0.0037857148217404707,patient10_window16s_stride1s-epo,theta
4422,-0.0038969289970621607,patient10_window16s_stride1s-epo,theta
4423,-0.001291413798411453,patient10_window16s_stride1s-epo,theta
4424,-0.002182004602516615,patient10_window16s_stride1s-epo,theta
4425,-0.0004639936247199081,patient10_window16s_stride1s-epo,theta
4426,-0.002466277664298199,patient10_window16s_stride1s-epo,theta
4427,-0.0020615895117120355,patient10_window16s_stride1s-epo,theta
4428,-0.00264356141816012,patient10_window16s_stride1s-epo,theta
4429,-0.002192629882951384,patient10_window16s_stride1s-epo,theta
4430,-0.0012292582742285847,patient10_window16s_stride1s-epo,theta
4431,-0.0008391981332935767,patient10_window16s_stride1s-epo,theta
4432,-0.0005340170173580393,patient10_window16s_stride1s-epo,theta
4433,-0.0020885018183678375,patient10_window16s_stride1s-epo,theta
4434,-0.002201912095355483,patient10_window16s_stride1s-epo,theta
4435,-0.003781530271617068,patient10_window16s_stride1s-epo,theta
4436,-0.004404600578076712,patient10_window16s_stride1s-epo,theta
4437,-0.004547382560312492,patient10_window16s_stride1s-epo,theta
4438,-0.005723142072444018,patient10_window16s_stride1s-epo,theta
4439,-0.005970550313006262,patient10_window16s_stride1s-epo,theta
4440,-0.006885148550732841,patient10_window16s_stride1s-epo,theta
4441,-0.007399230830670675,patient10_window16s_stride1s-epo,theta
4442,-0.00800855648421532,patient10_window16s_stride1s-epo,theta
4443,-0.006924627318735949,patient10_window16s_stride1s-epo,theta
4444,-0.00641193480837648,patient10_window16s_stride1s-epo,theta
4445,-0.006346569606395897,patient10_window16s_stride1s-epo,theta
4446,-0.006478008410508837,patient10_window16s_stride1s-epo,theta
4447,-0.008817764210452462,patient10_window16s_stride1s-epo,theta
4448,-0.008164792258271884,patient10_window16s_stride1s-epo,theta
4449,-0.008569378262034287,patient10_window16s_stride1s-epo,theta
4450,-0.009548265770463272,patient10_window16s_stride1s-epo,theta
4451,-0.007064246658281681,patient10_window16s_stride1s-epo,theta
4452,-0.007690379589746535,patient10_window16s_stride1s-epo,theta
4453,-0.007101864373620709,patient10_window16s_stride1s-epo,theta
4454,-0.006784501152954282,patient10_window16s_stride1s-epo,theta
4455,-0.0076648148167896574,patient10_window16s_stride1s-epo,theta
4456,-0.0064227512177538835,patient10_window16s_stride1s-epo,theta
4457,-0.006354959381769668,patient10_window16s_stride1s-epo,theta
4458,-0.00695257445961066,patient10_window16s_stride1s-epo,theta
4459,-0.0063129398036998255,patient10_window16s_stride1s-epo,theta
4460,-0.006911952482110909,patient10_window16s_stride1s-epo,theta
4461,-0.00928723102621351,patient10_window16s_stride1s-epo,theta
4462,-0.0092647676726255,patient10_window16s_stride1s-epo,theta
4463,-0.007906633954664854,patient10_window16s_stride1s-epo,theta
4464,-0.008426309278107768,patient10_window16s_stride1s-epo,theta
4465,-0.009039196932681445,patient10_window16s_stride1s-epo,theta
4466,-0.008503970876417265,patient10_window16s_stride1s-epo,theta
4467,-0.007958125459080695,patient10_window16s_stride1s-epo,theta
4468,-0.009219989097216158,patient10_window16s_stride1s-epo,theta
4469,-0.008999194441141339,patient10_window16s_stride1s-epo,theta
4470,-0.009242612512014973,patient10_window16s_stride1s-epo,theta
4471,-0.009269004977395004,patient10_window16s_stride1s-epo,theta
4472,-0.009435497763446855,patient10_window16s_stride1s-epo,theta
4473,-0.00945982499427985,patient10_window16s_stride1s-epo,theta
4474,-0.007637717031255589,patient10_window16s_stride1s-epo,theta
4475,-0.00917515838390889,patient10_window16s_stride1s-epo,theta
4476,-0.007583603487701412,patient10_window16s_stride1s-epo,theta
4477,-0.005443263028965925,patient10_window16s_stride1s-epo,theta
4478,-0.0072498782487327215,patient10_window16s_stride1s-epo,theta
4479,-0.00544887664689531,patient10_window16s_stride1s-epo,theta
4480,-0.006752205376570959,patient10_window16s_stride1s-epo,theta
4481,-0.0068783678053581584,patient10_window16s_stride1s-epo,theta
4482,-0.006407648003074768,patient10_window16s_stride1s-epo,theta
4483,-0.005226829119292977,patient10_window16s_stride1s-epo,theta
4484,-0.007975565207837747,patient10_window16s_stride1s-epo,theta
4485,-0.005696311963516755,patient10_window16s_stride1s-epo,theta
4486,-0.006163200377035641,patient10_window16s_stride1s-epo,theta
4487,-0.006464073199296261,patient10_window16s_stride1s-epo,theta
4488,-0.008106878750847205,patient10_window16s_stride1s-epo,theta
4489,-0.008161111300781562,patient10_window16s_stride1s-epo,theta
4490,-0.007773789662496201,patient10_window16s_stride1s-epo,theta
4491,-0.006292560916668777,patient10_window16s_stride1s-epo,theta
4492,-0.006165979037739767,patient10_window16s_stride1s-epo,theta
4493,-0.006326740644475292,patient10_window16s_stride1s-epo,theta
4494,-0.0058345235367193975,patient10_window16s_stride1s-epo,theta
4495,-0.005143613091883887,patient10_window16s_stride1s-epo,theta
4496,-0.003054217413334582,patient10_window16s_stride1s-epo,theta
4497,-0.003458766259732617,patient10_window16s_stride1s-epo,theta
4498,-0.004883806438409882,patient10_window16s_stride1s-epo,theta
4499,-0.004744851356891869,patient10_window16s_stride1s-epo,theta
4500,-0.003675824835765832,patient10_window16s_stride1s-epo,theta
4501,-0.0025340981094352576,patient10_window16s_stride1s-epo,theta
4502,-0.0016808333284485198,patient10_window16s_stride1s-epo,theta
4503,-0.001121051789729751,patient10_window16s_stride1s-epo,theta
4504,-0.00040438187689291173,patient10_window16s_stride1s-epo,theta
4505,-0.0008059819395982785,patient10_window16s_stride1s-epo,theta
4506,-0.0007900225582294671,patient10_window16s_stride1s-epo,theta
4507,-0.0005844160487938325,patient10_window16s_stride1s-epo,theta
4508,-0.0019087670325302257,patient10_window16s_stride1s-epo,theta
4509,-0.002807664943317661,patient10_window16s_stride1s-epo,theta
4510,-0.003698416748222027,patient10_window16s_stride1s-epo,theta
4511,-0.003912524487438413,patient10_window16s_stride1s-epo,theta
4512,-0.002888356176314885,patient10_window16s_stride1s-epo,theta
4513,-0.005184702193277126,patient10_window16s_stride1s-epo,theta
4514,-0.005501961757868827,patient10_window16s_stride1s-epo,theta
4515,-0.007251015801265775,patient10_window16s_stride1s-epo,theta
4516,-0.007050688322032397,patient10_window16s_stride1s-epo,theta
4517,-0.00812537688888689,patient10_window16s_stride1s-epo,theta
4518,-0.008749898407389751,patient10_window16s_stride1s-epo,theta
4519,-0.009046147770024559,patient10_window16s_stride1s-epo,theta
4520,-0.008298983619640155,patient10_window16s_stride1s-epo,theta
4521,-0.008260918745710676,patient10_window16s_stride1s-epo,theta
4522,-0.008529973441954355,patient10_window16s_stride1s-epo,theta
4523,-0.009963701451403174,patient10_window16s_stride1s-epo,theta
4524,-0.008685521691000954,patient10_window16s_stride1s-epo,theta
4525,-0.008374863166713964,patient10_window16s_stride1s-epo,theta
4526,-0.006764004820267329,patient10_window16s_stride1s-epo,theta
4527,-0.006145028550449835,patient10_window16s_stride1s-epo,theta
4528,-0.005861742749228599,patient10_window16s_stride1s-epo,theta
4529,-0.006710453758792788,patient10_window16s_stride1s-epo,theta
4530,-0.006923371821965487,patient10_window16s_stride1s-epo,theta
4531,-0.006034024108678003,patient10_window16s_stride1s-epo,theta
4532,-0.005774970984527342,patient10_window16s_stride1s-epo,theta
4533,-0.007997165687696477,patient10_window16s_stride1s-epo,theta
4534,-0.007302422770585708,patient10_window16s_stride1s-epo,theta
4535,-0.008451678821669473,patient10_window16s_stride1s-epo,theta
4536,-0.008279585774119174,patient10_window16s_stride1s-epo,theta
4537,-0.007771159082677666,patient10_window16s_stride1s-epo,theta
4538,-0.00895563296000274,patient10_window16s_stride1s-epo,theta
4539,-0.009484455129734228,patient10_window16s_stride1s-epo,theta
4540,-0.008712709105400465,patient10_window16s_stride1s-epo,theta
4541,-0.009207603358490534,patient10_window16s_stride1s-epo,theta
4542,-0.009531928900119663,patient10_window16s_stride1s-epo,theta
4543,-0.009372961056028145,patient10_window16s_stride1s-epo,theta
4544,-0.009824555308426299,patient10_window16s_stride1s-epo,theta
4545,-0.010360006178579349,patient10_window16s_stride1s-epo,theta
4546,-0.008943717389191988,patient10_window16s_stride1s-epo,theta
4547,-0.006828911140212822,patient10_window16s_stride1s-epo,theta
4548,-0.006823259351876256,patient10_window16s_stride1s-epo,theta
4549,-0.0061151059770010955,patient10_window16s_stride1s-epo,theta
4550,-0.006108134310327664,patient10_window16s_stride1s-epo,theta
4551,-0.004255743446587205,patient10_window16s_stride1s-epo,theta
4552,-0.00582843995845829,patient10_window16s_stride1s-epo,theta
4553,-0.0041679933765639485,patient10_window16s_stride1s-epo,theta
4554,-0.002533422746823797,patient10_window16s_stride1s-epo,theta
4555,-0.0007868018229947109,patient10_window16s_stride1s-epo,theta
4556,-0.002815064348415641,patient10_window16s_stride1s-epo,theta
4557,-0.004057910588257946,patient10_window16s_stride1s-epo,theta
4558,-0.0033230326666546526,patient10_window16s_stride1s-epo,theta
4559,-0.0027689381853743143,patient10_window16s_stride1s-epo,theta
4560,-0.004020432418907048,patient10_window16s_stride1s-epo,theta
4561,-0.003115716328173925,patient10_window16s_stride1s-epo,theta
4562,-0.003687550222174612,patient10_window16s_stride1s-epo,theta
4563,-0.004358567892839619,patient10_window16s_stride1s-epo,theta
4564,-0.0031526515839249555,patient10_window16s_stride1s-epo,theta
4565,-0.00264818148848104,patient10_window16s_stride1s-epo,theta
4566,-0.002620745983979515,patient10_window16s_stride1s-epo,theta
4567,-0.004000799013816071,patient10_window16s_stride1s-epo,theta
4568,-0.00350000643511079,patient10_window16s_stride1s-epo,theta
4569,-0.0021531300327262614,patient10_window16s_stride1s-epo,theta
4570,-0.002999153445054607,patient10_window16s_stride1s-epo,theta
4571,-0.0030408436430829286,patient10_window16s_stride1s-epo,theta
4572,-0.0012896458337233127,patient10_window16s_stride1s-epo,theta
4573,-0.002342365265822735,patient10_window16s_stride1s-epo,theta
4574,-0.0015885453646740033,patient10_window16s_stride1s-epo,theta
4575,-0.0007038173251215592,patient10_window16s_stride1s-epo,theta
4576,-0.0006625317076553399,patient10_window16s_stride1s-epo,theta
4577,-0.00016887918513043074,patient10_window16s_stride1s-epo,theta
4578,-0.00032208731118818593,patient10_window16s_stride1s-epo,theta
4579,-0.00035601697740849893,patient10_window16s_stride1s-epo,theta
4580,-0.0012128362891190405,patient10_window16s_stride1s-epo,theta
4581,-0.0017480767856676938,patient10_window16s_stride1s-epo,theta
4582,-0.0033487861373338707,patient10_window16s_stride1s-epo,theta
4583,-0.0030889734762587274,patient10_window16s_stride1s-epo,theta
4584,-0.004822392055914148,patient10_window16s_stride1s-epo,theta
4585,-0.00453788784925205,patient10_window16s_stride1s-epo,theta
4586,-0.005082420363331594,patient10_window16s_stride1s-epo,theta
4587,-0.005382498934724744,patient10_window16s_stride1s-epo,theta
4588,-0.005222197097452726,patient10_window16s_stride1s-epo,theta
4589,-0.004253346446565817,patient10_window16s_stride1s-epo,theta
4590,-0.0036538683976211155,patient10_window16s_stride1s-epo,theta
4591,-0.00522093497841259,patient10_window16s_stride1s-epo,theta
4592,-0.0059231290907312455,patient10_window16s_stride1s-epo,theta
4593,-0.006166988476960398,patient10_window16s_stride1s-epo,theta
4594,-0.007477532970323975,patient10_window16s_stride1s-epo,theta
4595,-0.006699956832697901,patient10_window16s_stride1s-epo,theta
4596,-0.006615313837801456,patient10_window16s_stride1s-epo,theta
4597,-0.005566945258292994,patient10_window16s_stride1s-epo,theta
4598,-0.004552425352209515,patient10_window16s_stride1s-epo,theta
4599,-0.004559402047463011,patient10_window16s_stride1s-epo,theta
4600,-0.0041810945898603374,patient10_window16s_stride1s-epo,theta
4601,-0.00310180883333296,patient10_window16s_stride1s-epo,theta
4602,-0.0017558033268457235,patient10_window16s_stride1s-epo,theta
4603,-0.002936241878420388,patient10_window16s_stride1s-epo,theta
4604,-0.0021056601743513065,patient10_window16s_stride1s-epo,theta
4605,-0.0036069721913820274,patient10_window16s_stride1s-epo,theta
4606,-0.0034411965541921346,patient10_window16s_stride1s-epo,theta
4607,-0.004625596953260164,patient10_window16s_stride1s-epo,theta
4608,-0.004158236759148604,patient10_window16s_stride1s-epo,theta
4609,-0.004389203166945075,patient10_window16s_stride1s-epo,theta
4610,-0.002505899904192943,patient10_window16s_stride1s-epo,theta
4611,-0.003247768657484501,patient10_window16s_stride1s-epo,theta
4612,-0.004468330182708628,patient10_window16s_stride1s-epo,theta
4613,-0.005191536564043038,patient10_window16s_stride1s-epo,theta
4614,-0.004492240875237176,patient10_window16s_stride1s-epo,theta
4615,-0.003930223344676281,patient10_window16s_stride1s-epo,theta
4616,-0.004228479992627356,patient10_window16s_stride1s-epo,theta
4617,-0.005962456535612429,patient10_window16s_stride1s-epo,theta
4618,-0.006011735517546257,patient10_window16s_stride1s-epo,theta
4619,-0.006579438185035833,patient10_window16s_stride1s-epo,theta
4620,-0.0061762001060575306,patient10_window16s_stride1s-epo,theta
4621,-0.004088352449210151,patient10_window16s_stride1s-epo,theta
4622,-0.004245121488492917,patient10_window16s_stride1s-epo,theta
4623,-0.005205431576251962,patient10_window16s_stride1s-epo,theta
4624,-0.0041428835763893754,patient10_window16s_stride1s-epo,theta
4625,-0.004043298911602204,patient10_window16s_stride1s-epo,theta
4626,-0.006120659893378955,patient10_window16s_stride1s-epo,theta
4627,-0.00498412690748462,patient10_window16s_stride1s-epo,theta
4628,-0.005202008814334039,patient10_window16s_stride1s-epo,theta
4629,-0.0047848956581700314,patient10_window16s_stride1s-epo,theta
4630,-0.005546039119185522,patient10_window16s_stride1s-epo,theta
4631,-0.006323549128202102,patient10_window16s_stride1s-epo,theta
4632,-0.007349954209187685,patient10_window16s_stride1s-epo,theta
4633,-0.0069767238381294155,patient10_window16s_stride1s-epo,theta
4634,-0.006304446804625924,patient10_window16s_stride1s-epo,theta
4635,-0.007988273691740029,patient10_window16s_stride1s-epo,theta
4636,-0.006808271630442608,patient10_window16s_stride1s-epo,theta
4637,-0.006590503573445926,patient10_window16s_stride1s-epo,theta
4638,-0.006433576040902262,patient10_window16s_stride1s-epo,theta
4639,-0.004619164910823251,patient10_window16s_stride1s-epo,theta
4640,-0.005323464778129312,patient10_window16s_stride1s-epo,theta
4641,-0.004754386256192232,patient10_window16s_stride1s-epo,theta
4642,-0.004699501807353371,patient10_window16s_stride1s-epo,theta
4643,-0.002725879833326353,patient10_window16s_stride1s-epo,theta
4644,-0.0028285886007767247,patient10_window16s_stride1s-epo,theta
4645,-0.004224592183058566,patient10_window16s_stride1s-epo,theta
4646,-0.0031438284765954927,patient10_window16s_stride1s-epo,theta
4647,-0.004378611900581968,patient10_window16s_stride1s-epo,theta
4648,-0.005148532848736805,patient10_window16s_stride1s-epo,theta
4649,-0.004420706779431063,patient10_window16s_stride1s-epo,theta
4650,-0.003741468367908709,patient10_window16s_stride1s-epo,theta
4651,-0.0018106971894830204,patient10_window16s_stride1s-epo,theta
4652,-0.004458015569946447,patient10_window16s_stride1s-epo,theta
4653,-0.0031352593994066467,patient10_window16s_stride1s-epo,theta
4654,-0.004976329437929801,patient10_window16s_stride1s-epo,theta
4655,-0.004455846373240855,patient10_window16s_stride1s-epo,theta
4656,-0.003761505374453133,patient10_window16s_stride1s-epo,theta
4657,-0.003940738392663257,patient10_window16s_stride1s-epo,theta
4658,-0.003950813950204672,patient10_window16s_stride1s-epo,theta
4659,-0.004263634672612342,patient10_window16s_stride1s-epo,theta
4660,-0.005092022583916769,patient10_window16s_stride1s-epo,theta
4661,-0.004868923881521676,patient10_window16s_stride1s-epo,theta
4662,-0.0032535746716299842,patient10_window16s_stride1s-epo,theta
4663,-0.00561187704507666,patient10_window16s_stride1s-epo,theta
4664,-0.006100671779781811,patient10_window16s_stride1s-epo,theta
4665,-0.006342150086442328,patient10_window16s_stride1s-epo,theta
4666,-0.006456260370025078,patient10_window16s_stride1s-epo,theta
4667,-0.006473670005541726,patient10_window16s_stride1s-epo,theta
4668,-0.0042214568073447,patient10_window16s_stride1s-epo,theta
4669,-0.005670005743229314,patient10_window16s_stride1s-epo,theta
4670,-0.004824654200477842,patient10_window16s_stride1s-epo,theta
4671,-0.004916945329938675,patient10_window16s_stride1s-epo,theta
4672,-0.0042450801400611225,patient10_window16s_stride1s-epo,theta
4673,-0.0024397048227072396,patient10_window16s_stride1s-epo,theta
4674,-0.002659544656934124,patient10_window16s_stride1s-epo,theta
4675,-0.004853408845580691,patient10_window16s_stride1s-epo,theta
4676,-0.005801990797007256,patient10_window16s_stride1s-epo,theta
4677,-0.005699358493193213,patient10_window16s_stride1s-epo,theta
4678,-0.006193174871637775,patient10_window16s_stride1s-epo,theta
4679,-0.005696451968128394,patient10_window16s_stride1s-epo,theta
4680,-0.00517189373533986,patient10_window16s_stride1s-epo,theta
4681,-0.005122979574628831,patient10_window16s_stride1s-epo,theta
4682,-0.0049940393886916115,patient10_window16s_stride1s-epo,theta
4683,-0.00547716928718658,patient10_window16s_stride1s-epo,theta
4684,-0.006675432335456397,patient10_window16s_stride1s-epo,theta
4685,-0.00785905251792968,patient10_window16s_stride1s-epo,theta
4686,-0.009458501612977895,patient10_window16s_stride1s-epo,theta
4687,-0.009780837894117735,patient10_window16s_stride1s-epo,theta
4688,-0.010294725145291945,patient10_window16s_stride1s-epo,theta
4689,-0.010715362554101176,patient10_window16s_stride1s-epo,theta
4690,-0.009796821312916534,patient10_window16s_stride1s-epo,theta
4691,-0.007089963645637044,patient10_window16s_stride1s-epo,theta
4692,-0.007015808378933286,patient10_window16s_stride1s-epo,theta
4693,-0.008947793742349955,patient10_window16s_stride1s-epo,theta
4694,-0.007750850507206452,patient10_window16s_stride1s-epo,theta
4695,-0.007795828295331905,patient10_window16s_stride1s-epo,theta
4696,-0.006338222522118542,patient10_window16s_stride1s-epo,theta
4697,-0.0070328653503517295,patient10_window16s_stride1s-epo,theta
4698,-0.008609773097600077,patient10_window16s_stride1s-epo,theta
4699,-0.007712656863471989,patient10_window16s_stride1s-epo,theta
4700,-0.005574229098245972,patient10_window16s_stride1s-epo,theta
4701,-0.004874554829064713,patient10_window16s_stride1s-epo,theta
4702,-0.0034939419513694203,patient10_window16s_stride1s-epo,theta
4703,-0.004656393602788808,patient10_window16s_stride1s-epo,theta
4704,-0.0029868219915886495,patient10_window16s_stride1s-epo,theta
4705,-0.0030510626369500207,patient10_window16s_stride1s-epo,theta
4706,-0.0027241972235371044,patient10_window16s_stride1s-epo,theta
4707,-0.0030093948867163543,patient10_window16s_stride1s-epo,theta
4708,-0.0028274090071579946,patient10_window16s_stride1s-epo,theta
4709,-0.003960613281981726,patient10_window16s_stride1s-epo,theta
4710,-0.0033640214957892742,patient10_window16s_stride1s-epo,theta
4711,-0.003324089925884971,patient10_window16s_stride1s-epo,theta
4712,-0.0036577122934176756,patient10_window16s_stride1s-epo,theta
4713,-0.004784542610102073,patient10_window16s_stride1s-epo,theta
4714,-0.00459283962606212,patient10_window16s_stride1s-epo,theta
4715,-0.003726039631267107,patient10_window16s_stride1s-epo,theta
4716,-0.004405003384562233,patient10_window16s_stride1s-epo,theta
4717,-0.005889894437206599,patient10_window16s_stride1s-epo,theta
4718,-0.005698811819522744,patient10_window16s_stride1s-epo,theta
4719,-0.00577349534213993,patient10_window16s_stride1s-epo,theta
4720,-0.0062387711469530935,patient10_window16s_stride1s-epo,theta
4721,-0.005966610694605433,patient10_window16s_stride1s-epo,theta
4722,-0.006271793714367062,patient10_window16s_stride1s-epo,theta
4723,-0.0048480388265328845,patient10_window16s_stride1s-epo,theta
4724,-0.00443080408963428,patient10_window16s_stride1s-epo,theta
4725,-0.004388374820657431,patient10_window16s_stride1s-epo,theta
4726,-0.00548357278369087,patient10_window16s_stride1s-epo,theta
4727,-0.005991126305185674,patient10_window16s_stride1s-epo,theta
4728,-0.0052590316860599675,patient10_window16s_stride1s-epo,theta
4729,-0.0042090444112116545,patient10_window16s_stride1s-epo,theta
4730,-0.003051231927013083,patient10_window16s_stride1s-epo,theta
4731,-0.00434446592828146,patient10_window16s_stride1s-epo,theta
4732,-0.003513084169271327,patient10_window16s_stride1s-epo,theta
4733,-0.004910741122306685,patient10_window16s_stride1s-epo,theta
4734,-0.005072482689888315,patient10_window16s_stride1s-epo,theta
4735,-0.005413469992176707,patient10_window16s_stride1s-epo,theta
4736,-0.0055431432871869725,patient10_window16s_stride1s-epo,theta
4737,-0.0046492806870786114,patient10_window16s_stride1s-epo,theta
4738,-0.005198608568686441,patient10_window16s_stride1s-epo,theta
4739,-0.006496101216200142,patient10_window16s_stride1s-epo,theta
4740,-0.006798606468651724,patient10_window16s_stride1s-epo,theta
4741,-0.006015777941561673,patient10_window16s_stride1s-epo,theta
4742,-0.0061639794296126146,patient10_window16s_stride1s-epo,theta
4743,-0.005212046549206603,patient10_window16s_stride1s-epo,theta
4744,-0.004750253410065173,patient10_window16s_stride1s-epo,theta
4745,-0.004790425277058888,patient10_window16s_stride1s-epo,theta
4746,-0.0054209706368331815,patient10_window16s_stride1s-epo,theta
4747,-0.004370649203841172,patient10_window16s_stride1s-epo,theta
4748,-0.0037527435898023083,patient10_window16s_stride1s-epo,theta
4749,-0.004235305370447109,patient10_window16s_stride1s-epo,theta
4750,-0.0036885307462654025,patient10_window16s_stride1s-epo,theta
4751,-0.0033997252439116415,patient10_window16s_stride1s-epo,theta
4752,-0.004012854106569877,patient10_window16s_stride1s-epo,theta
4753,-0.005017310268766419,patient10_window16s_stride1s-epo,theta
4754,-0.0039187795012832725,patient10_window16s_stride1s-epo,theta
4755,-0.004891523387387568,patient10_window16s_stride1s-epo,theta
4756,-0.005337344094392036,patient10_window16s_stride1s-epo,theta
4757,-0.006192486024436339,patient10_window16s_stride1s-epo,theta
4758,-0.007137554960878582,patient10_window16s_stride1s-epo,theta
4759,-0.006155582948011967,patient10_window16s_stride1s-epo,theta
4760,-0.006927204531236307,patient10_window16s_stride1s-epo,theta
4761,-0.007229328070757705,patient10_window16s_stride1s-epo,theta
4762,-0.006562775461545417,patient10_window16s_stride1s-epo,theta
4763,-0.007437276265394351,patient10_window16s_stride1s-epo,theta
4764,-0.008360499661091366,patient10_window16s_stride1s-epo,theta
4765,-0.007473820174255229,patient10_window16s_stride1s-epo,theta
4766,-0.006901797872749868,patient10_window16s_stride1s-epo,theta
4767,-0.006474927065078785,patient10_window16s_stride1s-epo,theta
4768,-0.007345357680147019,patient10_window16s_stride1s-epo,theta
4769,-0.007814553681569943,patient10_window16s_stride1s-epo,theta
4770,-0.0076018099919612685,patient10_window16s_stride1s-epo,theta
4771,-0.00752407696394384,patient10_window16s_stride1s-epo,theta
4772,-0.006738200815778147,patient10_window16s_stride1s-epo,theta
4773,-0.00563858745024151,patient10_window16s_stride1s-epo,theta
4774,-0.004870252683142444,patient10_window16s_stride1s-epo,theta
4775,-0.00486817240229065,patient10_window16s_stride1s-epo,theta
4776,-0.005782844714365771,patient10_window16s_stride1s-epo,theta
4777,-0.00457907574976388,patient10_window16s_stride1s-epo,theta
4778,-0.005591263756637429,patient10_window16s_stride1s-epo,theta
4779,-0.004680692953235945,patient10_window16s_stride1s-epo,theta
4780,-0.007593724502798788,patient10_window16s_stride1s-epo,theta
4781,-0.0071489801377631,patient10_window16s_stride1s-epo,theta
4782,-0.007720805323725565,patient10_window16s_stride1s-epo,theta
4783,-0.007235991145357132,patient10_window16s_stride1s-epo,theta
4784,-0.006310345646570226,patient10_window16s_stride1s-epo,theta
4785,-0.006095461798036576,patient10_window16s_stride1s-epo,theta
4786,-0.0058739732084155385,patient10_window16s_stride1s-epo,theta
4787,-0.005229575796307404,patient10_window16s_stride1s-epo,theta
4788,-0.0056954886167586,patient10_window16s_stride1s-epo,theta
4789,-0.006459115396192897,patient10_window16s_stride1s-epo,theta
4790,-0.004955802574545249,patient10_window16s_stride1s-epo,theta
4791,-0.004454832670351437,patient10_window16s_stride1s-epo,theta
4792,-0.0048584186527007136,patient10_window16s_stride1s-epo,theta
4793,-0.005317827844688244,patient10_window16s_stride1s-epo,theta
4794,-0.0037686042394017303,patient10_window16s_stride1s-epo,theta
4795,-0.0033367287046128353,patient10_window16s_stride1s-epo,theta
4796,-0.003840902376143294,patient10_window16s_stride1s-epo,theta
4797,-0.004267824763454441,patient10_window16s_stride1s-epo,theta
4798,-0.005837530612661968,patient10_window16s_stride1s-epo,theta
4799,-0.0064268303016877274,patient10_window16s_stride1s-epo,theta
4800,-0.005545924161273878,patient10_window16s_stride1s-epo,theta
4801,-0.006862325499752032,patient10_window16s_stride1s-epo,theta
4802,-0.007879199789454719,patient10_window16s_stride1s-epo,theta
4803,-0.008355369865307076,patient10_window16s_stride1s-epo,theta
4804,-0.008151804008846483,patient10_window16s_stride1s-epo,theta
4805,-0.008723564071889196,patient10_window16s_stride1s-epo,theta
4806,-0.008535962649231212,patient10_window16s_stride1s-epo,theta
4807,-0.009252610171156736,patient10_window16s_stride1s-epo,theta
4808,-0.008769230787345952,patient10_window16s_stride1s-epo,theta
4809,-0.010149281619236138,patient10_window16s_stride1s-epo,theta
4810,-0.010263735561527007,patient10_window16s_stride1s-epo,theta
4811,-0.010637531450480577,patient10_window16s_stride1s-epo,theta
4812,-0.010323125627909591,patient10_window16s_stride1s-epo,theta
4813,-0.01069570600457314,patient10_window16s_stride1s-epo,theta
4814,-0.008602340959680104,patient10_window16s_stride1s-epo,theta
4815,-0.007124796170787086,patient10_window16s_stride1s-epo,theta
4816,-0.006522573088051454,patient10_window16s_stride1s-epo,theta
4817,-0.005429838004377975,patient10_window16s_stride1s-epo,theta
4818,-0.004535683629144712,patient10_window16s_stride1s-epo,theta
4819,-0.005758240543403442,patient10_window16s_stride1s-epo,theta
4820,-0.004596896706977607,patient10_window16s_stride1s-epo,theta
4821,-0.004356780822298876,patient10_window16s_stride1s-epo,theta
4822,-0.0024344232267170603,patient10_window16s_stride1s-epo,theta
4823,-0.0012414757152983446,patient10_window16s_stride1s-epo,theta
4824,0.0007340814046140456,patient10_window16s_stride1s-epo,theta
4825,-0.0028003795434747335,patient10_window16s_stride1s-epo,theta
4826,-0.0024194265568076322,patient10_window16s_stride1s-epo,theta
4827,-0.0023859003228760825,patient10_window16s_stride1s-epo,theta
4828,-0.0024312885944984034,patient10_window16s_stride1s-epo,theta
4829,-0.0017968566159153598,patient10_window16s_stride1s-epo,theta
4830,-0.001963065268683939,patient10_window16s_stride1s-epo,theta
4831,-0.002846553166157126,patient10_window16s_stride1s-epo,theta
4832,-0.0038778395315943147,patient10_window16s_stride1s-epo,theta
4833,-0.0032041540419580567,patient10_window16s_stride1s-epo,theta
4834,-0.0037234662029407037,patient10_window16s_stride1s-epo,theta
4835,-0.004360908335527494,patient10_window16s_stride1s-epo,theta
4836,-0.002702813569710679,patient10_window16s_stride1s-epo,theta
4837,-0.004668601055239436,patient10_window16s_stride1s-epo,theta
4838,-0.006411179682958295,patient10_window16s_stride1s-epo,theta
4839,-0.0064812537733046965,patient10_window16s_stride1s-epo,theta
4840,-0.0068419553269655495,patient10_window16s_stride1s-epo,theta
4841,-0.005825079464580639,patient10_window16s_stride1s-epo,theta
4842,-0.004439100092399759,patient10_window16s_stride1s-epo,theta
4843,-0.004671706032509554,patient10_window16s_stride1s-epo,theta
4844,-0.004458125894493941,patient10_window16s_stride1s-epo,theta
4845,-0.004603058119034762,patient10_window16s_stride1s-epo,theta
4846,-0.003293664636422515,patient10_window16s_stride1s-epo,theta
4847,-0.004241517519603656,patient10_window16s_stride1s-epo,theta
4848,-0.0024385308871390323,patient10_window16s_stride1s-epo,theta
4849,-0.002997566707581108,patient10_window16s_stride1s-epo,theta
4850,-0.003272392638158759,patient10_window16s_stride1s-epo,theta
4851,-0.00443467921493628,patient10_window16s_stride1s-epo,theta
4852,-0.004684236100314309,patient10_window16s_stride1s-epo,theta
4853,-0.004755496987793628,patient10_window16s_stride1s-epo,theta
4854,-0.005832535877877488,patient10_window16s_stride1s-epo,theta
4855,-0.0057593612107904955,patient10_window16s_stride1s-epo,theta
4856,-0.003414853109492444,patient10_window16s_stride1s-epo,theta
4857,-0.00649899540754967,patient10_window16s_stride1s-epo,theta
4858,-0.005064258850673871,patient10_window16s_stride1s-epo,theta
4859,-0.004948739022000452,patient10_window16s_stride1s-epo,theta
4860,-0.005130022164757489,patient10_window16s_stride1s-epo,theta
4861,-0.005326364746321757,patient10_window16s_stride1s-epo,theta
4862,-0.00481526063045923,patient10_window16s_stride1s-epo,theta
4863,-0.005605038404088313,patient10_window16s_stride1s-epo,theta
4864,-0.00545610093127191,patient10_window16s_stride1s-epo,theta
4865,-0.0047546822677211956,patient10_window16s_stride1s-epo,theta
4866,-0.005387613485295888,patient10_window16s_stride1s-epo,theta
4867,-0.004342156093020004,patient10_window16s_stride1s-epo,theta
4868,-0.003558814353818174,patient10_window16s_stride1s-epo,theta
4869,-0.004014656654642212,patient10_window16s_stride1s-epo,theta
4870,-0.003967450560423974,patient10_window16s_stride1s-epo,theta
4871,-0.003725705827673377,patient10_window16s_stride1s-epo,theta
4872,-0.005641100632827134,patient10_window16s_stride1s-epo,theta
4873,-0.0036519885081591113,patient10_window16s_stride1s-epo,theta
4874,-0.0030552400118940134,patient10_window16s_stride1s-epo,theta
4875,-0.0038330850543263407,patient10_window16s_stride1s-epo,theta
4876,-0.004556794278958585,patient10_window16s_stride1s-epo,theta
4877,-0.0030831205800134517,patient10_window16s_stride1s-epo,theta
4878,-0.00497887777932152,patient10_window16s_stride1s-epo,theta
4879,-0.0031102140107028375,patient10_window16s_stride1s-epo,theta
4880,-0.004834218147698601,patient10_window16s_stride1s-epo,theta
4881,-0.004839821444949392,patient10_window16s_stride1s-epo,theta
4882,-0.005103097814069792,patient10_window16s_stride1s-epo,theta
4883,-0.005909369046826196,patient10_window16s_stride1s-epo,theta
4884,-0.003955478481931889,patient10_window16s_stride1s-epo,theta
4885,-0.0041554041915518,patient10_window16s_stride1s-epo,theta
4886,-0.004023042485763291,patient10_window16s_stride1s-epo,theta
4887,-0.004237647735235413,patient10_window16s_stride1s-epo,theta
4888,-0.00396144259370516,patient10_window16s_stride1s-epo,theta
4889,-0.004006251463470161,patient10_window16s_stride1s-epo,theta
4890,-0.0020056941120152392,patient10_window16s_stride1s-epo,theta
4891,-0.0018644923271317468,patient10_window16s_stride1s-epo,theta
4892,-0.00175526017407731,patient10_window16s_stride1s-epo,theta
4893,-0.0011681598063978604,patient10_window16s_stride1s-epo,theta
4894,-0.0018952029490146918,patient10_window16s_stride1s-epo,theta
4895,-0.0013316547706575784,patient10_window16s_stride1s-epo,theta
4896,-0.0021073858111943086,patient10_window16s_stride1s-epo,theta
4897,-0.0032557439320396366,patient10_window16s_stride1s-epo,theta
4898,-0.0038293431241769546,patient10_window16s_stride1s-epo,theta
4899,-0.0025322425744281575,patient10_window16s_stride1s-epo,theta
4900,-0.004931215952914798,patient10_window16s_stride1s-epo,theta
4901,-0.003685566697364007,patient10_window16s_stride1s-epo,theta
4902,-0.004463238113260855,patient10_window16s_stride1s-epo,theta
4903,-0.0060951864263509474,patient10_window16s_stride1s-epo,theta
4904,-0.006670165014308213,patient10_window16s_stride1s-epo,theta
4905,-0.005551291099706001,patient10_window16s_stride1s-epo,theta
4906,-0.006387745113536984,patient10_window16s_stride1s-epo,theta
4907,-0.005435837636817056,patient10_window16s_stride1s-epo,theta
4908,-0.0064488072186487146,patient10_window16s_stride1s-epo,theta
4909,-0.006143116022091736,patient10_window16s_stride1s-epo,theta
4910,-0.00762001966371771,patient10_window16s_stride1s-epo,theta
4911,-0.008962668339920925,patient10_window16s_stride1s-epo,theta
4912,-0.009039317001629058,patient10_window16s_stride1s-epo,theta
4913,-0.0065616476571770275,patient10_window16s_stride1s-epo,theta
4914,-0.005276886390928957,patient10_window16s_stride1s-epo,theta
4915,-0.009209472427153278,patient10_window16s_stride1s-epo,theta
4916,-0.009137537668019073,patient10_window16s_stride1s-epo,theta
4917,-0.010072042065298875,patient10_window16s_stride1s-epo,theta
4918,-0.00998239003744026,patient10_window16s_stride1s-epo,theta
4919,-0.010872351328354986,patient10_window16s_stride1s-epo,theta
4920,-0.011706811640161366,patient10_window16s_stride1s-epo,theta
4921,-0.009552763841751875,patient10_window16s_stride1s-epo,theta
4922,-0.011589365380930165,patient10_window16s_stride1s-epo,theta
4923,-0.01161511152887579,patient10_window16s_stride1s-epo,theta
4924,-0.010528648728136258,patient10_window16s_stride1s-epo,theta
4925,-0.010290438343968705,patient10_window16s_stride1s-epo,theta
4926,-0.009171901799420774,patient10_window16s_stride1s-epo,theta
4927,-0.009996461172161925,patient10_window16s_stride1s-epo,theta
4928,-0.00863286187767387,patient10_window16s_stride1s-epo,theta
4929,-0.00948178382823816,patient10_window16s_stride1s-epo,theta
4930,-0.00863937969755409,patient10_window16s_stride1s-epo,theta
4931,-0.005589883765912132,patient10_window16s_stride1s-epo,theta
4932,-0.006283755290802952,patient10_window16s_stride1s-epo,theta
4933,-0.007136284064302212,patient10_window16s_stride1s-epo,theta
4934,-0.006389192480152349,patient10_window16s_stride1s-epo,theta
4935,-0.0065323552606295,patient10_window16s_stride1s-epo,theta
4936,-0.005735711539501802,patient10_window16s_stride1s-epo,theta
4937,-0.00648706975838264,patient10_window16s_stride1s-epo,theta
4938,-0.004627277544812037,patient10_window16s_stride1s-epo,theta
4939,-0.005052998753446298,patient10_window16s_stride1s-epo,theta
4940,-0.007236321360323774,patient10_window16s_stride1s-epo,theta
4941,-0.005745748024469877,patient10_window16s_stride1s-epo,theta
4942,-0.008392013454230494,patient10_window16s_stride1s-epo,theta
4943,-0.005149727656361987,patient10_window16s_stride1s-epo,theta
4944,-0.006655780164291186,patient10_window16s_stride1s-epo,theta
4945,-0.006452969534712247,patient10_window16s_stride1s-epo,theta
4946,-0.008954027361576227,patient10_window16s_stride1s-epo,theta
4947,-0.008739450289214143,patient10_window16s_stride1s-epo,theta
4948,-0.007368279948224959,patient10_window16s_stride1s-epo,theta
4949,-0.005101299053031105,patient10_window16s_stride1s-epo,theta
4950,-0.004315937426631975,patient10_window16s_stride1s-epo,theta
4951,-0.00431373539500474,patient10_window16s_stride1s-epo,theta
4952,-0.004337186186532802,patient10_window16s_stride1s-epo,theta
4953,-0.0027797090588756223,patient10_window16s_stride1s-epo,theta
4954,-0.0033291561093246103,patient10_window16s_stride1s-epo,theta
4955,-0.0037061100336436554,patient10_window16s_stride1s-epo,theta
4956,-0.00015706831756915333,patient10_window16s_stride1s-epo,theta
4957,-0.0019966239383787223,patient10_window16s_stride1s-epo,theta
4958,-0.0020694372598825356,patient10_window16s_stride1s-epo,theta
4959,-0.0023212586180644586,patient10_window16s_stride1s-epo,theta
4960,-0.003321407739862445,patient10_window16s_stride1s-epo,theta
4961,-0.002173071068825066,patient10_window16s_stride1s-epo,theta
4962,-0.0014570137827913912,patient10_window16s_stride1s-epo,theta
4963,-0.0015670087593343456,patient10_window16s_stride1s-epo,theta
4964,-0.001525507279774383,patient10_window16s_stride1s-epo,theta
4965,-0.0012063888921458688,patient10_window16s_stride1s-epo,theta
4966,-0.002399291990254317,patient10_window16s_stride1s-epo,theta
4967,-0.0014665405492355107,patient10_window16s_stride1s-epo,theta
4968,-0.0027205210268891125,patient10_window16s_stride1s-epo,theta
4969,-0.002911846659846599,patient10_window16s_stride1s-epo,theta
4970,-0.003321360891578514,patient10_window16s_stride1s-epo,theta
4971,-0.003621341792364999,patient10_window16s_stride1s-epo,theta
