epoch_index,wsmi_scalar,subject_id,band
0,-0.0024381501212009586,patient10_window16s_stride1s-epo,beta
1,-0.0034856063817429285,patient10_window16s_stride1s-epo,beta
2,-0.003358489445520634,patient10_window16s_stride1s-epo,beta
3,-0.002780636438391911,patient10_window16s_stride1s-epo,beta
4,-0.0030355644732129204,patient10_window16s_stride1s-epo,beta
5,-0.0034126806154049843,patient10_window16s_stride1s-epo,beta
6,-0.0038124380581170425,patient10_window16s_stride1s-epo,beta
7,-0.0038483884763467397,patient10_window16s_stride1s-epo,beta
8,-0.004165289692968383,patient10_window16s_stride1s-epo,beta
9,-0.0032163270608066103,patient10_window16s_stride1s-epo,beta
10,-0.00360228803816589,patient10_window16s_stride1s-epo,beta
11,-0.003704032781804629,patient10_window16s_stride1s-epo,beta
12,-0.002319092869274944,patient10_window16s_stride1s-epo,beta
13,-0.0013495848947531759,patient10_window16s_stride1s-epo,beta
14,-0.0013831665913172314,patient10_window16s_stride1s-epo,beta
15,-0.0010148396347669719,patient10_window16s_stride1s-epo,beta
16,-0.002392051113828412,patient10_window16s_stride1s-epo,beta
17,-0.001977456464749418,patient10_window16s_stride1s-epo,beta
18,-0.0022358271536474187,patient10_window16s_stride1s-epo,beta
19,-0.0023974422773974085,patient10_window16s_stride1s-epo,beta
20,-0.0018121221091465774,patient10_window16s_stride1s-epo,beta
21,-0.0020297447300541087,patient10_window16s_stride1s-epo,beta
22,-0.0024790710143198632,patient10_window16s_stride1s-epo,beta
23,-0.0031258532791852674,patient10_window16s_stride1s-epo,beta
24,-0.0029252138808862067,patient10_window16s_stride1s-epo,beta
25,-0.0032460400305882858,patient10_window16s_stride1s-epo,beta
26,-0.0024392588215708397,patient10_window16s_stride1s-epo,beta
27,-0.002813462189925746,patient10_window16s_stride1s-epo,beta
28,-0.0033495031875686596,patient10_window16s_stride1s-epo,beta
29,-0.003804291253883081,patient10_window16s_stride1s-epo,beta
30,-0.00326809103970879,patient10_window16s_stride1s-epo,beta
31,-0.002648841190009711,patient10_window16s_stride1s-epo,beta
32,-0.0021771344298334872,patient10_window16s_stride1s-epo,beta
33,-0.0018030460712944148,patient10_window16s_stride1s-epo,beta
34,-0.0014285270941180252,patient10_window16s_stride1s-epo,beta
35,-0.0017277207092737694,patient10_window16s_stride1s-epo,beta
36,-0.002100964167277565,patient10_window16s_stride1s-epo,beta
37,-0.001541536929231115,patient10_window16s_stride1s-epo,beta
38,-0.0006787305102561628,patient10_window16s_stride1s-epo,beta
39,-0.0010307405293475658,patient10_window16s_stride1s-epo,beta
40,-0.0014120657570219747,patient10_window16s_stride1s-epo,beta
41,-0.0011132752752190844,patient10_window16s_stride1s-epo,beta
42,-0.002258343865535847,patient10_window16s_stride1s-epo,beta
43,-0.002033346580126931,patient10_window16s_stride1s-epo,beta
44,-0.0014508665131359407,patient10_window16s_stride1s-epo,beta
45,-0.001970169286543259,patient10_window16s_stride1s-epo,beta
46,-0.0027546965694678206,patient10_window16s_stride1s-epo,beta
47,-0.0024961719869946992,patient10_window16s_stride1s-epo,beta
48,-0.001936526600277834,patient10_window16s_stride1s-epo,beta
49,-0.002669510523736246,patient10_window16s_stride1s-epo,beta
50,-0.002711664365928406,patient10_window16s_stride1s-epo,beta
51,-0.0018568973766007104,patient10_window16s_stride1s-epo,beta
52,-0.0018291224038216659,patient10_window16s_stride1s-epo,beta
53,-0.001293334104841947,patient10_window16s_stride1s-epo,beta
54,-0.001569808199833744,patient10_window16s_stride1s-epo,beta
55,-0.00220605048085281,patient10_window16s_stride1s-epo,beta
56,-0.0020212186440478853,patient10_window16s_stride1s-epo,beta
57,-0.0018302398727781538,patient10_window16s_stride1s-epo,beta
58,-0.001665123799120494,patient10_window16s_stride1s-epo,beta
59,-0.002153145569259379,patient10_window16s_stride1s-epo,beta
60,-0.0021357345874943416,patient10_window16s_stride1s-epo,beta
61,-0.004110437899053403,patient10_window16s_stride1s-epo,beta
62,-0.004097899623391266,patient10_window16s_stride1s-epo,beta
63,-0.0037533134340686568,patient10_window16s_stride1s-epo,beta
64,-0.0043483173898850955,patient10_window16s_stride1s-epo,beta
65,-0.00416403231978546,patient10_window16s_stride1s-epo,beta
66,-0.0038955652731034263,patient10_window16s_stride1s-epo,beta
67,-0.004798995849778412,patient10_window16s_stride1s-epo,beta
68,-0.0034487222561689736,patient10_window16s_stride1s-epo,beta
69,-0.004453688404505089,patient10_window16s_stride1s-epo,beta
70,-0.003743236664936513,patient10_window16s_stride1s-epo,beta
71,-0.002941627810446153,patient10_window16s_stride1s-epo,beta
72,-0.0034644685117049623,patient10_window16s_stride1s-epo,beta
73,-0.003718900465275292,patient10_window16s_stride1s-epo,beta
74,-0.0036593803804029486,patient10_window16s_stride1s-epo,beta
75,-0.004020461675307072,patient10_window16s_stride1s-epo,beta
76,-0.0037636757485485102,patient10_window16s_stride1s-epo,beta
77,-0.0034465026605375905,patient10_window16s_stride1s-epo,beta
78,-0.003642019666878083,patient10_window16s_stride1s-epo,beta
79,-0.005181167388968131,patient10_window16s_stride1s-epo,beta
80,-0.005123795747210371,patient10_window16s_stride1s-epo,beta
81,-0.004589451774435982,patient10_window16s_stride1s-epo,beta
82,-0.004581336667864457,patient10_window16s_stride1s-epo,beta
83,-0.0048132407452257655,patient10_window16s_stride1s-epo,beta
84,-0.00429944740798056,patient10_window16s_stride1s-epo,beta
85,-0.004366902182081063,patient10_window16s_stride1s-epo,beta
86,-0.00472012884201129,patient10_window16s_stride1s-epo,beta
87,-0.003656860212886383,patient10_window16s_stride1s-epo,beta
88,-0.003439694987028925,patient10_window16s_stride1s-epo,beta
89,-0.0033612449624559173,patient10_window16s_stride1s-epo,beta
90,-0.004782751084739796,patient10_window16s_stride1s-epo,beta
91,-0.004047704675797162,patient10_window16s_stride1s-epo,beta
92,-0.004228070458625023,patient10_window16s_stride1s-epo,beta
93,-0.0039832546014887124,patient10_window16s_stride1s-epo,beta
94,-0.004098791681770684,patient10_window16s_stride1s-epo,beta
95,-0.003649171657582013,patient10_window16s_stride1s-epo,beta
96,-0.0024791708421015475,patient10_window16s_stride1s-epo,beta
97,-0.00253864627979204,patient10_window16s_stride1s-epo,beta
98,-0.0027488204084899757,patient10_window16s_stride1s-epo,beta
99,-0.0026742976231602196,patient10_window16s_stride1s-epo,beta
100,-0.003653400376346902,patient10_window16s_stride1s-epo,beta
101,-0.002081254324115223,patient10_window16s_stride1s-epo,beta
102,-0.0018638619754796908,patient10_window16s_stride1s-epo,beta
103,-0.0027910536244930423,patient10_window16s_stride1s-epo,beta
104,-0.0021067007871411916,patient10_window16s_stride1s-epo,beta
105,-0.0024948200410587758,patient10_window16s_stride1s-epo,beta
106,-0.0024625845606222516,patient10_window16s_stride1s-epo,beta
107,-0.0027104436167875996,patient10_window16s_stride1s-epo,beta
108,-0.0023787908962495065,patient10_window16s_stride1s-epo,beta
109,-0.0026347108532216684,patient10_window16s_stride1s-epo,beta
110,-0.0019086915430147843,patient10_window16s_stride1s-epo,beta
111,-0.0035669361233787527,patient10_window16s_stride1s-epo,beta
112,-0.005277764556416956,patient10_window16s_stride1s-epo,beta
113,-0.004451564518939894,patient10_window16s_stride1s-epo,beta
114,-0.006725723097362754,patient10_window16s_stride1s-epo,beta
115,-0.006458088925651311,patient10_window16s_stride1s-epo,beta
116,-0.006446498697061872,patient10_window16s_stride1s-epo,beta
117,-0.006938350485709729,patient10_window16s_stride1s-epo,beta
118,-0.008172490519115618,patient10_window16s_stride1s-epo,beta
119,-0.007661157104311874,patient10_window16s_stride1s-epo,beta
120,-0.007722514303893606,patient10_window16s_stride1s-epo,beta
121,-0.007878923583599717,patient10_window16s_stride1s-epo,beta
122,-0.007666877876448956,patient10_window16s_stride1s-epo,beta
123,-0.007784916917949434,patient10_window16s_stride1s-epo,beta
124,-0.0075180211231924456,patient10_window16s_stride1s-epo,beta
125,-0.007203153813136551,patient10_window16s_stride1s-epo,beta
126,-0.00699178880697181,patient10_window16s_stride1s-epo,beta
127,-0.004883242631451835,patient10_window16s_stride1s-epo,beta
128,-0.004779949107819979,patient10_window16s_stride1s-epo,beta
129,-0.004714019598020292,patient10_window16s_stride1s-epo,beta
130,-0.00351069656982913,patient10_window16s_stride1s-epo,beta
131,-0.0036408988374277387,patient10_window16s_stride1s-epo,beta
132,-0.0033655050777874444,patient10_window16s_stride1s-epo,beta
133,-0.0027783493145842482,patient10_window16s_stride1s-epo,beta
134,-0.002751180639376733,patient10_window16s_stride1s-epo,beta
135,-0.0011131933658311422,patient10_window16s_stride1s-epo,beta
136,-0.002471301869489588,patient10_window16s_stride1s-epo,beta
137,-0.0026059019121029542,patient10_window16s_stride1s-epo,beta
138,-0.0024943309105810428,patient10_window16s_stride1s-epo,beta
139,-0.0023831797101954415,patient10_window16s_stride1s-epo,beta
140,-0.0034350079630259666,patient10_window16s_stride1s-epo,beta
141,-0.00314328545917364,patient10_window16s_stride1s-epo,beta
142,-0.004246121056803572,patient10_window16s_stride1s-epo,beta
143,-0.005384577645705186,patient10_window16s_stride1s-epo,beta
144,-0.00518534588534804,patient10_window16s_stride1s-epo,beta
145,-0.004358733437385885,patient10_window16s_stride1s-epo,beta
146,-0.005028770758219906,patient10_window16s_stride1s-epo,beta
147,-0.00591425785624379,patient10_window16s_stride1s-epo,beta
148,-0.0055283425947610055,patient10_window16s_stride1s-epo,beta
149,-0.0043073125269208696,patient10_window16s_stride1s-epo,beta
150,-0.003947170554572061,patient10_window16s_stride1s-epo,beta
151,-0.0031669762721775086,patient10_window16s_stride1s-epo,beta
152,-0.0030466874290672017,patient10_window16s_stride1s-epo,beta
153,-0.004189463751235684,patient10_window16s_stride1s-epo,beta
154,-0.004325909345316489,patient10_window16s_stride1s-epo,beta
155,-0.004504545291693216,patient10_window16s_stride1s-epo,beta
156,-0.004390367488433378,patient10_window16s_stride1s-epo,beta
157,-0.005074761649403624,patient10_window16s_stride1s-epo,beta
158,-0.0052551878193672664,patient10_window16s_stride1s-epo,beta
159,-0.004904646138070721,patient10_window16s_stride1s-epo,beta
160,-0.004860462685456936,patient10_window16s_stride1s-epo,beta
161,-0.005643725658619888,patient10_window16s_stride1s-epo,beta
162,-0.00549450583074178,patient10_window16s_stride1s-epo,beta
163,-0.006191133591888531,patient10_window16s_stride1s-epo,beta
164,-0.005621182602540394,patient10_window16s_stride1s-epo,beta
165,-0.00510820477358248,patient10_window16s_stride1s-epo,beta
166,-0.00469727269455252,patient10_window16s_stride1s-epo,beta
167,-0.005616072763214571,patient10_window16s_stride1s-epo,beta
168,-0.006087525065859699,patient10_window16s_stride1s-epo,beta
169,-0.005546272185536208,patient10_window16s_stride1s-epo,beta
170,-0.005458951788571997,patient10_window16s_stride1s-epo,beta
171,-0.005200922750900679,patient10_window16s_stride1s-epo,beta
172,-0.004429426367247608,patient10_window16s_stride1s-epo,beta
173,-0.0046233160026611115,patient10_window16s_stride1s-epo,beta
174,-0.0042266351099088054,patient10_window16s_stride1s-epo,beta
175,-0.004083143284890906,patient10_window16s_stride1s-epo,beta
176,-0.0032268861093428533,patient10_window16s_stride1s-epo,beta
177,-0.003718354510234615,patient10_window16s_stride1s-epo,beta
178,-0.0034468082161638277,patient10_window16s_stride1s-epo,beta
179,-0.0033346617421647767,patient10_window16s_stride1s-epo,beta
180,-0.003922540089394579,patient10_window16s_stride1s-epo,beta
181,-0.003966820573677756,patient10_window16s_stride1s-epo,beta
182,-0.003314800130634663,patient10_window16s_stride1s-epo,beta
183,-0.002908537398919639,patient10_window16s_stride1s-epo,beta
184,-0.002528362810830998,patient10_window16s_stride1s-epo,beta
185,-0.002789034875379963,patient10_window16s_stride1s-epo,beta
186,-0.002761800263217089,patient10_window16s_stride1s-epo,beta
187,-0.00293575076130171,patient10_window16s_stride1s-epo,beta
188,-0.0033556315570000303,patient10_window16s_stride1s-epo,beta
189,-0.003361235584924665,patient10_window16s_stride1s-epo,beta
190,-0.0030615266940189883,patient10_window16s_stride1s-epo,beta
191,-0.0026370183259448415,patient10_window16s_stride1s-epo,beta
192,-0.003693155443811047,patient10_window16s_stride1s-epo,beta
193,-0.003624284930229686,patient10_window16s_stride1s-epo,beta
194,-0.003119576821901756,patient10_window16s_stride1s-epo,beta
195,-0.0023066068255909312,patient10_window16s_stride1s-epo,beta
196,-0.0032228573240132394,patient10_window16s_stride1s-epo,beta
197,-0.003779748025586137,patient10_window16s_stride1s-epo,beta
198,-0.00358769130962618,patient10_window16s_stride1s-epo,beta
199,-0.004256564882638304,patient10_window16s_stride1s-epo,beta
200,-0.004076639267313188,patient10_window16s_stride1s-epo,beta
201,-0.004903063312353782,patient10_window16s_stride1s-epo,beta
202,-0.005538459516208453,patient10_window16s_stride1s-epo,beta
203,-0.004836310497782722,patient10_window16s_stride1s-epo,beta
204,-0.004985086005018593,patient10_window16s_stride1s-epo,beta
205,-0.005207747715344175,patient10_window16s_stride1s-epo,beta
206,-0.005279689231749144,patient10_window16s_stride1s-epo,beta
207,-0.005569341250264971,patient10_window16s_stride1s-epo,beta
208,-0.005280344605729059,patient10_window16s_stride1s-epo,beta
209,-0.005843967313904139,patient10_window16s_stride1s-epo,beta
210,-0.006325222897287352,patient10_window16s_stride1s-epo,beta
211,-0.005596586902426087,patient10_window16s_stride1s-epo,beta
212,-0.005028815546506147,patient10_window16s_stride1s-epo,beta
213,-0.005223937852196794,patient10_window16s_stride1s-epo,beta
214,-0.005493810768197988,patient10_window16s_stride1s-epo,beta
215,-0.0042893248187711695,patient10_window16s_stride1s-epo,beta
216,-0.004624208378505095,patient10_window16s_stride1s-epo,beta
217,-0.0031634969301782712,patient10_window16s_stride1s-epo,beta
218,-0.0037097804201676613,patient10_window16s_stride1s-epo,beta
219,-0.004069864779077624,patient10_window16s_stride1s-epo,beta
220,-0.004522108028441648,patient10_window16s_stride1s-epo,beta
221,-0.005423448229380558,patient10_window16s_stride1s-epo,beta
222,-0.005692529571936375,patient10_window16s_stride1s-epo,beta
223,-0.005822123628004955,patient10_window16s_stride1s-epo,beta
224,-0.004809538355516539,patient10_window16s_stride1s-epo,beta
225,-0.004452297755081837,patient10_window16s_stride1s-epo,beta
226,-0.005236185374241383,patient10_window16s_stride1s-epo,beta
227,-0.004836446507930731,patient10_window16s_stride1s-epo,beta
228,-0.004933253163685295,patient10_window16s_stride1s-epo,beta
229,-0.004225997514067834,patient10_window16s_stride1s-epo,beta
230,-0.004605170767310635,patient10_window16s_stride1s-epo,beta
231,-0.005246914439883533,patient10_window16s_stride1s-epo,beta
232,-0.006236989069081683,patient10_window16s_stride1s-epo,beta
233,-0.007676110313743839,patient10_window16s_stride1s-epo,beta
234,-0.008237050749042924,patient10_window16s_stride1s-epo,beta
235,-0.007676040811492367,patient10_window16s_stride1s-epo,beta
236,-0.006458576733341205,patient10_window16s_stride1s-epo,beta
237,-0.0060119416882233835,patient10_window16s_stride1s-epo,beta
238,-0.0062148866130433975,patient10_window16s_stride1s-epo,beta
239,-0.006752928438177826,patient10_window16s_stride1s-epo,beta
240,-0.006399310667750979,patient10_window16s_stride1s-epo,beta
241,-0.00598140724153187,patient10_window16s_stride1s-epo,beta
242,-0.0054308006720490114,patient10_window16s_stride1s-epo,beta
243,-0.005873422139618087,patient10_window16s_stride1s-epo,beta
244,-0.005468956773383029,patient10_window16s_stride1s-epo,beta
245,-0.005162920983528953,patient10_window16s_stride1s-epo,beta
246,-0.005894566281663655,patient10_window16s_stride1s-epo,beta
247,-0.005128188424368219,patient10_window16s_stride1s-epo,beta
248,-0.005052358957463738,patient10_window16s_stride1s-epo,beta
249,-0.004769010511367055,patient10_window16s_stride1s-epo,beta
250,-0.003384021310984823,patient10_window16s_stride1s-epo,beta
251,-0.004045727255604025,patient10_window16s_stride1s-epo,beta
252,-0.003400681592084071,patient10_window16s_stride1s-epo,beta
253,-0.0043649039653302565,patient10_window16s_stride1s-epo,beta
254,-0.0036716583265525684,patient10_window16s_stride1s-epo,beta
255,-0.0030044837315463713,patient10_window16s_stride1s-epo,beta
256,-0.003752912746646732,patient10_window16s_stride1s-epo,beta
257,-0.003804183905496893,patient10_window16s_stride1s-epo,beta
258,-0.0029552944632572093,patient10_window16s_stride1s-epo,beta
259,-0.003253837400415183,patient10_window16s_stride1s-epo,beta
260,-0.0037137854998594666,patient10_window16s_stride1s-epo,beta
261,-0.00374546707874692,patient10_window16s_stride1s-epo,beta
262,-0.0039214210674052615,patient10_window16s_stride1s-epo,beta
263,-0.004360132779127348,patient10_window16s_stride1s-epo,beta
264,-0.004611551612590398,patient10_window16s_stride1s-epo,beta
265,-0.0045661020612435075,patient10_window16s_stride1s-epo,beta
266,-0.0040221329684140454,patient10_window16s_stride1s-epo,beta
267,-0.0033808888046771893,patient10_window16s_stride1s-epo,beta
268,-0.004979609177408016,patient10_window16s_stride1s-epo,beta
269,-0.004304866049443727,patient10_window16s_stride1s-epo,beta
270,-0.005320894931563498,patient10_window16s_stride1s-epo,beta
271,-0.005217532196510965,patient10_window16s_stride1s-epo,beta
272,-0.005335117081692703,patient10_window16s_stride1s-epo,beta
273,-0.005466702571745556,patient10_window16s_stride1s-epo,beta
274,-0.006035125247965229,patient10_window16s_stride1s-epo,beta
275,-0.006239551931567197,patient10_window16s_stride1s-epo,beta
276,-0.006672109186629343,patient10_window16s_stride1s-epo,beta
277,-0.006997804631621818,patient10_window16s_stride1s-epo,beta
278,-0.006527225536674688,patient10_window16s_stride1s-epo,beta
279,-0.007279202475791386,patient10_window16s_stride1s-epo,beta
280,-0.007053135611537956,patient10_window16s_stride1s-epo,beta
281,-0.007361193034945573,patient10_window16s_stride1s-epo,beta
282,-0.007142225576741762,patient10_window16s_stride1s-epo,beta
283,-0.006558719522471618,patient10_window16s_stride1s-epo,beta
284,-0.0067163681954947995,patient10_window16s_stride1s-epo,beta
285,-0.0073409035312510945,patient10_window16s_stride1s-epo,beta
286,-0.007830152572076665,patient10_window16s_stride1s-epo,beta
287,-0.007832843518483394,patient10_window16s_stride1s-epo,beta
288,-0.006654163186559173,patient10_window16s_stride1s-epo,beta
289,-0.006160325818909208,patient10_window16s_stride1s-epo,beta
290,-0.005636855070177111,patient10_window16s_stride1s-epo,beta
291,-0.005466583124306363,patient10_window16s_stride1s-epo,beta
292,-0.00424686780341434,patient10_window16s_stride1s-epo,beta
293,-0.003767343984952978,patient10_window16s_stride1s-epo,beta
294,-0.004190838767879429,patient10_window16s_stride1s-epo,beta
295,-0.003663394870506935,patient10_window16s_stride1s-epo,beta
296,-0.0032067963738734596,patient10_window16s_stride1s-epo,beta
297,-0.0036579652376548867,patient10_window16s_stride1s-epo,beta
298,-0.0043061442295817326,patient10_window16s_stride1s-epo,beta
299,-0.004267488618712774,patient10_window16s_stride1s-epo,beta
300,-0.003924839589438292,patient10_window16s_stride1s-epo,beta
301,-0.00535083291051218,patient10_window16s_stride1s-epo,beta
302,-0.00397227396268572,patient10_window16s_stride1s-epo,beta
303,-0.0033062890824847526,patient10_window16s_stride1s-epo,beta
304,-0.002986217056408202,patient10_window16s_stride1s-epo,beta
305,-0.003674724245609824,patient10_window16s_stride1s-epo,beta
306,-0.003930993819757501,patient10_window16s_stride1s-epo,beta
307,-0.004292960620206005,patient10_window16s_stride1s-epo,beta
308,-0.003973513500371925,patient10_window16s_stride1s-epo,beta
309,-0.004260443933721463,patient10_window16s_stride1s-epo,beta
310,-0.0037037479393629206,patient10_window16s_stride1s-epo,beta
311,-0.0034181453551601674,patient10_window16s_stride1s-epo,beta
312,-0.0033119169594639183,patient10_window16s_stride1s-epo,beta
313,-0.002511290705577662,patient10_window16s_stride1s-epo,beta
314,-0.0032617979779207347,patient10_window16s_stride1s-epo,beta
315,-0.0024589530356956633,patient10_window16s_stride1s-epo,beta
316,-0.003070284323258741,patient10_window16s_stride1s-epo,beta
317,-0.00290496914813148,patient10_window16s_stride1s-epo,beta
318,-0.003178687843832274,patient10_window16s_stride1s-epo,beta
319,-0.0031987812077637202,patient10_window16s_stride1s-epo,beta
320,-0.0038517334584200857,patient10_window16s_stride1s-epo,beta
321,-0.0037944596370243795,patient10_window16s_stride1s-epo,beta
322,-0.0037629356316297635,patient10_window16s_stride1s-epo,beta
323,-0.0034964800970731756,patient10_window16s_stride1s-epo,beta
324,-0.004113857073450598,patient10_window16s_stride1s-epo,beta
325,-0.004081507995883338,patient10_window16s_stride1s-epo,beta
326,-0.005189978129424904,patient10_window16s_stride1s-epo,beta
327,-0.00515673008793619,patient10_window16s_stride1s-epo,beta
328,-0.005553281110552479,patient10_window16s_stride1s-epo,beta
329,-0.006369414726753925,patient10_window16s_stride1s-epo,beta
330,-0.005535402955929181,patient10_window16s_stride1s-epo,beta
331,-0.005071533196442132,patient10_window16s_stride1s-epo,beta
332,-0.005070829885934392,patient10_window16s_stride1s-epo,beta
333,-0.005083618586417652,patient10_window16s_stride1s-epo,beta
334,-0.0051344119754846845,patient10_window16s_stride1s-epo,beta
335,-0.006233422104945804,patient10_window16s_stride1s-epo,beta
336,-0.0048452101984907325,patient10_window16s_stride1s-epo,beta
337,-0.005585176453815775,patient10_window16s_stride1s-epo,beta
338,-0.005366712732006975,patient10_window16s_stride1s-epo,beta
339,-0.0047154529828003465,patient10_window16s_stride1s-epo,beta
340,-0.004633681372368821,patient10_window16s_stride1s-epo,beta
341,-0.005305966681943149,patient10_window16s_stride1s-epo,beta
342,-0.0033628687254147346,patient10_window16s_stride1s-epo,beta
343,-0.0025823056540298338,patient10_window16s_stride1s-epo,beta
344,-0.0037576460842859817,patient10_window16s_stride1s-epo,beta
345,-0.0027968582997085515,patient10_window16s_stride1s-epo,beta
346,-0.00312898940760231,patient10_window16s_stride1s-epo,beta
347,-0.0037073691826981017,patient10_window16s_stride1s-epo,beta
348,-0.004442932946373075,patient10_window16s_stride1s-epo,beta
349,-0.0036185559047167875,patient10_window16s_stride1s-epo,beta
350,-0.003711020786068292,patient10_window16s_stride1s-epo,beta
351,-0.0019708478628278317,patient10_window16s_stride1s-epo,beta
352,-0.0018571240959996565,patient10_window16s_stride1s-epo,beta
353,-0.002664570173063325,patient10_window16s_stride1s-epo,beta
354,-0.0029224993103921684,patient10_window16s_stride1s-epo,beta
355,-0.004167770977023128,patient10_window16s_stride1s-epo,beta
356,-0.003984522884729701,patient10_window16s_stride1s-epo,beta
357,-0.003084427507706795,patient10_window16s_stride1s-epo,beta
358,-0.004106214205164015,patient10_window16s_stride1s-epo,beta
359,-0.005439776650375148,patient10_window16s_stride1s-epo,beta
360,-0.00519442417855253,patient10_window16s_stride1s-epo,beta
361,-0.005694607690120292,patient10_window16s_stride1s-epo,beta
362,-0.005990201794262511,patient10_window16s_stride1s-epo,beta
363,-0.005508501562118545,patient10_window16s_stride1s-epo,beta
364,-0.004889192879848725,patient10_window16s_stride1s-epo,beta
365,-0.004768564478553016,patient10_window16s_stride1s-epo,beta
366,-0.0034688581040887446,patient10_window16s_stride1s-epo,beta
367,-0.0037589332596469774,patient10_window16s_stride1s-epo,beta
368,-0.004164787664360807,patient10_window16s_stride1s-epo,beta
369,-0.00400955451215228,patient10_window16s_stride1s-epo,beta
370,-0.0035583709527060516,patient10_window16s_stride1s-epo,beta
371,-0.005020817945938487,patient10_window16s_stride1s-epo,beta
372,-0.0052833364249240036,patient10_window16s_stride1s-epo,beta
373,-0.00522871790489333,patient10_window16s_stride1s-epo,beta
374,-0.004241566228969667,patient10_window16s_stride1s-epo,beta
375,-0.003271596803348049,patient10_window16s_stride1s-epo,beta
376,-0.003177465855029024,patient10_window16s_stride1s-epo,beta
377,-0.0031529043762633523,patient10_window16s_stride1s-epo,beta
378,-0.003174491135275311,patient10_window16s_stride1s-epo,beta
379,-0.001671480904412719,patient10_window16s_stride1s-epo,beta
380,-0.003918679287584072,patient10_window16s_stride1s-epo,beta
381,-0.00478967855278718,patient10_window16s_stride1s-epo,beta
382,-0.003657917581753477,patient10_window16s_stride1s-epo,beta
383,-0.0039487979019532295,patient10_window16s_stride1s-epo,beta
384,-0.0037150976666587327,patient10_window16s_stride1s-epo,beta
385,-0.004308948419832119,patient10_window16s_stride1s-epo,beta
386,-0.004209263925289804,patient10_window16s_stride1s-epo,beta
387,-0.004011284474729718,patient10_window16s_stride1s-epo,beta
388,-0.003456633196507764,patient10_window16s_stride1s-epo,beta
389,-0.002879071981536026,patient10_window16s_stride1s-epo,beta
390,-0.0028071653651195235,patient10_window16s_stride1s-epo,beta
391,-0.0037583311672091404,patient10_window16s_stride1s-epo,beta
392,-0.0031071231010182895,patient10_window16s_stride1s-epo,beta
393,-0.004078219444359981,patient10_window16s_stride1s-epo,beta
394,-0.004364154872386549,patient10_window16s_stride1s-epo,beta
395,-0.003754100696326004,patient10_window16s_stride1s-epo,beta
396,-0.0021710669939884503,patient10_window16s_stride1s-epo,beta
397,-0.001851317551894094,patient10_window16s_stride1s-epo,beta
398,-0.001407976630275572,patient10_window16s_stride1s-epo,beta
399,-0.0023442522601264185,patient10_window16s_stride1s-epo,beta
400,-0.0023167546298172924,patient10_window16s_stride1s-epo,beta
401,-0.002991543876917195,patient10_window16s_stride1s-epo,beta
402,-0.003932832448964641,patient10_window16s_stride1s-epo,beta
403,-0.004235053567229342,patient10_window16s_stride1s-epo,beta
404,-0.003815019451044752,patient10_window16s_stride1s-epo,beta
405,-0.004680755690439368,patient10_window16s_stride1s-epo,beta
406,-0.005810736968675647,patient10_window16s_stride1s-epo,beta
407,-0.0064165014312553255,patient10_window16s_stride1s-epo,beta
408,-0.006453552144918691,patient10_window16s_stride1s-epo,beta
409,-0.005325446546818672,patient10_window16s_stride1s-epo,beta
410,-0.006047415817952403,patient10_window16s_stride1s-epo,beta
411,-0.006308853687593659,patient10_window16s_stride1s-epo,beta
412,-0.006847816513550683,patient10_window16s_stride1s-epo,beta
413,-0.006382630806513058,patient10_window16s_stride1s-epo,beta
414,-0.007494235686523597,patient10_window16s_stride1s-epo,beta
415,-0.0068927945109641345,patient10_window16s_stride1s-epo,beta
416,-0.00708596569951329,patient10_window16s_stride1s-epo,beta
417,-0.007548762371388611,patient10_window16s_stride1s-epo,beta
418,-0.005722458066571348,patient10_window16s_stride1s-epo,beta
419,-0.004599267302850292,patient10_window16s_stride1s-epo,beta
420,-0.0042960057996258355,patient10_window16s_stride1s-epo,beta
421,-0.004483510201434352,patient10_window16s_stride1s-epo,beta
422,-0.0031373613234834895,patient10_window16s_stride1s-epo,beta
423,-0.003911507636736635,patient10_window16s_stride1s-epo,beta
424,-0.00454470707963031,patient10_window16s_stride1s-epo,beta
425,-0.004041871307456924,patient10_window16s_stride1s-epo,beta
426,-0.0033926104342261306,patient10_window16s_stride1s-epo,beta
427,-0.003978676941133848,patient10_window16s_stride1s-epo,beta
428,-0.004122846360580461,patient10_window16s_stride1s-epo,beta
429,-0.004587001128354045,patient10_window16s_stride1s-epo,beta
430,-0.005170866927712522,patient10_window16s_stride1s-epo,beta
431,-0.005644685175532811,patient10_window16s_stride1s-epo,beta
432,-0.004988378202639419,patient10_window16s_stride1s-epo,beta
433,-0.0037598333859477553,patient10_window16s_stride1s-epo,beta
434,-0.0038151107323210844,patient10_window16s_stride1s-epo,beta
435,-0.004111201037121604,patient10_window16s_stride1s-epo,beta
436,-0.004819443327130183,patient10_window16s_stride1s-epo,beta
437,-0.0041911759228733135,patient10_window16s_stride1s-epo,beta
438,-0.005904790567781569,patient10_window16s_stride1s-epo,beta
439,-0.005188151903375294,patient10_window16s_stride1s-epo,beta
440,-0.005036860958185154,patient10_window16s_stride1s-epo,beta
441,-0.004428744213333858,patient10_window16s_stride1s-epo,beta
442,-0.004424486167346343,patient10_window16s_stride1s-epo,beta
443,-0.004755764998699864,patient10_window16s_stride1s-epo,beta
444,-0.0036051159297467443,patient10_window16s_stride1s-epo,beta
445,-0.004918764072364652,patient10_window16s_stride1s-epo,beta
446,-0.005016073123734232,patient10_window16s_stride1s-epo,beta
447,-0.006472298193405901,patient10_window16s_stride1s-epo,beta
448,-0.006395825767393855,patient10_window16s_stride1s-epo,beta
449,-0.006177406058472833,patient10_window16s_stride1s-epo,beta
450,-0.006902202713715527,patient10_window16s_stride1s-epo,beta
451,-0.005681802875128847,patient10_window16s_stride1s-epo,beta
452,-0.006558717782654205,patient10_window16s_stride1s-epo,beta
453,-0.007343425425897634,patient10_window16s_stride1s-epo,beta
454,-0.007937589049032833,patient10_window16s_stride1s-epo,beta
455,-0.009420455324023328,patient10_window16s_stride1s-epo,beta
456,-0.009530984284178225,patient10_window16s_stride1s-epo,beta
457,-0.010001526297742917,patient10_window16s_stride1s-epo,beta
458,-0.009281183985826887,patient10_window16s_stride1s-epo,beta
459,-0.009923441024357537,patient10_window16s_stride1s-epo,beta
460,-0.00968390801879829,patient10_window16s_stride1s-epo,beta
461,-0.00996839878138378,patient10_window16s_stride1s-epo,beta
462,-0.009091491702768701,patient10_window16s_stride1s-epo,beta
463,-0.00848975912099157,patient10_window16s_stride1s-epo,beta
464,-0.007815780225713942,patient10_window16s_stride1s-epo,beta
465,-0.009399732711620777,patient10_window16s_stride1s-epo,beta
466,-0.008781013141941426,patient10_window16s_stride1s-epo,beta
467,-0.010477606424155432,patient10_window16s_stride1s-epo,beta
468,-0.010053084077422407,patient10_window16s_stride1s-epo,beta
469,-0.009706238249753973,patient10_window16s_stride1s-epo,beta
470,-0.008407641492297979,patient10_window16s_stride1s-epo,beta
471,-0.008653400313401304,patient10_window16s_stride1s-epo,beta
472,-0.009196873649698633,patient10_window16s_stride1s-epo,beta
473,-0.007664524574238942,patient10_window16s_stride1s-epo,beta
474,-0.008449659298764975,patient10_window16s_stride1s-epo,beta
475,-0.007689814360581978,patient10_window16s_stride1s-epo,beta
476,-0.007917453605408605,patient10_window16s_stride1s-epo,beta
477,-0.008376163783930558,patient10_window16s_stride1s-epo,beta
478,-0.008959987845835696,patient10_window16s_stride1s-epo,beta
479,-0.007863055221057477,patient10_window16s_stride1s-epo,beta
480,-0.007756848592044393,patient10_window16s_stride1s-epo,beta
481,-0.007111199188926577,patient10_window16s_stride1s-epo,beta
482,-0.006461120855109585,patient10_window16s_stride1s-epo,beta
483,-0.005299949215228248,patient10_window16s_stride1s-epo,beta
484,-0.005054052133353443,patient10_window16s_stride1s-epo,beta
485,-0.005669151454129159,patient10_window16s_stride1s-epo,beta
486,-0.003924976512467069,patient10_window16s_stride1s-epo,beta
487,-0.002471816584597578,patient10_window16s_stride1s-epo,beta
488,-0.002491320979203882,patient10_window16s_stride1s-epo,beta
489,-0.0030303634590867017,patient10_window16s_stride1s-epo,beta
490,-0.0029857086974067804,patient10_window16s_stride1s-epo,beta
491,-0.002635778424530091,patient10_window16s_stride1s-epo,beta
492,-0.00227402475403134,patient10_window16s_stride1s-epo,beta
493,-0.0014836930723900917,patient10_window16s_stride1s-epo,beta
494,-0.0016265853980971714,patient10_window16s_stride1s-epo,beta
495,-0.0017212493124487004,patient10_window16s_stride1s-epo,beta
496,0.0008005625083053682,patient10_window16s_stride1s-epo,beta
497,0.0005761093857722945,patient10_window16s_stride1s-epo,beta
498,-0.0005431464146034073,patient10_window16s_stride1s-epo,beta
499,-0.0007191636670359952,patient10_window16s_stride1s-epo,beta
500,-0.0016687297635279196,patient10_window16s_stride1s-epo,beta
501,-0.0019964854597631864,patient10_window16s_stride1s-epo,beta
502,-0.0020836983455999997,patient10_window16s_stride1s-epo,beta
503,-0.0010668918441575986,patient10_window16s_stride1s-epo,beta
504,-0.0012794678533415763,patient10_window16s_stride1s-epo,beta
505,-0.0017499081989760287,patient10_window16s_stride1s-epo,beta
506,-0.0018413887439367705,patient10_window16s_stride1s-epo,beta
507,-0.000825692334460785,patient10_window16s_stride1s-epo,beta
508,-0.0017652801634143007,patient10_window16s_stride1s-epo,beta
509,-0.0020920941426327442,patient10_window16s_stride1s-epo,beta
510,-0.0019547363986785415,patient10_window16s_stride1s-epo,beta
511,-0.002512232869891637,patient10_window16s_stride1s-epo,beta
512,-0.0022206343021201167,patient10_window16s_stride1s-epo,beta
513,-0.0035323923444785356,patient10_window16s_stride1s-epo,beta
514,-0.002327397659786308,patient10_window16s_stride1s-epo,beta
515,-0.001926469770364195,patient10_window16s_stride1s-epo,beta
516,-0.0007948352120886444,patient10_window16s_stride1s-epo,beta
517,-0.001518017809353068,patient10_window16s_stride1s-epo,beta
518,-0.0023970177261587013,patient10_window16s_stride1s-epo,beta
519,-0.0036859274934726706,patient10_window16s_stride1s-epo,beta
520,-0.0031328955133722663,patient10_window16s_stride1s-epo,beta
521,-0.0034321348639744587,patient10_window16s_stride1s-epo,beta
522,-0.002950622319027588,patient10_window16s_stride1s-epo,beta
523,-0.0036147686020187833,patient10_window16s_stride1s-epo,beta
524,-0.003817133032854527,patient10_window16s_stride1s-epo,beta
525,-0.0041296113526165254,patient10_window16s_stride1s-epo,beta
526,-0.003915785218670393,patient10_window16s_stride1s-epo,beta
527,-0.0038203140334538742,patient10_window16s_stride1s-epo,beta
528,-0.004014944994358762,patient10_window16s_stride1s-epo,beta
529,-0.004704949507787532,patient10_window16s_stride1s-epo,beta
530,-0.0047704161572896635,patient10_window16s_stride1s-epo,beta
531,-0.004410330034929911,patient10_window16s_stride1s-epo,beta
532,-0.0033179317109342374,patient10_window16s_stride1s-epo,beta
533,-0.0023375029106677265,patient10_window16s_stride1s-epo,beta
534,-0.0018938367542041894,patient10_window16s_stride1s-epo,beta
535,-0.0027222905830785998,patient10_window16s_stride1s-epo,beta
536,-0.002929794545952352,patient10_window16s_stride1s-epo,beta
537,-0.002374424299216799,patient10_window16s_stride1s-epo,beta
538,-0.0025561462851149,patient10_window16s_stride1s-epo,beta
539,-0.002558857105394528,patient10_window16s_stride1s-epo,beta
540,-0.0020413833323544663,patient10_window16s_stride1s-epo,beta
541,-0.0013894086385169734,patient10_window16s_stride1s-epo,beta
542,-0.0007611369467047065,patient10_window16s_stride1s-epo,beta
543,-0.0022592156879520098,patient10_window16s_stride1s-epo,beta
544,-0.001781737624290977,patient10_window16s_stride1s-epo,beta
545,-0.0013951040875239177,patient10_window16s_stride1s-epo,beta
546,-0.0011502226767895227,patient10_window16s_stride1s-epo,beta
547,-0.000871278538995169,patient10_window16s_stride1s-epo,beta
548,-0.0014897346888328165,patient10_window16s_stride1s-epo,beta
549,-0.00158362001288453,patient10_window16s_stride1s-epo,beta
550,-0.0011775993518404625,patient10_window16s_stride1s-epo,beta
551,-0.0010630721181097292,patient10_window16s_stride1s-epo,beta
552,-0.00043124840592060774,patient10_window16s_stride1s-epo,beta
553,-0.0004958816364477797,patient10_window16s_stride1s-epo,beta
554,1.2079806711096388e-05,patient10_window16s_stride1s-epo,beta
555,-0.001287701388312239,patient10_window16s_stride1s-epo,beta
556,-0.0012274567501253857,patient10_window16s_stride1s-epo,beta
557,-0.0011651693314385857,patient10_window16s_stride1s-epo,beta
558,-0.0013849991153081318,patient10_window16s_stride1s-epo,beta
559,-0.001058639954464052,patient10_window16s_stride1s-epo,beta
560,-0.002463149929705935,patient10_window16s_stride1s-epo,beta
561,-0.0021944192565423208,patient10_window16s_stride1s-epo,beta
562,-0.002611182633716421,patient10_window16s_stride1s-epo,beta
563,-0.0037315058094359805,patient10_window16s_stride1s-epo,beta
564,-0.00344832597017111,patient10_window16s_stride1s-epo,beta
565,-0.004326788365082406,patient10_window16s_stride1s-epo,beta
566,-0.004635628554391693,patient10_window16s_stride1s-epo,beta
567,-0.003715989271611382,patient10_window16s_stride1s-epo,beta
568,-0.003374373157747392,patient10_window16s_stride1s-epo,beta
569,-0.0034761983753462916,patient10_window16s_stride1s-epo,beta
570,-0.004408509300073834,patient10_window16s_stride1s-epo,beta
571,-0.004586659508306323,patient10_window16s_stride1s-epo,beta
572,-0.0034794307503636106,patient10_window16s_stride1s-epo,beta
573,-0.004142015220646402,patient10_window16s_stride1s-epo,beta
574,-0.004481508476625209,patient10_window16s_stride1s-epo,beta
575,-0.004611343848006627,patient10_window16s_stride1s-epo,beta
576,-0.004418725395281803,patient10_window16s_stride1s-epo,beta
577,-0.0034610847836258458,patient10_window16s_stride1s-epo,beta
578,-0.003323562914857824,patient10_window16s_stride1s-epo,beta
579,-0.0034915557138382614,patient10_window16s_stride1s-epo,beta
580,-0.003504678788326457,patient10_window16s_stride1s-epo,beta
581,-0.0030305274830522114,patient10_window16s_stride1s-epo,beta
582,-0.0035935458463252547,patient10_window16s_stride1s-epo,beta
583,-0.003360465828708658,patient10_window16s_stride1s-epo,beta
584,-0.003155686523559479,patient10_window16s_stride1s-epo,beta
585,-0.003882175385801965,patient10_window16s_stride1s-epo,beta
586,-0.003911909216178127,patient10_window16s_stride1s-epo,beta
587,-0.002970381359041922,patient10_window16s_stride1s-epo,beta
588,-0.0022472876258400943,patient10_window16s_stride1s-epo,beta
589,-0.002362094605364367,patient10_window16s_stride1s-epo,beta
590,-0.0020104205405165948,patient10_window16s_stride1s-epo,beta
591,-0.0013818563310615357,patient10_window16s_stride1s-epo,beta
592,-0.0013848321590697755,patient10_window16s_stride1s-epo,beta
593,-0.0031591351647076355,patient10_window16s_stride1s-epo,beta
594,-0.0025434104870891458,patient10_window16s_stride1s-epo,beta
595,-0.002721393989621216,patient10_window16s_stride1s-epo,beta
596,-0.003405571490957138,patient10_window16s_stride1s-epo,beta
597,-0.0031351171802240525,patient10_window16s_stride1s-epo,beta
598,-0.004012579383308146,patient10_window16s_stride1s-epo,beta
599,-0.003560623116987978,patient10_window16s_stride1s-epo,beta
600,-0.0031873622099798096,patient10_window16s_stride1s-epo,beta
601,-0.003555047494147065,patient10_window16s_stride1s-epo,beta
602,-0.002847302300275519,patient10_window16s_stride1s-epo,beta
603,-0.0039015734427382273,patient10_window16s_stride1s-epo,beta
604,-0.003254945777881112,patient10_window16s_stride1s-epo,beta
605,-0.0030203067425337757,patient10_window16s_stride1s-epo,beta
606,-0.0026139132250662814,patient10_window16s_stride1s-epo,beta
607,-0.00375242538075405,patient10_window16s_stride1s-epo,beta
608,-0.0032466830140764438,patient10_window16s_stride1s-epo,beta
609,-0.0036856374808962394,patient10_window16s_stride1s-epo,beta
610,-0.003637277477649876,patient10_window16s_stride1s-epo,beta
611,-0.004162851301300746,patient10_window16s_stride1s-epo,beta
612,-0.0035292102394252167,patient10_window16s_stride1s-epo,beta
613,-0.0032024174737329577,patient10_window16s_stride1s-epo,beta
614,-0.0030934440897212733,patient10_window16s_stride1s-epo,beta
615,-0.0026176323654171,patient10_window16s_stride1s-epo,beta
616,-0.00292143381449912,patient10_window16s_stride1s-epo,beta
617,-0.002808895966114256,patient10_window16s_stride1s-epo,beta
618,-0.0023864943575842073,patient10_window16s_stride1s-epo,beta
619,-0.0025001070073503314,patient10_window16s_stride1s-epo,beta
620,-0.0025773970434134937,patient10_window16s_stride1s-epo,beta
621,-0.0036756330377738585,patient10_window16s_stride1s-epo,beta
622,-0.0033524954569202903,patient10_window16s_stride1s-epo,beta
623,-0.002516807998018921,patient10_window16s_stride1s-epo,beta
624,-0.0028167106614260112,patient10_window16s_stride1s-epo,beta
625,-0.0034973682179384818,patient10_window16s_stride1s-epo,beta
626,-0.0021677310168890665,patient10_window16s_stride1s-epo,beta
627,-0.0023981403191260754,patient10_window16s_stride1s-epo,beta
628,-0.003924865125863955,patient10_window16s_stride1s-epo,beta
629,-0.0038467309911970004,patient10_window16s_stride1s-epo,beta
630,-0.0032719172264034286,patient10_window16s_stride1s-epo,beta
631,-0.0030841062326023693,patient10_window16s_stride1s-epo,beta
632,-0.0032591399369233925,patient10_window16s_stride1s-epo,beta
633,-0.0017647680169647338,patient10_window16s_stride1s-epo,beta
634,-0.0022555175050557328,patient10_window16s_stride1s-epo,beta
635,-0.0026859004863242766,patient10_window16s_stride1s-epo,beta
636,-0.0024279368342732567,patient10_window16s_stride1s-epo,beta
637,-0.0024715985657870034,patient10_window16s_stride1s-epo,beta
638,-0.0025101693569655375,patient10_window16s_stride1s-epo,beta
639,-0.002164529251626552,patient10_window16s_stride1s-epo,beta
640,-0.0025173953865865687,patient10_window16s_stride1s-epo,beta
641,-0.0024039000892491728,patient10_window16s_stride1s-epo,beta
642,-0.003293203400778402,patient10_window16s_stride1s-epo,beta
643,-0.003476976469201529,patient10_window16s_stride1s-epo,beta
644,-0.004355638691417514,patient10_window16s_stride1s-epo,beta
645,-0.0038933733493625,patient10_window16s_stride1s-epo,beta
646,-0.0043722163920377225,patient10_window16s_stride1s-epo,beta
647,-0.004240373273837585,patient10_window16s_stride1s-epo,beta
648,-0.004120904276654936,patient10_window16s_stride1s-epo,beta
649,-0.0047698071288607,patient10_window16s_stride1s-epo,beta
650,-0.004361397054833591,patient10_window16s_stride1s-epo,beta
651,-0.00391908787059607,patient10_window16s_stride1s-epo,beta
652,-0.003863527962358202,patient10_window16s_stride1s-epo,beta
653,-0.0032260341657521173,patient10_window16s_stride1s-epo,beta
654,-0.003751963265476409,patient10_window16s_stride1s-epo,beta
655,-0.0039900100417779236,patient10_window16s_stride1s-epo,beta
656,-0.004142862435279912,patient10_window16s_stride1s-epo,beta
657,-0.003132302686600785,patient10_window16s_stride1s-epo,beta
658,-0.002918341026744599,patient10_window16s_stride1s-epo,beta
659,-0.0022345603683038597,patient10_window16s_stride1s-epo,beta
660,-0.003043477997123381,patient10_window16s_stride1s-epo,beta
661,-0.003282810804422741,patient10_window16s_stride1s-epo,beta
662,-0.0029442934587470574,patient10_window16s_stride1s-epo,beta
663,-0.0038995599943141275,patient10_window16s_stride1s-epo,beta
664,-0.0034154022577802144,patient10_window16s_stride1s-epo,beta
665,-0.0037216245952961216,patient10_window16s_stride1s-epo,beta
666,-0.002493234432327908,patient10_window16s_stride1s-epo,beta
667,-0.004421715542725179,patient10_window16s_stride1s-epo,beta
668,-0.003280451287023014,patient10_window16s_stride1s-epo,beta
669,-0.0034926444035288896,patient10_window16s_stride1s-epo,beta
670,-0.003764839411720637,patient10_window16s_stride1s-epo,beta
671,-0.004915405705723654,patient10_window16s_stride1s-epo,beta
672,-0.005982576196239323,patient10_window16s_stride1s-epo,beta
673,-0.005903382288293812,patient10_window16s_stride1s-epo,beta
674,-0.004875540737531186,patient10_window16s_stride1s-epo,beta
675,-0.006202047486478794,patient10_window16s_stride1s-epo,beta
676,-0.004388320661578296,patient10_window16s_stride1s-epo,beta
677,-0.004893419210132909,patient10_window16s_stride1s-epo,beta
678,-0.0047604760609700186,patient10_window16s_stride1s-epo,beta
679,-0.004445702413056139,patient10_window16s_stride1s-epo,beta
680,-0.003825607163777723,patient10_window16s_stride1s-epo,beta
681,-0.003887824391617543,patient10_window16s_stride1s-epo,beta
682,-0.0039094687363274575,patient10_window16s_stride1s-epo,beta
683,-0.003781499527679901,patient10_window16s_stride1s-epo,beta
684,-0.00409816414370639,patient10_window16s_stride1s-epo,beta
685,-0.004367737856037986,patient10_window16s_stride1s-epo,beta
686,-0.0035857960685482556,patient10_window16s_stride1s-epo,beta
687,-0.0029658702208960165,patient10_window16s_stride1s-epo,beta
688,-0.0027855994643592253,patient10_window16s_stride1s-epo,beta
689,-0.003058492501094551,patient10_window16s_stride1s-epo,beta
690,-0.003010010559420103,patient10_window16s_stride1s-epo,beta
691,-0.002533167786479028,patient10_window16s_stride1s-epo,beta
692,-0.002395141323092979,patient10_window16s_stride1s-epo,beta
693,-0.0024754830068453673,patient10_window16s_stride1s-epo,beta
694,-0.0037368028976113247,patient10_window16s_stride1s-epo,beta
695,-0.0030951033614520515,patient10_window16s_stride1s-epo,beta
696,-0.002671900719897232,patient10_window16s_stride1s-epo,beta
697,-0.004832290539551464,patient10_window16s_stride1s-epo,beta
698,-0.005044169976398455,patient10_window16s_stride1s-epo,beta
699,-0.0043877198395105305,patient10_window16s_stride1s-epo,beta
700,-0.003314011401567074,patient10_window16s_stride1s-epo,beta
701,-0.003154691157373041,patient10_window16s_stride1s-epo,beta
702,-0.003890060815770342,patient10_window16s_stride1s-epo,beta
703,-0.003439329124973469,patient10_window16s_stride1s-epo,beta
704,-0.0038860118367609535,patient10_window16s_stride1s-epo,beta
705,-0.0037609347428297227,patient10_window16s_stride1s-epo,beta
706,-0.003643913518527327,patient10_window16s_stride1s-epo,beta
707,-0.0042221450583965385,patient10_window16s_stride1s-epo,beta
708,-0.004145468235532743,patient10_window16s_stride1s-epo,beta
709,-0.0047438944443492165,patient10_window16s_stride1s-epo,beta
710,-0.00511033970756773,patient10_window16s_stride1s-epo,beta
711,-0.004954746522857294,patient10_window16s_stride1s-epo,beta
712,-0.004583003951180455,patient10_window16s_stride1s-epo,beta
713,-0.004124098596384213,patient10_window16s_stride1s-epo,beta
714,-0.0048127970787698714,patient10_window16s_stride1s-epo,beta
715,-0.004835788338527102,patient10_window16s_stride1s-epo,beta
716,-0.0053410499937356,patient10_window16s_stride1s-epo,beta
717,-0.005316201518480819,patient10_window16s_stride1s-epo,beta
718,-0.004890254580330325,patient10_window16s_stride1s-epo,beta
719,-0.004060124624393067,patient10_window16s_stride1s-epo,beta
720,-0.00481274058561664,patient10_window16s_stride1s-epo,beta
721,-0.004597475111485169,patient10_window16s_stride1s-epo,beta
722,-0.004782272580682506,patient10_window16s_stride1s-epo,beta
723,-0.005091830024613162,patient10_window16s_stride1s-epo,beta
724,-0.0037677067326944416,patient10_window16s_stride1s-epo,beta
725,-0.004681166580954792,patient10_window16s_stride1s-epo,beta
726,-0.00517912141876153,patient10_window16s_stride1s-epo,beta
727,-0.005539948532948647,patient10_window16s_stride1s-epo,beta
728,-0.005313668441143564,patient10_window16s_stride1s-epo,beta
729,-0.004680128040493739,patient10_window16s_stride1s-epo,beta
730,-0.0035613565696724133,patient10_window16s_stride1s-epo,beta
731,-0.0038258205498076106,patient10_window16s_stride1s-epo,beta
732,-0.0050262981848532146,patient10_window16s_stride1s-epo,beta
733,-0.005434068860119907,patient10_window16s_stride1s-epo,beta
734,-0.0045133543035693275,patient10_window16s_stride1s-epo,beta
735,-0.005038141348819819,patient10_window16s_stride1s-epo,beta
736,-0.00482879228688358,patient10_window16s_stride1s-epo,beta
737,-0.005107693507681625,patient10_window16s_stride1s-epo,beta
738,-0.004114955977396349,patient10_window16s_stride1s-epo,beta
739,-0.003947311838468641,patient10_window16s_stride1s-epo,beta
740,-0.005494961558110116,patient10_window16s_stride1s-epo,beta
741,-0.004747682174174506,patient10_window16s_stride1s-epo,beta
742,-0.003685560830959617,patient10_window16s_stride1s-epo,beta
743,-0.003185416233881503,patient10_window16s_stride1s-epo,beta
744,-0.003788249709444485,patient10_window16s_stride1s-epo,beta
745,-0.0043896626704108994,patient10_window16s_stride1s-epo,beta
746,-0.005441059474412314,patient10_window16s_stride1s-epo,beta
747,-0.005185406011861699,patient10_window16s_stride1s-epo,beta
748,-0.004044531906801569,patient10_window16s_stride1s-epo,beta
749,-0.002142966196966877,patient10_window16s_stride1s-epo,beta
750,-0.00362016615299089,patient10_window16s_stride1s-epo,beta
751,-0.0036522720443465,patient10_window16s_stride1s-epo,beta
752,-0.004367109346578565,patient10_window16s_stride1s-epo,beta
753,-0.004846356513226811,patient10_window16s_stride1s-epo,beta
754,-0.004037221388373569,patient10_window16s_stride1s-epo,beta
755,-0.0035035866001802652,patient10_window16s_stride1s-epo,beta
756,-0.002560719578571315,patient10_window16s_stride1s-epo,beta
757,-0.0032034841342807522,patient10_window16s_stride1s-epo,beta
758,-0.0029435471045099397,patient10_window16s_stride1s-epo,beta
759,-0.0036921947961977533,patient10_window16s_stride1s-epo,beta
760,-0.004280619781925599,patient10_window16s_stride1s-epo,beta
761,-0.004221899502692131,patient10_window16s_stride1s-epo,beta
762,-0.004341533550933179,patient10_window16s_stride1s-epo,beta
763,-0.00428767468162319,patient10_window16s_stride1s-epo,beta
764,-0.0037973082403510764,patient10_window16s_stride1s-epo,beta
765,-0.002500781493350461,patient10_window16s_stride1s-epo,beta
766,-0.0034879038650744106,patient10_window16s_stride1s-epo,beta
767,-0.0037385936397972886,patient10_window16s_stride1s-epo,beta
768,-0.0034829898708853093,patient10_window16s_stride1s-epo,beta
769,-0.0022462671794811046,patient10_window16s_stride1s-epo,beta
770,-0.0036120872509955403,patient10_window16s_stride1s-epo,beta
771,-0.0029529819386896147,patient10_window16s_stride1s-epo,beta
772,-0.0037621760751739217,patient10_window16s_stride1s-epo,beta
773,-0.00350362366710131,patient10_window16s_stride1s-epo,beta
774,-0.0040025545107164745,patient10_window16s_stride1s-epo,beta
775,-0.0037184386657211767,patient10_window16s_stride1s-epo,beta
776,-0.0028292742247398492,patient10_window16s_stride1s-epo,beta
777,-0.002456767179980505,patient10_window16s_stride1s-epo,beta
778,-0.0030646077276429177,patient10_window16s_stride1s-epo,beta
779,-0.0027359743654302784,patient10_window16s_stride1s-epo,beta
780,-0.002682439517214483,patient10_window16s_stride1s-epo,beta
781,-0.002865198754449405,patient10_window16s_stride1s-epo,beta
782,-0.003759575892053041,patient10_window16s_stride1s-epo,beta
783,-0.004183284072498385,patient10_window16s_stride1s-epo,beta
784,-0.00429861406791714,patient10_window16s_stride1s-epo,beta
785,-0.004067299385037837,patient10_window16s_stride1s-epo,beta
786,-0.003921537426175467,patient10_window16s_stride1s-epo,beta
787,-0.00479531481153132,patient10_window16s_stride1s-epo,beta
788,-0.005099182477250547,patient10_window16s_stride1s-epo,beta
789,-0.004432981920830869,patient10_window16s_stride1s-epo,beta
790,-0.0040892603586262935,patient10_window16s_stride1s-epo,beta
791,-0.0041700647301827,patient10_window16s_stride1s-epo,beta
792,-0.0046636258082201724,patient10_window16s_stride1s-epo,beta
793,-0.004717112797458048,patient10_window16s_stride1s-epo,beta
794,-0.004714600450904482,patient10_window16s_stride1s-epo,beta
795,-0.004485119834541731,patient10_window16s_stride1s-epo,beta
796,-0.005225878803433548,patient10_window16s_stride1s-epo,beta
797,-0.004272772154669771,patient10_window16s_stride1s-epo,beta
798,-0.004236450616236518,patient10_window16s_stride1s-epo,beta
799,-0.003917146661432526,patient10_window16s_stride1s-epo,beta
800,-0.00373991011636368,patient10_window16s_stride1s-epo,beta
801,-0.004558302280594338,patient10_window16s_stride1s-epo,beta
802,-0.005101682159867598,patient10_window16s_stride1s-epo,beta
803,-0.0046175466543008255,patient10_window16s_stride1s-epo,beta
804,-0.003683085543651913,patient10_window16s_stride1s-epo,beta
805,-0.0035860396449979206,patient10_window16s_stride1s-epo,beta
806,-0.0033970305848810916,patient10_window16s_stride1s-epo,beta
807,-0.0025826654109854324,patient10_window16s_stride1s-epo,beta
808,-0.0034697298399475503,patient10_window16s_stride1s-epo,beta
809,-0.0043352824493443996,patient10_window16s_stride1s-epo,beta
810,-0.0033889995670816236,patient10_window16s_stride1s-epo,beta
811,-0.004334494157535717,patient10_window16s_stride1s-epo,beta
812,-0.004092461169305998,patient10_window16s_stride1s-epo,beta
813,-0.004870805531208855,patient10_window16s_stride1s-epo,beta
814,-0.005082326085064369,patient10_window16s_stride1s-epo,beta
815,-0.005347059083602752,patient10_window16s_stride1s-epo,beta
816,-0.004750264717291692,patient10_window16s_stride1s-epo,beta
817,-0.005184605498468517,patient10_window16s_stride1s-epo,beta
818,-0.003979687405961315,patient10_window16s_stride1s-epo,beta
819,-0.004990175399711933,patient10_window16s_stride1s-epo,beta
820,-0.005126922099874865,patient10_window16s_stride1s-epo,beta
821,-0.004910747847001015,patient10_window16s_stride1s-epo,beta
822,-0.005090575248332278,patient10_window16s_stride1s-epo,beta
823,-0.004800536587201661,patient10_window16s_stride1s-epo,beta
824,-0.004326531099927831,patient10_window16s_stride1s-epo,beta
825,-0.0034694386063294693,patient10_window16s_stride1s-epo,beta
826,-0.00420505959604441,patient10_window16s_stride1s-epo,beta
827,-0.0039034884578095334,patient10_window16s_stride1s-epo,beta
828,-0.0043181233197474,patient10_window16s_stride1s-epo,beta
829,-0.004720343635342941,patient10_window16s_stride1s-epo,beta
830,-0.005314508311426045,patient10_window16s_stride1s-epo,beta
831,-0.00490322290170794,patient10_window16s_stride1s-epo,beta
832,-0.005844427567858355,patient10_window16s_stride1s-epo,beta
833,-0.005928691756401391,patient10_window16s_stride1s-epo,beta
834,-0.004667058786467822,patient10_window16s_stride1s-epo,beta
835,-0.005076713365718094,patient10_window16s_stride1s-epo,beta
836,-0.0055214568424391906,patient10_window16s_stride1s-epo,beta
837,-0.004986317147560766,patient10_window16s_stride1s-epo,beta
838,-0.00593417790766353,patient10_window16s_stride1s-epo,beta
839,-0.006204003559836845,patient10_window16s_stride1s-epo,beta
840,-0.006129198470096361,patient10_window16s_stride1s-epo,beta
841,-0.005748431162013365,patient10_window16s_stride1s-epo,beta
842,-0.005938419773844139,patient10_window16s_stride1s-epo,beta
843,-0.0056686933597186176,patient10_window16s_stride1s-epo,beta
844,-0.005652402235510471,patient10_window16s_stride1s-epo,beta
845,-0.005098523921168129,patient10_window16s_stride1s-epo,beta
846,-0.0048568391025888905,patient10_window16s_stride1s-epo,beta
847,-0.00519287982080923,patient10_window16s_stride1s-epo,beta
848,-0.005443070870820301,patient10_window16s_stride1s-epo,beta
849,-0.005051213231478287,patient10_window16s_stride1s-epo,beta
850,-0.005428526707845006,patient10_window16s_stride1s-epo,beta
851,-0.004895204526786989,patient10_window16s_stride1s-epo,beta
852,-0.004887425385174725,patient10_window16s_stride1s-epo,beta
853,-0.00580935970871596,patient10_window16s_stride1s-epo,beta
854,-0.005055831229367862,patient10_window16s_stride1s-epo,beta
855,-0.004030695814058647,patient10_window16s_stride1s-epo,beta
856,-0.003551123692927593,patient10_window16s_stride1s-epo,beta
857,-0.004269081853464811,patient10_window16s_stride1s-epo,beta
858,-0.003319478374830173,patient10_window16s_stride1s-epo,beta
859,-0.003441020054163164,patient10_window16s_stride1s-epo,beta
860,-0.0025321321700259095,patient10_window16s_stride1s-epo,beta
861,-0.0012668504268996304,patient10_window16s_stride1s-epo,beta
862,-0.0016901740208431462,patient10_window16s_stride1s-epo,beta
863,-0.0010283725386317436,patient10_window16s_stride1s-epo,beta
864,-0.0005357108267418566,patient10_window16s_stride1s-epo,beta
865,-8.559466549320424e-05,patient10_window16s_stride1s-epo,beta
866,-0.0006510730601822353,patient10_window16s_stride1s-epo,beta
867,-0.0008220872967804314,patient10_window16s_stride1s-epo,beta
868,-0.0003177715943065743,patient10_window16s_stride1s-epo,beta
869,-0.0009811765695745575,patient10_window16s_stride1s-epo,beta
870,-0.000803695684087758,patient10_window16s_stride1s-epo,beta
871,-0.0014385369410041026,patient10_window16s_stride1s-epo,beta
872,-0.00195954924377377,patient10_window16s_stride1s-epo,beta
873,-0.0010552696841327998,patient10_window16s_stride1s-epo,beta
874,-0.0020270322794105114,patient10_window16s_stride1s-epo,beta
875,-0.001674259274506219,patient10_window16s_stride1s-epo,beta
876,-0.0017858602364143417,patient10_window16s_stride1s-epo,beta
877,-0.0030799713459412907,patient10_window16s_stride1s-epo,beta
878,-0.0033477236213033607,patient10_window16s_stride1s-epo,beta
879,-0.002384084314455628,patient10_window16s_stride1s-epo,beta
880,-0.002222517100139413,patient10_window16s_stride1s-epo,beta
881,-0.001843025905389716,patient10_window16s_stride1s-epo,beta
882,-0.0025293403265155413,patient10_window16s_stride1s-epo,beta
883,-0.0033266241704061335,patient10_window16s_stride1s-epo,beta
884,-0.003407261865072327,patient10_window16s_stride1s-epo,beta
885,-0.002205146469102209,patient10_window16s_stride1s-epo,beta
886,-0.002334313136851478,patient10_window16s_stride1s-epo,beta
887,-0.0021345389365506223,patient10_window16s_stride1s-epo,beta
888,-0.0014911914442755827,patient10_window16s_stride1s-epo,beta
889,-0.0019260359838520705,patient10_window16s_stride1s-epo,beta
890,-0.002161281582545204,patient10_window16s_stride1s-epo,beta
891,-0.002409684582548354,patient10_window16s_stride1s-epo,beta
892,-0.0020486399661804175,patient10_window16s_stride1s-epo,beta
893,-0.002000865182818083,patient10_window16s_stride1s-epo,beta
894,-0.001915369114010029,patient10_window16s_stride1s-epo,beta
895,-0.002364525465865108,patient10_window16s_stride1s-epo,beta
896,-0.003348071402631522,patient10_window16s_stride1s-epo,beta
897,-0.004499085919136511,patient10_window16s_stride1s-epo,beta
898,-0.003312695835588384,patient10_window16s_stride1s-epo,beta
899,-0.002709317675447554,patient10_window16s_stride1s-epo,beta
900,-0.0028852101800161812,patient10_window16s_stride1s-epo,beta
901,-0.0029924460379665463,patient10_window16s_stride1s-epo,beta
902,-0.0033070068960143455,patient10_window16s_stride1s-epo,beta
903,-0.0036071335370171024,patient10_window16s_stride1s-epo,beta
904,-0.002696604719864919,patient10_window16s_stride1s-epo,beta
905,-0.0034601018220434716,patient10_window16s_stride1s-epo,beta
906,-0.002640681533836816,patient10_window16s_stride1s-epo,beta
907,-0.0025482409645319446,patient10_window16s_stride1s-epo,beta
908,-0.0030115941458765784,patient10_window16s_stride1s-epo,beta
909,-0.0016741724068770442,patient10_window16s_stride1s-epo,beta
910,-0.00203314541876024,patient10_window16s_stride1s-epo,beta
911,-0.001919378971231945,patient10_window16s_stride1s-epo,beta
912,-0.00234468079063781,patient10_window16s_stride1s-epo,beta
913,-0.002090952460677864,patient10_window16s_stride1s-epo,beta
914,-0.003448966185840605,patient10_window16s_stride1s-epo,beta
915,-0.002594811760614461,patient10_window16s_stride1s-epo,beta
916,-0.0013314731315447724,patient10_window16s_stride1s-epo,beta
917,-0.0010330119611020872,patient10_window16s_stride1s-epo,beta
918,-0.0012162868785337995,patient10_window16s_stride1s-epo,beta
919,-0.0012847491877492128,patient10_window16s_stride1s-epo,beta
920,-0.001717828683986112,patient10_window16s_stride1s-epo,beta
921,-0.0016722077604287735,patient10_window16s_stride1s-epo,beta
922,-0.001597850975910036,patient10_window16s_stride1s-epo,beta
923,-0.0007339945734253466,patient10_window16s_stride1s-epo,beta
924,-0.001212478455756361,patient10_window16s_stride1s-epo,beta
925,-0.0016339626719301425,patient10_window16s_stride1s-epo,beta
926,-0.0019253182110319672,patient10_window16s_stride1s-epo,beta
927,-0.0016439401702247891,patient10_window16s_stride1s-epo,beta
928,-0.0005573339896761713,patient10_window16s_stride1s-epo,beta
929,-0.0002341283817556982,patient10_window16s_stride1s-epo,beta
930,-0.0003303045751285933,patient10_window16s_stride1s-epo,beta
931,-0.0006620231671246188,patient10_window16s_stride1s-epo,beta
932,-0.0004585862382193358,patient10_window16s_stride1s-epo,beta
933,-0.0013683785073546355,patient10_window16s_stride1s-epo,beta
934,-0.001367691650170732,patient10_window16s_stride1s-epo,beta
935,-0.001041385599242239,patient10_window16s_stride1s-epo,beta
936,-0.0006797416817097326,patient10_window16s_stride1s-epo,beta
937,-0.0014388687386993496,patient10_window16s_stride1s-epo,beta
938,-0.0015402108755612062,patient10_window16s_stride1s-epo,beta
939,-0.002855425589673732,patient10_window16s_stride1s-epo,beta
940,-0.0018729466235130453,patient10_window16s_stride1s-epo,beta
941,-0.0034196756573919396,patient10_window16s_stride1s-epo,beta
942,-0.0029065661569300217,patient10_window16s_stride1s-epo,beta
943,-0.0035197910095868252,patient10_window16s_stride1s-epo,beta
944,-0.004614076428549458,patient10_window16s_stride1s-epo,beta
945,-0.00473799362894817,patient10_window16s_stride1s-epo,beta
946,-0.0030087327761278418,patient10_window16s_stride1s-epo,beta
947,-0.002713949411678308,patient10_window16s_stride1s-epo,beta
948,-0.0025298819853562947,patient10_window16s_stride1s-epo,beta
949,-0.0025468103627225114,patient10_window16s_stride1s-epo,beta
950,-0.0034905620221772344,patient10_window16s_stride1s-epo,beta
951,-0.003328053499639395,patient10_window16s_stride1s-epo,beta
952,-0.0032612714720050046,patient10_window16s_stride1s-epo,beta
953,-0.002586594340132121,patient10_window16s_stride1s-epo,beta
954,-0.0025920760530270958,patient10_window16s_stride1s-epo,beta
955,-0.0037704276506393096,patient10_window16s_stride1s-epo,beta
956,-0.002448292965526917,patient10_window16s_stride1s-epo,beta
957,-0.002154747460685074,patient10_window16s_stride1s-epo,beta
958,-0.001446321077278502,patient10_window16s_stride1s-epo,beta
959,-0.0012374030928673791,patient10_window16s_stride1s-epo,beta
960,-0.0012420882744641412,patient10_window16s_stride1s-epo,beta
961,-0.0007662157782864609,patient10_window16s_stride1s-epo,beta
962,-0.0010172612800081538,patient10_window16s_stride1s-epo,beta
963,-0.0013271737949571596,patient10_window16s_stride1s-epo,beta
964,-0.0010769558594076539,patient10_window16s_stride1s-epo,beta
965,-0.0018629249590451243,patient10_window16s_stride1s-epo,beta
966,-0.002196306938672237,patient10_window16s_stride1s-epo,beta
967,-0.0016625040758346701,patient10_window16s_stride1s-epo,beta
968,-0.0014773429519872277,patient10_window16s_stride1s-epo,beta
969,-0.001596932965796013,patient10_window16s_stride1s-epo,beta
970,-0.0016038535044443178,patient10_window16s_stride1s-epo,beta
971,-0.0017705016445240245,patient10_window16s_stride1s-epo,beta
972,-0.0027823236138516593,patient10_window16s_stride1s-epo,beta
973,-0.002125071074467274,patient10_window16s_stride1s-epo,beta
974,-0.0028977501184805194,patient10_window16s_stride1s-epo,beta
975,-0.002989840426224368,patient10_window16s_stride1s-epo,beta
976,-0.002914834978453319,patient10_window16s_stride1s-epo,beta
977,-0.003995709278769148,patient10_window16s_stride1s-epo,beta
978,-0.0036481891110950178,patient10_window16s_stride1s-epo,beta
979,-0.004095866509640547,patient10_window16s_stride1s-epo,beta
980,-0.004424721424155599,patient10_window16s_stride1s-epo,beta
981,-0.003459291021870023,patient10_window16s_stride1s-epo,beta
982,-0.003419631242282003,patient10_window16s_stride1s-epo,beta
983,-0.0030425117439043347,patient10_window16s_stride1s-epo,beta
984,-0.003089550591455484,patient10_window16s_stride1s-epo,beta
985,-0.0038502228887296354,patient10_window16s_stride1s-epo,beta
986,-0.0034701284158177126,patient10_window16s_stride1s-epo,beta
987,-0.004870255722377273,patient10_window16s_stride1s-epo,beta
988,-0.005842888912139095,patient10_window16s_stride1s-epo,beta
989,-0.006028385294518944,patient10_window16s_stride1s-epo,beta
990,-0.006333686924124516,patient10_window16s_stride1s-epo,beta
991,-0.005998575112175307,patient10_window16s_stride1s-epo,beta
992,-0.005279717217157746,patient10_window16s_stride1s-epo,beta
993,-0.005607162053987365,patient10_window16s_stride1s-epo,beta
994,-0.00483411318550579,patient10_window16s_stride1s-epo,beta
995,-0.005094571563847766,patient10_window16s_stride1s-epo,beta
996,-0.007313370989861902,patient10_window16s_stride1s-epo,beta
997,-0.007299436351828455,patient10_window16s_stride1s-epo,beta
998,-0.007085374405836418,patient10_window16s_stride1s-epo,beta
999,-0.00673519911053567,patient10_window16s_stride1s-epo,beta
1000,-0.0072027743182270475,patient10_window16s_stride1s-epo,beta
1001,-0.00753391028146011,patient10_window16s_stride1s-epo,beta
1002,-0.00686194312090824,patient10_window16s_stride1s-epo,beta
1003,-0.005144704418868591,patient10_window16s_stride1s-epo,beta
1004,-0.0035335101506391827,patient10_window16s_stride1s-epo,beta
1005,-0.00275571774387502,patient10_window16s_stride1s-epo,beta
1006,-0.0031137043780088444,patient10_window16s_stride1s-epo,beta
1007,-0.003512841209930198,patient10_window16s_stride1s-epo,beta
1008,-0.0030785754923912632,patient10_window16s_stride1s-epo,beta
1009,-0.0018174288252694067,patient10_window16s_stride1s-epo,beta
1010,-0.003606659064822168,patient10_window16s_stride1s-epo,beta
1011,-0.0031169521292700527,patient10_window16s_stride1s-epo,beta
1012,-0.0012692811470271595,patient10_window16s_stride1s-epo,beta
1013,-0.0014768221701635768,patient10_window16s_stride1s-epo,beta
1014,-0.0009787574544608672,patient10_window16s_stride1s-epo,beta
1015,-0.0015653238011218873,patient10_window16s_stride1s-epo,beta
1016,-0.0023065510323859863,patient10_window16s_stride1s-epo,beta
1017,-0.0018731786797481663,patient10_window16s_stride1s-epo,beta
1018,-0.00170625579111408,patient10_window16s_stride1s-epo,beta
1019,-0.002313424238371815,patient10_window16s_stride1s-epo,beta
1020,-0.002841717632064849,patient10_window16s_stride1s-epo,beta
1021,-0.002755362640056943,patient10_window16s_stride1s-epo,beta
1022,-0.002048724610922889,patient10_window16s_stride1s-epo,beta
1023,-0.002358451720408707,patient10_window16s_stride1s-epo,beta
1024,-0.002401930217999676,patient10_window16s_stride1s-epo,beta
1025,-0.002897897957685367,patient10_window16s_stride1s-epo,beta
1026,-0.0033845729575476356,patient10_window16s_stride1s-epo,beta
1027,-0.003288481726181895,patient10_window16s_stride1s-epo,beta
1028,-0.0029532689166733377,patient10_window16s_stride1s-epo,beta
1029,-0.0033029647211943666,patient10_window16s_stride1s-epo,beta
1030,-0.00392111770744694,patient10_window16s_stride1s-epo,beta
1031,-0.0035803441307580065,patient10_window16s_stride1s-epo,beta
1032,-0.002990928932617267,patient10_window16s_stride1s-epo,beta
1033,-0.0031367465718514327,patient10_window16s_stride1s-epo,beta
1034,-0.0032752818972376944,patient10_window16s_stride1s-epo,beta
1035,-0.003524765511853254,patient10_window16s_stride1s-epo,beta
1036,-0.0033413039653489122,patient10_window16s_stride1s-epo,beta
1037,-0.0034505343851607266,patient10_window16s_stride1s-epo,beta
1038,-0.0023118432835520296,patient10_window16s_stride1s-epo,beta
1039,-0.0027955067036156325,patient10_window16s_stride1s-epo,beta
1040,-0.0029266740007109445,patient10_window16s_stride1s-epo,beta
1041,-0.003794710265445095,patient10_window16s_stride1s-epo,beta
1042,-0.002605786569475693,patient10_window16s_stride1s-epo,beta
1043,-0.001625236246614916,patient10_window16s_stride1s-epo,beta
1044,-0.0013686810911426822,patient10_window16s_stride1s-epo,beta
1045,-0.001973802318851145,patient10_window16s_stride1s-epo,beta
1046,-0.00125668558480755,patient10_window16s_stride1s-epo,beta
1047,-0.001316229178475767,patient10_window16s_stride1s-epo,beta
1048,-0.0007858398135248655,patient10_window16s_stride1s-epo,beta
1049,-0.0007716614236584939,patient10_window16s_stride1s-epo,beta
1050,-0.0011429249967045267,patient10_window16s_stride1s-epo,beta
1051,7.495118366150309e-05,patient10_window16s_stride1s-epo,beta
1052,0.0001279493583839186,patient10_window16s_stride1s-epo,beta
1053,0.00033824199045637173,patient10_window16s_stride1s-epo,beta
1054,-0.0005123785358459005,patient10_window16s_stride1s-epo,beta
1055,-0.0008397018811244343,patient10_window16s_stride1s-epo,beta
1056,-0.0001025911495227156,patient10_window16s_stride1s-epo,beta
1057,0.00042843615344014804,patient10_window16s_stride1s-epo,beta
1058,0.0006622819643614376,patient10_window16s_stride1s-epo,beta
1059,0.0006917023445348834,patient10_window16s_stride1s-epo,beta
1060,0.001204642759112042,patient10_window16s_stride1s-epo,beta
1061,0.0005102635156441941,patient10_window16s_stride1s-epo,beta
1062,0.00030570884075101337,patient10_window16s_stride1s-epo,beta
1063,-0.0003555818244530251,patient10_window16s_stride1s-epo,beta
1064,-0.0006676826588842416,patient10_window16s_stride1s-epo,beta
1065,-0.0008569766857856954,patient10_window16s_stride1s-epo,beta
1066,-0.0013622474924057468,patient10_window16s_stride1s-epo,beta
1067,-0.0006914917425592883,patient10_window16s_stride1s-epo,beta
1068,-0.0015267105040847008,patient10_window16s_stride1s-epo,beta
1069,-0.0021537790930662966,patient10_window16s_stride1s-epo,beta
1070,-0.002122500905936382,patient10_window16s_stride1s-epo,beta
1071,-0.002563173997372236,patient10_window16s_stride1s-epo,beta
1072,-0.002704252552790846,patient10_window16s_stride1s-epo,beta
1073,-0.0034765568306712796,patient10_window16s_stride1s-epo,beta
1074,-0.0038016806798205397,patient10_window16s_stride1s-epo,beta
1075,-0.0036585794592422995,patient10_window16s_stride1s-epo,beta
1076,-0.00398395979722689,patient10_window16s_stride1s-epo,beta
1077,-0.004316353366992153,patient10_window16s_stride1s-epo,beta
1078,-0.003253253099757497,patient10_window16s_stride1s-epo,beta
1079,-0.002584549067418101,patient10_window16s_stride1s-epo,beta
1080,-0.0024921203044211792,patient10_window16s_stride1s-epo,beta
1081,-0.0014608185360306994,patient10_window16s_stride1s-epo,beta
1082,-0.002726959829003848,patient10_window16s_stride1s-epo,beta
1083,-0.0032402483549586977,patient10_window16s_stride1s-epo,beta
1084,-0.0034057501742670217,patient10_window16s_stride1s-epo,beta
1085,-0.003789761677969023,patient10_window16s_stride1s-epo,beta
1086,-0.004525677928667333,patient10_window16s_stride1s-epo,beta
1087,-0.003184236360163945,patient10_window16s_stride1s-epo,beta
1088,-0.0031619383193247585,patient10_window16s_stride1s-epo,beta
1089,-0.002232610609089466,patient10_window16s_stride1s-epo,beta
1090,-0.0008557448942261888,patient10_window16s_stride1s-epo,beta
1091,-0.002066368210388858,patient10_window16s_stride1s-epo,beta
1092,-0.002054008201086214,patient10_window16s_stride1s-epo,beta
1093,-0.0018502849374326328,patient10_window16s_stride1s-epo,beta
1094,-0.002980582199861621,patient10_window16s_stride1s-epo,beta
1095,-0.0034358668143393938,patient10_window16s_stride1s-epo,beta
1096,-0.005170299158305987,patient10_window16s_stride1s-epo,beta
1097,-0.004108215831811149,patient10_window16s_stride1s-epo,beta
1098,-0.0032222085045999324,patient10_window16s_stride1s-epo,beta
1099,-0.0018717931833964634,patient10_window16s_stride1s-epo,beta
1100,-0.0013608856751667817,patient10_window16s_stride1s-epo,beta
1101,-0.001590166927952353,patient10_window16s_stride1s-epo,beta
1102,-0.0010073941944449415,patient10_window16s_stride1s-epo,beta
1103,-0.0013202417077930553,patient10_window16s_stride1s-epo,beta
1104,-0.0018621930900127115,patient10_window16s_stride1s-epo,beta
1105,-0.0020577007477237457,patient10_window16s_stride1s-epo,beta
1106,-0.0018908114883896677,patient10_window16s_stride1s-epo,beta
1107,-0.0013165759914318335,patient10_window16s_stride1s-epo,beta
1108,-0.00016550532778667246,patient10_window16s_stride1s-epo,beta
1109,-0.001263775120639546,patient10_window16s_stride1s-epo,beta
1110,-0.0020997637320672004,patient10_window16s_stride1s-epo,beta
1111,-0.0005954301461318018,patient10_window16s_stride1s-epo,beta
1112,-0.0003220442246823883,patient10_window16s_stride1s-epo,beta
1113,-0.0008602729962505092,patient10_window16s_stride1s-epo,beta
1114,-0.0014212239195789086,patient10_window16s_stride1s-epo,beta
1115,-0.0015980681800742407,patient10_window16s_stride1s-epo,beta
1116,-0.0018560373058449991,patient10_window16s_stride1s-epo,beta
1117,-0.0017740406075177114,patient10_window16s_stride1s-epo,beta
1118,-0.002182256183540298,patient10_window16s_stride1s-epo,beta
1119,-0.001108217404317723,patient10_window16s_stride1s-epo,beta
1120,-0.0017208978031322286,patient10_window16s_stride1s-epo,beta
1121,-0.001529843735514635,patient10_window16s_stride1s-epo,beta
1122,-0.0022003014477203968,patient10_window16s_stride1s-epo,beta
1123,-0.0020229996258195526,patient10_window16s_stride1s-epo,beta
1124,-0.0018030192003819663,patient10_window16s_stride1s-epo,beta
1125,-0.0005425352101770371,patient10_window16s_stride1s-epo,beta
1126,-0.0008675557492355615,patient10_window16s_stride1s-epo,beta
1127,-0.0009224268570151867,patient10_window16s_stride1s-epo,beta
1128,-0.0016719285970698263,patient10_window16s_stride1s-epo,beta
1129,-0.0016785453358710157,patient10_window16s_stride1s-epo,beta
1130,-0.00021331067976677342,patient10_window16s_stride1s-epo,beta
1131,-0.0003002542033238682,patient10_window16s_stride1s-epo,beta
1132,-0.000229541589134064,patient10_window16s_stride1s-epo,beta
1133,-0.0005792888194471128,patient10_window16s_stride1s-epo,beta
1134,-0.00033536099977987075,patient10_window16s_stride1s-epo,beta
1135,-0.00109566580364679,patient10_window16s_stride1s-epo,beta
1136,-0.0002971791140126278,patient10_window16s_stride1s-epo,beta
1137,-0.0007922439169941295,patient10_window16s_stride1s-epo,beta
1138,2.9102537805389774e-05,patient10_window16s_stride1s-epo,beta
1139,0.00038858504638609147,patient10_window16s_stride1s-epo,beta
1140,-0.0008150751886646648,patient10_window16s_stride1s-epo,beta
1141,-0.0005642386971519286,patient10_window16s_stride1s-epo,beta
1142,-0.0005564396661932074,patient10_window16s_stride1s-epo,beta
1143,3.889846933017446e-05,patient10_window16s_stride1s-epo,beta
1144,-0.00044604568616979373,patient10_window16s_stride1s-epo,beta
1145,-0.0009977499096023676,patient10_window16s_stride1s-epo,beta
1146,-0.0005664032224578452,patient10_window16s_stride1s-epo,beta
1147,-0.0007337944807338426,patient10_window16s_stride1s-epo,beta
1148,7.747227456271861e-05,patient10_window16s_stride1s-epo,beta
1149,0.0005785159431282946,patient10_window16s_stride1s-epo,beta
1150,0.0011714767877199525,patient10_window16s_stride1s-epo,beta
1151,0.00041331573399500695,patient10_window16s_stride1s-epo,beta
1152,0.0007271444401053235,patient10_window16s_stride1s-epo,beta
1153,-0.0005538229836111607,patient10_window16s_stride1s-epo,beta
1154,-0.00030236533407245814,patient10_window16s_stride1s-epo,beta
1155,-0.0008106491511025692,patient10_window16s_stride1s-epo,beta
1156,-0.0006521796460516593,patient10_window16s_stride1s-epo,beta
1157,-0.002443710886888093,patient10_window16s_stride1s-epo,beta
1158,-0.0021536745044659373,patient10_window16s_stride1s-epo,beta
1159,-0.004200728108169379,patient10_window16s_stride1s-epo,beta
1160,-0.004242424088755948,patient10_window16s_stride1s-epo,beta
1161,-0.004851713778473579,patient10_window16s_stride1s-epo,beta
1162,-0.004862736439677714,patient10_window16s_stride1s-epo,beta
1163,-0.0055296627291689555,patient10_window16s_stride1s-epo,beta
1164,-0.005273583121477816,patient10_window16s_stride1s-epo,beta
1165,-0.005576461755115854,patient10_window16s_stride1s-epo,beta
1166,-0.006312320675460401,patient10_window16s_stride1s-epo,beta
1167,-0.005962640270598346,patient10_window16s_stride1s-epo,beta
1168,-0.0056020930663564774,patient10_window16s_stride1s-epo,beta
1169,-0.005946464655829647,patient10_window16s_stride1s-epo,beta
1170,-0.005543254536689926,patient10_window16s_stride1s-epo,beta
1171,-0.005749242716431158,patient10_window16s_stride1s-epo,beta
1172,-0.006080859959655652,patient10_window16s_stride1s-epo,beta
1173,-0.004827965784448845,patient10_window16s_stride1s-epo,beta
1174,-0.00636298552179823,patient10_window16s_stride1s-epo,beta
1175,-0.005770376358601428,patient10_window16s_stride1s-epo,beta
1176,-0.005098777633081083,patient10_window16s_stride1s-epo,beta
1177,-0.004180302601486243,patient10_window16s_stride1s-epo,beta
1178,-0.004388799937467747,patient10_window16s_stride1s-epo,beta
1179,-0.0038484243173374597,patient10_window16s_stride1s-epo,beta
1180,-0.0042414253125013495,patient10_window16s_stride1s-epo,beta
1181,-0.0036522777917422935,patient10_window16s_stride1s-epo,beta
1182,-0.00410305874012122,patient10_window16s_stride1s-epo,beta
1183,-0.0031202410487025196,patient10_window16s_stride1s-epo,beta
1184,-0.0036234714212448438,patient10_window16s_stride1s-epo,beta
1185,-0.0028736431242218077,patient10_window16s_stride1s-epo,beta
1186,-0.003638830634477203,patient10_window16s_stride1s-epo,beta
1187,-0.0035719303658718515,patient10_window16s_stride1s-epo,beta
1188,-0.0030425910756429995,patient10_window16s_stride1s-epo,beta
1189,-0.00329165164126569,patient10_window16s_stride1s-epo,beta
1190,-0.003247669640125089,patient10_window16s_stride1s-epo,beta
1191,-0.00320817649954965,patient10_window16s_stride1s-epo,beta
1192,-0.00279843489029017,patient10_window16s_stride1s-epo,beta
1193,-0.002659309970424746,patient10_window16s_stride1s-epo,beta
1194,-0.0022239188338126284,patient10_window16s_stride1s-epo,beta
1195,-0.0028385630744188176,patient10_window16s_stride1s-epo,beta
1196,-0.004332543442275378,patient10_window16s_stride1s-epo,beta
1197,-0.004398258571803028,patient10_window16s_stride1s-epo,beta
1198,-0.004395712077009517,patient10_window16s_stride1s-epo,beta
1199,-0.005702968853719217,patient10_window16s_stride1s-epo,beta
1200,-0.005094695559088651,patient10_window16s_stride1s-epo,beta
1201,-0.005764647737329478,patient10_window16s_stride1s-epo,beta
1202,-0.0048223911303775045,patient10_window16s_stride1s-epo,beta
1203,-0.005282647700735104,patient10_window16s_stride1s-epo,beta
1204,-0.0045960340456965175,patient10_window16s_stride1s-epo,beta
1205,-0.004521370783588404,patient10_window16s_stride1s-epo,beta
1206,-0.004670587758284345,patient10_window16s_stride1s-epo,beta
1207,-0.00421573474298228,patient10_window16s_stride1s-epo,beta
1208,-0.004208801423574812,patient10_window16s_stride1s-epo,beta
1209,-0.0036145750938118065,patient10_window16s_stride1s-epo,beta
1210,-0.0035153950345227095,patient10_window16s_stride1s-epo,beta
1211,-0.0032281361784850843,patient10_window16s_stride1s-epo,beta
1212,-0.0016656665767323079,patient10_window16s_stride1s-epo,beta
1213,-0.0008905640319050804,patient10_window16s_stride1s-epo,beta
1214,-0.0022084297395542313,patient10_window16s_stride1s-epo,beta
1215,-0.0020073817097149885,patient10_window16s_stride1s-epo,beta
1216,-0.00114409328439229,patient10_window16s_stride1s-epo,beta
1217,-0.0013091924179940765,patient10_window16s_stride1s-epo,beta
1218,-0.0026988044223088163,patient10_window16s_stride1s-epo,beta
1219,-0.0018117143223139128,patient10_window16s_stride1s-epo,beta
1220,-0.0017360496804439067,patient10_window16s_stride1s-epo,beta
1221,-0.0021158228305371623,patient10_window16s_stride1s-epo,beta
1222,-0.001892164791094533,patient10_window16s_stride1s-epo,beta
1223,-0.0004067882316991201,patient10_window16s_stride1s-epo,beta
1224,0.00019859127924477473,patient10_window16s_stride1s-epo,beta
1225,-0.00026040871977051923,patient10_window16s_stride1s-epo,beta
1226,-0.0008417203501113785,patient10_window16s_stride1s-epo,beta
1227,-0.000292686009738132,patient10_window16s_stride1s-epo,beta
1228,-0.0003763292070105595,patient10_window16s_stride1s-epo,beta
1229,0.00010818211315333765,patient10_window16s_stride1s-epo,beta
1230,6.469178790035116e-05,patient10_window16s_stride1s-epo,beta
1231,-0.0014700762719574564,patient10_window16s_stride1s-epo,beta
1232,-0.001071946302404718,patient10_window16s_stride1s-epo,beta
1233,-0.0009761448350912785,patient10_window16s_stride1s-epo,beta
1234,-0.0020049226867431815,patient10_window16s_stride1s-epo,beta
1235,-0.002078951997489242,patient10_window16s_stride1s-epo,beta
1236,-0.0019040698861885505,patient10_window16s_stride1s-epo,beta
1237,-0.0013284415764313556,patient10_window16s_stride1s-epo,beta
1238,-0.0020793344246375373,patient10_window16s_stride1s-epo,beta
1239,-0.0026942224351362855,patient10_window16s_stride1s-epo,beta
1240,-0.0036154124422249803,patient10_window16s_stride1s-epo,beta
1241,-0.003332117821141222,patient10_window16s_stride1s-epo,beta
1242,-0.002887619855960111,patient10_window16s_stride1s-epo,beta
1243,-0.0037731093482635506,patient10_window16s_stride1s-epo,beta
1244,-0.0025120234142279895,patient10_window16s_stride1s-epo,beta
1245,-0.0028463615150868733,patient10_window16s_stride1s-epo,beta
1246,-0.00295961045479144,patient10_window16s_stride1s-epo,beta
1247,-0.0022765464266020136,patient10_window16s_stride1s-epo,beta
1248,-0.0023995460273787393,patient10_window16s_stride1s-epo,beta
1249,-0.0021336558923847264,patient10_window16s_stride1s-epo,beta
1250,-0.001488175848953598,patient10_window16s_stride1s-epo,beta
1251,-0.0026499116633955534,patient10_window16s_stride1s-epo,beta
1252,-0.002302383874553427,patient10_window16s_stride1s-epo,beta
1253,-0.002163198004315382,patient10_window16s_stride1s-epo,beta
1254,-0.002965497022956381,patient10_window16s_stride1s-epo,beta
1255,-0.0018959809231917173,patient10_window16s_stride1s-epo,beta
1256,-0.0014652071610113042,patient10_window16s_stride1s-epo,beta
1257,-0.0020763656425462356,patient10_window16s_stride1s-epo,beta
1258,-0.0029673341093608596,patient10_window16s_stride1s-epo,beta
1259,-0.0018682007064697776,patient10_window16s_stride1s-epo,beta
1260,-0.0025756934284776813,patient10_window16s_stride1s-epo,beta
1261,-0.0018975515466942928,patient10_window16s_stride1s-epo,beta
1262,-0.0018160466855314983,patient10_window16s_stride1s-epo,beta
1263,-0.0017688886008324011,patient10_window16s_stride1s-epo,beta
1264,-0.0018649544394318469,patient10_window16s_stride1s-epo,beta
1265,-0.0018697757571398096,patient10_window16s_stride1s-epo,beta
1266,-0.0012539046572842447,patient10_window16s_stride1s-epo,beta
1267,-0.0016431261680772333,patient10_window16s_stride1s-epo,beta
1268,-0.0005470712754656544,patient10_window16s_stride1s-epo,beta
1269,-0.0014561151276861542,patient10_window16s_stride1s-epo,beta
1270,-0.0008481037094412414,patient10_window16s_stride1s-epo,beta
1271,-0.001574147461524108,patient10_window16s_stride1s-epo,beta
1272,-0.0018884924928102313,patient10_window16s_stride1s-epo,beta
1273,-0.0019241211816938535,patient10_window16s_stride1s-epo,beta
1274,-0.0022951008372071925,patient10_window16s_stride1s-epo,beta
1275,-0.0027967207703282885,patient10_window16s_stride1s-epo,beta
1276,-0.003234384909358479,patient10_window16s_stride1s-epo,beta
1277,-0.0033064810337357295,patient10_window16s_stride1s-epo,beta
1278,-0.003832820966002453,patient10_window16s_stride1s-epo,beta
1279,-0.0031594225712629877,patient10_window16s_stride1s-epo,beta
1280,-0.004166884456450479,patient10_window16s_stride1s-epo,beta
1281,-0.004243942313205429,patient10_window16s_stride1s-epo,beta
1282,-0.004681945890518348,patient10_window16s_stride1s-epo,beta
1283,-0.004429489050777033,patient10_window16s_stride1s-epo,beta
1284,-0.0051093215591297625,patient10_window16s_stride1s-epo,beta
1285,-0.0048390264932830825,patient10_window16s_stride1s-epo,beta
1286,-0.004988727800615734,patient10_window16s_stride1s-epo,beta
1287,-0.004733010086822639,patient10_window16s_stride1s-epo,beta
1288,-0.004925911120640943,patient10_window16s_stride1s-epo,beta
1289,-0.004540092461861479,patient10_window16s_stride1s-epo,beta
1290,-0.0040573191894644,patient10_window16s_stride1s-epo,beta
1291,-0.003885654921814585,patient10_window16s_stride1s-epo,beta
1292,-0.0025638352821204273,patient10_window16s_stride1s-epo,beta
1293,-0.0018341896149561515,patient10_window16s_stride1s-epo,beta
1294,-0.0008396720004095883,patient10_window16s_stride1s-epo,beta
1295,-0.000648515474154659,patient10_window16s_stride1s-epo,beta
1296,-0.00011581776132837455,patient10_window16s_stride1s-epo,beta
1297,0.0004483654983906333,patient10_window16s_stride1s-epo,beta
1298,0.0006450685547487917,patient10_window16s_stride1s-epo,beta
1299,1.033041067435066e-05,patient10_window16s_stride1s-epo,beta
1300,0.0005436688212939098,patient10_window16s_stride1s-epo,beta
1301,0.0006336991484600599,patient10_window16s_stride1s-epo,beta
1302,0.0009731120326093276,patient10_window16s_stride1s-epo,beta
1303,0.0007342581345233301,patient10_window16s_stride1s-epo,beta
1304,-0.0001660553130339519,patient10_window16s_stride1s-epo,beta
1305,0.00018401292253617603,patient10_window16s_stride1s-epo,beta
1306,-0.0012138159755301589,patient10_window16s_stride1s-epo,beta
1307,0.00023103616955608489,patient10_window16s_stride1s-epo,beta
1308,-0.0007190420642823865,patient10_window16s_stride1s-epo,beta
1309,-0.00120447330035682,patient10_window16s_stride1s-epo,beta
1310,-0.0014980028261853654,patient10_window16s_stride1s-epo,beta
1311,-0.0028347999493760537,patient10_window16s_stride1s-epo,beta
1312,-0.002242296945283203,patient10_window16s_stride1s-epo,beta
1313,-0.0024402803559756816,patient10_window16s_stride1s-epo,beta
1314,-0.003410560733540067,patient10_window16s_stride1s-epo,beta
1315,-0.004243816794524075,patient10_window16s_stride1s-epo,beta
1316,-0.004461085754803056,patient10_window16s_stride1s-epo,beta
1317,-0.003666252798485264,patient10_window16s_stride1s-epo,beta
1318,-0.0038172879388767107,patient10_window16s_stride1s-epo,beta
1319,-0.004203616498666991,patient10_window16s_stride1s-epo,beta
1320,-0.003930947007160768,patient10_window16s_stride1s-epo,beta
1321,-0.003934844155349487,patient10_window16s_stride1s-epo,beta
1322,-0.0028364793707818174,patient10_window16s_stride1s-epo,beta
1323,-0.002198641409959349,patient10_window16s_stride1s-epo,beta
1324,-0.0023370477667963136,patient10_window16s_stride1s-epo,beta
1325,-0.0023210015041616864,patient10_window16s_stride1s-epo,beta
1326,-0.003843322652373878,patient10_window16s_stride1s-epo,beta
1327,-0.002051258873085285,patient10_window16s_stride1s-epo,beta
1328,-0.0019722363576881383,patient10_window16s_stride1s-epo,beta
1329,-0.002752670269561514,patient10_window16s_stride1s-epo,beta
1330,-0.0019257315209655873,patient10_window16s_stride1s-epo,beta
1331,-0.0019106612610082726,patient10_window16s_stride1s-epo,beta
1332,-0.0025857952146946233,patient10_window16s_stride1s-epo,beta
1333,-0.002497231096472948,patient10_window16s_stride1s-epo,beta
1334,-0.0019279387565506257,patient10_window16s_stride1s-epo,beta
1335,-0.0017153894898218505,patient10_window16s_stride1s-epo,beta
1336,-0.0021390098228395537,patient10_window16s_stride1s-epo,beta
1337,-0.0017075807699793693,patient10_window16s_stride1s-epo,beta
1338,-0.002179263027465868,patient10_window16s_stride1s-epo,beta
1339,-0.001934972410482704,patient10_window16s_stride1s-epo,beta
1340,-0.0017750328443709694,patient10_window16s_stride1s-epo,beta
1341,-0.0025577681659717704,patient10_window16s_stride1s-epo,beta
1342,-0.0011846417820128529,patient10_window16s_stride1s-epo,beta
1343,-0.0021423367938663888,patient10_window16s_stride1s-epo,beta
1344,-0.0017820060398559033,patient10_window16s_stride1s-epo,beta
1345,-0.0037265422424274915,patient10_window16s_stride1s-epo,beta
1346,-0.002957427092791261,patient10_window16s_stride1s-epo,beta
1347,-0.0024750687618683843,patient10_window16s_stride1s-epo,beta
1348,-0.00288073407064464,patient10_window16s_stride1s-epo,beta
1349,-0.0030102410430730736,patient10_window16s_stride1s-epo,beta
1350,-0.0026369428323717776,patient10_window16s_stride1s-epo,beta
1351,-0.0025695844451717955,patient10_window16s_stride1s-epo,beta
1352,-0.003204898295479817,patient10_window16s_stride1s-epo,beta
1353,-0.003977056005329282,patient10_window16s_stride1s-epo,beta
1354,-0.004393667143794918,patient10_window16s_stride1s-epo,beta
1355,-0.0032980266081154095,patient10_window16s_stride1s-epo,beta
1356,-0.0031097438760875557,patient10_window16s_stride1s-epo,beta
1357,-0.003238459487068605,patient10_window16s_stride1s-epo,beta
1358,-0.0039939535879947715,patient10_window16s_stride1s-epo,beta
1359,-0.003995449827964919,patient10_window16s_stride1s-epo,beta
1360,-0.0034259467719164978,patient10_window16s_stride1s-epo,beta
1361,-0.0036565363095539187,patient10_window16s_stride1s-epo,beta
1362,-0.0028574952444765604,patient10_window16s_stride1s-epo,beta
1363,-0.0033898176103923186,patient10_window16s_stride1s-epo,beta
1364,-0.003210454841835502,patient10_window16s_stride1s-epo,beta
1365,-0.0034220918320720106,patient10_window16s_stride1s-epo,beta
1366,-0.0033267683396637432,patient10_window16s_stride1s-epo,beta
1367,-0.004206880188440552,patient10_window16s_stride1s-epo,beta
1368,-0.004345959445449764,patient10_window16s_stride1s-epo,beta
1369,-0.004440410503136063,patient10_window16s_stride1s-epo,beta
1370,-0.003391602015263628,patient10_window16s_stride1s-epo,beta
1371,-0.004486520684780108,patient10_window16s_stride1s-epo,beta
1372,-0.004539154926359473,patient10_window16s_stride1s-epo,beta
1373,-0.0036052155077840025,patient10_window16s_stride1s-epo,beta
1374,-0.0024262765080440775,patient10_window16s_stride1s-epo,beta
1375,-0.002596476163587306,patient10_window16s_stride1s-epo,beta
1376,-0.002566438161953116,patient10_window16s_stride1s-epo,beta
1377,-0.0023789261198903767,patient10_window16s_stride1s-epo,beta
1378,-0.0020027564990823137,patient10_window16s_stride1s-epo,beta
1379,-0.002811445944954821,patient10_window16s_stride1s-epo,beta
1380,-0.002360160608221449,patient10_window16s_stride1s-epo,beta
1381,-0.0023621654347876575,patient10_window16s_stride1s-epo,beta
1382,-0.002794520172898277,patient10_window16s_stride1s-epo,beta
1383,-0.0030613057202597944,patient10_window16s_stride1s-epo,beta
1384,-0.0026316028881240294,patient10_window16s_stride1s-epo,beta
1385,-0.0015772501672432948,patient10_window16s_stride1s-epo,beta
1386,-0.001947965058980631,patient10_window16s_stride1s-epo,beta
1387,-0.0006960050840280551,patient10_window16s_stride1s-epo,beta
1388,-0.0014193810199095674,patient10_window16s_stride1s-epo,beta
1389,-0.0018736953437555224,patient10_window16s_stride1s-epo,beta
1390,-0.0020790731899221005,patient10_window16s_stride1s-epo,beta
1391,-0.001640635434848556,patient10_window16s_stride1s-epo,beta
1392,-0.0024620585867321755,patient10_window16s_stride1s-epo,beta
1393,-0.0029231906409401863,patient10_window16s_stride1s-epo,beta
1394,-0.0020568426981868834,patient10_window16s_stride1s-epo,beta
1395,-0.001837185651598,patient10_window16s_stride1s-epo,beta
1396,-0.002109572330975664,patient10_window16s_stride1s-epo,beta
1397,-0.0012042711045698261,patient10_window16s_stride1s-epo,beta
1398,-0.0007913202329657584,patient10_window16s_stride1s-epo,beta
1399,-0.00033951734451694585,patient10_window16s_stride1s-epo,beta
1400,-0.0003268254614303103,patient10_window16s_stride1s-epo,beta
1401,-0.0006167597369324721,patient10_window16s_stride1s-epo,beta
1402,-0.0018423952265666094,patient10_window16s_stride1s-epo,beta
1403,-0.001487764956987852,patient10_window16s_stride1s-epo,beta
1404,-0.0013611462553952515,patient10_window16s_stride1s-epo,beta
1405,-0.0016612482659945397,patient10_window16s_stride1s-epo,beta
1406,-0.002077872369223527,patient10_window16s_stride1s-epo,beta
1407,-0.002977251770629272,patient10_window16s_stride1s-epo,beta
1408,-0.002707627292927057,patient10_window16s_stride1s-epo,beta
1409,-0.0012661112563121144,patient10_window16s_stride1s-epo,beta
1410,-0.002413183250523291,patient10_window16s_stride1s-epo,beta
1411,-0.0022930098282151505,patient10_window16s_stride1s-epo,beta
1412,-0.0025813426541303293,patient10_window16s_stride1s-epo,beta
1413,-0.002367244930935964,patient10_window16s_stride1s-epo,beta
1414,-0.0032956026666717112,patient10_window16s_stride1s-epo,beta
1415,-0.002924010657945009,patient10_window16s_stride1s-epo,beta
1416,-0.0028861423311061646,patient10_window16s_stride1s-epo,beta
1417,-0.0041403748711414876,patient10_window16s_stride1s-epo,beta
1418,-0.004012478251276825,patient10_window16s_stride1s-epo,beta
1419,-0.0037705917167341007,patient10_window16s_stride1s-epo,beta
1420,-0.004188559913455083,patient10_window16s_stride1s-epo,beta
1421,-0.004798356764712265,patient10_window16s_stride1s-epo,beta
1422,-0.0036971858232307635,patient10_window16s_stride1s-epo,beta
1423,-0.003203575955531839,patient10_window16s_stride1s-epo,beta
1424,-0.0029527193620690713,patient10_window16s_stride1s-epo,beta
1425,-0.004286955920040966,patient10_window16s_stride1s-epo,beta
1426,-0.0038950537500585924,patient10_window16s_stride1s-epo,beta
1427,-0.00431804901424692,patient10_window16s_stride1s-epo,beta
1428,-0.0034507258706562263,patient10_window16s_stride1s-epo,beta
1429,-0.0033439175602613005,patient10_window16s_stride1s-epo,beta
1430,-0.003944261615222909,patient10_window16s_stride1s-epo,beta
1431,-0.0032065831446526486,patient10_window16s_stride1s-epo,beta
1432,-0.002622874332460901,patient10_window16s_stride1s-epo,beta
1433,-0.0025361707076557243,patient10_window16s_stride1s-epo,beta
1434,-0.0028491844713182776,patient10_window16s_stride1s-epo,beta
1435,-0.002845192918090892,patient10_window16s_stride1s-epo,beta
1436,-0.0029899044136186288,patient10_window16s_stride1s-epo,beta
1437,-0.0022640067107784064,patient10_window16s_stride1s-epo,beta
1438,-0.0021592601955344624,patient10_window16s_stride1s-epo,beta
1439,-0.001543048409888835,patient10_window16s_stride1s-epo,beta
1440,-0.0024306546605308084,patient10_window16s_stride1s-epo,beta
1441,-0.0027880592967885233,patient10_window16s_stride1s-epo,beta
1442,-0.00279705361935755,patient10_window16s_stride1s-epo,beta
1443,-0.0035019320968890243,patient10_window16s_stride1s-epo,beta
1444,-0.003295676457704947,patient10_window16s_stride1s-epo,beta
1445,-0.0028757663454336466,patient10_window16s_stride1s-epo,beta
1446,-0.0028341566042061014,patient10_window16s_stride1s-epo,beta
1447,-0.002355076594184831,patient10_window16s_stride1s-epo,beta
1448,-0.0024208982347733734,patient10_window16s_stride1s-epo,beta
1449,-0.0025396854744006332,patient10_window16s_stride1s-epo,beta
1450,-0.0027982915334647724,patient10_window16s_stride1s-epo,beta
1451,-0.004529536790142657,patient10_window16s_stride1s-epo,beta
1452,-0.004909597381881707,patient10_window16s_stride1s-epo,beta
1453,-0.0047302372454909565,patient10_window16s_stride1s-epo,beta
1454,-0.005016190615820773,patient10_window16s_stride1s-epo,beta
1455,-0.004218288587180815,patient10_window16s_stride1s-epo,beta
1456,-0.002659588202465315,patient10_window16s_stride1s-epo,beta
1457,-0.002870539687232448,patient10_window16s_stride1s-epo,beta
1458,-0.002602504343113001,patient10_window16s_stride1s-epo,beta
1459,-0.0031953498561261124,patient10_window16s_stride1s-epo,beta
1460,-0.002999049463581682,patient10_window16s_stride1s-epo,beta
1461,-0.0029604173558914035,patient10_window16s_stride1s-epo,beta
1462,-0.002123069553054832,patient10_window16s_stride1s-epo,beta
1463,-0.002922851983131969,patient10_window16s_stride1s-epo,beta
1464,-0.0013818197896258524,patient10_window16s_stride1s-epo,beta
1465,-0.0009887193130359833,patient10_window16s_stride1s-epo,beta
1466,-1.953005879852115e-05,patient10_window16s_stride1s-epo,beta
1467,7.691604908560728e-05,patient10_window16s_stride1s-epo,beta
1468,0.00016876573156090452,patient10_window16s_stride1s-epo,beta
1469,0.0007085148909308467,patient10_window16s_stride1s-epo,beta
1470,0.001461976003633129,patient10_window16s_stride1s-epo,beta
1471,0.000675491491813349,patient10_window16s_stride1s-epo,beta
1472,0.001143646355238432,patient10_window16s_stride1s-epo,beta
1473,0.0008831585260623101,patient10_window16s_stride1s-epo,beta
1474,0.0008285015759654115,patient10_window16s_stride1s-epo,beta
1475,0.00019307204214785842,patient10_window16s_stride1s-epo,beta
1476,0.0010044768718272996,patient10_window16s_stride1s-epo,beta
1477,0.0005950430390377094,patient10_window16s_stride1s-epo,beta
1478,0.00015500399097660472,patient10_window16s_stride1s-epo,beta
1479,0.00010910538616919961,patient10_window16s_stride1s-epo,beta
1480,0.00014253198287430746,patient10_window16s_stride1s-epo,beta
1481,8.30054604906874e-06,patient10_window16s_stride1s-epo,beta
1482,-0.000525150285637889,patient10_window16s_stride1s-epo,beta
1483,-0.0003746776610703646,patient10_window16s_stride1s-epo,beta
1484,-0.000973424255595847,patient10_window16s_stride1s-epo,beta
1485,-0.0023335780192645754,patient10_window16s_stride1s-epo,beta
1486,-0.0035512655528697704,patient10_window16s_stride1s-epo,beta
1487,-0.0031868751767710215,patient10_window16s_stride1s-epo,beta
1488,-0.003057273022330352,patient10_window16s_stride1s-epo,beta
1489,-0.0026013029240007637,patient10_window16s_stride1s-epo,beta
1490,-0.0029817805703963025,patient10_window16s_stride1s-epo,beta
1491,-0.0027221651328536217,patient10_window16s_stride1s-epo,beta
1492,-0.0028202542708921593,patient10_window16s_stride1s-epo,beta
1493,-0.002548872654151151,patient10_window16s_stride1s-epo,beta
1494,-0.001908365541435129,patient10_window16s_stride1s-epo,beta
1495,-0.003241877589492173,patient10_window16s_stride1s-epo,beta
1496,-0.0027355207579009104,patient10_window16s_stride1s-epo,beta
1497,-0.003256198344907006,patient10_window16s_stride1s-epo,beta
1498,-0.0032940963029275006,patient10_window16s_stride1s-epo,beta
1499,-0.0037997992937656732,patient10_window16s_stride1s-epo,beta
1500,-0.0031527210937635866,patient10_window16s_stride1s-epo,beta
1501,-0.002172042735506523,patient10_window16s_stride1s-epo,beta
1502,-0.0018333871993900473,patient10_window16s_stride1s-epo,beta
1503,-0.0023199371313411816,patient10_window16s_stride1s-epo,beta
1504,-0.0018256980420858452,patient10_window16s_stride1s-epo,beta
1505,-0.0026143283657591885,patient10_window16s_stride1s-epo,beta
1506,-0.002243262597713634,patient10_window16s_stride1s-epo,beta
1507,-0.001438721501888733,patient10_window16s_stride1s-epo,beta
1508,-0.002512588614131454,patient10_window16s_stride1s-epo,beta
1509,-0.0026848243596020544,patient10_window16s_stride1s-epo,beta
1510,-0.0018912964724935703,patient10_window16s_stride1s-epo,beta
1511,-0.002059759131250353,patient10_window16s_stride1s-epo,beta
1512,-0.0017339142526621035,patient10_window16s_stride1s-epo,beta
1513,-0.002431180190384612,patient10_window16s_stride1s-epo,beta
1514,-0.0016233823655697338,patient10_window16s_stride1s-epo,beta
1515,-0.0016145702658331134,patient10_window16s_stride1s-epo,beta
1516,-0.000997244199783656,patient10_window16s_stride1s-epo,beta
1517,-0.0010094534076824243,patient10_window16s_stride1s-epo,beta
1518,-0.0014111505448045957,patient10_window16s_stride1s-epo,beta
1519,-0.0014118809950162052,patient10_window16s_stride1s-epo,beta
1520,-0.001192319225067265,patient10_window16s_stride1s-epo,beta
1521,-0.0012747539220408525,patient10_window16s_stride1s-epo,beta
1522,-0.0018038113062308165,patient10_window16s_stride1s-epo,beta
1523,-0.0026766877159576123,patient10_window16s_stride1s-epo,beta
1524,-0.0029883067751971873,patient10_window16s_stride1s-epo,beta
1525,-0.0018568867734479115,patient10_window16s_stride1s-epo,beta
1526,-0.0036833392323469927,patient10_window16s_stride1s-epo,beta
1527,-0.0026597929064708257,patient10_window16s_stride1s-epo,beta
1528,-0.003651777589619181,patient10_window16s_stride1s-epo,beta
1529,-0.0029244087291934832,patient10_window16s_stride1s-epo,beta
1530,-0.0029960056760509075,patient10_window16s_stride1s-epo,beta
1531,-0.0035505203329535,patient10_window16s_stride1s-epo,beta
1532,-0.004004564988467172,patient10_window16s_stride1s-epo,beta
1533,-0.005295084662453874,patient10_window16s_stride1s-epo,beta
1534,-0.005309451125183297,patient10_window16s_stride1s-epo,beta
1535,-0.004970762426287971,patient10_window16s_stride1s-epo,beta
1536,-0.004230203703770932,patient10_window16s_stride1s-epo,beta
1537,-0.003836606667430076,patient10_window16s_stride1s-epo,beta
1538,-0.0032492397456705996,patient10_window16s_stride1s-epo,beta
1539,-0.0026939271656047556,patient10_window16s_stride1s-epo,beta
1540,-0.003970300667221742,patient10_window16s_stride1s-epo,beta
1541,-0.003483833686668383,patient10_window16s_stride1s-epo,beta
1542,-0.003956487044830176,patient10_window16s_stride1s-epo,beta
1543,-0.0036692921910489716,patient10_window16s_stride1s-epo,beta
1544,-0.002744235241880295,patient10_window16s_stride1s-epo,beta
1545,-0.0030735145804005838,patient10_window16s_stride1s-epo,beta
1546,-0.0030875604511637488,patient10_window16s_stride1s-epo,beta
1547,-0.0034500502394317115,patient10_window16s_stride1s-epo,beta
1548,-0.003703671346351534,patient10_window16s_stride1s-epo,beta
1549,-0.0027564815956402687,patient10_window16s_stride1s-epo,beta
1550,-0.002734425453055757,patient10_window16s_stride1s-epo,beta
1551,-0.0032248660898610937,patient10_window16s_stride1s-epo,beta
1552,-0.0027602600737472683,patient10_window16s_stride1s-epo,beta
1553,-0.002497088134671655,patient10_window16s_stride1s-epo,beta
1554,-0.00253131420837016,patient10_window16s_stride1s-epo,beta
1555,-0.0037186888567188117,patient10_window16s_stride1s-epo,beta
1556,-0.0036589756579250153,patient10_window16s_stride1s-epo,beta
1557,-0.0036716802594250596,patient10_window16s_stride1s-epo,beta
1558,-0.003535284223036596,patient10_window16s_stride1s-epo,beta
1559,-0.0033464157828438645,patient10_window16s_stride1s-epo,beta
1560,-0.003608026684044621,patient10_window16s_stride1s-epo,beta
1561,-0.003327600437521117,patient10_window16s_stride1s-epo,beta
1562,-0.003386758813593482,patient10_window16s_stride1s-epo,beta
1563,-0.004343462438502238,patient10_window16s_stride1s-epo,beta
1564,-0.004463201300341396,patient10_window16s_stride1s-epo,beta
1565,-0.004462961118835785,patient10_window16s_stride1s-epo,beta
1566,-0.00540272723166346,patient10_window16s_stride1s-epo,beta
1567,-0.004569375386341723,patient10_window16s_stride1s-epo,beta
1568,-0.00443691535165001,patient10_window16s_stride1s-epo,beta
1569,-0.0042793215009946095,patient10_window16s_stride1s-epo,beta
1570,-0.00467707671662671,patient10_window16s_stride1s-epo,beta
1571,-0.004246886856240618,patient10_window16s_stride1s-epo,beta
1572,-0.003926373519257264,patient10_window16s_stride1s-epo,beta
1573,-0.003852060679365394,patient10_window16s_stride1s-epo,beta
1574,-0.0029778459797423083,patient10_window16s_stride1s-epo,beta
1575,-0.003128129328781317,patient10_window16s_stride1s-epo,beta
1576,-0.0033907231542376942,patient10_window16s_stride1s-epo,beta
1577,-0.002288758913030835,patient10_window16s_stride1s-epo,beta
1578,-0.00228689578992897,patient10_window16s_stride1s-epo,beta
1579,-0.002144635424124838,patient10_window16s_stride1s-epo,beta
1580,-0.003085972491304665,patient10_window16s_stride1s-epo,beta
1581,-0.0026061543176077173,patient10_window16s_stride1s-epo,beta
1582,-0.0018161019181250006,patient10_window16s_stride1s-epo,beta
1583,-0.0017428345575134126,patient10_window16s_stride1s-epo,beta
1584,-0.002639114718104847,patient10_window16s_stride1s-epo,beta
1585,-0.002182668124667026,patient10_window16s_stride1s-epo,beta
1586,-0.0016581771863299595,patient10_window16s_stride1s-epo,beta
1587,-0.0012606509119332666,patient10_window16s_stride1s-epo,beta
1588,-0.00011122978529155977,patient10_window16s_stride1s-epo,beta
1589,0.0002918504563283401,patient10_window16s_stride1s-epo,beta
1590,0.0003872808040322049,patient10_window16s_stride1s-epo,beta
1591,-0.0002735834068440294,patient10_window16s_stride1s-epo,beta
1592,-0.0013764568114381026,patient10_window16s_stride1s-epo,beta
1593,-0.0017992235000882741,patient10_window16s_stride1s-epo,beta
1594,-0.0023116977530854422,patient10_window16s_stride1s-epo,beta
1595,-0.0020657906629041804,patient10_window16s_stride1s-epo,beta
1596,-0.001948303482075245,patient10_window16s_stride1s-epo,beta
1597,-0.0017363461132785677,patient10_window16s_stride1s-epo,beta
1598,-0.0014333774527523994,patient10_window16s_stride1s-epo,beta
1599,-0.0016351004138029756,patient10_window16s_stride1s-epo,beta
1600,-0.0006031851100688763,patient10_window16s_stride1s-epo,beta
1601,-0.0011369428671402742,patient10_window16s_stride1s-epo,beta
1602,-0.0015029786683204616,patient10_window16s_stride1s-epo,beta
1603,-0.0008391721688602806,patient10_window16s_stride1s-epo,beta
1604,-0.0010764329262179166,patient10_window16s_stride1s-epo,beta
1605,-0.0016470617223786506,patient10_window16s_stride1s-epo,beta
1606,-0.0011087388024409782,patient10_window16s_stride1s-epo,beta
1607,-0.0017950830941233758,patient10_window16s_stride1s-epo,beta
1608,-0.0021308323964135266,patient10_window16s_stride1s-epo,beta
1609,-0.0031642727277474787,patient10_window16s_stride1s-epo,beta
1610,-0.0012993563216040383,patient10_window16s_stride1s-epo,beta
1611,-0.0020905291134266407,patient10_window16s_stride1s-epo,beta
1612,-0.003052020861135215,patient10_window16s_stride1s-epo,beta
1613,-0.00326139594025169,patient10_window16s_stride1s-epo,beta
1614,-0.0038963237182578327,patient10_window16s_stride1s-epo,beta
1615,-0.004775903842752144,patient10_window16s_stride1s-epo,beta
1616,-0.0054134690124223225,patient10_window16s_stride1s-epo,beta
1617,-0.0065103344277978896,patient10_window16s_stride1s-epo,beta
1618,-0.005907436959288113,patient10_window16s_stride1s-epo,beta
1619,-0.0059185289889505804,patient10_window16s_stride1s-epo,beta
1620,-0.006250490134636859,patient10_window16s_stride1s-epo,beta
1621,-0.006936676185228926,patient10_window16s_stride1s-epo,beta
1622,-0.007656192064983863,patient10_window16s_stride1s-epo,beta
1623,-0.006666592004285751,patient10_window16s_stride1s-epo,beta
1624,-0.006277152250144611,patient10_window16s_stride1s-epo,beta
1625,-0.004903550807403683,patient10_window16s_stride1s-epo,beta
1626,-0.005044960431211723,patient10_window16s_stride1s-epo,beta
1627,-0.003980347707510523,patient10_window16s_stride1s-epo,beta
1628,-0.004081129636652021,patient10_window16s_stride1s-epo,beta
1629,-0.00366552951201009,patient10_window16s_stride1s-epo,beta
1630,-0.003105423763874428,patient10_window16s_stride1s-epo,beta
1631,-0.0017744763673642112,patient10_window16s_stride1s-epo,beta
1632,-0.0017746944273602772,patient10_window16s_stride1s-epo,beta
1633,-0.0016958996526965592,patient10_window16s_stride1s-epo,beta
1634,-0.0019240796907742908,patient10_window16s_stride1s-epo,beta
1635,-0.0016778825737859067,patient10_window16s_stride1s-epo,beta
1636,-0.0018412733038813917,patient10_window16s_stride1s-epo,beta
1637,-0.002474314168450355,patient10_window16s_stride1s-epo,beta
1638,-0.002554941288776195,patient10_window16s_stride1s-epo,beta
1639,-0.002907060975705363,patient10_window16s_stride1s-epo,beta
1640,-0.004603855551473849,patient10_window16s_stride1s-epo,beta
1641,-0.003947912808810427,patient10_window16s_stride1s-epo,beta
1642,-0.0032764522308145394,patient10_window16s_stride1s-epo,beta
1643,-0.004035856440058369,patient10_window16s_stride1s-epo,beta
1644,-0.004697660874469674,patient10_window16s_stride1s-epo,beta
1645,-0.005434194733578725,patient10_window16s_stride1s-epo,beta
1646,-0.004719381564368199,patient10_window16s_stride1s-epo,beta
1647,-0.005399308574560812,patient10_window16s_stride1s-epo,beta
1648,-0.004801462160590451,patient10_window16s_stride1s-epo,beta
1649,-0.00457093011866702,patient10_window16s_stride1s-epo,beta
1650,-0.004850559716620052,patient10_window16s_stride1s-epo,beta
1651,-0.00448288288687865,patient10_window16s_stride1s-epo,beta
1652,-0.004471169440639671,patient10_window16s_stride1s-epo,beta
1653,-0.004617299204351956,patient10_window16s_stride1s-epo,beta
1654,-0.003915197306425854,patient10_window16s_stride1s-epo,beta
1655,-0.003961646270893476,patient10_window16s_stride1s-epo,beta
1656,-0.0037628869645920516,patient10_window16s_stride1s-epo,beta
1657,-0.0045125159980287126,patient10_window16s_stride1s-epo,beta
1658,-0.002581934867769697,patient10_window16s_stride1s-epo,beta
1659,-0.002690202388679449,patient10_window16s_stride1s-epo,beta
1660,-0.0037857295843878635,patient10_window16s_stride1s-epo,beta
1661,-0.0021707439151522666,patient10_window16s_stride1s-epo,beta
1662,-0.0034785956697368395,patient10_window16s_stride1s-epo,beta
1663,-0.003041066806996535,patient10_window16s_stride1s-epo,beta
1664,-0.003564298761491993,patient10_window16s_stride1s-epo,beta
1665,-0.003972603866588957,patient10_window16s_stride1s-epo,beta
1666,-0.0035270092519182057,patient10_window16s_stride1s-epo,beta
1667,-0.00382293189999579,patient10_window16s_stride1s-epo,beta
1668,-0.0037675022225935467,patient10_window16s_stride1s-epo,beta
1669,-0.0034616737803692425,patient10_window16s_stride1s-epo,beta
1670,-0.0032370624508214246,patient10_window16s_stride1s-epo,beta
1671,-0.0028650465848745806,patient10_window16s_stride1s-epo,beta
1672,-0.0027181668077523985,patient10_window16s_stride1s-epo,beta
1673,-0.0027436543868240206,patient10_window16s_stride1s-epo,beta
1674,-0.0019503035946064793,patient10_window16s_stride1s-epo,beta
1675,-0.0022675284940873973,patient10_window16s_stride1s-epo,beta
1676,-0.00211682704778158,patient10_window16s_stride1s-epo,beta
1677,-0.0014861824176725764,patient10_window16s_stride1s-epo,beta
1678,-0.001575644976314686,patient10_window16s_stride1s-epo,beta
1679,-0.0010758209913028975,patient10_window16s_stride1s-epo,beta
1680,-0.0008931296706101978,patient10_window16s_stride1s-epo,beta
1681,-0.0005995358059551337,patient10_window16s_stride1s-epo,beta
1682,-0.000500994277393171,patient10_window16s_stride1s-epo,beta
1683,-0.001063445289708441,patient10_window16s_stride1s-epo,beta
1684,-0.0005125763079912217,patient10_window16s_stride1s-epo,beta
1685,-0.0008759323088005738,patient10_window16s_stride1s-epo,beta
1686,-0.0008556866402350487,patient10_window16s_stride1s-epo,beta
1687,-0.0006595545818243187,patient10_window16s_stride1s-epo,beta
1688,-0.0004491795219939564,patient10_window16s_stride1s-epo,beta
1689,-0.001648331476342933,patient10_window16s_stride1s-epo,beta
1690,-0.001304014811563803,patient10_window16s_stride1s-epo,beta
1691,-0.0016196875538947622,patient10_window16s_stride1s-epo,beta
1692,-0.00124835919415054,patient10_window16s_stride1s-epo,beta
1693,-0.0013584599107420703,patient10_window16s_stride1s-epo,beta
1694,-0.001548775230418138,patient10_window16s_stride1s-epo,beta
1695,-0.002296379715380111,patient10_window16s_stride1s-epo,beta
1696,-0.002604238575273625,patient10_window16s_stride1s-epo,beta
1697,-0.0030571957367041274,patient10_window16s_stride1s-epo,beta
1698,-0.00237990966253067,patient10_window16s_stride1s-epo,beta
1699,-0.0018279236125421153,patient10_window16s_stride1s-epo,beta
1700,-0.002140312770145474,patient10_window16s_stride1s-epo,beta
1701,-0.0008092367678036004,patient10_window16s_stride1s-epo,beta
1702,-0.0005282364837482631,patient10_window16s_stride1s-epo,beta
1703,-0.001314669954934684,patient10_window16s_stride1s-epo,beta
1704,-0.0014802035452186114,patient10_window16s_stride1s-epo,beta
1705,-0.0011900685580073496,patient10_window16s_stride1s-epo,beta
1706,-0.0008158894069260748,patient10_window16s_stride1s-epo,beta
1707,-0.0016037953756021235,patient10_window16s_stride1s-epo,beta
1708,-0.0008138102212356438,patient10_window16s_stride1s-epo,beta
1709,-0.0009047152390362897,patient10_window16s_stride1s-epo,beta
1710,-0.0006646465541162867,patient10_window16s_stride1s-epo,beta
1711,-0.0007081677058371625,patient10_window16s_stride1s-epo,beta
1712,-0.001163917742476314,patient10_window16s_stride1s-epo,beta
1713,-0.0008006311094388149,patient10_window16s_stride1s-epo,beta
1714,-0.0013500338950385331,patient10_window16s_stride1s-epo,beta
1715,-0.001885050221668857,patient10_window16s_stride1s-epo,beta
1716,-0.0018589842721214297,patient10_window16s_stride1s-epo,beta
1717,-0.0012168718858426983,patient10_window16s_stride1s-epo,beta
1718,-0.0017122604710239609,patient10_window16s_stride1s-epo,beta
1719,-0.001205939513974925,patient10_window16s_stride1s-epo,beta
1720,-0.0013699438824621248,patient10_window16s_stride1s-epo,beta
1721,-0.00239943959644103,patient10_window16s_stride1s-epo,beta
1722,-0.0022647760639798765,patient10_window16s_stride1s-epo,beta
1723,-0.002177946279780791,patient10_window16s_stride1s-epo,beta
1724,-0.001969628087991064,patient10_window16s_stride1s-epo,beta
1725,-0.0018498414469922352,patient10_window16s_stride1s-epo,beta
1726,-0.001925390387870708,patient10_window16s_stride1s-epo,beta
1727,-0.0015251773919510692,patient10_window16s_stride1s-epo,beta
1728,-0.0016819041726654277,patient10_window16s_stride1s-epo,beta
1729,-0.0020977548584724943,patient10_window16s_stride1s-epo,beta
1730,-0.0012815278706101087,patient10_window16s_stride1s-epo,beta
1731,-0.0007730779834808859,patient10_window16s_stride1s-epo,beta
1732,-0.0007586253113686776,patient10_window16s_stride1s-epo,beta
1733,-0.001775698952425048,patient10_window16s_stride1s-epo,beta
1734,-0.001778779292916203,patient10_window16s_stride1s-epo,beta
1735,-0.0015605649234342832,patient10_window16s_stride1s-epo,beta
1736,-0.0019133731113335686,patient10_window16s_stride1s-epo,beta
1737,-0.0014577760996198764,patient10_window16s_stride1s-epo,beta
1738,-0.0009565068459067636,patient10_window16s_stride1s-epo,beta
1739,-0.0015977812093096195,patient10_window16s_stride1s-epo,beta
1740,-0.0013697513691455726,patient10_window16s_stride1s-epo,beta
1741,-0.0016998883697584286,patient10_window16s_stride1s-epo,beta
1742,-0.0015675148168079987,patient10_window16s_stride1s-epo,beta
1743,-0.001445003899745096,patient10_window16s_stride1s-epo,beta
1744,-0.0013370790003499797,patient10_window16s_stride1s-epo,beta
1745,-0.0014522237253517451,patient10_window16s_stride1s-epo,beta
1746,-0.0012764873017835968,patient10_window16s_stride1s-epo,beta
1747,-0.001342122209086991,patient10_window16s_stride1s-epo,beta
1748,-0.0015768710886213022,patient10_window16s_stride1s-epo,beta
1749,-0.0013290525036043033,patient10_window16s_stride1s-epo,beta
1750,-0.0012133704126513945,patient10_window16s_stride1s-epo,beta
1751,-0.0015245854849651977,patient10_window16s_stride1s-epo,beta
1752,-0.0008257436036314714,patient10_window16s_stride1s-epo,beta
1753,-0.0008302158492957421,patient10_window16s_stride1s-epo,beta
1754,-0.0022797138967686273,patient10_window16s_stride1s-epo,beta
1755,-0.0025773937206260704,patient10_window16s_stride1s-epo,beta
1756,-0.002407778244531595,patient10_window16s_stride1s-epo,beta
1757,-0.0029433134927888504,patient10_window16s_stride1s-epo,beta
1758,-0.002681715951567285,patient10_window16s_stride1s-epo,beta
1759,-0.0030042763313069373,patient10_window16s_stride1s-epo,beta
1760,-0.0031652577288056186,patient10_window16s_stride1s-epo,beta
1761,-0.0026764146105619766,patient10_window16s_stride1s-epo,beta
1762,-0.0017138429977220124,patient10_window16s_stride1s-epo,beta
1763,-0.0009799363048282393,patient10_window16s_stride1s-epo,beta
1764,-0.00231705873373099,patient10_window16s_stride1s-epo,beta
1765,-0.0020587743757441517,patient10_window16s_stride1s-epo,beta
1766,-0.003196978014387325,patient10_window16s_stride1s-epo,beta
1767,-0.0012749253064624193,patient10_window16s_stride1s-epo,beta
1768,-0.0010674308039676805,patient10_window16s_stride1s-epo,beta
1769,-0.001163856292091421,patient10_window16s_stride1s-epo,beta
1770,-0.0008305828716499048,patient10_window16s_stride1s-epo,beta
1771,-0.0002691383555990799,patient10_window16s_stride1s-epo,beta
1772,-0.0011331556545616911,patient10_window16s_stride1s-epo,beta
1773,-0.0005178948862140694,patient10_window16s_stride1s-epo,beta
1774,-0.0016703869789776147,patient10_window16s_stride1s-epo,beta
1775,-0.0010048250051912328,patient10_window16s_stride1s-epo,beta
1776,-0.0015356363819422434,patient10_window16s_stride1s-epo,beta
1777,-0.0018699138203733133,patient10_window16s_stride1s-epo,beta
1778,-0.0012035024903318697,patient10_window16s_stride1s-epo,beta
1779,-0.0007106566720207087,patient10_window16s_stride1s-epo,beta
1780,-0.000605277755974914,patient10_window16s_stride1s-epo,beta
1781,-0.0009014250731059915,patient10_window16s_stride1s-epo,beta
1782,-0.0009517144027182446,patient10_window16s_stride1s-epo,beta
1783,-0.0028587297410570516,patient10_window16s_stride1s-epo,beta
1784,-0.0026259973467885073,patient10_window16s_stride1s-epo,beta
1785,-0.0031945455740838304,patient10_window16s_stride1s-epo,beta
1786,-0.002933482275170396,patient10_window16s_stride1s-epo,beta
1787,-0.002935400242568751,patient10_window16s_stride1s-epo,beta
1788,-0.002430412242019751,patient10_window16s_stride1s-epo,beta
1789,-0.0035604090532038502,patient10_window16s_stride1s-epo,beta
1790,-0.0031597421937305495,patient10_window16s_stride1s-epo,beta
1791,-0.003367282210452607,patient10_window16s_stride1s-epo,beta
1792,-0.002790424997211741,patient10_window16s_stride1s-epo,beta
1793,-0.002747586235890053,patient10_window16s_stride1s-epo,beta
1794,-0.0037227857242546378,patient10_window16s_stride1s-epo,beta
1795,-0.0031086014263304977,patient10_window16s_stride1s-epo,beta
1796,-0.0033538748182772842,patient10_window16s_stride1s-epo,beta
1797,-0.002955797813581877,patient10_window16s_stride1s-epo,beta
1798,-0.0029303694343603207,patient10_window16s_stride1s-epo,beta
1799,-0.002867510583633825,patient10_window16s_stride1s-epo,beta
1800,-0.0027586655112504703,patient10_window16s_stride1s-epo,beta
1801,-0.0023634643450610128,patient10_window16s_stride1s-epo,beta
1802,-0.0025638314147582155,patient10_window16s_stride1s-epo,beta
1803,-0.0021670352187354107,patient10_window16s_stride1s-epo,beta
1804,-0.0028022134589213233,patient10_window16s_stride1s-epo,beta
1805,-0.002265039912508308,patient10_window16s_stride1s-epo,beta
1806,-0.002537086615868711,patient10_window16s_stride1s-epo,beta
1807,-0.0017138062423889154,patient10_window16s_stride1s-epo,beta
1808,-0.0007217651471469449,patient10_window16s_stride1s-epo,beta
1809,-0.0011995730495302876,patient10_window16s_stride1s-epo,beta
1810,-0.00012621390180740633,patient10_window16s_stride1s-epo,beta
1811,6.512723781263408e-05,patient10_window16s_stride1s-epo,beta
1812,-0.0010870759700980514,patient10_window16s_stride1s-epo,beta
1813,-0.001348326779694971,patient10_window16s_stride1s-epo,beta
1814,-0.0012984596891671373,patient10_window16s_stride1s-epo,beta
1815,-0.0030398270212429156,patient10_window16s_stride1s-epo,beta
1816,-0.002165203875929275,patient10_window16s_stride1s-epo,beta
1817,-0.001329060170663079,patient10_window16s_stride1s-epo,beta
1818,-0.0014687061450784954,patient10_window16s_stride1s-epo,beta
1819,-0.0018107978678549763,patient10_window16s_stride1s-epo,beta
1820,-0.0014080637847480337,patient10_window16s_stride1s-epo,beta
1821,-0.0016082002211166649,patient10_window16s_stride1s-epo,beta
1822,-0.0027533470853354,patient10_window16s_stride1s-epo,beta
1823,-0.0029814816473673505,patient10_window16s_stride1s-epo,beta
1824,-0.00342909892257315,patient10_window16s_stride1s-epo,beta
1825,-0.002781502457370748,patient10_window16s_stride1s-epo,beta
1826,-0.003587938655982509,patient10_window16s_stride1s-epo,beta
1827,-0.00339125341338345,patient10_window16s_stride1s-epo,beta
1828,-0.004164635079900727,patient10_window16s_stride1s-epo,beta
1829,-0.003346051560757549,patient10_window16s_stride1s-epo,beta
1830,-0.0035310136819738636,patient10_window16s_stride1s-epo,beta
1831,-0.0029834460048148484,patient10_window16s_stride1s-epo,beta
1832,-0.002965045238252687,patient10_window16s_stride1s-epo,beta
1833,-0.00396188866121941,patient10_window16s_stride1s-epo,beta
1834,-0.004209775992806337,patient10_window16s_stride1s-epo,beta
1835,-0.0049356632944823784,patient10_window16s_stride1s-epo,beta
1836,-0.004938680556826815,patient10_window16s_stride1s-epo,beta
1837,-0.003307837487869096,patient10_window16s_stride1s-epo,beta
1838,-0.0022532423745817063,patient10_window16s_stride1s-epo,beta
1839,-0.0030418627418767434,patient10_window16s_stride1s-epo,beta
1840,-0.0038632646974235676,patient10_window16s_stride1s-epo,beta
1841,-0.0036621369769578565,patient10_window16s_stride1s-epo,beta
1842,-0.0031134289615379856,patient10_window16s_stride1s-epo,beta
1843,-0.004122955108273706,patient10_window16s_stride1s-epo,beta
1844,-0.0029022717681499595,patient10_window16s_stride1s-epo,beta
1845,-0.0026351193524907,patient10_window16s_stride1s-epo,beta
1846,-0.001447586033571176,patient10_window16s_stride1s-epo,beta
1847,-0.0014446701568587765,patient10_window16s_stride1s-epo,beta
1848,-0.0011073084995317328,patient10_window16s_stride1s-epo,beta
1849,-0.0013086391131053453,patient10_window16s_stride1s-epo,beta
1850,-0.0009622491598412153,patient10_window16s_stride1s-epo,beta
1851,-0.0015282979851314958,patient10_window16s_stride1s-epo,beta
1852,-0.001453992459275233,patient10_window16s_stride1s-epo,beta
1853,-0.0025309606327245746,patient10_window16s_stride1s-epo,beta
1854,-0.002718915770128317,patient10_window16s_stride1s-epo,beta
1855,-0.0019860060570153887,patient10_window16s_stride1s-epo,beta
1856,-0.0016384743372700897,patient10_window16s_stride1s-epo,beta
1857,-0.0018292063629122878,patient10_window16s_stride1s-epo,beta
1858,-0.0020104420842013398,patient10_window16s_stride1s-epo,beta
1859,-0.001828909822554186,patient10_window16s_stride1s-epo,beta
1860,-0.0028215688329442943,patient10_window16s_stride1s-epo,beta
1861,-0.0042793594192469565,patient10_window16s_stride1s-epo,beta
1862,-0.004114267590357148,patient10_window16s_stride1s-epo,beta
1863,-0.004547462810213668,patient10_window16s_stride1s-epo,beta
1864,-0.003944434132173256,patient10_window16s_stride1s-epo,beta
1865,-0.0036878866841624633,patient10_window16s_stride1s-epo,beta
1866,-0.004184447072174794,patient10_window16s_stride1s-epo,beta
1867,-0.00458638489824266,patient10_window16s_stride1s-epo,beta
1868,-0.0037733962398771486,patient10_window16s_stride1s-epo,beta
1869,-0.00443171067489748,patient10_window16s_stride1s-epo,beta
1870,-0.004442362127706161,patient10_window16s_stride1s-epo,beta
1871,-0.005479360790936844,patient10_window16s_stride1s-epo,beta
1872,-0.004949654319905549,patient10_window16s_stride1s-epo,beta
1873,-0.003957624515554405,patient10_window16s_stride1s-epo,beta
1874,-0.0050053209768838435,patient10_window16s_stride1s-epo,beta
1875,-0.004826499203210585,patient10_window16s_stride1s-epo,beta
1876,-0.005003998147205978,patient10_window16s_stride1s-epo,beta
1877,-0.0037832909854191967,patient10_window16s_stride1s-epo,beta
1878,-0.003774533065418848,patient10_window16s_stride1s-epo,beta
1879,-0.00412614987398461,patient10_window16s_stride1s-epo,beta
1880,-0.0035239008418344723,patient10_window16s_stride1s-epo,beta
1881,-0.004961216615928786,patient10_window16s_stride1s-epo,beta
1882,-0.004331310995396509,patient10_window16s_stride1s-epo,beta
1883,-0.004340091471801055,patient10_window16s_stride1s-epo,beta
1884,-0.004335963225336101,patient10_window16s_stride1s-epo,beta
1885,-0.0028726248298923387,patient10_window16s_stride1s-epo,beta
1886,-0.0028742736729215866,patient10_window16s_stride1s-epo,beta
1887,-0.0027293163401404686,patient10_window16s_stride1s-epo,beta
1888,-0.003034837752481398,patient10_window16s_stride1s-epo,beta
1889,-0.002455426594437506,patient10_window16s_stride1s-epo,beta
1890,-0.0025906671841151676,patient10_window16s_stride1s-epo,beta
1891,-0.0021968697682096853,patient10_window16s_stride1s-epo,beta
1892,-0.0025322189816920078,patient10_window16s_stride1s-epo,beta
1893,-0.003054617081421366,patient10_window16s_stride1s-epo,beta
1894,-0.002421330748696026,patient10_window16s_stride1s-epo,beta
1895,-0.0032547283435541805,patient10_window16s_stride1s-epo,beta
1896,-0.0028563209824054945,patient10_window16s_stride1s-epo,beta
1897,-0.003844623051671074,patient10_window16s_stride1s-epo,beta
1898,-0.004537281023623485,patient10_window16s_stride1s-epo,beta
1899,-0.0046192048821577765,patient10_window16s_stride1s-epo,beta
1900,-0.004530190924205161,patient10_window16s_stride1s-epo,beta
1901,-0.004725964621364515,patient10_window16s_stride1s-epo,beta
1902,-0.00466393436515116,patient10_window16s_stride1s-epo,beta
1903,-0.004231433775417393,patient10_window16s_stride1s-epo,beta
1904,-0.004954986772707111,patient10_window16s_stride1s-epo,beta
1905,-0.005029998541462679,patient10_window16s_stride1s-epo,beta
1906,-0.0063883681167186705,patient10_window16s_stride1s-epo,beta
1907,-0.005001764429481768,patient10_window16s_stride1s-epo,beta
1908,-0.004883547219577961,patient10_window16s_stride1s-epo,beta
1909,-0.004670581714948019,patient10_window16s_stride1s-epo,beta
1910,-0.004692805506090465,patient10_window16s_stride1s-epo,beta
1911,-0.005428223430291345,patient10_window16s_stride1s-epo,beta
1912,-0.007065124787987949,patient10_window16s_stride1s-epo,beta
1913,-0.006555702531122955,patient10_window16s_stride1s-epo,beta
1914,-0.005113031470403122,patient10_window16s_stride1s-epo,beta
1915,-0.004258447961871126,patient10_window16s_stride1s-epo,beta
1916,-0.0038614578961200003,patient10_window16s_stride1s-epo,beta
1917,-0.003967168479752787,patient10_window16s_stride1s-epo,beta
1918,-0.005212477521904585,patient10_window16s_stride1s-epo,beta
1919,-0.004427005203909995,patient10_window16s_stride1s-epo,beta
1920,-0.004060987835509331,patient10_window16s_stride1s-epo,beta
1921,-0.0033922094515638768,patient10_window16s_stride1s-epo,beta
1922,-0.0024405851174092545,patient10_window16s_stride1s-epo,beta
1923,-0.004016647541452691,patient10_window16s_stride1s-epo,beta
1924,-0.003951901838016467,patient10_window16s_stride1s-epo,beta
1925,-0.003915337776148044,patient10_window16s_stride1s-epo,beta
1926,-0.003534297427415799,patient10_window16s_stride1s-epo,beta
1927,-0.004608502111307087,patient10_window16s_stride1s-epo,beta
1928,-0.0021698976767595786,patient10_window16s_stride1s-epo,beta
1929,-0.0031252718630715892,patient10_window16s_stride1s-epo,beta
1930,-0.002274400083383421,patient10_window16s_stride1s-epo,beta
1931,-0.002752261455893574,patient10_window16s_stride1s-epo,beta
1932,-0.0028736230540357278,patient10_window16s_stride1s-epo,beta
1933,-0.0033365164636521643,patient10_window16s_stride1s-epo,beta
1934,-0.0011583400538712366,patient10_window16s_stride1s-epo,beta
1935,-0.0025715943809740765,patient10_window16s_stride1s-epo,beta
1936,-0.0022496079356443223,patient10_window16s_stride1s-epo,beta
1937,-0.002697067532570023,patient10_window16s_stride1s-epo,beta
1938,-0.0036146099450584954,patient10_window16s_stride1s-epo,beta
1939,-0.0038558978831765146,patient10_window16s_stride1s-epo,beta
1940,-0.003310929881129059,patient10_window16s_stride1s-epo,beta
1941,-0.004565149045085055,patient10_window16s_stride1s-epo,beta
1942,-0.0043212133520853895,patient10_window16s_stride1s-epo,beta
1943,-0.0045222702020554575,patient10_window16s_stride1s-epo,beta
1944,-0.004967662088100223,patient10_window16s_stride1s-epo,beta
1945,-0.004322513909747138,patient10_window16s_stride1s-epo,beta
1946,-0.005574715328774333,patient10_window16s_stride1s-epo,beta
1947,-0.004711372441573239,patient10_window16s_stride1s-epo,beta
1948,-0.005453257746675929,patient10_window16s_stride1s-epo,beta
1949,-0.004783600247110085,patient10_window16s_stride1s-epo,beta
1950,-0.005845185250700673,patient10_window16s_stride1s-epo,beta
1951,-0.005700828212945001,patient10_window16s_stride1s-epo,beta
1952,-0.006571562934681173,patient10_window16s_stride1s-epo,beta
1953,-0.006852274988173164,patient10_window16s_stride1s-epo,beta
1954,-0.005394475469030743,patient10_window16s_stride1s-epo,beta
1955,-0.0049543703708425,patient10_window16s_stride1s-epo,beta
1956,-0.00530365724997755,patient10_window16s_stride1s-epo,beta
1957,-0.005005056957593518,patient10_window16s_stride1s-epo,beta
1958,-0.005382743305412822,patient10_window16s_stride1s-epo,beta
1959,-0.0037702322363951115,patient10_window16s_stride1s-epo,beta
1960,-0.004965960747009549,patient10_window16s_stride1s-epo,beta
1961,-0.004854543402402774,patient10_window16s_stride1s-epo,beta
1962,-0.004076721739764817,patient10_window16s_stride1s-epo,beta
1963,-0.0048519157553749805,patient10_window16s_stride1s-epo,beta
1964,-0.004298343380404608,patient10_window16s_stride1s-epo,beta
1965,-0.005063128821017417,patient10_window16s_stride1s-epo,beta
1966,-0.005095223172896871,patient10_window16s_stride1s-epo,beta
1967,-0.004156844136179691,patient10_window16s_stride1s-epo,beta
1968,-0.00492861090414741,patient10_window16s_stride1s-epo,beta
1969,-0.003974936698592826,patient10_window16s_stride1s-epo,beta
1970,-0.004787732293124984,patient10_window16s_stride1s-epo,beta
1971,-0.004019497117494753,patient10_window16s_stride1s-epo,beta
1972,-0.004260383629831418,patient10_window16s_stride1s-epo,beta
1973,-0.004908199677548478,patient10_window16s_stride1s-epo,beta
1974,-0.005358949212235986,patient10_window16s_stride1s-epo,beta
1975,-0.00547917933816446,patient10_window16s_stride1s-epo,beta
1976,-0.005170392292280173,patient10_window16s_stride1s-epo,beta
1977,-0.005262940344262106,patient10_window16s_stride1s-epo,beta
1978,-0.0060139999602290975,patient10_window16s_stride1s-epo,beta
1979,-0.006040624156371174,patient10_window16s_stride1s-epo,beta
1980,-0.005685654830413584,patient10_window16s_stride1s-epo,beta
1981,-0.00455341052190421,patient10_window16s_stride1s-epo,beta
1982,-0.004937455729906777,patient10_window16s_stride1s-epo,beta
1983,-0.005479385804341811,patient10_window16s_stride1s-epo,beta
1984,-0.005179554351820767,patient10_window16s_stride1s-epo,beta
1985,-0.005572315840682443,patient10_window16s_stride1s-epo,beta
1986,-0.00408254968527474,patient10_window16s_stride1s-epo,beta
1987,-0.0045945101746746155,patient10_window16s_stride1s-epo,beta
1988,-0.006021160028993979,patient10_window16s_stride1s-epo,beta
1989,-0.006243967946192687,patient10_window16s_stride1s-epo,beta
1990,-0.0051454274156654545,patient10_window16s_stride1s-epo,beta
1991,-0.004953959317405575,patient10_window16s_stride1s-epo,beta
1992,-0.005303136352478896,patient10_window16s_stride1s-epo,beta
1993,-0.004491926831208912,patient10_window16s_stride1s-epo,beta
1994,-0.00492438935755794,patient10_window16s_stride1s-epo,beta
1995,-0.0049440146903870314,patient10_window16s_stride1s-epo,beta
1996,-0.005848043015730891,patient10_window16s_stride1s-epo,beta
1997,-0.006017877069281768,patient10_window16s_stride1s-epo,beta
1998,-0.004976182066267441,patient10_window16s_stride1s-epo,beta
1999,-0.005738075162683077,patient10_window16s_stride1s-epo,beta
2000,-0.006661937553981384,patient10_window16s_stride1s-epo,beta
2001,-0.007151834154547356,patient10_window16s_stride1s-epo,beta
2002,-0.007417862120621073,patient10_window16s_stride1s-epo,beta
2003,-0.007148004046961137,patient10_window16s_stride1s-epo,beta
2004,-0.006601617955112957,patient10_window16s_stride1s-epo,beta
2005,-0.006505194499061521,patient10_window16s_stride1s-epo,beta
2006,-0.005895601262766319,patient10_window16s_stride1s-epo,beta
2007,-0.006128693133100383,patient10_window16s_stride1s-epo,beta
2008,-0.00716976713065331,patient10_window16s_stride1s-epo,beta
2009,-0.0066458939152139445,patient10_window16s_stride1s-epo,beta
2010,-0.007473814735492297,patient10_window16s_stride1s-epo,beta
2011,-0.007212009578197663,patient10_window16s_stride1s-epo,beta
2012,-0.007857303349380961,patient10_window16s_stride1s-epo,beta
2013,-0.006270282029169003,patient10_window16s_stride1s-epo,beta
2014,-0.006532089266557629,patient10_window16s_stride1s-epo,beta
2015,-0.007158291007795613,patient10_window16s_stride1s-epo,beta
2016,-0.00703406625484224,patient10_window16s_stride1s-epo,beta
2017,-0.005947990398694026,patient10_window16s_stride1s-epo,beta
2018,-0.006033677155907919,patient10_window16s_stride1s-epo,beta
2019,-0.005701245845632636,patient10_window16s_stride1s-epo,beta
2020,-0.005716233559207139,patient10_window16s_stride1s-epo,beta
2021,-0.005203091406348565,patient10_window16s_stride1s-epo,beta
2022,-0.005087151489836562,patient10_window16s_stride1s-epo,beta
2023,-0.006150247706690461,patient10_window16s_stride1s-epo,beta
2024,-0.005453877476285891,patient10_window16s_stride1s-epo,beta
2025,-0.005586926984618441,patient10_window16s_stride1s-epo,beta
2026,-0.002818849385015486,patient10_window16s_stride1s-epo,beta
2027,-0.0031144507972055897,patient10_window16s_stride1s-epo,beta
2028,-0.003670272710412075,patient10_window16s_stride1s-epo,beta
2029,-0.0037138348198913606,patient10_window16s_stride1s-epo,beta
2030,-0.0036644079423647623,patient10_window16s_stride1s-epo,beta
2031,-0.004256249760003745,patient10_window16s_stride1s-epo,beta
2032,-0.0042072853921206405,patient10_window16s_stride1s-epo,beta
2033,-0.004429638983185598,patient10_window16s_stride1s-epo,beta
2034,-0.004610378534690849,patient10_window16s_stride1s-epo,beta
2035,-0.003896949947443715,patient10_window16s_stride1s-epo,beta
2036,-0.004608168168277962,patient10_window16s_stride1s-epo,beta
2037,-0.004839653036399893,patient10_window16s_stride1s-epo,beta
2038,-0.006039408623400985,patient10_window16s_stride1s-epo,beta
2039,-0.00562183209228978,patient10_window16s_stride1s-epo,beta
2040,-0.005478051933983316,patient10_window16s_stride1s-epo,beta
2041,-0.00538032208511728,patient10_window16s_stride1s-epo,beta
2042,-0.005709653553970941,patient10_window16s_stride1s-epo,beta
2043,-0.0059337862177788305,patient10_window16s_stride1s-epo,beta
2044,-0.006066634171111897,patient10_window16s_stride1s-epo,beta
2045,-0.005816526956266032,patient10_window16s_stride1s-epo,beta
2046,-0.006461533128421429,patient10_window16s_stride1s-epo,beta
2047,-0.005858012239228203,patient10_window16s_stride1s-epo,beta
2048,-0.0061146202262156,patient10_window16s_stride1s-epo,beta
2049,-0.005683366715109807,patient10_window16s_stride1s-epo,beta
2050,-0.00501577096245632,patient10_window16s_stride1s-epo,beta
2051,-0.004958614058191387,patient10_window16s_stride1s-epo,beta
2052,-0.004942888456685486,patient10_window16s_stride1s-epo,beta
2053,-0.0046710959949160455,patient10_window16s_stride1s-epo,beta
2054,-0.00396668442716226,patient10_window16s_stride1s-epo,beta
2055,-0.003935334792808281,patient10_window16s_stride1s-epo,beta
2056,-0.003793104463014119,patient10_window16s_stride1s-epo,beta
2057,-0.0040995781942549945,patient10_window16s_stride1s-epo,beta
2058,-0.0037070526157920434,patient10_window16s_stride1s-epo,beta
2059,-0.002344938198759557,patient10_window16s_stride1s-epo,beta
2060,-0.0022343707009271165,patient10_window16s_stride1s-epo,beta
2061,-0.0023701799302598358,patient10_window16s_stride1s-epo,beta
2062,-0.001848717827984489,patient10_window16s_stride1s-epo,beta
2063,-0.0023847736636578177,patient10_window16s_stride1s-epo,beta
2064,-0.0026067251021538217,patient10_window16s_stride1s-epo,beta
2065,-0.0022379640811240453,patient10_window16s_stride1s-epo,beta
2066,-0.0017687752596220994,patient10_window16s_stride1s-epo,beta
2067,-0.0026869175313207704,patient10_window16s_stride1s-epo,beta
2068,-0.0026540460981538316,patient10_window16s_stride1s-epo,beta
2069,-0.003410975474030441,patient10_window16s_stride1s-epo,beta
2070,-0.003097830165547077,patient10_window16s_stride1s-epo,beta
2071,-0.0034234575724673266,patient10_window16s_stride1s-epo,beta
2072,-0.002842709958000492,patient10_window16s_stride1s-epo,beta
2073,-0.004064624344074975,patient10_window16s_stride1s-epo,beta
2074,-0.003562710714393309,patient10_window16s_stride1s-epo,beta
2075,-0.003669800382404641,patient10_window16s_stride1s-epo,beta
2076,-0.00393467261612602,patient10_window16s_stride1s-epo,beta
2077,-0.0033780829218053943,patient10_window16s_stride1s-epo,beta
2078,-0.002995250444490778,patient10_window16s_stride1s-epo,beta
2079,-0.0034648350225760134,patient10_window16s_stride1s-epo,beta
2080,-0.0024286250636715674,patient10_window16s_stride1s-epo,beta
2081,-0.0031060205396845277,patient10_window16s_stride1s-epo,beta
2082,-0.0020769654711806666,patient10_window16s_stride1s-epo,beta
2083,-0.002874957011715212,patient10_window16s_stride1s-epo,beta
2084,-0.0030409949285084537,patient10_window16s_stride1s-epo,beta
2085,-0.0028805117152019568,patient10_window16s_stride1s-epo,beta
2086,-0.0026163592531042077,patient10_window16s_stride1s-epo,beta
2087,-0.0036384202019866846,patient10_window16s_stride1s-epo,beta
2088,-0.0028078126766496445,patient10_window16s_stride1s-epo,beta
2089,-0.0032683292517637626,patient10_window16s_stride1s-epo,beta
2090,-0.0032198244208633616,patient10_window16s_stride1s-epo,beta
2091,-0.002599064847182287,patient10_window16s_stride1s-epo,beta
2092,-0.004107523845396909,patient10_window16s_stride1s-epo,beta
2093,-0.0033744626785525656,patient10_window16s_stride1s-epo,beta
2094,-0.0036336311476307783,patient10_window16s_stride1s-epo,beta
2095,-0.0040510654881028545,patient10_window16s_stride1s-epo,beta
2096,-0.0044287717725126794,patient10_window16s_stride1s-epo,beta
2097,-0.003958760956363125,patient10_window16s_stride1s-epo,beta
2098,-0.0033486414894068686,patient10_window16s_stride1s-epo,beta
2099,-0.0034856237785822956,patient10_window16s_stride1s-epo,beta
2100,-0.004491331260366734,patient10_window16s_stride1s-epo,beta
2101,-0.004763054275026345,patient10_window16s_stride1s-epo,beta
2102,-0.0054226751913840215,patient10_window16s_stride1s-epo,beta
2103,-0.0034804244761487274,patient10_window16s_stride1s-epo,beta
2104,-0.003860079650908841,patient10_window16s_stride1s-epo,beta
2105,-0.0029457816304214357,patient10_window16s_stride1s-epo,beta
2106,-0.003331494431545783,patient10_window16s_stride1s-epo,beta
2107,-0.002719378414233435,patient10_window16s_stride1s-epo,beta
2108,-0.003137449176784299,patient10_window16s_stride1s-epo,beta
2109,-0.002496420050079632,patient10_window16s_stride1s-epo,beta
2110,-0.00297864970005552,patient10_window16s_stride1s-epo,beta
2111,-0.0024114505197979953,patient10_window16s_stride1s-epo,beta
2112,-0.002094046919200897,patient10_window16s_stride1s-epo,beta
2113,-0.0030304385761068097,patient10_window16s_stride1s-epo,beta
2114,-0.0036295898883072,patient10_window16s_stride1s-epo,beta
2115,-0.004250284284549497,patient10_window16s_stride1s-epo,beta
2116,-0.003188647899162022,patient10_window16s_stride1s-epo,beta
2117,-0.003695968979958684,patient10_window16s_stride1s-epo,beta
2118,-0.0036965763868091702,patient10_window16s_stride1s-epo,beta
2119,-0.003447875500589663,patient10_window16s_stride1s-epo,beta
2120,-0.003858384332163598,patient10_window16s_stride1s-epo,beta
2121,-0.003844406275061791,patient10_window16s_stride1s-epo,beta
2122,-0.004174636041330446,patient10_window16s_stride1s-epo,beta
2123,-0.0035165049867721876,patient10_window16s_stride1s-epo,beta
2124,-0.004072593841789205,patient10_window16s_stride1s-epo,beta
2125,-0.003417736225731914,patient10_window16s_stride1s-epo,beta
2126,-0.0031057852184561987,patient10_window16s_stride1s-epo,beta
2127,-0.004394973816572502,patient10_window16s_stride1s-epo,beta
2128,-0.0037799301179819848,patient10_window16s_stride1s-epo,beta
2129,-0.0038186069835821467,patient10_window16s_stride1s-epo,beta
2130,-0.0019077949087061257,patient10_window16s_stride1s-epo,beta
2131,-0.004078641955078211,patient10_window16s_stride1s-epo,beta
2132,-0.0037231874381388743,patient10_window16s_stride1s-epo,beta
2133,-0.0030159304424143716,patient10_window16s_stride1s-epo,beta
2134,-0.002598764222407303,patient10_window16s_stride1s-epo,beta
2135,-0.002409073014210186,patient10_window16s_stride1s-epo,beta
2136,-0.0028135588470047093,patient10_window16s_stride1s-epo,beta
2137,-0.00373893089860457,patient10_window16s_stride1s-epo,beta
2138,-0.003927530375726345,patient10_window16s_stride1s-epo,beta
2139,-0.004595963891770909,patient10_window16s_stride1s-epo,beta
2140,-0.004633151563012143,patient10_window16s_stride1s-epo,beta
2141,-0.00513041642355742,patient10_window16s_stride1s-epo,beta
2142,-0.004937112153017268,patient10_window16s_stride1s-epo,beta
2143,-0.004796063495803583,patient10_window16s_stride1s-epo,beta
2144,-0.004562599652641718,patient10_window16s_stride1s-epo,beta
2145,-0.003952051343059589,patient10_window16s_stride1s-epo,beta
2146,-0.004094807562119535,patient10_window16s_stride1s-epo,beta
2147,-0.004305319947106676,patient10_window16s_stride1s-epo,beta
2148,-0.0040149316024941486,patient10_window16s_stride1s-epo,beta
2149,-0.003395506814590029,patient10_window16s_stride1s-epo,beta
2150,-0.003037358555847483,patient10_window16s_stride1s-epo,beta
2151,-0.003923741248086739,patient10_window16s_stride1s-epo,beta
2152,-0.003943550598780552,patient10_window16s_stride1s-epo,beta
2153,-0.0034938817461977814,patient10_window16s_stride1s-epo,beta
2154,-0.0035190865926066524,patient10_window16s_stride1s-epo,beta
2155,-0.0028590463376639637,patient10_window16s_stride1s-epo,beta
2156,-0.004034931912429997,patient10_window16s_stride1s-epo,beta
2157,-0.0028824061736301035,patient10_window16s_stride1s-epo,beta
2158,-0.003366953655271533,patient10_window16s_stride1s-epo,beta
2159,-0.003082261625979932,patient10_window16s_stride1s-epo,beta
2160,-0.0036456279705400856,patient10_window16s_stride1s-epo,beta
2161,-0.002930130255039948,patient10_window16s_stride1s-epo,beta
2162,-0.003251836402818073,patient10_window16s_stride1s-epo,beta
2163,-0.0023956979218738,patient10_window16s_stride1s-epo,beta
2164,-0.003166426573023736,patient10_window16s_stride1s-epo,beta
2165,-0.0028012197751280995,patient10_window16s_stride1s-epo,beta
2166,-0.0031693113610718536,patient10_window16s_stride1s-epo,beta
2167,-0.004173380850701183,patient10_window16s_stride1s-epo,beta
2168,-0.00406360588802125,patient10_window16s_stride1s-epo,beta
2169,-0.0036285688025765434,patient10_window16s_stride1s-epo,beta
2170,-0.0033471829004192532,patient10_window16s_stride1s-epo,beta
2171,-0.004224492592781186,patient10_window16s_stride1s-epo,beta
2172,-0.004352485475131481,patient10_window16s_stride1s-epo,beta
2173,-0.0038639005763307856,patient10_window16s_stride1s-epo,beta
2174,-0.0037690572956711214,patient10_window16s_stride1s-epo,beta
2175,-0.003870724946852913,patient10_window16s_stride1s-epo,beta
2176,-0.0031250185250091453,patient10_window16s_stride1s-epo,beta
2177,-0.0038402939802017967,patient10_window16s_stride1s-epo,beta
2178,-0.003931949025383072,patient10_window16s_stride1s-epo,beta
2179,-0.005017852035246619,patient10_window16s_stride1s-epo,beta
2180,-0.00514461292853537,patient10_window16s_stride1s-epo,beta
2181,-0.005403218356733117,patient10_window16s_stride1s-epo,beta
2182,-0.005926493215002321,patient10_window16s_stride1s-epo,beta
2183,-0.004559951599789098,patient10_window16s_stride1s-epo,beta
2184,-0.005135936269879432,patient10_window16s_stride1s-epo,beta
2185,-0.005244659718359746,patient10_window16s_stride1s-epo,beta
2186,-0.004141695562469257,patient10_window16s_stride1s-epo,beta
2187,-0.002953085303982048,patient10_window16s_stride1s-epo,beta
2188,-0.003129149343843319,patient10_window16s_stride1s-epo,beta
2189,-0.003858342516815867,patient10_window16s_stride1s-epo,beta
2190,-0.0032802543625032265,patient10_window16s_stride1s-epo,beta
2191,-0.003508859605873047,patient10_window16s_stride1s-epo,beta
2192,-0.004179923358902059,patient10_window16s_stride1s-epo,beta
2193,-0.004988148568080328,patient10_window16s_stride1s-epo,beta
2194,-0.0036697592577349834,patient10_window16s_stride1s-epo,beta
2195,-0.003579650443786392,patient10_window16s_stride1s-epo,beta
2196,-0.0032958280296044857,patient10_window16s_stride1s-epo,beta
2197,-0.0036741163409268,patient10_window16s_stride1s-epo,beta
2198,-0.004339197891591257,patient10_window16s_stride1s-epo,beta
2199,-0.005445641255406037,patient10_window16s_stride1s-epo,beta
2200,-0.004701206586246499,patient10_window16s_stride1s-epo,beta
2201,-0.004081304670319257,patient10_window16s_stride1s-epo,beta
2202,-0.005246144858375337,patient10_window16s_stride1s-epo,beta
2203,-0.004105592696268589,patient10_window16s_stride1s-epo,beta
2204,-0.0046640637557004705,patient10_window16s_stride1s-epo,beta
2205,-0.0038389654632718525,patient10_window16s_stride1s-epo,beta
2206,-0.003721964734045237,patient10_window16s_stride1s-epo,beta
2207,-0.0028760864984222305,patient10_window16s_stride1s-epo,beta
2208,-0.0037118614717819676,patient10_window16s_stride1s-epo,beta
2209,-0.004558364805874601,patient10_window16s_stride1s-epo,beta
2210,-0.004945374763924541,patient10_window16s_stride1s-epo,beta
2211,-0.004496212889975624,patient10_window16s_stride1s-epo,beta
2212,-0.004745050063419155,patient10_window16s_stride1s-epo,beta
2213,-0.0049645314160570424,patient10_window16s_stride1s-epo,beta
2214,-0.003593116798997726,patient10_window16s_stride1s-epo,beta
2215,-0.002545767393199987,patient10_window16s_stride1s-epo,beta
2216,-0.003119151845944203,patient10_window16s_stride1s-epo,beta
2217,-0.002922859680913658,patient10_window16s_stride1s-epo,beta
2218,-0.0023218418045572674,patient10_window16s_stride1s-epo,beta
2219,-0.002891569379626527,patient10_window16s_stride1s-epo,beta
2220,-0.0031283713671634242,patient10_window16s_stride1s-epo,beta
2221,-0.0037515132687774492,patient10_window16s_stride1s-epo,beta
2222,-0.003583872073638213,patient10_window16s_stride1s-epo,beta
2223,-0.004078752418058015,patient10_window16s_stride1s-epo,beta
2224,-0.0044197876863139585,patient10_window16s_stride1s-epo,beta
2225,-0.004679954114316193,patient10_window16s_stride1s-epo,beta
2226,-0.004583250580636806,patient10_window16s_stride1s-epo,beta
2227,-0.005218877826068549,patient10_window16s_stride1s-epo,beta
2228,-0.004973772305090613,patient10_window16s_stride1s-epo,beta
2229,-0.004521141075343166,patient10_window16s_stride1s-epo,beta
2230,-0.003003623367856718,patient10_window16s_stride1s-epo,beta
2231,-0.0025967379156647593,patient10_window16s_stride1s-epo,beta
2232,-0.003402109517080393,patient10_window16s_stride1s-epo,beta
2233,-0.003657619279436897,patient10_window16s_stride1s-epo,beta
2234,-0.004045084792228812,patient10_window16s_stride1s-epo,beta
2235,-0.004574014746833069,patient10_window16s_stride1s-epo,beta
2236,-0.00437849816080671,patient10_window16s_stride1s-epo,beta
2237,-0.004294902059622285,patient10_window16s_stride1s-epo,beta
2238,-0.0037857200382692227,patient10_window16s_stride1s-epo,beta
2239,-0.003921455064300138,patient10_window16s_stride1s-epo,beta
2240,-0.004499899596516465,patient10_window16s_stride1s-epo,beta
2241,-0.004125073343359016,patient10_window16s_stride1s-epo,beta
2242,-0.0035942223099889054,patient10_window16s_stride1s-epo,beta
2243,-0.004682700799214891,patient10_window16s_stride1s-epo,beta
2244,-0.004588958876733529,patient10_window16s_stride1s-epo,beta
2245,-0.005383035789499145,patient10_window16s_stride1s-epo,beta
2246,-0.006245420478825029,patient10_window16s_stride1s-epo,beta
2247,-0.0059229431850223785,patient10_window16s_stride1s-epo,beta
2248,-0.004376106678174253,patient10_window16s_stride1s-epo,beta
2249,-0.004631597433017861,patient10_window16s_stride1s-epo,beta
2250,-0.005324956982596051,patient10_window16s_stride1s-epo,beta
2251,-0.005132676163730763,patient10_window16s_stride1s-epo,beta
2252,-0.006278409912877609,patient10_window16s_stride1s-epo,beta
2253,-0.006172583218540911,patient10_window16s_stride1s-epo,beta
2254,-0.0057521677889809655,patient10_window16s_stride1s-epo,beta
2255,-0.00494866843443239,patient10_window16s_stride1s-epo,beta
2256,-0.004654349699718581,patient10_window16s_stride1s-epo,beta
2257,-0.004905039985975628,patient10_window16s_stride1s-epo,beta
2258,-0.0042329328147372065,patient10_window16s_stride1s-epo,beta
2259,-0.004530696977416653,patient10_window16s_stride1s-epo,beta
2260,-0.0056798613094966414,patient10_window16s_stride1s-epo,beta
2261,-0.0053525818460946825,patient10_window16s_stride1s-epo,beta
2262,-0.00406330704734801,patient10_window16s_stride1s-epo,beta
2263,-0.0049069698350314465,patient10_window16s_stride1s-epo,beta
2264,-0.005242762176806494,patient10_window16s_stride1s-epo,beta
2265,-0.005997343728625499,patient10_window16s_stride1s-epo,beta
2266,-0.004134003268742841,patient10_window16s_stride1s-epo,beta
2267,-0.004903826126815077,patient10_window16s_stride1s-epo,beta
2268,-0.003375151880331881,patient10_window16s_stride1s-epo,beta
2269,-0.004093832102351597,patient10_window16s_stride1s-epo,beta
2270,-0.00471175601953129,patient10_window16s_stride1s-epo,beta
2271,-0.004136797995983329,patient10_window16s_stride1s-epo,beta
2272,-0.003554409689538187,patient10_window16s_stride1s-epo,beta
2273,-0.0029395598059494925,patient10_window16s_stride1s-epo,beta
2274,-0.00411417567255418,patient10_window16s_stride1s-epo,beta
2275,-0.0036156410907023976,patient10_window16s_stride1s-epo,beta
2276,-0.0040988544973234505,patient10_window16s_stride1s-epo,beta
2277,-0.0032341400550443006,patient10_window16s_stride1s-epo,beta
2278,-0.0038572618658131177,patient10_window16s_stride1s-epo,beta
2279,-0.0036201154270679515,patient10_window16s_stride1s-epo,beta
2280,-0.003834385110989688,patient10_window16s_stride1s-epo,beta
2281,-0.004427168870544554,patient10_window16s_stride1s-epo,beta
2282,-0.0038520739487955553,patient10_window16s_stride1s-epo,beta
2283,-0.003644775627388665,patient10_window16s_stride1s-epo,beta
2284,-0.004008451410270643,patient10_window16s_stride1s-epo,beta
2285,-0.002551325047652822,patient10_window16s_stride1s-epo,beta
2286,-0.003378841649832834,patient10_window16s_stride1s-epo,beta
2287,-0.003251698289371618,patient10_window16s_stride1s-epo,beta
2288,-0.0039595895646649575,patient10_window16s_stride1s-epo,beta
2289,-0.004977058588683964,patient10_window16s_stride1s-epo,beta
2290,-0.004902510794252045,patient10_window16s_stride1s-epo,beta
2291,-0.004243105329655334,patient10_window16s_stride1s-epo,beta
2292,-0.003905852953814833,patient10_window16s_stride1s-epo,beta
2293,-0.004047823719228147,patient10_window16s_stride1s-epo,beta
2294,-0.004347395323369017,patient10_window16s_stride1s-epo,beta
2295,-0.004512271206862217,patient10_window16s_stride1s-epo,beta
2296,-0.005169874899359643,patient10_window16s_stride1s-epo,beta
2297,-0.0039264945757861375,patient10_window16s_stride1s-epo,beta
2298,-0.005227794443844879,patient10_window16s_stride1s-epo,beta
2299,-0.005261028828486455,patient10_window16s_stride1s-epo,beta
2300,-0.005845545612567236,patient10_window16s_stride1s-epo,beta
2301,-0.005688049106716128,patient10_window16s_stride1s-epo,beta
2302,-0.005169851674329617,patient10_window16s_stride1s-epo,beta
2303,-0.0062505565151161615,patient10_window16s_stride1s-epo,beta
2304,-0.005887878813075541,patient10_window16s_stride1s-epo,beta
2305,-0.005436062957059222,patient10_window16s_stride1s-epo,beta
2306,-0.005559166360732473,patient10_window16s_stride1s-epo,beta
2307,-0.005294236610831835,patient10_window16s_stride1s-epo,beta
2308,-0.004290208101442523,patient10_window16s_stride1s-epo,beta
2309,-0.004030395534931125,patient10_window16s_stride1s-epo,beta
2310,-0.004886839448806344,patient10_window16s_stride1s-epo,beta
2311,-0.0037367549742968473,patient10_window16s_stride1s-epo,beta
2312,-0.0044026092483308585,patient10_window16s_stride1s-epo,beta
2313,-0.0044267656738210025,patient10_window16s_stride1s-epo,beta
2314,-0.004429494882659379,patient10_window16s_stride1s-epo,beta
2315,-0.003993269767471993,patient10_window16s_stride1s-epo,beta
2316,-0.0039889281034786546,patient10_window16s_stride1s-epo,beta
2317,-0.00375574570678279,patient10_window16s_stride1s-epo,beta
2318,-0.003445130048672969,patient10_window16s_stride1s-epo,beta
2319,-0.004618945308718436,patient10_window16s_stride1s-epo,beta
2320,-0.004461401892314855,patient10_window16s_stride1s-epo,beta
2321,-0.004126062953924745,patient10_window16s_stride1s-epo,beta
2322,-0.004726462195718813,patient10_window16s_stride1s-epo,beta
2323,-0.004624635904086876,patient10_window16s_stride1s-epo,beta
2324,-0.004428717554088514,patient10_window16s_stride1s-epo,beta
2325,-0.005551859266020957,patient10_window16s_stride1s-epo,beta
2326,-0.00433072421390811,patient10_window16s_stride1s-epo,beta
2327,-0.005281790230267277,patient10_window16s_stride1s-epo,beta
2328,-0.004334696205201528,patient10_window16s_stride1s-epo,beta
2329,-0.003627458573201029,patient10_window16s_stride1s-epo,beta
2330,-0.002995829408236195,patient10_window16s_stride1s-epo,beta
2331,-0.0037427746595636957,patient10_window16s_stride1s-epo,beta
2332,-0.003693889227360091,patient10_window16s_stride1s-epo,beta
2333,-0.003502954102843299,patient10_window16s_stride1s-epo,beta
2334,-0.004290114721709605,patient10_window16s_stride1s-epo,beta
2335,-0.005206025530840211,patient10_window16s_stride1s-epo,beta
2336,-0.00424895523828714,patient10_window16s_stride1s-epo,beta
2337,-0.0036028539114758467,patient10_window16s_stride1s-epo,beta
2338,-0.0034215412394417747,patient10_window16s_stride1s-epo,beta
2339,-0.003940520133370614,patient10_window16s_stride1s-epo,beta
2340,-0.002717602937348975,patient10_window16s_stride1s-epo,beta
2341,-0.002911902426452229,patient10_window16s_stride1s-epo,beta
2342,-0.0036719847580526507,patient10_window16s_stride1s-epo,beta
2343,-0.003143748242804888,patient10_window16s_stride1s-epo,beta
2344,-0.002531056704546658,patient10_window16s_stride1s-epo,beta
2345,-0.003754170028450643,patient10_window16s_stride1s-epo,beta
2346,-0.0024953681053854486,patient10_window16s_stride1s-epo,beta
2347,-0.0031812098262775468,patient10_window16s_stride1s-epo,beta
2348,-0.0038243562302895974,patient10_window16s_stride1s-epo,beta
2349,-0.004029122159645674,patient10_window16s_stride1s-epo,beta
2350,-0.004338065373404892,patient10_window16s_stride1s-epo,beta
2351,-0.0038155137907883692,patient10_window16s_stride1s-epo,beta
2352,-0.004685460063428668,patient10_window16s_stride1s-epo,beta
2353,-0.003921337717119135,patient10_window16s_stride1s-epo,beta
2354,-0.00452103283883596,patient10_window16s_stride1s-epo,beta
2355,-0.004715107288157135,patient10_window16s_stride1s-epo,beta
2356,-0.0052405457515487695,patient10_window16s_stride1s-epo,beta
2357,-0.004557616370342229,patient10_window16s_stride1s-epo,beta
2358,-0.004481228450486157,patient10_window16s_stride1s-epo,beta
2359,-0.004864057984538589,patient10_window16s_stride1s-epo,beta
2360,-0.005928810807614595,patient10_window16s_stride1s-epo,beta
2361,-0.007036568133498525,patient10_window16s_stride1s-epo,beta
2362,-0.007893743445197443,patient10_window16s_stride1s-epo,beta
2363,-0.006911996363029548,patient10_window16s_stride1s-epo,beta
2364,-0.006617881365447347,patient10_window16s_stride1s-epo,beta
2365,-0.007879878214348665,patient10_window16s_stride1s-epo,beta
2366,-0.0069147062322402345,patient10_window16s_stride1s-epo,beta
2367,-0.007211450373352804,patient10_window16s_stride1s-epo,beta
2368,-0.00544861112391244,patient10_window16s_stride1s-epo,beta
2369,-0.005102156330510478,patient10_window16s_stride1s-epo,beta
2370,-0.00526583574350269,patient10_window16s_stride1s-epo,beta
2371,-0.00521484704414145,patient10_window16s_stride1s-epo,beta
2372,-0.004736425304508643,patient10_window16s_stride1s-epo,beta
2373,-0.005590632366859417,patient10_window16s_stride1s-epo,beta
2374,-0.004893677359314166,patient10_window16s_stride1s-epo,beta
2375,-0.004259537542430297,patient10_window16s_stride1s-epo,beta
2376,-0.003529802879759432,patient10_window16s_stride1s-epo,beta
2377,-0.002491672618807373,patient10_window16s_stride1s-epo,beta
2378,-0.0026977266306981236,patient10_window16s_stride1s-epo,beta
2379,-0.0017439330193085784,patient10_window16s_stride1s-epo,beta
2380,-0.0026099077424181177,patient10_window16s_stride1s-epo,beta
2381,-0.003292693527055396,patient10_window16s_stride1s-epo,beta
2382,-0.002401243251948291,patient10_window16s_stride1s-epo,beta
2383,-0.0021844156234705906,patient10_window16s_stride1s-epo,beta
2384,-0.002735634657774365,patient10_window16s_stride1s-epo,beta
2385,-0.0021039713769215266,patient10_window16s_stride1s-epo,beta
2386,-0.0022768441860255245,patient10_window16s_stride1s-epo,beta
2387,-0.0020932408974955585,patient10_window16s_stride1s-epo,beta
2388,-0.003257424126048924,patient10_window16s_stride1s-epo,beta
2389,-0.003135219295741133,patient10_window16s_stride1s-epo,beta
2390,-0.0035077263414062237,patient10_window16s_stride1s-epo,beta
2391,-0.004033458597929077,patient10_window16s_stride1s-epo,beta
2392,-0.0033085894422894184,patient10_window16s_stride1s-epo,beta
2393,-0.004156651207876044,patient10_window16s_stride1s-epo,beta
2394,-0.004185347096508937,patient10_window16s_stride1s-epo,beta
2395,-0.004227500784414293,patient10_window16s_stride1s-epo,beta
2396,-0.002687200128214586,patient10_window16s_stride1s-epo,beta
2397,-0.0030001057374336526,patient10_window16s_stride1s-epo,beta
2398,-0.003975228488312767,patient10_window16s_stride1s-epo,beta
2399,-0.0025198464340140093,patient10_window16s_stride1s-epo,beta
2400,-0.003265722458258519,patient10_window16s_stride1s-epo,beta
2401,-0.002976208300482543,patient10_window16s_stride1s-epo,beta
2402,-0.0029733901471165882,patient10_window16s_stride1s-epo,beta
2403,-0.004344729202989611,patient10_window16s_stride1s-epo,beta
2404,-0.0036843873591144625,patient10_window16s_stride1s-epo,beta
2405,-0.004014462914089059,patient10_window16s_stride1s-epo,beta
2406,-0.0026015383578612303,patient10_window16s_stride1s-epo,beta
2407,-0.003251472962555584,patient10_window16s_stride1s-epo,beta
2408,-0.003794402740432235,patient10_window16s_stride1s-epo,beta
2409,-0.004122904050181487,patient10_window16s_stride1s-epo,beta
2410,-0.0042774171831511535,patient10_window16s_stride1s-epo,beta
2411,-0.0036636807315596092,patient10_window16s_stride1s-epo,beta
2412,-0.00407795386108431,patient10_window16s_stride1s-epo,beta
2413,-0.0039709508836211025,patient10_window16s_stride1s-epo,beta
2414,-0.003905532069309695,patient10_window16s_stride1s-epo,beta
2415,-0.00456101801981575,patient10_window16s_stride1s-epo,beta
2416,-0.003893668206781843,patient10_window16s_stride1s-epo,beta
2417,-0.0032694777639018847,patient10_window16s_stride1s-epo,beta
2418,-0.0038582280639774163,patient10_window16s_stride1s-epo,beta
2419,-0.002906695085821862,patient10_window16s_stride1s-epo,beta
2420,-0.003326182788961696,patient10_window16s_stride1s-epo,beta
2421,-0.004405609830556141,patient10_window16s_stride1s-epo,beta
2422,-0.0039372397019372335,patient10_window16s_stride1s-epo,beta
2423,-0.003425686505176405,patient10_window16s_stride1s-epo,beta
2424,-0.004847686745039307,patient10_window16s_stride1s-epo,beta
2425,-0.005517294006366392,patient10_window16s_stride1s-epo,beta
2426,-0.004167390922878504,patient10_window16s_stride1s-epo,beta
2427,-0.0038900073798521125,patient10_window16s_stride1s-epo,beta
2428,-0.0036526751653209334,patient10_window16s_stride1s-epo,beta
2429,-0.002349828913882829,patient10_window16s_stride1s-epo,beta
2430,-0.0030210694332685746,patient10_window16s_stride1s-epo,beta
2431,-0.0035567618283235216,patient10_window16s_stride1s-epo,beta
2432,-0.0035517107635490825,patient10_window16s_stride1s-epo,beta
2433,-0.003256812048152012,patient10_window16s_stride1s-epo,beta
2434,-0.002652933569000674,patient10_window16s_stride1s-epo,beta
2435,-0.0031500928309455747,patient10_window16s_stride1s-epo,beta
2436,-0.004088986699302783,patient10_window16s_stride1s-epo,beta
2437,-0.003920813618844107,patient10_window16s_stride1s-epo,beta
2438,-0.0033313406395064226,patient10_window16s_stride1s-epo,beta
2439,-0.0038782057290963124,patient10_window16s_stride1s-epo,beta
2440,-0.002751198827253888,patient10_window16s_stride1s-epo,beta
2441,-0.002515611175447398,patient10_window16s_stride1s-epo,beta
2442,-0.0025107795984865874,patient10_window16s_stride1s-epo,beta
2443,-0.003992674096408053,patient10_window16s_stride1s-epo,beta
2444,-0.00334119672153363,patient10_window16s_stride1s-epo,beta
2445,-0.0033792785480719553,patient10_window16s_stride1s-epo,beta
2446,-0.0027055099128016676,patient10_window16s_stride1s-epo,beta
2447,-0.0022540606908212934,patient10_window16s_stride1s-epo,beta
2448,-0.003716655681762,patient10_window16s_stride1s-epo,beta
2449,-0.0037723886587428903,patient10_window16s_stride1s-epo,beta
2450,-0.004353749871709547,patient10_window16s_stride1s-epo,beta
2451,-0.005385968619518799,patient10_window16s_stride1s-epo,beta
2452,-0.005145840103797711,patient10_window16s_stride1s-epo,beta
2453,-0.005305084607874416,patient10_window16s_stride1s-epo,beta
2454,-0.005371253024972604,patient10_window16s_stride1s-epo,beta
2455,-0.004010699176083745,patient10_window16s_stride1s-epo,beta
2456,-0.0038595018665190358,patient10_window16s_stride1s-epo,beta
2457,-0.003807790738498204,patient10_window16s_stride1s-epo,beta
2458,-0.004470753032438646,patient10_window16s_stride1s-epo,beta
2459,-0.003964656733392556,patient10_window16s_stride1s-epo,beta
2460,-0.0033524981009859,patient10_window16s_stride1s-epo,beta
2461,-0.003355599239520265,patient10_window16s_stride1s-epo,beta
2462,-0.003839371290420078,patient10_window16s_stride1s-epo,beta
2463,-0.003770465948615517,patient10_window16s_stride1s-epo,beta
2464,-0.002991205729825203,patient10_window16s_stride1s-epo,beta
2465,-0.0026648115154779563,patient10_window16s_stride1s-epo,beta
2466,-0.0015655794974805814,patient10_window16s_stride1s-epo,beta
2467,-0.001722054710369027,patient10_window16s_stride1s-epo,beta
2468,-0.0014673160086331304,patient10_window16s_stride1s-epo,beta
2469,-0.0013032096998682717,patient10_window16s_stride1s-epo,beta
2470,-0.0013849171323872971,patient10_window16s_stride1s-epo,beta
2471,-0.0025753492375579705,patient10_window16s_stride1s-epo,beta
2472,-0.002430775123129058,patient10_window16s_stride1s-epo,beta
2473,-0.002482969533411275,patient10_window16s_stride1s-epo,beta
2474,-0.002058336827491099,patient10_window16s_stride1s-epo,beta
2475,-0.0023660909615629837,patient10_window16s_stride1s-epo,beta
2476,-0.002391085292308178,patient10_window16s_stride1s-epo,beta
2477,-0.0020816975847212124,patient10_window16s_stride1s-epo,beta
2478,-0.0015851923199976792,patient10_window16s_stride1s-epo,beta
2479,-0.0016318273792426112,patient10_window16s_stride1s-epo,beta
2480,-0.002358782897533837,patient10_window16s_stride1s-epo,beta
2481,-0.001347282071959808,patient10_window16s_stride1s-epo,beta
2482,-0.0017481368452617696,patient10_window16s_stride1s-epo,beta
2483,-0.002261781305369318,patient10_window16s_stride1s-epo,beta
2484,-0.0017430368740593734,patient10_window16s_stride1s-epo,beta
2485,-0.0016959882969215677,patient10_window16s_stride1s-epo,beta
2486,-0.0021204126533530105,patient10_window16s_stride1s-epo,beta
2487,-0.0018337941668308954,patient10_window16s_stride1s-epo,beta
2488,-0.0021934799653581215,patient10_window16s_stride1s-epo,beta
2489,-0.002730072908077125,patient10_window16s_stride1s-epo,beta
2490,-0.0027620827705020154,patient10_window16s_stride1s-epo,beta
2491,-0.002997433657586733,patient10_window16s_stride1s-epo,beta
2492,-0.0030706510177439385,patient10_window16s_stride1s-epo,beta
2493,-0.004315279169196489,patient10_window16s_stride1s-epo,beta
2494,-0.005077841333977293,patient10_window16s_stride1s-epo,beta
2495,-0.0046141971864859304,patient10_window16s_stride1s-epo,beta
2496,-0.004350248248875985,patient10_window16s_stride1s-epo,beta
2497,-0.005363434180753993,patient10_window16s_stride1s-epo,beta
2498,-0.005660653102785831,patient10_window16s_stride1s-epo,beta
2499,-0.005041953538358418,patient10_window16s_stride1s-epo,beta
2500,-0.005164361309487778,patient10_window16s_stride1s-epo,beta
2501,-0.005368323069415543,patient10_window16s_stride1s-epo,beta
2502,-0.004891716262986261,patient10_window16s_stride1s-epo,beta
2503,-0.004004090839681344,patient10_window16s_stride1s-epo,beta
2504,-0.003149212165910907,patient10_window16s_stride1s-epo,beta
2505,-0.00288342524403032,patient10_window16s_stride1s-epo,beta
2506,-0.002653829136729124,patient10_window16s_stride1s-epo,beta
2507,-0.004061375274667576,patient10_window16s_stride1s-epo,beta
2508,-0.0033356373401722495,patient10_window16s_stride1s-epo,beta
2509,-0.0032499043841437984,patient10_window16s_stride1s-epo,beta
2510,-0.0025760055599131815,patient10_window16s_stride1s-epo,beta
2511,-0.002909314897804602,patient10_window16s_stride1s-epo,beta
2512,-0.0029141277157494422,patient10_window16s_stride1s-epo,beta
2513,-0.0030038022516297833,patient10_window16s_stride1s-epo,beta
2514,-0.002586371255267807,patient10_window16s_stride1s-epo,beta
2515,-0.0029604462672281995,patient10_window16s_stride1s-epo,beta
2516,-0.002713674332978677,patient10_window16s_stride1s-epo,beta
2517,-0.002166527577007574,patient10_window16s_stride1s-epo,beta
2518,-0.0028626005121960545,patient10_window16s_stride1s-epo,beta
2519,-0.0029953975340195923,patient10_window16s_stride1s-epo,beta
2520,-0.0033079248949871385,patient10_window16s_stride1s-epo,beta
2521,-0.0036681965062560673,patient10_window16s_stride1s-epo,beta
2522,-0.003956121881993362,patient10_window16s_stride1s-epo,beta
2523,-0.0025711368929496434,patient10_window16s_stride1s-epo,beta
2524,-0.0024964625293509724,patient10_window16s_stride1s-epo,beta
2525,-0.0023065500945550765,patient10_window16s_stride1s-epo,beta
2526,-0.002674617164135725,patient10_window16s_stride1s-epo,beta
2527,-0.002242223392542341,patient10_window16s_stride1s-epo,beta
2528,-0.0024696019410264595,patient10_window16s_stride1s-epo,beta
2529,-0.0032050463159628167,patient10_window16s_stride1s-epo,beta
2530,-0.0031376132207138183,patient10_window16s_stride1s-epo,beta
2531,-0.0032728794182347973,patient10_window16s_stride1s-epo,beta
2532,-0.002361064310121304,patient10_window16s_stride1s-epo,beta
2533,-0.0029408172940432915,patient10_window16s_stride1s-epo,beta
2534,-0.0023632843595542395,patient10_window16s_stride1s-epo,beta
2535,-0.002253336332177028,patient10_window16s_stride1s-epo,beta
2536,-0.0021961843051286267,patient10_window16s_stride1s-epo,beta
2537,-0.0021129879722046703,patient10_window16s_stride1s-epo,beta
2538,-0.0035182728740535203,patient10_window16s_stride1s-epo,beta
2539,-0.003991303939309588,patient10_window16s_stride1s-epo,beta
2540,-0.0025905497101149835,patient10_window16s_stride1s-epo,beta
2541,-0.0023373210942548516,patient10_window16s_stride1s-epo,beta
2542,-0.002997050840081379,patient10_window16s_stride1s-epo,beta
2543,-0.0029912206094359615,patient10_window16s_stride1s-epo,beta
2544,-0.0032218491259357503,patient10_window16s_stride1s-epo,beta
2545,-0.003184393136120631,patient10_window16s_stride1s-epo,beta
2546,-0.003879925734228302,patient10_window16s_stride1s-epo,beta
2547,-0.0036923119301561164,patient10_window16s_stride1s-epo,beta
2548,-0.0028327129002314903,patient10_window16s_stride1s-epo,beta
2549,-0.003412892412374585,patient10_window16s_stride1s-epo,beta
2550,-0.00330734455036981,patient10_window16s_stride1s-epo,beta
2551,-0.002354247414368218,patient10_window16s_stride1s-epo,beta
2552,-0.0031801992000744517,patient10_window16s_stride1s-epo,beta
2553,-0.002717464213497119,patient10_window16s_stride1s-epo,beta
2554,-0.0033068024252184375,patient10_window16s_stride1s-epo,beta
2555,-0.002644835690327186,patient10_window16s_stride1s-epo,beta
2556,-0.0027884439750758957,patient10_window16s_stride1s-epo,beta
2557,-0.003358913030024557,patient10_window16s_stride1s-epo,beta
2558,-0.0026956191267325973,patient10_window16s_stride1s-epo,beta
2559,-0.0026021473872424538,patient10_window16s_stride1s-epo,beta
2560,-0.003569183083407048,patient10_window16s_stride1s-epo,beta
2561,-0.003998034649473212,patient10_window16s_stride1s-epo,beta
2562,-0.0037833175236620118,patient10_window16s_stride1s-epo,beta
2563,-0.003680603580808695,patient10_window16s_stride1s-epo,beta
2564,-0.003210219496816189,patient10_window16s_stride1s-epo,beta
2565,-0.0035915232353870745,patient10_window16s_stride1s-epo,beta
2566,-0.004542630405162411,patient10_window16s_stride1s-epo,beta
2567,-0.003593770330080811,patient10_window16s_stride1s-epo,beta
2568,-0.0031525031014391284,patient10_window16s_stride1s-epo,beta
2569,-0.0031258711684693796,patient10_window16s_stride1s-epo,beta
2570,-0.0035174497296366312,patient10_window16s_stride1s-epo,beta
2571,-0.003308343901675216,patient10_window16s_stride1s-epo,beta
2572,-0.0022134826529254053,patient10_window16s_stride1s-epo,beta
2573,-0.002383404140770665,patient10_window16s_stride1s-epo,beta
2574,-0.0011849000082052006,patient10_window16s_stride1s-epo,beta
2575,-0.0009389042920911235,patient10_window16s_stride1s-epo,beta
2576,-0.0015296387774490436,patient10_window16s_stride1s-epo,beta
2577,-0.0009177884154415698,patient10_window16s_stride1s-epo,beta
2578,-0.0006971764799740798,patient10_window16s_stride1s-epo,beta
2579,-0.0005295451555311171,patient10_window16s_stride1s-epo,beta
2580,-0.0006341847527110053,patient10_window16s_stride1s-epo,beta
2581,-1.7610738220783215e-05,patient10_window16s_stride1s-epo,beta
2582,2.0819964789989156e-05,patient10_window16s_stride1s-epo,beta
2583,-0.0008433397855751454,patient10_window16s_stride1s-epo,beta
2584,-0.0005270844485635142,patient10_window16s_stride1s-epo,beta
2585,0.00022935358559720068,patient10_window16s_stride1s-epo,beta
2586,0.0006844833411546266,patient10_window16s_stride1s-epo,beta
2587,0.0009800075093435528,patient10_window16s_stride1s-epo,beta
2588,0.0010510915457712078,patient10_window16s_stride1s-epo,beta
2589,-3.350063587205622e-05,patient10_window16s_stride1s-epo,beta
2590,0.00031990689950596327,patient10_window16s_stride1s-epo,beta
2591,-0.0005761779020918892,patient10_window16s_stride1s-epo,beta
2592,-0.0006237774214452631,patient10_window16s_stride1s-epo,beta
2593,-0.0009048255535826008,patient10_window16s_stride1s-epo,beta
2594,-0.0011421521275398285,patient10_window16s_stride1s-epo,beta
2595,-0.0016452330204364005,patient10_window16s_stride1s-epo,beta
2596,-0.0012979723973207985,patient10_window16s_stride1s-epo,beta
2597,-0.0013125072272713776,patient10_window16s_stride1s-epo,beta
2598,-0.0026042855570513512,patient10_window16s_stride1s-epo,beta
2599,-0.0023752809955128965,patient10_window16s_stride1s-epo,beta
2600,-0.0024206179748044914,patient10_window16s_stride1s-epo,beta
2601,-0.002624524064337166,patient10_window16s_stride1s-epo,beta
2602,-0.0033854183931856883,patient10_window16s_stride1s-epo,beta
2603,-0.004230941308988704,patient10_window16s_stride1s-epo,beta
2604,-0.004696858973546741,patient10_window16s_stride1s-epo,beta
2605,-0.004300208996495739,patient10_window16s_stride1s-epo,beta
2606,-0.004362617493356533,patient10_window16s_stride1s-epo,beta
2607,-0.005154413710246255,patient10_window16s_stride1s-epo,beta
2608,-0.004640205124669637,patient10_window16s_stride1s-epo,beta
2609,-0.0049880911493967355,patient10_window16s_stride1s-epo,beta
2610,-0.005091615702202824,patient10_window16s_stride1s-epo,beta
2611,-0.005931327670854006,patient10_window16s_stride1s-epo,beta
2612,-0.005983754029784767,patient10_window16s_stride1s-epo,beta
2613,-0.00588464998794916,patient10_window16s_stride1s-epo,beta
2614,-0.0060972202050156065,patient10_window16s_stride1s-epo,beta
2615,-0.005270030985293236,patient10_window16s_stride1s-epo,beta
2616,-0.0049765680520494305,patient10_window16s_stride1s-epo,beta
2617,-0.005047694956326996,patient10_window16s_stride1s-epo,beta
2618,-0.006012164191781165,patient10_window16s_stride1s-epo,beta
2619,-0.005715803277508179,patient10_window16s_stride1s-epo,beta
2620,-0.00586777351282485,patient10_window16s_stride1s-epo,beta
2621,-0.006046517552574401,patient10_window16s_stride1s-epo,beta
2622,-0.005914544042340666,patient10_window16s_stride1s-epo,beta
2623,-0.005877594643837735,patient10_window16s_stride1s-epo,beta
2624,-0.006069956280366041,patient10_window16s_stride1s-epo,beta
2625,-0.005329230935678873,patient10_window16s_stride1s-epo,beta
2626,-0.005848805225636087,patient10_window16s_stride1s-epo,beta
2627,-0.004799005229100783,patient10_window16s_stride1s-epo,beta
2628,-0.004781050995306908,patient10_window16s_stride1s-epo,beta
2629,-0.004272796073169318,patient10_window16s_stride1s-epo,beta
2630,-0.004339327573844849,patient10_window16s_stride1s-epo,beta
2631,-0.004465505983944934,patient10_window16s_stride1s-epo,beta
2632,-0.0032743538348017336,patient10_window16s_stride1s-epo,beta
2633,-0.002159235798832845,patient10_window16s_stride1s-epo,beta
2634,-0.0018784299403824044,patient10_window16s_stride1s-epo,beta
2635,-0.0026045070795940816,patient10_window16s_stride1s-epo,beta
2636,-0.0027739748273389888,patient10_window16s_stride1s-epo,beta
2637,-0.0031352145501866943,patient10_window16s_stride1s-epo,beta
2638,-0.0029038750627067124,patient10_window16s_stride1s-epo,beta
2639,-0.0030262338431095324,patient10_window16s_stride1s-epo,beta
2640,-0.0025884916424864534,patient10_window16s_stride1s-epo,beta
2641,-0.0028208203236185165,patient10_window16s_stride1s-epo,beta
2642,-0.0026395704422339226,patient10_window16s_stride1s-epo,beta
2643,-0.0027341605078576733,patient10_window16s_stride1s-epo,beta
2644,-0.0018875004520658583,patient10_window16s_stride1s-epo,beta
2645,-0.0015192733452161636,patient10_window16s_stride1s-epo,beta
2646,-0.0016034180011960362,patient10_window16s_stride1s-epo,beta
2647,-0.001773213998871861,patient10_window16s_stride1s-epo,beta
2648,-0.0019852767761927488,patient10_window16s_stride1s-epo,beta
2649,-0.0025176051059379,patient10_window16s_stride1s-epo,beta
2650,-0.0020704403898872737,patient10_window16s_stride1s-epo,beta
2651,-0.0026216805137269606,patient10_window16s_stride1s-epo,beta
2652,-0.0016844471185463773,patient10_window16s_stride1s-epo,beta
2653,-0.0023446732488023583,patient10_window16s_stride1s-epo,beta
2654,-0.003017086380833196,patient10_window16s_stride1s-epo,beta
2655,-0.0028487028356612805,patient10_window16s_stride1s-epo,beta
2656,-0.00321556589160286,patient10_window16s_stride1s-epo,beta
2657,-0.004046033171350342,patient10_window16s_stride1s-epo,beta
2658,-0.0029349006231097507,patient10_window16s_stride1s-epo,beta
2659,-0.0028089411734007093,patient10_window16s_stride1s-epo,beta
2660,-0.0025693212097269743,patient10_window16s_stride1s-epo,beta
2661,-0.0025637244618555446,patient10_window16s_stride1s-epo,beta
2662,-0.003417650024290378,patient10_window16s_stride1s-epo,beta
2663,-0.0033164184651096624,patient10_window16s_stride1s-epo,beta
2664,-0.0038099254643799802,patient10_window16s_stride1s-epo,beta
2665,-0.003274134410386758,patient10_window16s_stride1s-epo,beta
2666,-0.00395708446420685,patient10_window16s_stride1s-epo,beta
2667,-0.004309225617910989,patient10_window16s_stride1s-epo,beta
2668,-0.004930149684808291,patient10_window16s_stride1s-epo,beta
2669,-0.004876531816768165,patient10_window16s_stride1s-epo,beta
2670,-0.004106154931071976,patient10_window16s_stride1s-epo,beta
2671,-0.0030359209844183117,patient10_window16s_stride1s-epo,beta
2672,-0.003297610356453277,patient10_window16s_stride1s-epo,beta
2673,-0.0024910879054316696,patient10_window16s_stride1s-epo,beta
2674,-0.0021786620950481794,patient10_window16s_stride1s-epo,beta
2675,-0.0018815629149081248,patient10_window16s_stride1s-epo,beta
2676,-0.003972063128171609,patient10_window16s_stride1s-epo,beta
2677,-0.004901431902828488,patient10_window16s_stride1s-epo,beta
2678,-0.00336172995172073,patient10_window16s_stride1s-epo,beta
2679,-0.003113195004134798,patient10_window16s_stride1s-epo,beta
2680,-0.002538625968166087,patient10_window16s_stride1s-epo,beta
2681,-0.002984498151207921,patient10_window16s_stride1s-epo,beta
2682,-0.002065683473399377,patient10_window16s_stride1s-epo,beta
2683,-0.0020578098109585515,patient10_window16s_stride1s-epo,beta
2684,-0.0022784580315882283,patient10_window16s_stride1s-epo,beta
2685,-0.0016735644636209665,patient10_window16s_stride1s-epo,beta
2686,-0.0024283010662979215,patient10_window16s_stride1s-epo,beta
2687,-0.002464444384246843,patient10_window16s_stride1s-epo,beta
2688,-0.0028396134479791693,patient10_window16s_stride1s-epo,beta
2689,-0.004046964508579996,patient10_window16s_stride1s-epo,beta
2690,-0.004457941652889621,patient10_window16s_stride1s-epo,beta
2691,-0.004630016095568104,patient10_window16s_stride1s-epo,beta
2692,-0.00490102716656866,patient10_window16s_stride1s-epo,beta
2693,-0.0044506387496025335,patient10_window16s_stride1s-epo,beta
2694,-0.004853793400724731,patient10_window16s_stride1s-epo,beta
2695,-0.004792468711731468,patient10_window16s_stride1s-epo,beta
2696,-0.006176196633069115,patient10_window16s_stride1s-epo,beta
2697,-0.006175490986747669,patient10_window16s_stride1s-epo,beta
2698,-0.007283749281482072,patient10_window16s_stride1s-epo,beta
2699,-0.005872813903238991,patient10_window16s_stride1s-epo,beta
2700,-0.005880259648922162,patient10_window16s_stride1s-epo,beta
2701,-0.005435608120214738,patient10_window16s_stride1s-epo,beta
2702,-0.004660157234780374,patient10_window16s_stride1s-epo,beta
2703,-0.00332617859074852,patient10_window16s_stride1s-epo,beta
2704,-0.003348476069638878,patient10_window16s_stride1s-epo,beta
2705,-0.0039531452344434516,patient10_window16s_stride1s-epo,beta
2706,-0.0027809255148687237,patient10_window16s_stride1s-epo,beta
2707,-0.003642513065892616,patient10_window16s_stride1s-epo,beta
2708,-0.0027987187754258606,patient10_window16s_stride1s-epo,beta
2709,-0.002544588552713108,patient10_window16s_stride1s-epo,beta
2710,-0.0022283331760425914,patient10_window16s_stride1s-epo,beta
2711,-0.0022532297668378526,patient10_window16s_stride1s-epo,beta
2712,-0.0020399778287438584,patient10_window16s_stride1s-epo,beta
2713,-0.0015439086853622829,patient10_window16s_stride1s-epo,beta
2714,-0.002957959045464023,patient10_window16s_stride1s-epo,beta
2715,-0.003768674731647958,patient10_window16s_stride1s-epo,beta
2716,-0.004165328920662789,patient10_window16s_stride1s-epo,beta
2717,-0.003203125655789724,patient10_window16s_stride1s-epo,beta
2718,-0.003544931497432054,patient10_window16s_stride1s-epo,beta
2719,-0.0029856281286464352,patient10_window16s_stride1s-epo,beta
2720,-0.0037945782720490736,patient10_window16s_stride1s-epo,beta
2721,-0.004978874591156278,patient10_window16s_stride1s-epo,beta
2722,-0.00499205737765506,patient10_window16s_stride1s-epo,beta
2723,-0.005257038630058287,patient10_window16s_stride1s-epo,beta
2724,-0.005164667460081477,patient10_window16s_stride1s-epo,beta
2725,-0.004862745879531971,patient10_window16s_stride1s-epo,beta
2726,-0.003168645914332514,patient10_window16s_stride1s-epo,beta
2727,-0.0044419222378445184,patient10_window16s_stride1s-epo,beta
2728,-0.005620339324326244,patient10_window16s_stride1s-epo,beta
2729,-0.005181219667689216,patient10_window16s_stride1s-epo,beta
2730,-0.004479066860973708,patient10_window16s_stride1s-epo,beta
2731,-0.004049510229803504,patient10_window16s_stride1s-epo,beta
2732,-0.004453951569758326,patient10_window16s_stride1s-epo,beta
2733,-0.004966374807573266,patient10_window16s_stride1s-epo,beta
2734,-0.0048370618610718485,patient10_window16s_stride1s-epo,beta
2735,-0.005696058311958262,patient10_window16s_stride1s-epo,beta
2736,-0.0044222049456249055,patient10_window16s_stride1s-epo,beta
2737,-0.004249755742215197,patient10_window16s_stride1s-epo,beta
2738,-0.0032620248134274613,patient10_window16s_stride1s-epo,beta
2739,-0.0036000085732545723,patient10_window16s_stride1s-epo,beta
2740,-0.00428297014167427,patient10_window16s_stride1s-epo,beta
2741,-0.004604221642906303,patient10_window16s_stride1s-epo,beta
2742,-0.005052910462791509,patient10_window16s_stride1s-epo,beta
2743,-0.0047008920613897725,patient10_window16s_stride1s-epo,beta
2744,-0.004844297895923262,patient10_window16s_stride1s-epo,beta
2745,-0.005208445013031183,patient10_window16s_stride1s-epo,beta
2746,-0.006524283693661802,patient10_window16s_stride1s-epo,beta
2747,-0.005631448978514093,patient10_window16s_stride1s-epo,beta
2748,-0.005896032910104461,patient10_window16s_stride1s-epo,beta
2749,-0.0056531341183662836,patient10_window16s_stride1s-epo,beta
2750,-0.005747301422752203,patient10_window16s_stride1s-epo,beta
2751,-0.005738569321404857,patient10_window16s_stride1s-epo,beta
2752,-0.005246978545311915,patient10_window16s_stride1s-epo,beta
2753,-0.0058634001926192465,patient10_window16s_stride1s-epo,beta
2754,-0.006011205991243124,patient10_window16s_stride1s-epo,beta
2755,-0.006007520672186365,patient10_window16s_stride1s-epo,beta
2756,-0.006540363756779499,patient10_window16s_stride1s-epo,beta
2757,-0.006252996414650342,patient10_window16s_stride1s-epo,beta
2758,-0.005864678181349862,patient10_window16s_stride1s-epo,beta
2759,-0.005453380183273354,patient10_window16s_stride1s-epo,beta
2760,-0.005246521417471667,patient10_window16s_stride1s-epo,beta
2761,-0.004948402309480575,patient10_window16s_stride1s-epo,beta
2762,-0.004329599714390841,patient10_window16s_stride1s-epo,beta
2763,-0.005042560175529713,patient10_window16s_stride1s-epo,beta
2764,-0.004997092417062819,patient10_window16s_stride1s-epo,beta
2765,-0.004461507697680468,patient10_window16s_stride1s-epo,beta
2766,-0.0038557871196394982,patient10_window16s_stride1s-epo,beta
2767,-0.004319271755482428,patient10_window16s_stride1s-epo,beta
2768,-0.005130755611989875,patient10_window16s_stride1s-epo,beta
2769,-0.004231180728458344,patient10_window16s_stride1s-epo,beta
2770,-0.003327864574756865,patient10_window16s_stride1s-epo,beta
2771,-0.0037018853691775963,patient10_window16s_stride1s-epo,beta
2772,-0.003165810394787802,patient10_window16s_stride1s-epo,beta
2773,-0.003301999647636197,patient10_window16s_stride1s-epo,beta
2774,-0.002497544065344045,patient10_window16s_stride1s-epo,beta
2775,-0.003271116447697557,patient10_window16s_stride1s-epo,beta
2776,-0.0029115357439114583,patient10_window16s_stride1s-epo,beta
2777,-0.003985147072593952,patient10_window16s_stride1s-epo,beta
2778,-0.002582864912839232,patient10_window16s_stride1s-epo,beta
2779,-0.004151224772389355,patient10_window16s_stride1s-epo,beta
2780,-0.003944843536493609,patient10_window16s_stride1s-epo,beta
2781,-0.0031143735984024376,patient10_window16s_stride1s-epo,beta
2782,-0.0022335467615223164,patient10_window16s_stride1s-epo,beta
2783,-0.000980621683748269,patient10_window16s_stride1s-epo,beta
2784,-0.0016052115650688394,patient10_window16s_stride1s-epo,beta
2785,-0.002046469782639341,patient10_window16s_stride1s-epo,beta
2786,-0.0021905811746170015,patient10_window16s_stride1s-epo,beta
2787,-0.003303572258669769,patient10_window16s_stride1s-epo,beta
2788,-0.002884756344537834,patient10_window16s_stride1s-epo,beta
2789,-0.0031732383975463167,patient10_window16s_stride1s-epo,beta
2790,-0.0015961538342917738,patient10_window16s_stride1s-epo,beta
2791,-0.0013837140723610443,patient10_window16s_stride1s-epo,beta
2792,-0.00039214750296548645,patient10_window16s_stride1s-epo,beta
2793,-0.000988104290574197,patient10_window16s_stride1s-epo,beta
2794,-0.0012602106509593453,patient10_window16s_stride1s-epo,beta
2795,-0.0011945777979331645,patient10_window16s_stride1s-epo,beta
2796,-0.0012127538559626337,patient10_window16s_stride1s-epo,beta
2797,-0.00036029020542054644,patient10_window16s_stride1s-epo,beta
2798,-0.0021079152402754134,patient10_window16s_stride1s-epo,beta
2799,-0.0033010941928517928,patient10_window16s_stride1s-epo,beta
2800,-0.0022186527064693103,patient10_window16s_stride1s-epo,beta
2801,-0.0021012835160503667,patient10_window16s_stride1s-epo,beta
2802,-0.0018973032896873647,patient10_window16s_stride1s-epo,beta
2803,-0.001857451493462,patient10_window16s_stride1s-epo,beta
2804,-0.0032431788795899857,patient10_window16s_stride1s-epo,beta
2805,-0.004080634124120328,patient10_window16s_stride1s-epo,beta
2806,-0.0024703899171255846,patient10_window16s_stride1s-epo,beta
2807,-0.0024047446518227302,patient10_window16s_stride1s-epo,beta
2808,-0.003988730186464753,patient10_window16s_stride1s-epo,beta
2809,-0.003943549069971439,patient10_window16s_stride1s-epo,beta
2810,-0.0061596913877853855,patient10_window16s_stride1s-epo,beta
2811,-0.007371196432074859,patient10_window16s_stride1s-epo,beta
2812,-0.006923950888510562,patient10_window16s_stride1s-epo,beta
2813,-0.008829217226222813,patient10_window16s_stride1s-epo,beta
2814,-0.008301968547025996,patient10_window16s_stride1s-epo,beta
2815,-0.007826939109042138,patient10_window16s_stride1s-epo,beta
2816,-0.007839239318962427,patient10_window16s_stride1s-epo,beta
2817,-0.007000712766980657,patient10_window16s_stride1s-epo,beta
2818,-0.006789071759385286,patient10_window16s_stride1s-epo,beta
2819,-0.00793052439979387,patient10_window16s_stride1s-epo,beta
2820,-0.007147864495104912,patient10_window16s_stride1s-epo,beta
2821,-0.007448297778361083,patient10_window16s_stride1s-epo,beta
2822,-0.007326482870070346,patient10_window16s_stride1s-epo,beta
2823,-0.006549701180596626,patient10_window16s_stride1s-epo,beta
2824,-0.006277942928404743,patient10_window16s_stride1s-epo,beta
2825,-0.006535786180704273,patient10_window16s_stride1s-epo,beta
2826,-0.0041689235247688305,patient10_window16s_stride1s-epo,beta
2827,-0.0029058092245432578,patient10_window16s_stride1s-epo,beta
2828,-0.00246707924887611,patient10_window16s_stride1s-epo,beta
2829,-0.0028084206790784756,patient10_window16s_stride1s-epo,beta
2830,-0.0031465009522567344,patient10_window16s_stride1s-epo,beta
2831,-0.003658238403831767,patient10_window16s_stride1s-epo,beta
2832,-0.004857403530236997,patient10_window16s_stride1s-epo,beta
2833,-0.0043497951470215955,patient10_window16s_stride1s-epo,beta
2834,-0.004188745059963589,patient10_window16s_stride1s-epo,beta
2835,-0.00320930632318976,patient10_window16s_stride1s-epo,beta
2836,-0.004273539682304415,patient10_window16s_stride1s-epo,beta
2837,-0.003882082535912295,patient10_window16s_stride1s-epo,beta
2838,-0.004034881441341064,patient10_window16s_stride1s-epo,beta
2839,-0.003305576390524339,patient10_window16s_stride1s-epo,beta
2840,-0.003819532171568735,patient10_window16s_stride1s-epo,beta
2841,-0.004203772256932452,patient10_window16s_stride1s-epo,beta
2842,-0.004607360487602371,patient10_window16s_stride1s-epo,beta
2843,-0.003598804724060757,patient10_window16s_stride1s-epo,beta
2844,-0.003370452304343973,patient10_window16s_stride1s-epo,beta
2845,-0.0032932340985918395,patient10_window16s_stride1s-epo,beta
2846,-0.0036896378667046472,patient10_window16s_stride1s-epo,beta
2847,-0.0035864156883419545,patient10_window16s_stride1s-epo,beta
2848,-0.0034032144788119943,patient10_window16s_stride1s-epo,beta
2849,-0.003339567967483438,patient10_window16s_stride1s-epo,beta
2850,-0.004245785229607291,patient10_window16s_stride1s-epo,beta
2851,-0.003710510816298319,patient10_window16s_stride1s-epo,beta
2852,-0.003041952181438792,patient10_window16s_stride1s-epo,beta
2853,-0.0031715382256336513,patient10_window16s_stride1s-epo,beta
2854,-0.003217896573690085,patient10_window16s_stride1s-epo,beta
2855,-0.0034258221551066075,patient10_window16s_stride1s-epo,beta
2856,-0.0032076332853345647,patient10_window16s_stride1s-epo,beta
2857,-0.0028070338642408083,patient10_window16s_stride1s-epo,beta
2858,-0.0027422074178520012,patient10_window16s_stride1s-epo,beta
2859,-0.0036668927238547866,patient10_window16s_stride1s-epo,beta
2860,-0.003537616363756654,patient10_window16s_stride1s-epo,beta
2861,-0.0025439898310383557,patient10_window16s_stride1s-epo,beta
2862,-0.0023637981512775502,patient10_window16s_stride1s-epo,beta
2863,-0.003614335256369214,patient10_window16s_stride1s-epo,beta
2864,-0.0019656795905516463,patient10_window16s_stride1s-epo,beta
2865,-0.0034858705052776867,patient10_window16s_stride1s-epo,beta
2866,-0.0039006674505930625,patient10_window16s_stride1s-epo,beta
2867,-0.003543955421121444,patient10_window16s_stride1s-epo,beta
2868,-0.0033702457028376115,patient10_window16s_stride1s-epo,beta
2869,-0.0041912059557290115,patient10_window16s_stride1s-epo,beta
2870,-0.005159992314070889,patient10_window16s_stride1s-epo,beta
2871,-0.00554907248803239,patient10_window16s_stride1s-epo,beta
2872,-0.0053780294158018325,patient10_window16s_stride1s-epo,beta
2873,-0.005395728354286224,patient10_window16s_stride1s-epo,beta
2874,-0.00509228960930141,patient10_window16s_stride1s-epo,beta
2875,-0.005114122206116494,patient10_window16s_stride1s-epo,beta
2876,-0.004587250651686241,patient10_window16s_stride1s-epo,beta
2877,-0.00478301539573942,patient10_window16s_stride1s-epo,beta
2878,-0.005202460521768128,patient10_window16s_stride1s-epo,beta
2879,-0.004513995439747026,patient10_window16s_stride1s-epo,beta
2880,-0.0044016234381377235,patient10_window16s_stride1s-epo,beta
2881,-0.0044269418338732875,patient10_window16s_stride1s-epo,beta
2882,-0.0037181274529429764,patient10_window16s_stride1s-epo,beta
2883,-0.003875619812936924,patient10_window16s_stride1s-epo,beta
2884,-0.003732150334814268,patient10_window16s_stride1s-epo,beta
2885,-0.003964154027524286,patient10_window16s_stride1s-epo,beta
2886,-0.0026493058550044854,patient10_window16s_stride1s-epo,beta
2887,-0.003509459370224062,patient10_window16s_stride1s-epo,beta
2888,-0.0037865196756777138,patient10_window16s_stride1s-epo,beta
2889,-0.00286935230025703,patient10_window16s_stride1s-epo,beta
2890,-0.002744917778628914,patient10_window16s_stride1s-epo,beta
2891,-0.0041108031207486425,patient10_window16s_stride1s-epo,beta
2892,-0.004322559474313904,patient10_window16s_stride1s-epo,beta
2893,-0.004242651033806895,patient10_window16s_stride1s-epo,beta
2894,-0.004922334063048941,patient10_window16s_stride1s-epo,beta
2895,-0.005124299207501327,patient10_window16s_stride1s-epo,beta
2896,-0.004203276643930248,patient10_window16s_stride1s-epo,beta
2897,-0.0037878919786534944,patient10_window16s_stride1s-epo,beta
2898,-0.0045975602230723155,patient10_window16s_stride1s-epo,beta
2899,-0.005426519872596046,patient10_window16s_stride1s-epo,beta
2900,-0.005113147406070557,patient10_window16s_stride1s-epo,beta
2901,-0.0032459668659786333,patient10_window16s_stride1s-epo,beta
2902,-0.004555333418111457,patient10_window16s_stride1s-epo,beta
2903,-0.003945192384636046,patient10_window16s_stride1s-epo,beta
2904,-0.00370537052969684,patient10_window16s_stride1s-epo,beta
2905,-0.0039622258267696196,patient10_window16s_stride1s-epo,beta
2906,-0.004279398420401075,patient10_window16s_stride1s-epo,beta
2907,-0.003603293744041742,patient10_window16s_stride1s-epo,beta
2908,-0.003975938111700546,patient10_window16s_stride1s-epo,beta
2909,-0.004870459282088652,patient10_window16s_stride1s-epo,beta
2910,-0.004727536965890288,patient10_window16s_stride1s-epo,beta
2911,-0.004045689705028386,patient10_window16s_stride1s-epo,beta
2912,-0.004052534517578568,patient10_window16s_stride1s-epo,beta
2913,-0.004021224441755869,patient10_window16s_stride1s-epo,beta
2914,-0.003822824477025509,patient10_window16s_stride1s-epo,beta
2915,-0.0025399518475461426,patient10_window16s_stride1s-epo,beta
2916,-0.003769750373301743,patient10_window16s_stride1s-epo,beta
2917,-0.002978908433576343,patient10_window16s_stride1s-epo,beta
2918,-0.0022030432504446537,patient10_window16s_stride1s-epo,beta
2919,-0.0016637032807581996,patient10_window16s_stride1s-epo,beta
2920,-0.002231045190273216,patient10_window16s_stride1s-epo,beta
2921,-0.002431124481113633,patient10_window16s_stride1s-epo,beta
2922,-0.0015254612939640906,patient10_window16s_stride1s-epo,beta
2923,-0.002623701431981517,patient10_window16s_stride1s-epo,beta
2924,-0.0011256019736751932,patient10_window16s_stride1s-epo,beta
2925,-0.0006054197213493524,patient10_window16s_stride1s-epo,beta
2926,-0.00021245637982369447,patient10_window16s_stride1s-epo,beta
2927,-0.00030180630403356704,patient10_window16s_stride1s-epo,beta
2928,-0.0008272446612947352,patient10_window16s_stride1s-epo,beta
2929,-0.0014428709013772478,patient10_window16s_stride1s-epo,beta
2930,-0.0011357663242743655,patient10_window16s_stride1s-epo,beta
2931,-0.0011771976201355365,patient10_window16s_stride1s-epo,beta
2932,-0.0014799127177067104,patient10_window16s_stride1s-epo,beta
2933,-0.002302455948264531,patient10_window16s_stride1s-epo,beta
2934,-0.0018334151939444264,patient10_window16s_stride1s-epo,beta
2935,-0.00130439620679212,patient10_window16s_stride1s-epo,beta
2936,-0.0020042632714557767,patient10_window16s_stride1s-epo,beta
2937,-0.0019256524491297702,patient10_window16s_stride1s-epo,beta
2938,-0.0026825391069254137,patient10_window16s_stride1s-epo,beta
2939,-0.0032163652786617223,patient10_window16s_stride1s-epo,beta
2940,-0.004152007354228483,patient10_window16s_stride1s-epo,beta
2941,-0.0045274699032744085,patient10_window16s_stride1s-epo,beta
2942,-0.004488568292301881,patient10_window16s_stride1s-epo,beta
2943,-0.004755346817685184,patient10_window16s_stride1s-epo,beta
2944,-0.004830460504651165,patient10_window16s_stride1s-epo,beta
2945,-0.004482667018755545,patient10_window16s_stride1s-epo,beta
2946,-0.0057707314346043,patient10_window16s_stride1s-epo,beta
2947,-0.005711907533592177,patient10_window16s_stride1s-epo,beta
2948,-0.004371582909505436,patient10_window16s_stride1s-epo,beta
2949,-0.003772788909621144,patient10_window16s_stride1s-epo,beta
2950,-0.005119175673268453,patient10_window16s_stride1s-epo,beta
2951,-0.005878110077120259,patient10_window16s_stride1s-epo,beta
2952,-0.00503271816431023,patient10_window16s_stride1s-epo,beta
2953,-0.0048149405329851805,patient10_window16s_stride1s-epo,beta
2954,-0.004888830568477221,patient10_window16s_stride1s-epo,beta
2955,-0.0036562614485969487,patient10_window16s_stride1s-epo,beta
2956,-0.0035825204281837108,patient10_window16s_stride1s-epo,beta
2957,-0.0030161437662723054,patient10_window16s_stride1s-epo,beta
2958,-0.004453649859256108,patient10_window16s_stride1s-epo,beta
2959,-0.004360340944329154,patient10_window16s_stride1s-epo,beta
2960,-0.0048576868407511995,patient10_window16s_stride1s-epo,beta
2961,-0.004020122838779679,patient10_window16s_stride1s-epo,beta
2962,-0.003610160764603705,patient10_window16s_stride1s-epo,beta
2963,-0.0034378931615314215,patient10_window16s_stride1s-epo,beta
2964,-0.003836793428780037,patient10_window16s_stride1s-epo,beta
2965,-0.004396942824955852,patient10_window16s_stride1s-epo,beta
2966,-0.0029112432132160212,patient10_window16s_stride1s-epo,beta
2967,-0.002659892424573352,patient10_window16s_stride1s-epo,beta
2968,-0.0036381163583740564,patient10_window16s_stride1s-epo,beta
2969,-0.002522628169097775,patient10_window16s_stride1s-epo,beta
2970,-0.00296894060134297,patient10_window16s_stride1s-epo,beta
2971,-0.004139098083608022,patient10_window16s_stride1s-epo,beta
2972,-0.0032737005956895338,patient10_window16s_stride1s-epo,beta
2973,-0.002196570138132633,patient10_window16s_stride1s-epo,beta
2974,-0.0011983013388250142,patient10_window16s_stride1s-epo,beta
2975,-0.0013023044404349654,patient10_window16s_stride1s-epo,beta
2976,-0.0015088794230709262,patient10_window16s_stride1s-epo,beta
2977,-0.002114760772248822,patient10_window16s_stride1s-epo,beta
2978,-0.002100259816093692,patient10_window16s_stride1s-epo,beta
2979,-0.0023879297178334108,patient10_window16s_stride1s-epo,beta
2980,-0.0024908943698076693,patient10_window16s_stride1s-epo,beta
2981,-0.0029446966084182395,patient10_window16s_stride1s-epo,beta
2982,-0.0030372549219439635,patient10_window16s_stride1s-epo,beta
2983,-0.0031503768711786157,patient10_window16s_stride1s-epo,beta
2984,-0.0026168596279276496,patient10_window16s_stride1s-epo,beta
2985,-0.0033350741497523277,patient10_window16s_stride1s-epo,beta
2986,-0.003544639735660186,patient10_window16s_stride1s-epo,beta
2987,-0.004748755810854477,patient10_window16s_stride1s-epo,beta
2988,-0.005342043873185315,patient10_window16s_stride1s-epo,beta
2989,-0.003912921386116466,patient10_window16s_stride1s-epo,beta
2990,-0.003390905626460618,patient10_window16s_stride1s-epo,beta
2991,-0.003620851624748535,patient10_window16s_stride1s-epo,beta
2992,-0.004585602210987768,patient10_window16s_stride1s-epo,beta
2993,-0.003471122483733327,patient10_window16s_stride1s-epo,beta
2994,-0.0021824673411158573,patient10_window16s_stride1s-epo,beta
2995,-0.0032148507447056496,patient10_window16s_stride1s-epo,beta
2996,-0.003273777868989845,patient10_window16s_stride1s-epo,beta
2997,-0.0020405842539597168,patient10_window16s_stride1s-epo,beta
2998,-0.002058478963643868,patient10_window16s_stride1s-epo,beta
2999,-0.0019073862099667682,patient10_window16s_stride1s-epo,beta
3000,-0.0022314898919582847,patient10_window16s_stride1s-epo,beta
3001,-0.0023017537381115013,patient10_window16s_stride1s-epo,beta
3002,-0.002841870489236205,patient10_window16s_stride1s-epo,beta
3003,-0.0027441913937246054,patient10_window16s_stride1s-epo,beta
3004,-0.003438466650567376,patient10_window16s_stride1s-epo,beta
3005,-0.0033881591413574535,patient10_window16s_stride1s-epo,beta
3006,-0.004277220385167806,patient10_window16s_stride1s-epo,beta
3007,-0.004152514228003822,patient10_window16s_stride1s-epo,beta
3008,-0.0042687814093398556,patient10_window16s_stride1s-epo,beta
3009,-0.003775256412701278,patient10_window16s_stride1s-epo,beta
3010,-0.0038229104182265837,patient10_window16s_stride1s-epo,beta
3011,-0.0038327770026560415,patient10_window16s_stride1s-epo,beta
3012,-0.003522421842610202,patient10_window16s_stride1s-epo,beta
3013,-0.00509739602092223,patient10_window16s_stride1s-epo,beta
3014,-0.006486863081476816,patient10_window16s_stride1s-epo,beta
3015,-0.006430031716248555,patient10_window16s_stride1s-epo,beta
3016,-0.005537894763080315,patient10_window16s_stride1s-epo,beta
3017,-0.00572953793760704,patient10_window16s_stride1s-epo,beta
3018,-0.005522272607723657,patient10_window16s_stride1s-epo,beta
3019,-0.004322618652014756,patient10_window16s_stride1s-epo,beta
3020,-0.00450284859363783,patient10_window16s_stride1s-epo,beta
3021,-0.003739562135373585,patient10_window16s_stride1s-epo,beta
3022,-0.004671115441781682,patient10_window16s_stride1s-epo,beta
3023,-0.003930109006356747,patient10_window16s_stride1s-epo,beta
3024,-0.00343114557677245,patient10_window16s_stride1s-epo,beta
3025,-0.00561550265822506,patient10_window16s_stride1s-epo,beta
3026,-0.0047898930510191515,patient10_window16s_stride1s-epo,beta
3027,-0.003580181999378651,patient10_window16s_stride1s-epo,beta
3028,-0.003909760524958254,patient10_window16s_stride1s-epo,beta
3029,-0.0036846655689257365,patient10_window16s_stride1s-epo,beta
3030,-0.003719304331622049,patient10_window16s_stride1s-epo,beta
3031,-0.004450671180599922,patient10_window16s_stride1s-epo,beta
3032,-0.004103431629956667,patient10_window16s_stride1s-epo,beta
3033,-0.005199300206395465,patient10_window16s_stride1s-epo,beta
3034,-0.0040517908294266415,patient10_window16s_stride1s-epo,beta
3035,-0.004653528207701548,patient10_window16s_stride1s-epo,beta
3036,-0.0039977855330656535,patient10_window16s_stride1s-epo,beta
3037,-0.004361783467365432,patient10_window16s_stride1s-epo,beta
3038,-0.005407411510502597,patient10_window16s_stride1s-epo,beta
3039,-0.004322225708212431,patient10_window16s_stride1s-epo,beta
3040,-0.004249688841195209,patient10_window16s_stride1s-epo,beta
3041,-0.004024960807241604,patient10_window16s_stride1s-epo,beta
3042,-0.004035477644268864,patient10_window16s_stride1s-epo,beta
3043,-0.004510059614961759,patient10_window16s_stride1s-epo,beta
3044,-0.003577869810551782,patient10_window16s_stride1s-epo,beta
3045,-0.004875823604240652,patient10_window16s_stride1s-epo,beta
3046,-0.003056077639908135,patient10_window16s_stride1s-epo,beta
3047,-0.0028863178052114425,patient10_window16s_stride1s-epo,beta
3048,-0.001966893320825418,patient10_window16s_stride1s-epo,beta
3049,-0.0023815419844372796,patient10_window16s_stride1s-epo,beta
3050,-0.0013098536869526906,patient10_window16s_stride1s-epo,beta
3051,-0.0018006637469151585,patient10_window16s_stride1s-epo,beta
3052,-0.0025825798378881827,patient10_window16s_stride1s-epo,beta
3053,-0.003017775497896913,patient10_window16s_stride1s-epo,beta
3054,-0.0024498360373037564,patient10_window16s_stride1s-epo,beta
3055,-0.0025078197297345264,patient10_window16s_stride1s-epo,beta
3056,-0.002257739170675935,patient10_window16s_stride1s-epo,beta
3057,-0.002644856366040284,patient10_window16s_stride1s-epo,beta
3058,-0.0025539696270345915,patient10_window16s_stride1s-epo,beta
3059,-0.0020219948382067796,patient10_window16s_stride1s-epo,beta
3060,-0.0030806648673029555,patient10_window16s_stride1s-epo,beta
3061,-0.002597769683138764,patient10_window16s_stride1s-epo,beta
3062,-0.001751318368519087,patient10_window16s_stride1s-epo,beta
3063,-0.003294079505376731,patient10_window16s_stride1s-epo,beta
3064,-0.0032788518793849964,patient10_window16s_stride1s-epo,beta
3065,-0.003826090466199424,patient10_window16s_stride1s-epo,beta
3066,-0.003593489998393924,patient10_window16s_stride1s-epo,beta
3067,-0.004105660915711403,patient10_window16s_stride1s-epo,beta
3068,-0.003943590760648863,patient10_window16s_stride1s-epo,beta
3069,-0.0028321511248428272,patient10_window16s_stride1s-epo,beta
3070,-0.00294766838022121,patient10_window16s_stride1s-epo,beta
3071,-0.003184365419492116,patient10_window16s_stride1s-epo,beta
3072,-0.004360693759116487,patient10_window16s_stride1s-epo,beta
3073,-0.003971702811110288,patient10_window16s_stride1s-epo,beta
3074,-0.0040457499011981885,patient10_window16s_stride1s-epo,beta
3075,-0.0031563540797157077,patient10_window16s_stride1s-epo,beta
3076,-0.003242347902947717,patient10_window16s_stride1s-epo,beta
3077,-0.004023386175483219,patient10_window16s_stride1s-epo,beta
3078,-0.004243294678154679,patient10_window16s_stride1s-epo,beta
3079,-0.004375588235796521,patient10_window16s_stride1s-epo,beta
3080,-0.0038396988506981694,patient10_window16s_stride1s-epo,beta
3081,-0.0035437147265009097,patient10_window16s_stride1s-epo,beta
3082,-0.0032263899394037125,patient10_window16s_stride1s-epo,beta
3083,-0.004095256559547285,patient10_window16s_stride1s-epo,beta
3084,-0.004173031852423111,patient10_window16s_stride1s-epo,beta
3085,-0.005430747670007437,patient10_window16s_stride1s-epo,beta
3086,-0.005277404525057222,patient10_window16s_stride1s-epo,beta
3087,-0.0052714283006178204,patient10_window16s_stride1s-epo,beta
3088,-0.004271817567825166,patient10_window16s_stride1s-epo,beta
3089,-0.004721712239311865,patient10_window16s_stride1s-epo,beta
3090,-0.004056469251102446,patient10_window16s_stride1s-epo,beta
3091,-0.0032313352163453064,patient10_window16s_stride1s-epo,beta
3092,-0.0027054797548158338,patient10_window16s_stride1s-epo,beta
3093,-0.0031804230219256483,patient10_window16s_stride1s-epo,beta
3094,-0.0021935720634429935,patient10_window16s_stride1s-epo,beta
3095,-0.0032932375916221433,patient10_window16s_stride1s-epo,beta
3096,-0.003079719086381312,patient10_window16s_stride1s-epo,beta
3097,-0.004249742425343375,patient10_window16s_stride1s-epo,beta
3098,-0.003627515886441833,patient10_window16s_stride1s-epo,beta
3099,-0.0032733530077824714,patient10_window16s_stride1s-epo,beta
3100,-0.003900691640769066,patient10_window16s_stride1s-epo,beta
3101,-0.0052570801806980745,patient10_window16s_stride1s-epo,beta
3102,-0.006524476294592896,patient10_window16s_stride1s-epo,beta
3103,-0.006832569055748357,patient10_window16s_stride1s-epo,beta
3104,-0.009565149930813355,patient10_window16s_stride1s-epo,beta
3105,-0.00963759888310397,patient10_window16s_stride1s-epo,beta
3106,-0.009959438675197687,patient10_window16s_stride1s-epo,beta
3107,-0.010607014359877045,patient10_window16s_stride1s-epo,beta
3108,-0.010597761420240704,patient10_window16s_stride1s-epo,beta
3109,-0.01035495417076874,patient10_window16s_stride1s-epo,beta
3110,-0.009430274421344557,patient10_window16s_stride1s-epo,beta
3111,-0.009162068877573211,patient10_window16s_stride1s-epo,beta
3112,-0.008171076936520073,patient10_window16s_stride1s-epo,beta
3113,-0.008077090258960971,patient10_window16s_stride1s-epo,beta
3114,-0.008893279089787993,patient10_window16s_stride1s-epo,beta
3115,-0.010405005735260785,patient10_window16s_stride1s-epo,beta
3116,-0.009345257111164115,patient10_window16s_stride1s-epo,beta
3117,-0.007973171296755868,patient10_window16s_stride1s-epo,beta
3118,-0.007639214322590416,patient10_window16s_stride1s-epo,beta
3119,-0.0068260985780932105,patient10_window16s_stride1s-epo,beta
3120,-0.004778739524096941,patient10_window16s_stride1s-epo,beta
3121,-0.005674520506375997,patient10_window16s_stride1s-epo,beta
3122,-0.005659798713470645,patient10_window16s_stride1s-epo,beta
3123,-0.006264148809944471,patient10_window16s_stride1s-epo,beta
3124,-0.00677310678082889,patient10_window16s_stride1s-epo,beta
3125,-0.006940152424220054,patient10_window16s_stride1s-epo,beta
3126,-0.006020943621315042,patient10_window16s_stride1s-epo,beta
3127,-0.006772162025456298,patient10_window16s_stride1s-epo,beta
3128,-0.007100333600602897,patient10_window16s_stride1s-epo,beta
3129,-0.007095024431902059,patient10_window16s_stride1s-epo,beta
3130,-0.007323502252441008,patient10_window16s_stride1s-epo,beta
3131,-0.006369694440482247,patient10_window16s_stride1s-epo,beta
3132,-0.005503429923588188,patient10_window16s_stride1s-epo,beta
3133,-0.005521942425684354,patient10_window16s_stride1s-epo,beta
3134,-0.005963218630056503,patient10_window16s_stride1s-epo,beta
3135,-0.005269122514659289,patient10_window16s_stride1s-epo,beta
3136,-0.00543031560535988,patient10_window16s_stride1s-epo,beta
3137,-0.004158856427501949,patient10_window16s_stride1s-epo,beta
3138,-0.005140931617583954,patient10_window16s_stride1s-epo,beta
3139,-0.004035641828137463,patient10_window16s_stride1s-epo,beta
3140,-0.0036585601817660978,patient10_window16s_stride1s-epo,beta
3141,-0.0033022678048445285,patient10_window16s_stride1s-epo,beta
3142,-0.0029238145531436887,patient10_window16s_stride1s-epo,beta
3143,-0.0024003476269945385,patient10_window16s_stride1s-epo,beta
3144,-0.002765709095641617,patient10_window16s_stride1s-epo,beta
3145,-0.002471301784507858,patient10_window16s_stride1s-epo,beta
3146,-0.0029444496217664795,patient10_window16s_stride1s-epo,beta
3147,-0.0028013419878314865,patient10_window16s_stride1s-epo,beta
3148,-0.0025230245098318564,patient10_window16s_stride1s-epo,beta
3149,-0.0012439260660719602,patient10_window16s_stride1s-epo,beta
3150,-0.001522181675572909,patient10_window16s_stride1s-epo,beta
3151,-0.0024505184358402854,patient10_window16s_stride1s-epo,beta
3152,-0.002595524967105987,patient10_window16s_stride1s-epo,beta
3153,-0.0027005080727696053,patient10_window16s_stride1s-epo,beta
3154,-0.0018058825457114534,patient10_window16s_stride1s-epo,beta
3155,-0.0028275101857584972,patient10_window16s_stride1s-epo,beta
3156,-0.002411275120829776,patient10_window16s_stride1s-epo,beta
3157,-0.002888718446893278,patient10_window16s_stride1s-epo,beta
3158,-0.003505136827654078,patient10_window16s_stride1s-epo,beta
3159,-0.00452495201508224,patient10_window16s_stride1s-epo,beta
3160,-0.005248358347506225,patient10_window16s_stride1s-epo,beta
3161,-0.003521290658279964,patient10_window16s_stride1s-epo,beta
3162,-0.004714080023448047,patient10_window16s_stride1s-epo,beta
3163,-0.004672187582949343,patient10_window16s_stride1s-epo,beta
3164,-0.0044271459009518795,patient10_window16s_stride1s-epo,beta
3165,-0.005270368470192474,patient10_window16s_stride1s-epo,beta
3166,-0.00528566321588894,patient10_window16s_stride1s-epo,beta
3167,-0.006408505548350504,patient10_window16s_stride1s-epo,beta
3168,-0.006704717429411724,patient10_window16s_stride1s-epo,beta
3169,-0.00719282148518696,patient10_window16s_stride1s-epo,beta
3170,-0.007385191951161167,patient10_window16s_stride1s-epo,beta
3171,-0.006742081128009302,patient10_window16s_stride1s-epo,beta
3172,-0.005934142188600497,patient10_window16s_stride1s-epo,beta
3173,-0.005933448931119554,patient10_window16s_stride1s-epo,beta
3174,-0.0054765219882425475,patient10_window16s_stride1s-epo,beta
3175,-0.004338560477838764,patient10_window16s_stride1s-epo,beta
3176,-0.004213580820392285,patient10_window16s_stride1s-epo,beta
3177,-0.00446551011441953,patient10_window16s_stride1s-epo,beta
3178,-0.0038563707319186715,patient10_window16s_stride1s-epo,beta
3179,-0.004015672589814515,patient10_window16s_stride1s-epo,beta
3180,-0.002669088095943616,patient10_window16s_stride1s-epo,beta
3181,-0.0027806789576630226,patient10_window16s_stride1s-epo,beta
3182,-0.002872919218502319,patient10_window16s_stride1s-epo,beta
3183,-0.0021943012987954633,patient10_window16s_stride1s-epo,beta
3184,-0.0017331797787435458,patient10_window16s_stride1s-epo,beta
3185,-0.0008866764263914823,patient10_window16s_stride1s-epo,beta
3186,-0.0009025561658179708,patient10_window16s_stride1s-epo,beta
3187,-0.001723733630760088,patient10_window16s_stride1s-epo,beta
3188,-0.002576246500586789,patient10_window16s_stride1s-epo,beta
3189,-0.0025738716821702362,patient10_window16s_stride1s-epo,beta
3190,-0.002693743682222033,patient10_window16s_stride1s-epo,beta
3191,-0.0024626134186923106,patient10_window16s_stride1s-epo,beta
3192,-0.003556415120361364,patient10_window16s_stride1s-epo,beta
3193,-0.002827329983499637,patient10_window16s_stride1s-epo,beta
3194,-0.004450343133615532,patient10_window16s_stride1s-epo,beta
3195,-0.0030592951261089645,patient10_window16s_stride1s-epo,beta
3196,-0.0032182853917229704,patient10_window16s_stride1s-epo,beta
3197,-0.00318221655641366,patient10_window16s_stride1s-epo,beta
3198,-0.0036666930746170447,patient10_window16s_stride1s-epo,beta
3199,-0.0032429818991916597,patient10_window16s_stride1s-epo,beta
3200,-0.003535094915720798,patient10_window16s_stride1s-epo,beta
3201,-0.004216207163392295,patient10_window16s_stride1s-epo,beta
3202,-0.005163458777701823,patient10_window16s_stride1s-epo,beta
3203,-0.004656974180219501,patient10_window16s_stride1s-epo,beta
3204,-0.00418395594889966,patient10_window16s_stride1s-epo,beta
3205,-0.005377978408439998,patient10_window16s_stride1s-epo,beta
3206,-0.004162180793232238,patient10_window16s_stride1s-epo,beta
3207,-0.004676550977267069,patient10_window16s_stride1s-epo,beta
3208,-0.0046604426255429645,patient10_window16s_stride1s-epo,beta
3209,-0.003936182737433608,patient10_window16s_stride1s-epo,beta
3210,-0.0030864638317624027,patient10_window16s_stride1s-epo,beta
3211,-0.004060326898665969,patient10_window16s_stride1s-epo,beta
3212,-0.003387785258060129,patient10_window16s_stride1s-epo,beta
3213,-0.004243551628336906,patient10_window16s_stride1s-epo,beta
3214,-0.004331139329880405,patient10_window16s_stride1s-epo,beta
3215,-0.005335991390722119,patient10_window16s_stride1s-epo,beta
3216,-0.0051137472696385355,patient10_window16s_stride1s-epo,beta
3217,-0.0038078206315558033,patient10_window16s_stride1s-epo,beta
3218,-0.00355502703503969,patient10_window16s_stride1s-epo,beta
3219,-0.004607283700727543,patient10_window16s_stride1s-epo,beta
3220,-0.004576853856142677,patient10_window16s_stride1s-epo,beta
3221,-0.0038881327057990345,patient10_window16s_stride1s-epo,beta
3222,-0.00410059885592189,patient10_window16s_stride1s-epo,beta
3223,-0.00498496751262814,patient10_window16s_stride1s-epo,beta
3224,-0.00574950825265146,patient10_window16s_stride1s-epo,beta
3225,-0.005945706641572947,patient10_window16s_stride1s-epo,beta
3226,-0.005784537093358471,patient10_window16s_stride1s-epo,beta
3227,-0.005026960381772183,patient10_window16s_stride1s-epo,beta
3228,-0.005730211623618917,patient10_window16s_stride1s-epo,beta
3229,-0.005076810128404716,patient10_window16s_stride1s-epo,beta
3230,-0.005413449923721312,patient10_window16s_stride1s-epo,beta
3231,-0.005015208095190881,patient10_window16s_stride1s-epo,beta
3232,-0.004382117024844909,patient10_window16s_stride1s-epo,beta
3233,-0.00435186744303982,patient10_window16s_stride1s-epo,beta
3234,-0.004780573588015541,patient10_window16s_stride1s-epo,beta
3235,-0.004817723984757518,patient10_window16s_stride1s-epo,beta
3236,-0.00477642785464135,patient10_window16s_stride1s-epo,beta
3237,-0.0046874081758521875,patient10_window16s_stride1s-epo,beta
3238,-0.003616024952298401,patient10_window16s_stride1s-epo,beta
3239,-0.003616770155838301,patient10_window16s_stride1s-epo,beta
3240,-0.001988799816254247,patient10_window16s_stride1s-epo,beta
3241,-0.0007470206404729835,patient10_window16s_stride1s-epo,beta
3242,-0.0005101197158132612,patient10_window16s_stride1s-epo,beta
3243,0.00019723777396611273,patient10_window16s_stride1s-epo,beta
3244,3.0483872835741753e-06,patient10_window16s_stride1s-epo,beta
3245,0.00018363082130333047,patient10_window16s_stride1s-epo,beta
3246,-0.000483766415653131,patient10_window16s_stride1s-epo,beta
3247,-0.0015564980099255226,patient10_window16s_stride1s-epo,beta
3248,-0.0013474781244311878,patient10_window16s_stride1s-epo,beta
3249,-0.0009693615633574191,patient10_window16s_stride1s-epo,beta
3250,-0.0009800317097607971,patient10_window16s_stride1s-epo,beta
3251,-0.0006516862943263852,patient10_window16s_stride1s-epo,beta
3252,0.0002133664815334222,patient10_window16s_stride1s-epo,beta
3253,-0.00049174577536752,patient10_window16s_stride1s-epo,beta
3254,-0.0012915638525602285,patient10_window16s_stride1s-epo,beta
3255,-0.0011812727607777803,patient10_window16s_stride1s-epo,beta
3256,0.00011526105130599689,patient10_window16s_stride1s-epo,beta
3257,-0.0013191878441866664,patient10_window16s_stride1s-epo,beta
3258,-0.0019785313052555634,patient10_window16s_stride1s-epo,beta
3259,-0.00224031620113976,patient10_window16s_stride1s-epo,beta
3260,-0.0017607533570507701,patient10_window16s_stride1s-epo,beta
3261,-0.0012640214450292432,patient10_window16s_stride1s-epo,beta
3262,-0.002201796529956257,patient10_window16s_stride1s-epo,beta
3263,-0.0018778998791104378,patient10_window16s_stride1s-epo,beta
3264,-0.0019657806182069655,patient10_window16s_stride1s-epo,beta
3265,-0.0030604316017396683,patient10_window16s_stride1s-epo,beta
3266,-0.0025073869816252246,patient10_window16s_stride1s-epo,beta
3267,-0.002559058419790192,patient10_window16s_stride1s-epo,beta
3268,-0.00321249678964917,patient10_window16s_stride1s-epo,beta
3269,-0.004443205883777969,patient10_window16s_stride1s-epo,beta
3270,-0.004588573204346278,patient10_window16s_stride1s-epo,beta
3271,-0.003759090823880317,patient10_window16s_stride1s-epo,beta
3272,-0.00413862253642428,patient10_window16s_stride1s-epo,beta
3273,-0.004054530394845305,patient10_window16s_stride1s-epo,beta
3274,-0.0034905792931275255,patient10_window16s_stride1s-epo,beta
3275,-0.004081005256365991,patient10_window16s_stride1s-epo,beta
3276,-0.0042494578374301884,patient10_window16s_stride1s-epo,beta
3277,-0.004291789170928592,patient10_window16s_stride1s-epo,beta
3278,-0.0038724587795749507,patient10_window16s_stride1s-epo,beta
3279,-0.003582900698569894,patient10_window16s_stride1s-epo,beta
3280,-0.004005743570618741,patient10_window16s_stride1s-epo,beta
3281,-0.004267765682191485,patient10_window16s_stride1s-epo,beta
3282,-0.0037468880871476084,patient10_window16s_stride1s-epo,beta
3283,-0.005012996805032975,patient10_window16s_stride1s-epo,beta
3284,-0.004633064487348615,patient10_window16s_stride1s-epo,beta
3285,-0.004283205862270198,patient10_window16s_stride1s-epo,beta
3286,-0.0035956808718965645,patient10_window16s_stride1s-epo,beta
3287,-0.0034708964419553874,patient10_window16s_stride1s-epo,beta
3288,-0.004035028291091907,patient10_window16s_stride1s-epo,beta
3289,-0.004613066904238614,patient10_window16s_stride1s-epo,beta
3290,-0.004188845248708283,patient10_window16s_stride1s-epo,beta
3291,-0.004179397228233192,patient10_window16s_stride1s-epo,beta
3292,-0.003329798750789134,patient10_window16s_stride1s-epo,beta
3293,-0.0031851495100560815,patient10_window16s_stride1s-epo,beta
3294,-0.003334696942033323,patient10_window16s_stride1s-epo,beta
3295,-0.0038355306067943996,patient10_window16s_stride1s-epo,beta
3296,-0.0031003604001642532,patient10_window16s_stride1s-epo,beta
3297,-0.003936815315998742,patient10_window16s_stride1s-epo,beta
3298,-0.0045496168813171055,patient10_window16s_stride1s-epo,beta
3299,-0.004654013502871939,patient10_window16s_stride1s-epo,beta
3300,-0.003350673170584369,patient10_window16s_stride1s-epo,beta
3301,-0.003604564848166612,patient10_window16s_stride1s-epo,beta
3302,-0.004379484032722791,patient10_window16s_stride1s-epo,beta
3303,-0.0032632299554245245,patient10_window16s_stride1s-epo,beta
3304,-0.003567023076403919,patient10_window16s_stride1s-epo,beta
3305,-0.004225715999109413,patient10_window16s_stride1s-epo,beta
3306,-0.004911556970409696,patient10_window16s_stride1s-epo,beta
3307,-0.00442224619872793,patient10_window16s_stride1s-epo,beta
3308,-0.004792269899698494,patient10_window16s_stride1s-epo,beta
3309,-0.005000685319787238,patient10_window16s_stride1s-epo,beta
3310,-0.004821409388056696,patient10_window16s_stride1s-epo,beta
3311,-0.00607171522846119,patient10_window16s_stride1s-epo,beta
3312,-0.005643339519451831,patient10_window16s_stride1s-epo,beta
3313,-0.005411219185480242,patient10_window16s_stride1s-epo,beta
3314,-0.005608651165478694,patient10_window16s_stride1s-epo,beta
3315,-0.004995661600640836,patient10_window16s_stride1s-epo,beta
3316,-0.005081085974511218,patient10_window16s_stride1s-epo,beta
3317,-0.004846599204924928,patient10_window16s_stride1s-epo,beta
3318,-0.005135414056645845,patient10_window16s_stride1s-epo,beta
3319,-0.004692266973052478,patient10_window16s_stride1s-epo,beta
3320,-0.005493379778722686,patient10_window16s_stride1s-epo,beta
3321,-0.005568609194323907,patient10_window16s_stride1s-epo,beta
3322,-0.004939642398155889,patient10_window16s_stride1s-epo,beta
3323,-0.004560865795259769,patient10_window16s_stride1s-epo,beta
3324,-0.0047918891926878185,patient10_window16s_stride1s-epo,beta
3325,-0.003943429220822067,patient10_window16s_stride1s-epo,beta
3326,-0.004379430280698054,patient10_window16s_stride1s-epo,beta
3327,-0.004456874344342999,patient10_window16s_stride1s-epo,beta
3328,-0.005177413684354663,patient10_window16s_stride1s-epo,beta
3329,-0.0061656695964869045,patient10_window16s_stride1s-epo,beta
3330,-0.005932030693854653,patient10_window16s_stride1s-epo,beta
3331,-0.004911239431220907,patient10_window16s_stride1s-epo,beta
3332,-0.005005166006013378,patient10_window16s_stride1s-epo,beta
3333,-0.004928888196938014,patient10_window16s_stride1s-epo,beta
3334,-0.005077896299571192,patient10_window16s_stride1s-epo,beta
3335,-0.006027618641445184,patient10_window16s_stride1s-epo,beta
3336,-0.005036459756894397,patient10_window16s_stride1s-epo,beta
3337,-0.005857546442933398,patient10_window16s_stride1s-epo,beta
3338,-0.005363057576253737,patient10_window16s_stride1s-epo,beta
3339,-0.005328648575831305,patient10_window16s_stride1s-epo,beta
3340,-0.005507598255891392,patient10_window16s_stride1s-epo,beta
3341,-0.004581987726589382,patient10_window16s_stride1s-epo,beta
3342,-0.004819781731892844,patient10_window16s_stride1s-epo,beta
3343,-0.004129783009256262,patient10_window16s_stride1s-epo,beta
3344,-0.0031089698731576474,patient10_window16s_stride1s-epo,beta
3345,-0.0031579772199582527,patient10_window16s_stride1s-epo,beta
3346,-0.002986359472878732,patient10_window16s_stride1s-epo,beta
3347,-0.0042492773700713304,patient10_window16s_stride1s-epo,beta
3348,-0.005548828290213073,patient10_window16s_stride1s-epo,beta
3349,-0.005697229797604772,patient10_window16s_stride1s-epo,beta
3350,-0.005009390086937956,patient10_window16s_stride1s-epo,beta
3351,-0.0051906506305520244,patient10_window16s_stride1s-epo,beta
3352,-0.005782747227565218,patient10_window16s_stride1s-epo,beta
3353,-0.005897568568159227,patient10_window16s_stride1s-epo,beta
3354,-0.006751702123403921,patient10_window16s_stride1s-epo,beta
3355,-0.00578509520343552,patient10_window16s_stride1s-epo,beta
3356,-0.0065748892164609,patient10_window16s_stride1s-epo,beta
3357,-0.006676553830524061,patient10_window16s_stride1s-epo,beta
3358,-0.00649449044501967,patient10_window16s_stride1s-epo,beta
3359,-0.0066924250536052506,patient10_window16s_stride1s-epo,beta
3360,-0.007245775427730771,patient10_window16s_stride1s-epo,beta
3361,-0.006479581397272113,patient10_window16s_stride1s-epo,beta
3362,-0.006685190924866422,patient10_window16s_stride1s-epo,beta
3363,-0.006314246994312401,patient10_window16s_stride1s-epo,beta
3364,-0.00741215364735977,patient10_window16s_stride1s-epo,beta
3365,-0.007011173822383414,patient10_window16s_stride1s-epo,beta
3366,-0.005795418657065399,patient10_window16s_stride1s-epo,beta
3367,-0.0056724141592023785,patient10_window16s_stride1s-epo,beta
3368,-0.004118410716659058,patient10_window16s_stride1s-epo,beta
3369,-0.004858869150511445,patient10_window16s_stride1s-epo,beta
3370,-0.0050738461871840555,patient10_window16s_stride1s-epo,beta
3371,-0.004822756776682498,patient10_window16s_stride1s-epo,beta
3372,-0.0040647873277053275,patient10_window16s_stride1s-epo,beta
3373,-0.003737002349941787,patient10_window16s_stride1s-epo,beta
3374,-0.0033170091870635267,patient10_window16s_stride1s-epo,beta
3375,-0.0036038797283465557,patient10_window16s_stride1s-epo,beta
3376,-0.0032396977558137806,patient10_window16s_stride1s-epo,beta
3377,-0.0033432931273213724,patient10_window16s_stride1s-epo,beta
3378,-0.0023830556210957627,patient10_window16s_stride1s-epo,beta
3379,-0.001823544511092425,patient10_window16s_stride1s-epo,beta
3380,-0.0015188095091101734,patient10_window16s_stride1s-epo,beta
3381,-0.0013352972050115208,patient10_window16s_stride1s-epo,beta
3382,-0.003098190015833609,patient10_window16s_stride1s-epo,beta
3383,-0.0033121769594094117,patient10_window16s_stride1s-epo,beta
3384,-0.002977555726977491,patient10_window16s_stride1s-epo,beta
3385,-0.0037954043058845486,patient10_window16s_stride1s-epo,beta
3386,-0.0037767763845958104,patient10_window16s_stride1s-epo,beta
3387,-0.004413459196160303,patient10_window16s_stride1s-epo,beta
3388,-0.004361388700777554,patient10_window16s_stride1s-epo,beta
3389,-0.004418022611771678,patient10_window16s_stride1s-epo,beta
3390,-0.004828447893834996,patient10_window16s_stride1s-epo,beta
3391,-0.007170112908936985,patient10_window16s_stride1s-epo,beta
3392,-0.007254519533965751,patient10_window16s_stride1s-epo,beta
3393,-0.007288980678172035,patient10_window16s_stride1s-epo,beta
3394,-0.008044720424846418,patient10_window16s_stride1s-epo,beta
3395,-0.008073859967194882,patient10_window16s_stride1s-epo,beta
3396,-0.008170330852968463,patient10_window16s_stride1s-epo,beta
3397,-0.007916590958776313,patient10_window16s_stride1s-epo,beta
3398,-0.008111795152039287,patient10_window16s_stride1s-epo,beta
3399,-0.007466751146333034,patient10_window16s_stride1s-epo,beta
3400,-0.00829910576037578,patient10_window16s_stride1s-epo,beta
3401,-0.007510687354083625,patient10_window16s_stride1s-epo,beta
3402,-0.007010967463791426,patient10_window16s_stride1s-epo,beta
3403,-0.005865750409610584,patient10_window16s_stride1s-epo,beta
3404,-0.005713791813263759,patient10_window16s_stride1s-epo,beta
3405,-0.004496653631837399,patient10_window16s_stride1s-epo,beta
3406,-0.003855076897176179,patient10_window16s_stride1s-epo,beta
3407,-0.0024026755333504493,patient10_window16s_stride1s-epo,beta
3408,-0.0018108646583685213,patient10_window16s_stride1s-epo,beta
3409,-0.0019274405494743188,patient10_window16s_stride1s-epo,beta
3410,-0.00161981302433852,patient10_window16s_stride1s-epo,beta
3411,-0.0023376338243678006,patient10_window16s_stride1s-epo,beta
3412,-0.0025154485141188534,patient10_window16s_stride1s-epo,beta
3413,-0.0033810862273229523,patient10_window16s_stride1s-epo,beta
3414,-0.0024193302891422235,patient10_window16s_stride1s-epo,beta
3415,-0.0021942301772068487,patient10_window16s_stride1s-epo,beta
3416,-0.0016977030915044174,patient10_window16s_stride1s-epo,beta
3417,-0.002129043080283278,patient10_window16s_stride1s-epo,beta
3418,-0.002129777289260928,patient10_window16s_stride1s-epo,beta
3419,-0.002611359751139156,patient10_window16s_stride1s-epo,beta
3420,-0.0035192005901096765,patient10_window16s_stride1s-epo,beta
3421,-0.0035405505847182213,patient10_window16s_stride1s-epo,beta
3422,-0.0024674793457119797,patient10_window16s_stride1s-epo,beta
3423,-0.0029619331914937743,patient10_window16s_stride1s-epo,beta
3424,-0.0026551742238610497,patient10_window16s_stride1s-epo,beta
3425,-0.00331150689595818,patient10_window16s_stride1s-epo,beta
3426,-0.002914188104141915,patient10_window16s_stride1s-epo,beta
3427,-0.00396373165480073,patient10_window16s_stride1s-epo,beta
3428,-0.003945967007276442,patient10_window16s_stride1s-epo,beta
3429,-0.002682045448703268,patient10_window16s_stride1s-epo,beta
3430,-0.0036500015433145907,patient10_window16s_stride1s-epo,beta
3431,-0.0027105981533797883,patient10_window16s_stride1s-epo,beta
3432,-0.0036005447644805195,patient10_window16s_stride1s-epo,beta
3433,-0.003748009760907742,patient10_window16s_stride1s-epo,beta
3434,-0.004130927460125653,patient10_window16s_stride1s-epo,beta
3435,-0.0044804570264308265,patient10_window16s_stride1s-epo,beta
3436,-0.004497232162934269,patient10_window16s_stride1s-epo,beta
3437,-0.00451629617014343,patient10_window16s_stride1s-epo,beta
3438,-0.0044097084357650855,patient10_window16s_stride1s-epo,beta
3439,-0.005395415947409624,patient10_window16s_stride1s-epo,beta
3440,-0.0048467718343616914,patient10_window16s_stride1s-epo,beta
3441,-0.004313126084651518,patient10_window16s_stride1s-epo,beta
3442,-0.003939833341216492,patient10_window16s_stride1s-epo,beta
3443,-0.004127427762465149,patient10_window16s_stride1s-epo,beta
3444,-0.0034975456401343816,patient10_window16s_stride1s-epo,beta
3445,-0.004411813112279962,patient10_window16s_stride1s-epo,beta
3446,-0.003908823816469976,patient10_window16s_stride1s-epo,beta
3447,-0.0044984924855219375,patient10_window16s_stride1s-epo,beta
3448,-0.005140859129411315,patient10_window16s_stride1s-epo,beta
3449,-0.004762312161696617,patient10_window16s_stride1s-epo,beta
3450,-0.00372020139942628,patient10_window16s_stride1s-epo,beta
3451,-0.004060296715856373,patient10_window16s_stride1s-epo,beta
3452,-0.0042810903149825795,patient10_window16s_stride1s-epo,beta
3453,-0.004943898012490945,patient10_window16s_stride1s-epo,beta
3454,-0.005417632393217101,patient10_window16s_stride1s-epo,beta
3455,-0.004671650044738493,patient10_window16s_stride1s-epo,beta
3456,-0.004169201876668076,patient10_window16s_stride1s-epo,beta
3457,-0.004650527054129817,patient10_window16s_stride1s-epo,beta
3458,-0.0051740282088821865,patient10_window16s_stride1s-epo,beta
3459,-0.005227375258672053,patient10_window16s_stride1s-epo,beta
3460,-0.005776759231663359,patient10_window16s_stride1s-epo,beta
3461,-0.005939501889944983,patient10_window16s_stride1s-epo,beta
3462,-0.006048561183344499,patient10_window16s_stride1s-epo,beta
3463,-0.005238846395523532,patient10_window16s_stride1s-epo,beta
3464,-0.004654112800470433,patient10_window16s_stride1s-epo,beta
3465,-0.004693083314537122,patient10_window16s_stride1s-epo,beta
3466,-0.004257959991461033,patient10_window16s_stride1s-epo,beta
3467,-0.002807561789035091,patient10_window16s_stride1s-epo,beta
3468,-0.0024187989369480823,patient10_window16s_stride1s-epo,beta
3469,-0.0019401551342497034,patient10_window16s_stride1s-epo,beta
3470,-0.002416466982695971,patient10_window16s_stride1s-epo,beta
3471,-0.0018589769742426564,patient10_window16s_stride1s-epo,beta
3472,-0.002100550455773827,patient10_window16s_stride1s-epo,beta
3473,-0.001460730211445013,patient10_window16s_stride1s-epo,beta
3474,-0.001704617542120176,patient10_window16s_stride1s-epo,beta
3475,-0.0011404921637981392,patient10_window16s_stride1s-epo,beta
3476,-0.0020993250036975726,patient10_window16s_stride1s-epo,beta
3477,-0.0028682737957210365,patient10_window16s_stride1s-epo,beta
3478,-0.0019542298739839595,patient10_window16s_stride1s-epo,beta
3479,-0.002026588029018961,patient10_window16s_stride1s-epo,beta
3480,-0.002961139335565888,patient10_window16s_stride1s-epo,beta
3481,-0.0034488570931823725,patient10_window16s_stride1s-epo,beta
3482,-0.004695341077767872,patient10_window16s_stride1s-epo,beta
3483,-0.004480191970964506,patient10_window16s_stride1s-epo,beta
3484,-0.0047683689837062886,patient10_window16s_stride1s-epo,beta
3485,-0.004966551214939714,patient10_window16s_stride1s-epo,beta
3486,-0.004472106258632909,patient10_window16s_stride1s-epo,beta
3487,-0.004595164622379552,patient10_window16s_stride1s-epo,beta
3488,-0.004392787639392814,patient10_window16s_stride1s-epo,beta
3489,-0.0046063907683025155,patient10_window16s_stride1s-epo,beta
3490,-0.004886053871174021,patient10_window16s_stride1s-epo,beta
3491,-0.004353532921627518,patient10_window16s_stride1s-epo,beta
3492,-0.004773262317300983,patient10_window16s_stride1s-epo,beta
3493,-0.0035956866450201842,patient10_window16s_stride1s-epo,beta
3494,-0.004107093182861149,patient10_window16s_stride1s-epo,beta
3495,-0.004307551366713484,patient10_window16s_stride1s-epo,beta
3496,-0.004103240885116489,patient10_window16s_stride1s-epo,beta
3497,-0.00453789681113018,patient10_window16s_stride1s-epo,beta
3498,-0.004121128827085281,patient10_window16s_stride1s-epo,beta
3499,-0.004984208092236941,patient10_window16s_stride1s-epo,beta
3500,-0.003759561236702486,patient10_window16s_stride1s-epo,beta
3501,-0.003884971084486211,patient10_window16s_stride1s-epo,beta
3502,-0.005214990222049947,patient10_window16s_stride1s-epo,beta
3503,-0.0054001100402880425,patient10_window16s_stride1s-epo,beta
3504,-0.004635981622520225,patient10_window16s_stride1s-epo,beta
3505,-0.005428619619570305,patient10_window16s_stride1s-epo,beta
3506,-0.005052627273960535,patient10_window16s_stride1s-epo,beta
3507,-0.004041030707082929,patient10_window16s_stride1s-epo,beta
3508,-0.004202294416542759,patient10_window16s_stride1s-epo,beta
3509,-0.004627402784707344,patient10_window16s_stride1s-epo,beta
3510,-0.00530812213160557,patient10_window16s_stride1s-epo,beta
3511,-0.004484494240207426,patient10_window16s_stride1s-epo,beta
3512,-0.0054805756672511715,patient10_window16s_stride1s-epo,beta
3513,-0.005282088601448161,patient10_window16s_stride1s-epo,beta
3514,-0.005595749592188356,patient10_window16s_stride1s-epo,beta
3515,-0.005828401802245719,patient10_window16s_stride1s-epo,beta
3516,-0.004639167716350739,patient10_window16s_stride1s-epo,beta
3517,-0.004765136643852089,patient10_window16s_stride1s-epo,beta
3518,-0.004840058385167322,patient10_window16s_stride1s-epo,beta
3519,-0.005110853915036948,patient10_window16s_stride1s-epo,beta
3520,-0.004329876347428256,patient10_window16s_stride1s-epo,beta
3521,-0.00522449706411751,patient10_window16s_stride1s-epo,beta
3522,-0.005957564400363559,patient10_window16s_stride1s-epo,beta
3523,-0.0058863842414433685,patient10_window16s_stride1s-epo,beta
3524,-0.0053755737760111675,patient10_window16s_stride1s-epo,beta
3525,-0.005655454679033801,patient10_window16s_stride1s-epo,beta
3526,-0.005026440791983865,patient10_window16s_stride1s-epo,beta
3527,-0.004261701970980385,patient10_window16s_stride1s-epo,beta
3528,-0.005953406305291713,patient10_window16s_stride1s-epo,beta
3529,-0.004940745998627429,patient10_window16s_stride1s-epo,beta
3530,-0.0035619021982036076,patient10_window16s_stride1s-epo,beta
3531,-0.003911658023831564,patient10_window16s_stride1s-epo,beta
3532,-0.003805264578259146,patient10_window16s_stride1s-epo,beta
3533,-0.003658193724298095,patient10_window16s_stride1s-epo,beta
3534,-0.0033771059763678933,patient10_window16s_stride1s-epo,beta
3535,-0.0031756734770249386,patient10_window16s_stride1s-epo,beta
3536,-0.0037089258837102778,patient10_window16s_stride1s-epo,beta
3537,-0.003212162363235197,patient10_window16s_stride1s-epo,beta
3538,-0.002056171547294754,patient10_window16s_stride1s-epo,beta
3539,-0.003696852898995818,patient10_window16s_stride1s-epo,beta
3540,-0.0024290682314842826,patient10_window16s_stride1s-epo,beta
3541,-0.002187040977616848,patient10_window16s_stride1s-epo,beta
3542,-0.0006419728448519885,patient10_window16s_stride1s-epo,beta
3543,0.00015192645705288922,patient10_window16s_stride1s-epo,beta
3544,0.0005611700727713389,patient10_window16s_stride1s-epo,beta
3545,-0.001004341855256309,patient10_window16s_stride1s-epo,beta
3546,-0.0012484751625928942,patient10_window16s_stride1s-epo,beta
3547,-0.0016168061205986618,patient10_window16s_stride1s-epo,beta
3548,-0.0020890891982224364,patient10_window16s_stride1s-epo,beta
3549,-0.0017073198112087466,patient10_window16s_stride1s-epo,beta
3550,-0.0020973321772502595,patient10_window16s_stride1s-epo,beta
3551,-0.0023517618882051773,patient10_window16s_stride1s-epo,beta
3552,-0.0032252469034955013,patient10_window16s_stride1s-epo,beta
3553,-0.0038877102704073067,patient10_window16s_stride1s-epo,beta
3554,-0.0034557252228638612,patient10_window16s_stride1s-epo,beta
3555,-0.003516186440271976,patient10_window16s_stride1s-epo,beta
3556,-0.003166620645115039,patient10_window16s_stride1s-epo,beta
3557,-0.002901204061403642,patient10_window16s_stride1s-epo,beta
3558,-0.00445384013705274,patient10_window16s_stride1s-epo,beta
3559,-0.004522585326400834,patient10_window16s_stride1s-epo,beta
3560,-0.004066163435195479,patient10_window16s_stride1s-epo,beta
3561,-0.0043210162722212495,patient10_window16s_stride1s-epo,beta
3562,-0.003857371779214932,patient10_window16s_stride1s-epo,beta
3563,-0.0037961490170976297,patient10_window16s_stride1s-epo,beta
3564,-0.004553881906327652,patient10_window16s_stride1s-epo,beta
3565,-0.0035566844835136498,patient10_window16s_stride1s-epo,beta
3566,-0.003923324244704473,patient10_window16s_stride1s-epo,beta
3567,-0.00366791454472519,patient10_window16s_stride1s-epo,beta
3568,-0.003679448459472812,patient10_window16s_stride1s-epo,beta
3569,-0.003473734997373253,patient10_window16s_stride1s-epo,beta
3570,-0.0044586088807142266,patient10_window16s_stride1s-epo,beta
3571,-0.003219240833094692,patient10_window16s_stride1s-epo,beta
3572,-0.0015671565706588647,patient10_window16s_stride1s-epo,beta
3573,-0.0020337140026186777,patient10_window16s_stride1s-epo,beta
3574,-0.001046244959685978,patient10_window16s_stride1s-epo,beta
3575,-0.0023839119829365987,patient10_window16s_stride1s-epo,beta
3576,-0.0023065025918723556,patient10_window16s_stride1s-epo,beta
3577,-0.0024881968089646403,patient10_window16s_stride1s-epo,beta
3578,-0.0020498355012137696,patient10_window16s_stride1s-epo,beta
3579,-0.0025050361916937624,patient10_window16s_stride1s-epo,beta
3580,-0.0020991971902828014,patient10_window16s_stride1s-epo,beta
3581,-0.002339477943866987,patient10_window16s_stride1s-epo,beta
3582,-0.0027650281553075174,patient10_window16s_stride1s-epo,beta
3583,-0.0029035485281919756,patient10_window16s_stride1s-epo,beta
3584,-0.003300043639736156,patient10_window16s_stride1s-epo,beta
3585,-0.003065814325355453,patient10_window16s_stride1s-epo,beta
3586,-0.0033526452700090585,patient10_window16s_stride1s-epo,beta
3587,-0.0030779670301079908,patient10_window16s_stride1s-epo,beta
3588,-0.004146254510010812,patient10_window16s_stride1s-epo,beta
3589,-0.0037353631082230614,patient10_window16s_stride1s-epo,beta
3590,-0.004599012339629544,patient10_window16s_stride1s-epo,beta
3591,-0.004741328155817547,patient10_window16s_stride1s-epo,beta
3592,-0.004881911711629868,patient10_window16s_stride1s-epo,beta
3593,-0.003976133598527564,patient10_window16s_stride1s-epo,beta
3594,-0.003976327073996092,patient10_window16s_stride1s-epo,beta
3595,-0.004323428859693931,patient10_window16s_stride1s-epo,beta
3596,-0.004860159844655691,patient10_window16s_stride1s-epo,beta
3597,-0.004967651562124138,patient10_window16s_stride1s-epo,beta
3598,-0.002993302768584874,patient10_window16s_stride1s-epo,beta
3599,-0.0029455593398164323,patient10_window16s_stride1s-epo,beta
3600,-0.0028563394254085637,patient10_window16s_stride1s-epo,beta
3601,-0.0028327760701207776,patient10_window16s_stride1s-epo,beta
3602,-0.0026917247509795784,patient10_window16s_stride1s-epo,beta
3603,-0.002841208770260902,patient10_window16s_stride1s-epo,beta
3604,-0.0034107410624602415,patient10_window16s_stride1s-epo,beta
3605,-0.0042177437939663566,patient10_window16s_stride1s-epo,beta
3606,-0.004292957969359684,patient10_window16s_stride1s-epo,beta
3607,-0.004865410779976177,patient10_window16s_stride1s-epo,beta
3608,-0.004681334608160659,patient10_window16s_stride1s-epo,beta
3609,-0.0040110093852187235,patient10_window16s_stride1s-epo,beta
3610,-0.003320787495607025,patient10_window16s_stride1s-epo,beta
3611,-0.002263309297096875,patient10_window16s_stride1s-epo,beta
3612,-0.0019754203408815577,patient10_window16s_stride1s-epo,beta
3613,-0.001753936292005471,patient10_window16s_stride1s-epo,beta
3614,-0.002700399769795009,patient10_window16s_stride1s-epo,beta
3615,-0.002666755675056997,patient10_window16s_stride1s-epo,beta
3616,-0.0022363876408601135,patient10_window16s_stride1s-epo,beta
3617,-0.0013537453618135211,patient10_window16s_stride1s-epo,beta
3618,-0.0011557983283372588,patient10_window16s_stride1s-epo,beta
3619,-0.000865756877986687,patient10_window16s_stride1s-epo,beta
3620,-0.0006827725198363346,patient10_window16s_stride1s-epo,beta
3621,-0.0014697456909547536,patient10_window16s_stride1s-epo,beta
3622,-0.001394429666006955,patient10_window16s_stride1s-epo,beta
3623,-0.000726000256642022,patient10_window16s_stride1s-epo,beta
3624,0.0003426122023025887,patient10_window16s_stride1s-epo,beta
3625,-0.0010525745169321652,patient10_window16s_stride1s-epo,beta
3626,-0.0021562731848004117,patient10_window16s_stride1s-epo,beta
3627,-0.0024370988944408278,patient10_window16s_stride1s-epo,beta
3628,-0.0021546329393508155,patient10_window16s_stride1s-epo,beta
3629,-0.0014790260122620684,patient10_window16s_stride1s-epo,beta
3630,-0.001516756986995981,patient10_window16s_stride1s-epo,beta
3631,-0.001871614711553459,patient10_window16s_stride1s-epo,beta
3632,-0.0015534292341728847,patient10_window16s_stride1s-epo,beta
3633,-0.0010540842321183053,patient10_window16s_stride1s-epo,beta
3634,-0.0026662622012732368,patient10_window16s_stride1s-epo,beta
3635,-0.0012867646000471356,patient10_window16s_stride1s-epo,beta
3636,-0.002801896535439647,patient10_window16s_stride1s-epo,beta
3637,-0.002750912761343471,patient10_window16s_stride1s-epo,beta
3638,-0.003064305821037658,patient10_window16s_stride1s-epo,beta
3639,-0.004118700707331678,patient10_window16s_stride1s-epo,beta
3640,-0.004409245001126133,patient10_window16s_stride1s-epo,beta
3641,-0.0030597450262527595,patient10_window16s_stride1s-epo,beta
3642,-0.0036170456733068115,patient10_window16s_stride1s-epo,beta
3643,-0.002597056025821918,patient10_window16s_stride1s-epo,beta
3644,-0.00491124780829233,patient10_window16s_stride1s-epo,beta
3645,-0.0035423908489104804,patient10_window16s_stride1s-epo,beta
3646,-0.003476846307971547,patient10_window16s_stride1s-epo,beta
3647,-0.0042417579077930045,patient10_window16s_stride1s-epo,beta
3648,-0.0042115614002765445,patient10_window16s_stride1s-epo,beta
3649,-0.005185743701118421,patient10_window16s_stride1s-epo,beta
3650,-0.005271665009476655,patient10_window16s_stride1s-epo,beta
3651,-0.0060012716638241795,patient10_window16s_stride1s-epo,beta
3652,-0.006059966643394958,patient10_window16s_stride1s-epo,beta
3653,-0.005922169817395473,patient10_window16s_stride1s-epo,beta
3654,-0.003832532290975566,patient10_window16s_stride1s-epo,beta
3655,-0.0037929330014987886,patient10_window16s_stride1s-epo,beta
3656,-0.003031337604037579,patient10_window16s_stride1s-epo,beta
3657,-0.0028784239075701572,patient10_window16s_stride1s-epo,beta
3658,-0.002302616161451966,patient10_window16s_stride1s-epo,beta
3659,-0.0035672898237328527,patient10_window16s_stride1s-epo,beta
3660,-0.0031336675218195634,patient10_window16s_stride1s-epo,beta
3661,-0.0034349504932665188,patient10_window16s_stride1s-epo,beta
3662,-0.002938938773561493,patient10_window16s_stride1s-epo,beta
3663,-0.002746481581901836,patient10_window16s_stride1s-epo,beta
3664,-0.002450519404775035,patient10_window16s_stride1s-epo,beta
3665,-0.003238398365686528,patient10_window16s_stride1s-epo,beta
3666,-0.0014279694596039286,patient10_window16s_stride1s-epo,beta
3667,-0.0022871579339904117,patient10_window16s_stride1s-epo,beta
3668,-0.0019829499916472794,patient10_window16s_stride1s-epo,beta
3669,-0.0019520525110016116,patient10_window16s_stride1s-epo,beta
3670,-0.003347005512951568,patient10_window16s_stride1s-epo,beta
3671,-0.0020393325045878425,patient10_window16s_stride1s-epo,beta
3672,-0.0028474075874115423,patient10_window16s_stride1s-epo,beta
3673,-0.004012173768696718,patient10_window16s_stride1s-epo,beta
3674,-0.003144187434835375,patient10_window16s_stride1s-epo,beta
3675,-0.00283061815999189,patient10_window16s_stride1s-epo,beta
3676,-0.0030312242005875564,patient10_window16s_stride1s-epo,beta
3677,-0.0023620038676626025,patient10_window16s_stride1s-epo,beta
3678,-0.002268740919195763,patient10_window16s_stride1s-epo,beta
3679,-0.0030035296211961384,patient10_window16s_stride1s-epo,beta
3680,-0.0029231739817173964,patient10_window16s_stride1s-epo,beta
3681,-0.0033517973218882705,patient10_window16s_stride1s-epo,beta
3682,-0.003763316763662982,patient10_window16s_stride1s-epo,beta
3683,-0.00382672857525633,patient10_window16s_stride1s-epo,beta
3684,-0.005248677028040281,patient10_window16s_stride1s-epo,beta
3685,-0.0035458720697339676,patient10_window16s_stride1s-epo,beta
3686,-0.0025220907965866042,patient10_window16s_stride1s-epo,beta
3687,-0.003778405233204497,patient10_window16s_stride1s-epo,beta
3688,-0.004462585303304377,patient10_window16s_stride1s-epo,beta
3689,-0.0037898874315010897,patient10_window16s_stride1s-epo,beta
3690,-0.0034067134027933755,patient10_window16s_stride1s-epo,beta
3691,-0.0029501955465396114,patient10_window16s_stride1s-epo,beta
3692,-0.0034976202508684344,patient10_window16s_stride1s-epo,beta
3693,-0.004207962834018825,patient10_window16s_stride1s-epo,beta
3694,-0.0030190540813777172,patient10_window16s_stride1s-epo,beta
3695,-0.003076172522132107,patient10_window16s_stride1s-epo,beta
3696,-0.00314012909399664,patient10_window16s_stride1s-epo,beta
3697,-0.0022647027514888854,patient10_window16s_stride1s-epo,beta
3698,-0.002184341728254178,patient10_window16s_stride1s-epo,beta
3699,-0.0022694874902728568,patient10_window16s_stride1s-epo,beta
3700,-0.001134385379433058,patient10_window16s_stride1s-epo,beta
3701,-0.0025327961654299466,patient10_window16s_stride1s-epo,beta
3702,-0.002706000334677111,patient10_window16s_stride1s-epo,beta
3703,-0.002201395073626965,patient10_window16s_stride1s-epo,beta
3704,-0.003228525341602852,patient10_window16s_stride1s-epo,beta
3705,-0.0035233709575671983,patient10_window16s_stride1s-epo,beta
3706,-0.003307085132354903,patient10_window16s_stride1s-epo,beta
3707,-0.004101131350591046,patient10_window16s_stride1s-epo,beta
3708,-0.0031114652303524584,patient10_window16s_stride1s-epo,beta
3709,-0.0014198760637856472,patient10_window16s_stride1s-epo,beta
3710,-0.0019346044288365118,patient10_window16s_stride1s-epo,beta
3711,-0.002208520571604531,patient10_window16s_stride1s-epo,beta
3712,-0.003604963616750241,patient10_window16s_stride1s-epo,beta
3713,-0.003240128176660471,patient10_window16s_stride1s-epo,beta
3714,-0.003836372263940524,patient10_window16s_stride1s-epo,beta
3715,-0.0038343980233399057,patient10_window16s_stride1s-epo,beta
3716,-0.005071912744464715,patient10_window16s_stride1s-epo,beta
3717,-0.004718938615807155,patient10_window16s_stride1s-epo,beta
3718,-0.005478961133066454,patient10_window16s_stride1s-epo,beta
3719,-0.004992985947780863,patient10_window16s_stride1s-epo,beta
3720,-0.006311287936242839,patient10_window16s_stride1s-epo,beta
3721,-0.00579537279268559,patient10_window16s_stride1s-epo,beta
3722,-0.006531937727942766,patient10_window16s_stride1s-epo,beta
3723,-0.006562931377095232,patient10_window16s_stride1s-epo,beta
3724,-0.00645164953297186,patient10_window16s_stride1s-epo,beta
3725,-0.006676218677498392,patient10_window16s_stride1s-epo,beta
3726,-0.006273775134320368,patient10_window16s_stride1s-epo,beta
3727,-0.006477324915607265,patient10_window16s_stride1s-epo,beta
3728,-0.006228287950241149,patient10_window16s_stride1s-epo,beta
3729,-0.005414727472677076,patient10_window16s_stride1s-epo,beta
3730,-0.00509433084490218,patient10_window16s_stride1s-epo,beta
3731,-0.004886812263076953,patient10_window16s_stride1s-epo,beta
3732,-0.0038361022572975813,patient10_window16s_stride1s-epo,beta
3733,-0.0040721677098844306,patient10_window16s_stride1s-epo,beta
3734,-0.004754588550942577,patient10_window16s_stride1s-epo,beta
3735,-0.004395188728693814,patient10_window16s_stride1s-epo,beta
3736,-0.00431358539328427,patient10_window16s_stride1s-epo,beta
3737,-0.004380698801374442,patient10_window16s_stride1s-epo,beta
3738,-0.00401550910636871,patient10_window16s_stride1s-epo,beta
3739,-0.004330973927464987,patient10_window16s_stride1s-epo,beta
3740,-0.004429090851536062,patient10_window16s_stride1s-epo,beta
3741,-0.0018106250356528279,patient10_window16s_stride1s-epo,beta
3742,-0.0020949343031018137,patient10_window16s_stride1s-epo,beta
3743,-0.002084594192808296,patient10_window16s_stride1s-epo,beta
3744,-0.0024325082206750723,patient10_window16s_stride1s-epo,beta
3745,-0.00331903313301435,patient10_window16s_stride1s-epo,beta
3746,-0.003667760868331556,patient10_window16s_stride1s-epo,beta
3747,-0.0035744391579642064,patient10_window16s_stride1s-epo,beta
3748,-0.003915265325934302,patient10_window16s_stride1s-epo,beta
3749,-0.0046217231129309574,patient10_window16s_stride1s-epo,beta
3750,-0.004950520078118797,patient10_window16s_stride1s-epo,beta
3751,-0.0050697225533321046,patient10_window16s_stride1s-epo,beta
3752,-0.005760961105804515,patient10_window16s_stride1s-epo,beta
3753,-0.005513766704619059,patient10_window16s_stride1s-epo,beta
3754,-0.0057799496166460445,patient10_window16s_stride1s-epo,beta
3755,-0.0063028795646797526,patient10_window16s_stride1s-epo,beta
3756,-0.006495480983246273,patient10_window16s_stride1s-epo,beta
3757,-0.007209095480819482,patient10_window16s_stride1s-epo,beta
3758,-0.006604958328666876,patient10_window16s_stride1s-epo,beta
3759,-0.006246918752699406,patient10_window16s_stride1s-epo,beta
3760,-0.006204804962008313,patient10_window16s_stride1s-epo,beta
3761,-0.006422763624551481,patient10_window16s_stride1s-epo,beta
3762,-0.0050989092448433535,patient10_window16s_stride1s-epo,beta
3763,-0.0054693483180830215,patient10_window16s_stride1s-epo,beta
3764,-0.004830269418062023,patient10_window16s_stride1s-epo,beta
3765,-0.00549728334608215,patient10_window16s_stride1s-epo,beta
3766,-0.004805438274073488,patient10_window16s_stride1s-epo,beta
3767,-0.0042948157917310475,patient10_window16s_stride1s-epo,beta
3768,-0.004657096158699069,patient10_window16s_stride1s-epo,beta
3769,-0.004298591040474141,patient10_window16s_stride1s-epo,beta
3770,-0.005382715728661823,patient10_window16s_stride1s-epo,beta
3771,-0.00423020697377289,patient10_window16s_stride1s-epo,beta
3772,-0.00575258880004677,patient10_window16s_stride1s-epo,beta
3773,-0.00649193726470648,patient10_window16s_stride1s-epo,beta
3774,-0.006565769782465265,patient10_window16s_stride1s-epo,beta
3775,-0.007397838623664587,patient10_window16s_stride1s-epo,beta
3776,-0.0061497128309661005,patient10_window16s_stride1s-epo,beta
3777,-0.006232721791065526,patient10_window16s_stride1s-epo,beta
3778,-0.006883883742603473,patient10_window16s_stride1s-epo,beta
3779,-0.006426399454845645,patient10_window16s_stride1s-epo,beta
3780,-0.006279299881496398,patient10_window16s_stride1s-epo,beta
3781,-0.0054556490735861345,patient10_window16s_stride1s-epo,beta
3782,-0.0064949894691336985,patient10_window16s_stride1s-epo,beta
3783,-0.007108443923799047,patient10_window16s_stride1s-epo,beta
3784,-0.0061308529575927135,patient10_window16s_stride1s-epo,beta
3785,-0.006913037018654606,patient10_window16s_stride1s-epo,beta
3786,-0.006585157281320414,patient10_window16s_stride1s-epo,beta
3787,-0.006246630027763098,patient10_window16s_stride1s-epo,beta
3788,-0.006341849686314502,patient10_window16s_stride1s-epo,beta
3789,-0.005855701325050366,patient10_window16s_stride1s-epo,beta
3790,-0.006413235468449046,patient10_window16s_stride1s-epo,beta
3791,-0.006423653660603712,patient10_window16s_stride1s-epo,beta
3792,-0.0073336723602509535,patient10_window16s_stride1s-epo,beta
3793,-0.006254439397984827,patient10_window16s_stride1s-epo,beta
3794,-0.007716394881855319,patient10_window16s_stride1s-epo,beta
3795,-0.00651800873648137,patient10_window16s_stride1s-epo,beta
3796,-0.004991009710327316,patient10_window16s_stride1s-epo,beta
3797,-0.004609311899256488,patient10_window16s_stride1s-epo,beta
3798,-0.0033282457654858805,patient10_window16s_stride1s-epo,beta
3799,-0.0026254966300133273,patient10_window16s_stride1s-epo,beta
3800,-0.002458427039399307,patient10_window16s_stride1s-epo,beta
3801,-0.0033679411229795334,patient10_window16s_stride1s-epo,beta
3802,-0.004230049573818686,patient10_window16s_stride1s-epo,beta
3803,-0.004643223135443289,patient10_window16s_stride1s-epo,beta
3804,-0.004787167099878226,patient10_window16s_stride1s-epo,beta
3805,-0.003870002581114791,patient10_window16s_stride1s-epo,beta
3806,-0.003040565654182061,patient10_window16s_stride1s-epo,beta
3807,-0.00333045550657588,patient10_window16s_stride1s-epo,beta
3808,-0.0037111904042772433,patient10_window16s_stride1s-epo,beta
3809,-0.004664322900758901,patient10_window16s_stride1s-epo,beta
3810,-0.004304660159499314,patient10_window16s_stride1s-epo,beta
3811,-0.004405912214876598,patient10_window16s_stride1s-epo,beta
3812,-0.0050810121913113,patient10_window16s_stride1s-epo,beta
3813,-0.005265887622688776,patient10_window16s_stride1s-epo,beta
3814,-0.005188098933676656,patient10_window16s_stride1s-epo,beta
3815,-0.005799113398733949,patient10_window16s_stride1s-epo,beta
3816,-0.005844225205186658,patient10_window16s_stride1s-epo,beta
3817,-0.00536977525522277,patient10_window16s_stride1s-epo,beta
3818,-0.004207224827519603,patient10_window16s_stride1s-epo,beta
3819,-0.0038859709116323567,patient10_window16s_stride1s-epo,beta
3820,-0.00418704858523302,patient10_window16s_stride1s-epo,beta
3821,-0.004098104905640449,patient10_window16s_stride1s-epo,beta
3822,-0.0031518385739813816,patient10_window16s_stride1s-epo,beta
3823,-0.003279357359582193,patient10_window16s_stride1s-epo,beta
3824,-0.0035408378318631728,patient10_window16s_stride1s-epo,beta
3825,-0.004187291911709276,patient10_window16s_stride1s-epo,beta
3826,-0.0037465421306071022,patient10_window16s_stride1s-epo,beta
3827,-0.003049741660449047,patient10_window16s_stride1s-epo,beta
3828,-0.0031161219044114888,patient10_window16s_stride1s-epo,beta
3829,-0.002497548482491175,patient10_window16s_stride1s-epo,beta
3830,-0.0031110227196682856,patient10_window16s_stride1s-epo,beta
3831,-0.002073809536705718,patient10_window16s_stride1s-epo,beta
3832,-0.0027304591119516925,patient10_window16s_stride1s-epo,beta
3833,-0.0018578427608656669,patient10_window16s_stride1s-epo,beta
3834,-0.002581588013613398,patient10_window16s_stride1s-epo,beta
3835,-0.0027810355533959084,patient10_window16s_stride1s-epo,beta
3836,-0.0031557457081332996,patient10_window16s_stride1s-epo,beta
3837,-0.0031548971686093255,patient10_window16s_stride1s-epo,beta
3838,-0.002760025900625495,patient10_window16s_stride1s-epo,beta
3839,-0.0035037064937218417,patient10_window16s_stride1s-epo,beta
3840,-0.0034056392090683753,patient10_window16s_stride1s-epo,beta
3841,-0.0037266960615966868,patient10_window16s_stride1s-epo,beta
3842,-0.004128622835916645,patient10_window16s_stride1s-epo,beta
3843,-0.005359743871870801,patient10_window16s_stride1s-epo,beta
3844,-0.005044039376518971,patient10_window16s_stride1s-epo,beta
3845,-0.005593834588705866,patient10_window16s_stride1s-epo,beta
3846,-0.004327641883022393,patient10_window16s_stride1s-epo,beta
3847,-0.005569463050483569,patient10_window16s_stride1s-epo,beta
3848,-0.005909676461775356,patient10_window16s_stride1s-epo,beta
3849,-0.005024680201201443,patient10_window16s_stride1s-epo,beta
3850,-0.005887327285092822,patient10_window16s_stride1s-epo,beta
3851,-0.006683462620860736,patient10_window16s_stride1s-epo,beta
3852,-0.007581561147469494,patient10_window16s_stride1s-epo,beta
3853,-0.006931244835555292,patient10_window16s_stride1s-epo,beta
3854,-0.007136740292722369,patient10_window16s_stride1s-epo,beta
3855,-0.00703080829537977,patient10_window16s_stride1s-epo,beta
3856,-0.0064296872001560505,patient10_window16s_stride1s-epo,beta
3857,-0.0061534511757227826,patient10_window16s_stride1s-epo,beta
3858,-0.004876104885433457,patient10_window16s_stride1s-epo,beta
3859,-0.004784845736408506,patient10_window16s_stride1s-epo,beta
3860,-0.00461901840208856,patient10_window16s_stride1s-epo,beta
3861,-0.004964693186957073,patient10_window16s_stride1s-epo,beta
3862,-0.0055068710821851545,patient10_window16s_stride1s-epo,beta
3863,-0.00479274642568456,patient10_window16s_stride1s-epo,beta
3864,-0.0037605511017387515,patient10_window16s_stride1s-epo,beta
3865,-0.004397852037290818,patient10_window16s_stride1s-epo,beta
3866,-0.0034358568891406436,patient10_window16s_stride1s-epo,beta
3867,-0.0032932702115824808,patient10_window16s_stride1s-epo,beta
3868,-0.002539362141984589,patient10_window16s_stride1s-epo,beta
3869,-0.002667949267141768,patient10_window16s_stride1s-epo,beta
3870,-0.002099094647687543,patient10_window16s_stride1s-epo,beta
3871,-0.0031397971947187005,patient10_window16s_stride1s-epo,beta
3872,-0.00254691828896418,patient10_window16s_stride1s-epo,beta
3873,-0.00345231198134924,patient10_window16s_stride1s-epo,beta
3874,-0.002819125046150605,patient10_window16s_stride1s-epo,beta
3875,-0.003498898072170024,patient10_window16s_stride1s-epo,beta
3876,-0.0035568711145667438,patient10_window16s_stride1s-epo,beta
3877,-0.0031392573026754658,patient10_window16s_stride1s-epo,beta
3878,-0.003648143703777761,patient10_window16s_stride1s-epo,beta
3879,-0.0043412071104622085,patient10_window16s_stride1s-epo,beta
3880,-0.0041799079474425125,patient10_window16s_stride1s-epo,beta
3881,-0.003918237679971826,patient10_window16s_stride1s-epo,beta
3882,-0.0038496988617357434,patient10_window16s_stride1s-epo,beta
3883,-0.0031953669130441696,patient10_window16s_stride1s-epo,beta
3884,-0.002322231996558248,patient10_window16s_stride1s-epo,beta
3885,-0.0022671837477270577,patient10_window16s_stride1s-epo,beta
3886,-0.002099382568246991,patient10_window16s_stride1s-epo,beta
3887,-0.0034185531622182375,patient10_window16s_stride1s-epo,beta
3888,-0.003807679998762933,patient10_window16s_stride1s-epo,beta
3889,-0.004462902439924297,patient10_window16s_stride1s-epo,beta
3890,-0.005227924156558305,patient10_window16s_stride1s-epo,beta
3891,-0.005067483682415409,patient10_window16s_stride1s-epo,beta
3892,-0.004081790989219789,patient10_window16s_stride1s-epo,beta
3893,-0.003510343259513407,patient10_window16s_stride1s-epo,beta
3894,-0.0040810422846015194,patient10_window16s_stride1s-epo,beta
3895,-0.0044170996681587036,patient10_window16s_stride1s-epo,beta
3896,-0.0037001512645053287,patient10_window16s_stride1s-epo,beta
3897,-0.003906276002880262,patient10_window16s_stride1s-epo,beta
3898,-0.0033528304276695584,patient10_window16s_stride1s-epo,beta
3899,-0.0030059748257689864,patient10_window16s_stride1s-epo,beta
3900,-0.004573949785902654,patient10_window16s_stride1s-epo,beta
3901,-0.00404426507726517,patient10_window16s_stride1s-epo,beta
3902,-0.0041613825853097815,patient10_window16s_stride1s-epo,beta
3903,-0.004319006285986464,patient10_window16s_stride1s-epo,beta
3904,-0.00395284333957624,patient10_window16s_stride1s-epo,beta
3905,-0.0029622791364016013,patient10_window16s_stride1s-epo,beta
3906,-0.0026302209860547534,patient10_window16s_stride1s-epo,beta
3907,-0.0019946179464313198,patient10_window16s_stride1s-epo,beta
3908,-0.002543808609126773,patient10_window16s_stride1s-epo,beta
3909,-0.003072113816820994,patient10_window16s_stride1s-epo,beta
3910,-0.0036044488890484604,patient10_window16s_stride1s-epo,beta
3911,-0.003731054781809206,patient10_window16s_stride1s-epo,beta
3912,-0.0043455459255137534,patient10_window16s_stride1s-epo,beta
3913,-0.00525741621587279,patient10_window16s_stride1s-epo,beta
3914,-0.005564598394949789,patient10_window16s_stride1s-epo,beta
3915,-0.005530496088844391,patient10_window16s_stride1s-epo,beta
3916,-0.005188688264346632,patient10_window16s_stride1s-epo,beta
3917,-0.006575796437547416,patient10_window16s_stride1s-epo,beta
3918,-0.006796142332477976,patient10_window16s_stride1s-epo,beta
3919,-0.005906245565193743,patient10_window16s_stride1s-epo,beta
3920,-0.0058731949586081035,patient10_window16s_stride1s-epo,beta
3921,-0.005387966842538954,patient10_window16s_stride1s-epo,beta
3922,-0.005236197463363319,patient10_window16s_stride1s-epo,beta
3923,-0.004807357767795628,patient10_window16s_stride1s-epo,beta
3924,-0.003964810468667824,patient10_window16s_stride1s-epo,beta
3925,-0.004298955181862918,patient10_window16s_stride1s-epo,beta
3926,-0.004317192254151807,patient10_window16s_stride1s-epo,beta
3927,-0.0026438069840839496,patient10_window16s_stride1s-epo,beta
3928,-0.004110681437661904,patient10_window16s_stride1s-epo,beta
3929,-0.003036284035587559,patient10_window16s_stride1s-epo,beta
3930,-0.0023067985009704393,patient10_window16s_stride1s-epo,beta
3931,-0.002709508223288527,patient10_window16s_stride1s-epo,beta
3932,-0.00386148602102913,patient10_window16s_stride1s-epo,beta
3933,-0.003167057743418309,patient10_window16s_stride1s-epo,beta
3934,-0.0031499407251910565,patient10_window16s_stride1s-epo,beta
3935,-0.004103686896732365,patient10_window16s_stride1s-epo,beta
3936,-0.003477563662756361,patient10_window16s_stride1s-epo,beta
3937,-0.003249599302054869,patient10_window16s_stride1s-epo,beta
3938,-0.0037025669299764674,patient10_window16s_stride1s-epo,beta
3939,-0.004638925324265388,patient10_window16s_stride1s-epo,beta
3940,-0.004939775539557547,patient10_window16s_stride1s-epo,beta
3941,-0.005032803506797416,patient10_window16s_stride1s-epo,beta
3942,-0.0042157660975052835,patient10_window16s_stride1s-epo,beta
3943,-0.004637426137382428,patient10_window16s_stride1s-epo,beta
3944,-0.003369354911594663,patient10_window16s_stride1s-epo,beta
3945,-0.003971742813870695,patient10_window16s_stride1s-epo,beta
3946,-0.004537514461904693,patient10_window16s_stride1s-epo,beta
3947,-0.003904335625328188,patient10_window16s_stride1s-epo,beta
3948,-0.0038125199798387886,patient10_window16s_stride1s-epo,beta
3949,-0.0033097564354461206,patient10_window16s_stride1s-epo,beta
3950,-0.004723504828877389,patient10_window16s_stride1s-epo,beta
3951,-0.00418959024829788,patient10_window16s_stride1s-epo,beta
3952,-0.003065606841026355,patient10_window16s_stride1s-epo,beta
3953,-0.0033612353945897395,patient10_window16s_stride1s-epo,beta
3954,-0.005016482393313563,patient10_window16s_stride1s-epo,beta
3955,-0.00567806454426208,patient10_window16s_stride1s-epo,beta
3956,-0.0051171808356823495,patient10_window16s_stride1s-epo,beta
3957,-0.004863676887062562,patient10_window16s_stride1s-epo,beta
3958,-0.005557466340914511,patient10_window16s_stride1s-epo,beta
3959,-0.005629421605716549,patient10_window16s_stride1s-epo,beta
3960,-0.006106594196272778,patient10_window16s_stride1s-epo,beta
3961,-0.006702508380333126,patient10_window16s_stride1s-epo,beta
3962,-0.007497114405934744,patient10_window16s_stride1s-epo,beta
3963,-0.007007438179493998,patient10_window16s_stride1s-epo,beta
3964,-0.006533606833185494,patient10_window16s_stride1s-epo,beta
3965,-0.007588059655885853,patient10_window16s_stride1s-epo,beta
3966,-0.006252683011670041,patient10_window16s_stride1s-epo,beta
3967,-0.007392004873757586,patient10_window16s_stride1s-epo,beta
3968,-0.006563360888150539,patient10_window16s_stride1s-epo,beta
3969,-0.006388631553883671,patient10_window16s_stride1s-epo,beta
3970,-0.005383128049760733,patient10_window16s_stride1s-epo,beta
3971,-0.005649127450293675,patient10_window16s_stride1s-epo,beta
3972,-0.005721118908199907,patient10_window16s_stride1s-epo,beta
3973,-0.004387657675705771,patient10_window16s_stride1s-epo,beta
3974,-0.004719773024337904,patient10_window16s_stride1s-epo,beta
3975,-0.003708858046286131,patient10_window16s_stride1s-epo,beta
3976,-0.003561409847279243,patient10_window16s_stride1s-epo,beta
3977,-0.003074953377453654,patient10_window16s_stride1s-epo,beta
3978,-0.0034147430176343935,patient10_window16s_stride1s-epo,beta
3979,-0.003101970879904306,patient10_window16s_stride1s-epo,beta
3980,-0.003916436767384298,patient10_window16s_stride1s-epo,beta
3981,-0.00272271480529226,patient10_window16s_stride1s-epo,beta
3982,-0.002277537793625659,patient10_window16s_stride1s-epo,beta
3983,-0.0024130367981876925,patient10_window16s_stride1s-epo,beta
3984,-0.0021751954802030848,patient10_window16s_stride1s-epo,beta
3985,-0.002369215577020892,patient10_window16s_stride1s-epo,beta
3986,-0.002933581268691811,patient10_window16s_stride1s-epo,beta
3987,-0.003275183099110898,patient10_window16s_stride1s-epo,beta
3988,-0.0030312932438025593,patient10_window16s_stride1s-epo,beta
3989,-0.003690515709088902,patient10_window16s_stride1s-epo,beta
3990,-0.00480956538887802,patient10_window16s_stride1s-epo,beta
3991,-0.004353453082574167,patient10_window16s_stride1s-epo,beta
3992,-0.004768033681761194,patient10_window16s_stride1s-epo,beta
3993,-0.005497227181408981,patient10_window16s_stride1s-epo,beta
3994,-0.004674642051302637,patient10_window16s_stride1s-epo,beta
3995,-0.004503831160188236,patient10_window16s_stride1s-epo,beta
3996,-0.004774348373434273,patient10_window16s_stride1s-epo,beta
3997,-0.004903899656696685,patient10_window16s_stride1s-epo,beta
3998,-0.0041907739307778845,patient10_window16s_stride1s-epo,beta
3999,-0.0049543975940971536,patient10_window16s_stride1s-epo,beta
4000,-0.004355513157319851,patient10_window16s_stride1s-epo,beta
4001,-0.0051465918372553075,patient10_window16s_stride1s-epo,beta
4002,-0.00489751446574063,patient10_window16s_stride1s-epo,beta
4003,-0.004228705410103456,patient10_window16s_stride1s-epo,beta
4004,-0.0036920177346422296,patient10_window16s_stride1s-epo,beta
4005,-0.003643906484962182,patient10_window16s_stride1s-epo,beta
4006,-0.0041632541065686314,patient10_window16s_stride1s-epo,beta
4007,-0.003596513734056656,patient10_window16s_stride1s-epo,beta
4008,-0.002708897492528998,patient10_window16s_stride1s-epo,beta
4009,-0.002513378185524654,patient10_window16s_stride1s-epo,beta
4010,-0.0016920807679208154,patient10_window16s_stride1s-epo,beta
4011,-0.001803089336419248,patient10_window16s_stride1s-epo,beta
4012,-0.0017982833740724754,patient10_window16s_stride1s-epo,beta
4013,-0.0011529568287692187,patient10_window16s_stride1s-epo,beta
4014,-0.0025226626998697994,patient10_window16s_stride1s-epo,beta
4015,-0.001736968001745022,patient10_window16s_stride1s-epo,beta
4016,-0.001447444363492038,patient10_window16s_stride1s-epo,beta
4017,-0.0015116723522845296,patient10_window16s_stride1s-epo,beta
4018,-0.001124906539342814,patient10_window16s_stride1s-epo,beta
4019,-0.001989413362207461,patient10_window16s_stride1s-epo,beta
4020,-0.001582509952411348,patient10_window16s_stride1s-epo,beta
4021,-0.0029941221300662513,patient10_window16s_stride1s-epo,beta
4022,-0.0017907350404504539,patient10_window16s_stride1s-epo,beta
4023,-0.0019365579095118562,patient10_window16s_stride1s-epo,beta
4024,-0.0024651708064885825,patient10_window16s_stride1s-epo,beta
4025,-0.0018848632680247795,patient10_window16s_stride1s-epo,beta
4026,-0.003287223143635636,patient10_window16s_stride1s-epo,beta
4027,-0.003039583675346092,patient10_window16s_stride1s-epo,beta
4028,-0.0033179015241883523,patient10_window16s_stride1s-epo,beta
4029,-0.005250560711160369,patient10_window16s_stride1s-epo,beta
4030,-0.004219413827983779,patient10_window16s_stride1s-epo,beta
4031,-0.003785780913208349,patient10_window16s_stride1s-epo,beta
4032,-0.004768068131390972,patient10_window16s_stride1s-epo,beta
4033,-0.004439140027353629,patient10_window16s_stride1s-epo,beta
4034,-0.0037941993569982593,patient10_window16s_stride1s-epo,beta
4035,-0.004311582909112915,patient10_window16s_stride1s-epo,beta
4036,-0.00425568433512755,patient10_window16s_stride1s-epo,beta
4037,-0.0032451993656045907,patient10_window16s_stride1s-epo,beta
4038,-0.003700565038105054,patient10_window16s_stride1s-epo,beta
4039,-0.004242406438071382,patient10_window16s_stride1s-epo,beta
4040,-0.003472813562074577,patient10_window16s_stride1s-epo,beta
4041,-0.0036908573649310763,patient10_window16s_stride1s-epo,beta
4042,-0.003506397336067683,patient10_window16s_stride1s-epo,beta
4043,-0.0032379696690782735,patient10_window16s_stride1s-epo,beta
4044,-0.003336489885810968,patient10_window16s_stride1s-epo,beta
4045,-0.0030737343146260395,patient10_window16s_stride1s-epo,beta
4046,-0.0033578525052116188,patient10_window16s_stride1s-epo,beta
4047,-0.004882818660395253,patient10_window16s_stride1s-epo,beta
4048,-0.005539904616097584,patient10_window16s_stride1s-epo,beta
4049,-0.005245040479089388,patient10_window16s_stride1s-epo,beta
4050,-0.004529408297776597,patient10_window16s_stride1s-epo,beta
4051,-0.006154657688145175,patient10_window16s_stride1s-epo,beta
4052,-0.00561001971533743,patient10_window16s_stride1s-epo,beta
4053,-0.005614971670676968,patient10_window16s_stride1s-epo,beta
4054,-0.005234039978425215,patient10_window16s_stride1s-epo,beta
4055,-0.00492375085351061,patient10_window16s_stride1s-epo,beta
4056,-0.005920970708350009,patient10_window16s_stride1s-epo,beta
4057,-0.004968125085653815,patient10_window16s_stride1s-epo,beta
4058,-0.0062557609543258865,patient10_window16s_stride1s-epo,beta
4059,-0.005736210268117609,patient10_window16s_stride1s-epo,beta
4060,-0.005667073777499705,patient10_window16s_stride1s-epo,beta
4061,-0.004611786819418567,patient10_window16s_stride1s-epo,beta
4062,-0.003625187743334603,patient10_window16s_stride1s-epo,beta
4063,-0.0033044330209421723,patient10_window16s_stride1s-epo,beta
4064,-0.004480038157812545,patient10_window16s_stride1s-epo,beta
4065,-0.004141139787512978,patient10_window16s_stride1s-epo,beta
4066,-0.00515361188847857,patient10_window16s_stride1s-epo,beta
4067,-0.005280226821017005,patient10_window16s_stride1s-epo,beta
4068,-0.005850998970264823,patient10_window16s_stride1s-epo,beta
4069,-0.0053580994392973145,patient10_window16s_stride1s-epo,beta
4070,-0.004363667552862801,patient10_window16s_stride1s-epo,beta
4071,-0.004469128291341139,patient10_window16s_stride1s-epo,beta
4072,-0.004141827161448933,patient10_window16s_stride1s-epo,beta
4073,-0.0044057786726007155,patient10_window16s_stride1s-epo,beta
4074,-0.0036600362960241975,patient10_window16s_stride1s-epo,beta
4075,-0.0034313023924167733,patient10_window16s_stride1s-epo,beta
4076,-0.004060357635641861,patient10_window16s_stride1s-epo,beta
4077,-0.00408551353167125,patient10_window16s_stride1s-epo,beta
4078,-0.004603166062079583,patient10_window16s_stride1s-epo,beta
4079,-0.00536249757457114,patient10_window16s_stride1s-epo,beta
4080,-0.003467083346377931,patient10_window16s_stride1s-epo,beta
4081,-0.003763405112859395,patient10_window16s_stride1s-epo,beta
4082,-0.003174839935457756,patient10_window16s_stride1s-epo,beta
4083,-0.0028680260771072703,patient10_window16s_stride1s-epo,beta
4084,-0.0012503651786448325,patient10_window16s_stride1s-epo,beta
4085,-0.0021323627066811403,patient10_window16s_stride1s-epo,beta
4086,-0.0010014839321641276,patient10_window16s_stride1s-epo,beta
4087,-0.0006906834212822287,patient10_window16s_stride1s-epo,beta
4088,-0.0015235353939191123,patient10_window16s_stride1s-epo,beta
4089,-0.002036689095525304,patient10_window16s_stride1s-epo,beta
4090,-0.002185098101856333,patient10_window16s_stride1s-epo,beta
4091,-0.0015308973984264568,patient10_window16s_stride1s-epo,beta
4092,-0.001313385241347083,patient10_window16s_stride1s-epo,beta
4093,-0.0014048229940550776,patient10_window16s_stride1s-epo,beta
4094,-0.0011917188181127792,patient10_window16s_stride1s-epo,beta
4095,-0.0017632332659216587,patient10_window16s_stride1s-epo,beta
4096,-0.0009747429479355762,patient10_window16s_stride1s-epo,beta
4097,-0.0012063702838084637,patient10_window16s_stride1s-epo,beta
4098,-0.001770679136074803,patient10_window16s_stride1s-epo,beta
4099,-0.002695409324982375,patient10_window16s_stride1s-epo,beta
4100,-0.0034327940326548153,patient10_window16s_stride1s-epo,beta
4101,-0.00427159731050807,patient10_window16s_stride1s-epo,beta
4102,-0.004423085128435761,patient10_window16s_stride1s-epo,beta
4103,-0.0050149166009830545,patient10_window16s_stride1s-epo,beta
4104,-0.005188429355307567,patient10_window16s_stride1s-epo,beta
4105,-0.004144879349043787,patient10_window16s_stride1s-epo,beta
4106,-0.0035356002435392585,patient10_window16s_stride1s-epo,beta
4107,-0.003258331394438781,patient10_window16s_stride1s-epo,beta
4108,-0.002984119239356379,patient10_window16s_stride1s-epo,beta
4109,-0.004722038321169444,patient10_window16s_stride1s-epo,beta
4110,-0.0034298875457408648,patient10_window16s_stride1s-epo,beta
4111,-0.004550340769374643,patient10_window16s_stride1s-epo,beta
4112,-0.0037462021645072426,patient10_window16s_stride1s-epo,beta
4113,-0.004019067932812136,patient10_window16s_stride1s-epo,beta
4114,-0.004076995042841586,patient10_window16s_stride1s-epo,beta
4115,-0.0038659860961690567,patient10_window16s_stride1s-epo,beta
4116,-0.00334664794846688,patient10_window16s_stride1s-epo,beta
4117,-0.0020750120518782337,patient10_window16s_stride1s-epo,beta
4118,-0.003497305215622262,patient10_window16s_stride1s-epo,beta
4119,-0.003558062434129781,patient10_window16s_stride1s-epo,beta
4120,-0.003850920197423701,patient10_window16s_stride1s-epo,beta
4121,-0.0034201767810040696,patient10_window16s_stride1s-epo,beta
4122,-0.0039789851323786965,patient10_window16s_stride1s-epo,beta
4123,-0.0031557985083447812,patient10_window16s_stride1s-epo,beta
4124,-0.002526789916915564,patient10_window16s_stride1s-epo,beta
4125,-0.0023834480984151547,patient10_window16s_stride1s-epo,beta
4126,-0.002615017532229891,patient10_window16s_stride1s-epo,beta
4127,-0.0023809138332280544,patient10_window16s_stride1s-epo,beta
4128,-0.0023773939946015506,patient10_window16s_stride1s-epo,beta
4129,-0.002525961580477183,patient10_window16s_stride1s-epo,beta
4130,-0.0027669881113773637,patient10_window16s_stride1s-epo,beta
4131,-0.0024971184266541825,patient10_window16s_stride1s-epo,beta
4132,-0.0032147597522659125,patient10_window16s_stride1s-epo,beta
4133,-0.0036983766606732723,patient10_window16s_stride1s-epo,beta
4134,-0.002298246698163082,patient10_window16s_stride1s-epo,beta
4135,-0.002491921043467036,patient10_window16s_stride1s-epo,beta
4136,-0.002900783789636161,patient10_window16s_stride1s-epo,beta
4137,-0.003697528606872919,patient10_window16s_stride1s-epo,beta
4138,-0.002440964496525628,patient10_window16s_stride1s-epo,beta
4139,-0.003092636539180746,patient10_window16s_stride1s-epo,beta
4140,-0.003455427334479746,patient10_window16s_stride1s-epo,beta
4141,-0.002878411031220127,patient10_window16s_stride1s-epo,beta
4142,-0.0036507244237236882,patient10_window16s_stride1s-epo,beta
4143,-0.002594441671181325,patient10_window16s_stride1s-epo,beta
4144,-0.004612155414494924,patient10_window16s_stride1s-epo,beta
4145,-0.003252338399399562,patient10_window16s_stride1s-epo,beta
4146,-0.002700350974427407,patient10_window16s_stride1s-epo,beta
4147,-0.0025812565743627233,patient10_window16s_stride1s-epo,beta
4148,-0.0035257606036618733,patient10_window16s_stride1s-epo,beta
4149,-0.004363932238201837,patient10_window16s_stride1s-epo,beta
4150,-0.00444381469743579,patient10_window16s_stride1s-epo,beta
4151,-0.003979223884113698,patient10_window16s_stride1s-epo,beta
4152,-0.004685254068597011,patient10_window16s_stride1s-epo,beta
4153,-0.004535383232154266,patient10_window16s_stride1s-epo,beta
4154,-0.004889350482365924,patient10_window16s_stride1s-epo,beta
4155,-0.005050201892094149,patient10_window16s_stride1s-epo,beta
4156,-0.004157471414611128,patient10_window16s_stride1s-epo,beta
4157,-0.0040947280673427604,patient10_window16s_stride1s-epo,beta
4158,-0.004396638521659737,patient10_window16s_stride1s-epo,beta
4159,-0.004630169715243096,patient10_window16s_stride1s-epo,beta
4160,-0.004770732555083268,patient10_window16s_stride1s-epo,beta
4161,-0.005595339233097785,patient10_window16s_stride1s-epo,beta
4162,-0.005462307591970099,patient10_window16s_stride1s-epo,beta
4163,-0.0051189292690903224,patient10_window16s_stride1s-epo,beta
4164,-0.004215781200753178,patient10_window16s_stride1s-epo,beta
4165,-0.005219638569175316,patient10_window16s_stride1s-epo,beta
4166,-0.003937480430505217,patient10_window16s_stride1s-epo,beta
4167,-0.005549781332279789,patient10_window16s_stride1s-epo,beta
4168,-0.004310964248544412,patient10_window16s_stride1s-epo,beta
4169,-0.00351420485518016,patient10_window16s_stride1s-epo,beta
4170,-0.002859703312199517,patient10_window16s_stride1s-epo,beta
4171,-0.003327913207659779,patient10_window16s_stride1s-epo,beta
4172,-0.0032644605523751567,patient10_window16s_stride1s-epo,beta
4173,-0.0033671000752940774,patient10_window16s_stride1s-epo,beta
4174,-0.0031583203180572113,patient10_window16s_stride1s-epo,beta
4175,-0.002850360220980283,patient10_window16s_stride1s-epo,beta
4176,-0.0027309055252039563,patient10_window16s_stride1s-epo,beta
4177,-0.004169249865283786,patient10_window16s_stride1s-epo,beta
4178,-0.004214589861272356,patient10_window16s_stride1s-epo,beta
4179,-0.004249727659363265,patient10_window16s_stride1s-epo,beta
4180,-0.004057787609186194,patient10_window16s_stride1s-epo,beta
4181,-0.0031627521651833206,patient10_window16s_stride1s-epo,beta
4182,-0.0028130029248940127,patient10_window16s_stride1s-epo,beta
4183,-0.003172942633076596,patient10_window16s_stride1s-epo,beta
4184,-0.0031522687557519625,patient10_window16s_stride1s-epo,beta
4185,-0.003656527336716329,patient10_window16s_stride1s-epo,beta
4186,-0.003970632956685518,patient10_window16s_stride1s-epo,beta
4187,-0.004162418562831209,patient10_window16s_stride1s-epo,beta
4188,-0.00417769650945357,patient10_window16s_stride1s-epo,beta
4189,-0.003368280599632159,patient10_window16s_stride1s-epo,beta
4190,-0.0034979497881154342,patient10_window16s_stride1s-epo,beta
4191,-0.0016341583837103468,patient10_window16s_stride1s-epo,beta
4192,-0.0027895078470373215,patient10_window16s_stride1s-epo,beta
4193,-0.002907182428512812,patient10_window16s_stride1s-epo,beta
4194,-0.0020465136147564383,patient10_window16s_stride1s-epo,beta
4195,-0.0028173782383733867,patient10_window16s_stride1s-epo,beta
4196,-0.003103477409451463,patient10_window16s_stride1s-epo,beta
4197,-0.0029179438206930804,patient10_window16s_stride1s-epo,beta
4198,-0.003172511587895999,patient10_window16s_stride1s-epo,beta
4199,-0.0032765802131261334,patient10_window16s_stride1s-epo,beta
4200,-0.0054395483527033,patient10_window16s_stride1s-epo,beta
4201,-0.0050143102431379726,patient10_window16s_stride1s-epo,beta
4202,-0.004382429102463145,patient10_window16s_stride1s-epo,beta
4203,-0.0035825368879344854,patient10_window16s_stride1s-epo,beta
4204,-0.003759418603142811,patient10_window16s_stride1s-epo,beta
4205,-0.0033734160968299405,patient10_window16s_stride1s-epo,beta
4206,-0.002663373497972496,patient10_window16s_stride1s-epo,beta
4207,-0.0038670748926878354,patient10_window16s_stride1s-epo,beta
4208,-0.0026991768141378467,patient10_window16s_stride1s-epo,beta
4209,-0.0020748055903345684,patient10_window16s_stride1s-epo,beta
4210,-0.0015645810338500079,patient10_window16s_stride1s-epo,beta
4211,-0.002685460564645587,patient10_window16s_stride1s-epo,beta
4212,-0.002593473276429379,patient10_window16s_stride1s-epo,beta
4213,-0.0029716473865511565,patient10_window16s_stride1s-epo,beta
4214,-0.0030112839626317937,patient10_window16s_stride1s-epo,beta
4215,-0.0028692724281766916,patient10_window16s_stride1s-epo,beta
4216,-0.0023617175425573174,patient10_window16s_stride1s-epo,beta
4217,-0.0019342878478258937,patient10_window16s_stride1s-epo,beta
4218,-0.003126056463585267,patient10_window16s_stride1s-epo,beta
4219,-0.004330838646225665,patient10_window16s_stride1s-epo,beta
4220,-0.00416782629003015,patient10_window16s_stride1s-epo,beta
4221,-0.004222929662352658,patient10_window16s_stride1s-epo,beta
4222,-0.005000863611035912,patient10_window16s_stride1s-epo,beta
4223,-0.0047136431839221934,patient10_window16s_stride1s-epo,beta
4224,-0.004806733277946341,patient10_window16s_stride1s-epo,beta
4225,-0.004601983063965243,patient10_window16s_stride1s-epo,beta
4226,-0.005188647516739102,patient10_window16s_stride1s-epo,beta
4227,-0.004631946292308096,patient10_window16s_stride1s-epo,beta
4228,-0.0036868044236926774,patient10_window16s_stride1s-epo,beta
4229,-0.003656963039159197,patient10_window16s_stride1s-epo,beta
4230,-0.004222230792859397,patient10_window16s_stride1s-epo,beta
4231,-0.0034915314174662946,patient10_window16s_stride1s-epo,beta
4232,-0.005038251745438323,patient10_window16s_stride1s-epo,beta
4233,-0.004121220102282068,patient10_window16s_stride1s-epo,beta
4234,-0.0044447859012883804,patient10_window16s_stride1s-epo,beta
4235,-0.0035135546349526242,patient10_window16s_stride1s-epo,beta
4236,-0.00260009072948618,patient10_window16s_stride1s-epo,beta
4237,-0.002909409317058636,patient10_window16s_stride1s-epo,beta
4238,-0.002825596170367112,patient10_window16s_stride1s-epo,beta
4239,-0.004370916715285416,patient10_window16s_stride1s-epo,beta
4240,-0.004658510354025998,patient10_window16s_stride1s-epo,beta
4241,-0.0049378607926046526,patient10_window16s_stride1s-epo,beta
4242,-0.0046464721249257135,patient10_window16s_stride1s-epo,beta
4243,-0.004315582513215584,patient10_window16s_stride1s-epo,beta
4244,-0.004039606946104438,patient10_window16s_stride1s-epo,beta
4245,-0.004844823228258367,patient10_window16s_stride1s-epo,beta
4246,-0.005202801685329524,patient10_window16s_stride1s-epo,beta
4247,-0.005068860974328861,patient10_window16s_stride1s-epo,beta
4248,-0.00478069476032472,patient10_window16s_stride1s-epo,beta
4249,-0.004899021379462475,patient10_window16s_stride1s-epo,beta
4250,-0.005752444863515022,patient10_window16s_stride1s-epo,beta
4251,-0.005279705942404376,patient10_window16s_stride1s-epo,beta
4252,-0.006056232057569485,patient10_window16s_stride1s-epo,beta
4253,-0.005202467736849462,patient10_window16s_stride1s-epo,beta
4254,-0.004376150045698832,patient10_window16s_stride1s-epo,beta
4255,-0.0036769966839097596,patient10_window16s_stride1s-epo,beta
4256,-0.003783410252025734,patient10_window16s_stride1s-epo,beta
4257,-0.003441897549753972,patient10_window16s_stride1s-epo,beta
4258,-0.0029300843607475663,patient10_window16s_stride1s-epo,beta
4259,-0.002649201349842488,patient10_window16s_stride1s-epo,beta
4260,-0.002175466960718022,patient10_window16s_stride1s-epo,beta
4261,-0.0024812395377616574,patient10_window16s_stride1s-epo,beta
4262,-0.002329648582671847,patient10_window16s_stride1s-epo,beta
4263,-0.0029721458307131717,patient10_window16s_stride1s-epo,beta
4264,-0.0026000818841950403,patient10_window16s_stride1s-epo,beta
4265,-0.003006310886114978,patient10_window16s_stride1s-epo,beta
4266,-0.0037812254791208103,patient10_window16s_stride1s-epo,beta
4267,-0.003665388788852074,patient10_window16s_stride1s-epo,beta
4268,-0.0033203779160577663,patient10_window16s_stride1s-epo,beta
4269,-0.00345697554377402,patient10_window16s_stride1s-epo,beta
4270,-0.004471600935482956,patient10_window16s_stride1s-epo,beta
4271,-0.005324410921849603,patient10_window16s_stride1s-epo,beta
4272,-0.004610045468702543,patient10_window16s_stride1s-epo,beta
4273,-0.004807323856287498,patient10_window16s_stride1s-epo,beta
4274,-0.004598082015611345,patient10_window16s_stride1s-epo,beta
4275,-0.004879494204355127,patient10_window16s_stride1s-epo,beta
4276,-0.007066637000831749,patient10_window16s_stride1s-epo,beta
4277,-0.007093857161341025,patient10_window16s_stride1s-epo,beta
4278,-0.007247103129737507,patient10_window16s_stride1s-epo,beta
4279,-0.005782371218366495,patient10_window16s_stride1s-epo,beta
4280,-0.005011311232639555,patient10_window16s_stride1s-epo,beta
4281,-0.004298464409290016,patient10_window16s_stride1s-epo,beta
4282,-0.005324930984257622,patient10_window16s_stride1s-epo,beta
4283,-0.004755466427673513,patient10_window16s_stride1s-epo,beta
4284,-0.0054969890125267165,patient10_window16s_stride1s-epo,beta
4285,-0.005679914575118679,patient10_window16s_stride1s-epo,beta
4286,-0.003958754412801298,patient10_window16s_stride1s-epo,beta
4287,-0.005119397020315322,patient10_window16s_stride1s-epo,beta
4288,-0.005380831500798622,patient10_window16s_stride1s-epo,beta
4289,-0.006123086569678099,patient10_window16s_stride1s-epo,beta
4290,-0.005687458416484462,patient10_window16s_stride1s-epo,beta
4291,-0.005977877628923047,patient10_window16s_stride1s-epo,beta
4292,-0.00563653531437479,patient10_window16s_stride1s-epo,beta
4293,-0.004727530537208701,patient10_window16s_stride1s-epo,beta
4294,-0.003948237318228207,patient10_window16s_stride1s-epo,beta
4295,-0.003994839102481123,patient10_window16s_stride1s-epo,beta
4296,-0.004344370827211516,patient10_window16s_stride1s-epo,beta
4297,-0.004600699174575416,patient10_window16s_stride1s-epo,beta
4298,-0.002840883582216326,patient10_window16s_stride1s-epo,beta
4299,-0.004013508653168034,patient10_window16s_stride1s-epo,beta
4300,-0.004068139007866848,patient10_window16s_stride1s-epo,beta
4301,-0.005019101367356531,patient10_window16s_stride1s-epo,beta
4302,-0.0036546453975988174,patient10_window16s_stride1s-epo,beta
4303,-0.004046245150894239,patient10_window16s_stride1s-epo,beta
4304,-0.004410103600700104,patient10_window16s_stride1s-epo,beta
4305,-0.0037950315117508244,patient10_window16s_stride1s-epo,beta
4306,-0.004107493832748007,patient10_window16s_stride1s-epo,beta
4307,-0.0035830849088436816,patient10_window16s_stride1s-epo,beta
4308,-0.002498504882557878,patient10_window16s_stride1s-epo,beta
4309,-0.0029682837986064192,patient10_window16s_stride1s-epo,beta
4310,-0.0023360166333306824,patient10_window16s_stride1s-epo,beta
4311,-0.0044318154440515034,patient10_window16s_stride1s-epo,beta
4312,-0.004058169466577876,patient10_window16s_stride1s-epo,beta
4313,-0.005346978440067033,patient10_window16s_stride1s-epo,beta
4314,-0.005331642368622337,patient10_window16s_stride1s-epo,beta
4315,-0.005680073951278048,patient10_window16s_stride1s-epo,beta
4316,-0.0055799085466167525,patient10_window16s_stride1s-epo,beta
4317,-0.004223797729658935,patient10_window16s_stride1s-epo,beta
4318,-0.0034394101488852014,patient10_window16s_stride1s-epo,beta
4319,-0.004210546945220118,patient10_window16s_stride1s-epo,beta
4320,-0.003850808309388756,patient10_window16s_stride1s-epo,beta
4321,-0.0053503019840564665,patient10_window16s_stride1s-epo,beta
4322,-0.0046578999191816415,patient10_window16s_stride1s-epo,beta
4323,-0.00491600633080445,patient10_window16s_stride1s-epo,beta
4324,-0.005425691555198629,patient10_window16s_stride1s-epo,beta
4325,-0.004818528946040039,patient10_window16s_stride1s-epo,beta
4326,-0.004730578327447394,patient10_window16s_stride1s-epo,beta
4327,-0.005980649883424137,patient10_window16s_stride1s-epo,beta
4328,-0.00569216130837114,patient10_window16s_stride1s-epo,beta
4329,-0.005303949438255674,patient10_window16s_stride1s-epo,beta
4330,-0.00486791454567406,patient10_window16s_stride1s-epo,beta
4331,-0.0039059997469975375,patient10_window16s_stride1s-epo,beta
4332,-0.003826269427609524,patient10_window16s_stride1s-epo,beta
4333,-0.00504171192557308,patient10_window16s_stride1s-epo,beta
4334,-0.005645023350850627,patient10_window16s_stride1s-epo,beta
4335,-0.0052873246786039555,patient10_window16s_stride1s-epo,beta
4336,-0.004196675305472127,patient10_window16s_stride1s-epo,beta
4337,-0.004028782025001994,patient10_window16s_stride1s-epo,beta
4338,-0.004216727423834052,patient10_window16s_stride1s-epo,beta
4339,-0.0029150480677408268,patient10_window16s_stride1s-epo,beta
4340,-0.0024750146844054865,patient10_window16s_stride1s-epo,beta
4341,-0.0033111796383432086,patient10_window16s_stride1s-epo,beta
4342,-0.003047377932579148,patient10_window16s_stride1s-epo,beta
4343,-0.0007774820513629085,patient10_window16s_stride1s-epo,beta
4344,-0.0009976944748885165,patient10_window16s_stride1s-epo,beta
4345,-0.002213006479560577,patient10_window16s_stride1s-epo,beta
4346,-0.0013515839569615377,patient10_window16s_stride1s-epo,beta
4347,-0.0016990878245294635,patient10_window16s_stride1s-epo,beta
4348,-0.0010838316768423083,patient10_window16s_stride1s-epo,beta
4349,-0.0018499448238606523,patient10_window16s_stride1s-epo,beta
4350,-0.0004163367394879512,patient10_window16s_stride1s-epo,beta
4351,-0.0014031081848078413,patient10_window16s_stride1s-epo,beta
4352,-0.0019109834059045947,patient10_window16s_stride1s-epo,beta
4353,-0.001545551567106479,patient10_window16s_stride1s-epo,beta
4354,-0.0026008760979313035,patient10_window16s_stride1s-epo,beta
4355,-0.0027507557786366345,patient10_window16s_stride1s-epo,beta
4356,-0.0034397007271079424,patient10_window16s_stride1s-epo,beta
4357,-0.004340684419896483,patient10_window16s_stride1s-epo,beta
4358,-0.0038250326475979873,patient10_window16s_stride1s-epo,beta
4359,-0.004060438438394606,patient10_window16s_stride1s-epo,beta
4360,-0.00462277478950091,patient10_window16s_stride1s-epo,beta
4361,-0.00395757554121907,patient10_window16s_stride1s-epo,beta
4362,-0.004561077215143195,patient10_window16s_stride1s-epo,beta
4363,-0.0034920686307011806,patient10_window16s_stride1s-epo,beta
4364,-0.003913148578468291,patient10_window16s_stride1s-epo,beta
4365,-0.00453700805976656,patient10_window16s_stride1s-epo,beta
4366,-0.00407679531510949,patient10_window16s_stride1s-epo,beta
4367,-0.004506337912768369,patient10_window16s_stride1s-epo,beta
4368,-0.004909559728794786,patient10_window16s_stride1s-epo,beta
4369,-0.004361683079702766,patient10_window16s_stride1s-epo,beta
4370,-0.004526420289977015,patient10_window16s_stride1s-epo,beta
4371,-0.0043795746544699225,patient10_window16s_stride1s-epo,beta
4372,-0.004352217018668497,patient10_window16s_stride1s-epo,beta
4373,-0.004081861103148994,patient10_window16s_stride1s-epo,beta
4374,-0.004299613891592879,patient10_window16s_stride1s-epo,beta
4375,-0.0031908086379623946,patient10_window16s_stride1s-epo,beta
4376,-0.0034223133914927876,patient10_window16s_stride1s-epo,beta
4377,-0.0024028799259185434,patient10_window16s_stride1s-epo,beta
4378,-0.002439026437628996,patient10_window16s_stride1s-epo,beta
4379,-0.003370641172765683,patient10_window16s_stride1s-epo,beta
4380,-0.0029585393500126964,patient10_window16s_stride1s-epo,beta
4381,-0.0022809930056628697,patient10_window16s_stride1s-epo,beta
4382,-0.0024052318434955528,patient10_window16s_stride1s-epo,beta
4383,-0.0023839148248366265,patient10_window16s_stride1s-epo,beta
4384,-0.0009692775720587717,patient10_window16s_stride1s-epo,beta
4385,-0.002137847501471059,patient10_window16s_stride1s-epo,beta
4386,-0.0020320638326464437,patient10_window16s_stride1s-epo,beta
4387,-0.0030743116099829376,patient10_window16s_stride1s-epo,beta
4388,-0.0037668895806477753,patient10_window16s_stride1s-epo,beta
4389,-0.004079565968922666,patient10_window16s_stride1s-epo,beta
4390,-0.003977386577154643,patient10_window16s_stride1s-epo,beta
4391,-0.0043994317695096406,patient10_window16s_stride1s-epo,beta
4392,-0.00427144098059096,patient10_window16s_stride1s-epo,beta
4393,-0.004257096357144222,patient10_window16s_stride1s-epo,beta
4394,-0.003500181468804373,patient10_window16s_stride1s-epo,beta
4395,-0.004473758148113816,patient10_window16s_stride1s-epo,beta
4396,-0.0040110800339211656,patient10_window16s_stride1s-epo,beta
4397,-0.0036647835273325795,patient10_window16s_stride1s-epo,beta
4398,-0.004349284840587086,patient10_window16s_stride1s-epo,beta
4399,-0.004166496389111972,patient10_window16s_stride1s-epo,beta
4400,-0.0048504446221399305,patient10_window16s_stride1s-epo,beta
4401,-0.005008432787636825,patient10_window16s_stride1s-epo,beta
4402,-0.005508296584501268,patient10_window16s_stride1s-epo,beta
4403,-0.005130530356599647,patient10_window16s_stride1s-epo,beta
4404,-0.0049158091508932624,patient10_window16s_stride1s-epo,beta
4405,-0.004852878902230899,patient10_window16s_stride1s-epo,beta
4406,-0.00448925295806351,patient10_window16s_stride1s-epo,beta
4407,-0.0036799859609307223,patient10_window16s_stride1s-epo,beta
4408,-0.0038754260308678703,patient10_window16s_stride1s-epo,beta
4409,-0.004267013706156439,patient10_window16s_stride1s-epo,beta
4410,-0.004832537149090405,patient10_window16s_stride1s-epo,beta
4411,-0.004391262804545731,patient10_window16s_stride1s-epo,beta
4412,-0.004757540709248861,patient10_window16s_stride1s-epo,beta
4413,-0.005191409790241847,patient10_window16s_stride1s-epo,beta
4414,-0.0052546558121073965,patient10_window16s_stride1s-epo,beta
4415,-0.005597075340198691,patient10_window16s_stride1s-epo,beta
4416,-0.004317950110423104,patient10_window16s_stride1s-epo,beta
4417,-0.004211772851784585,patient10_window16s_stride1s-epo,beta
4418,-0.004214896889478774,patient10_window16s_stride1s-epo,beta
4419,-0.005268569498672864,patient10_window16s_stride1s-epo,beta
4420,-0.0041361167236151405,patient10_window16s_stride1s-epo,beta
4421,-0.0032078152444183364,patient10_window16s_stride1s-epo,beta
4422,-0.003679271422234894,patient10_window16s_stride1s-epo,beta
4423,-0.0034081238312990195,patient10_window16s_stride1s-epo,beta
4424,-0.003361947090021847,patient10_window16s_stride1s-epo,beta
4425,-0.00315121555804023,patient10_window16s_stride1s-epo,beta
4426,-0.00355482379659233,patient10_window16s_stride1s-epo,beta
4427,-0.0031720239451438876,patient10_window16s_stride1s-epo,beta
4428,-0.0039994095298656555,patient10_window16s_stride1s-epo,beta
4429,-0.002620339622595422,patient10_window16s_stride1s-epo,beta
4430,-0.0030243138400620775,patient10_window16s_stride1s-epo,beta
4431,-0.0031931041984920795,patient10_window16s_stride1s-epo,beta
4432,-0.0032126734410874826,patient10_window16s_stride1s-epo,beta
4433,-0.0026791391742908167,patient10_window16s_stride1s-epo,beta
4434,-0.0028094718422392805,patient10_window16s_stride1s-epo,beta
4435,-0.0035919730182632542,patient10_window16s_stride1s-epo,beta
4436,-0.003857046223774024,patient10_window16s_stride1s-epo,beta
4437,-0.003816306399569672,patient10_window16s_stride1s-epo,beta
4438,-0.0035047468951908793,patient10_window16s_stride1s-epo,beta
4439,-0.003691975111191524,patient10_window16s_stride1s-epo,beta
4440,-0.0028269380466282865,patient10_window16s_stride1s-epo,beta
4441,-0.002369374605524684,patient10_window16s_stride1s-epo,beta
4442,-0.0021944873040783625,patient10_window16s_stride1s-epo,beta
4443,-0.00157763424867848,patient10_window16s_stride1s-epo,beta
4444,-0.002548398222829403,patient10_window16s_stride1s-epo,beta
4445,-0.002695414681214391,patient10_window16s_stride1s-epo,beta
4446,-0.0034618185553085485,patient10_window16s_stride1s-epo,beta
4447,-0.0025599558456114338,patient10_window16s_stride1s-epo,beta
4448,-0.004417691704898474,patient10_window16s_stride1s-epo,beta
4449,-0.004421391968855531,patient10_window16s_stride1s-epo,beta
4450,-0.003825012327634352,patient10_window16s_stride1s-epo,beta
4451,-0.0028215374034486046,patient10_window16s_stride1s-epo,beta
4452,-0.0031108026253905225,patient10_window16s_stride1s-epo,beta
4453,-0.002986324783492841,patient10_window16s_stride1s-epo,beta
4454,-0.00217748030619606,patient10_window16s_stride1s-epo,beta
4455,-0.0036539090158982817,patient10_window16s_stride1s-epo,beta
4456,-0.003518230830708275,patient10_window16s_stride1s-epo,beta
4457,-0.0031046146881995645,patient10_window16s_stride1s-epo,beta
4458,-0.00289316527344518,patient10_window16s_stride1s-epo,beta
4459,-0.0029652637623013966,patient10_window16s_stride1s-epo,beta
4460,-0.003436308009137718,patient10_window16s_stride1s-epo,beta
4461,-0.002671315045222646,patient10_window16s_stride1s-epo,beta
4462,-0.002907783592356463,patient10_window16s_stride1s-epo,beta
4463,-0.002132833846701055,patient10_window16s_stride1s-epo,beta
4464,-0.0015973414104215541,patient10_window16s_stride1s-epo,beta
4465,-0.0006270773608749571,patient10_window16s_stride1s-epo,beta
4466,-0.0007579976770685632,patient10_window16s_stride1s-epo,beta
4467,-0.0005872345096012435,patient10_window16s_stride1s-epo,beta
4468,-0.0012825953987347194,patient10_window16s_stride1s-epo,beta
4469,-0.0020678187403209906,patient10_window16s_stride1s-epo,beta
4470,-0.0033561913621480777,patient10_window16s_stride1s-epo,beta
4471,-0.0026652479070111675,patient10_window16s_stride1s-epo,beta
4472,-0.002792253932479296,patient10_window16s_stride1s-epo,beta
4473,-0.003802372605495372,patient10_window16s_stride1s-epo,beta
4474,-0.004274028077668086,patient10_window16s_stride1s-epo,beta
4475,-0.00408136479300952,patient10_window16s_stride1s-epo,beta
4476,-0.004354343728193664,patient10_window16s_stride1s-epo,beta
4477,-0.004339695848125532,patient10_window16s_stride1s-epo,beta
4478,-0.004215292316142244,patient10_window16s_stride1s-epo,beta
4479,-0.004771215731388826,patient10_window16s_stride1s-epo,beta
4480,-0.004722947013552718,patient10_window16s_stride1s-epo,beta
4481,-0.005023190221837149,patient10_window16s_stride1s-epo,beta
4482,-0.004996675904076406,patient10_window16s_stride1s-epo,beta
4483,-0.006056368334697935,patient10_window16s_stride1s-epo,beta
4484,-0.006134058459421458,patient10_window16s_stride1s-epo,beta
4485,-0.006167011963190726,patient10_window16s_stride1s-epo,beta
4486,-0.005828276994830079,patient10_window16s_stride1s-epo,beta
4487,-0.005583104420134132,patient10_window16s_stride1s-epo,beta
4488,-0.006006088110379909,patient10_window16s_stride1s-epo,beta
4489,-0.005180401675358473,patient10_window16s_stride1s-epo,beta
4490,-0.005373276261819607,patient10_window16s_stride1s-epo,beta
4491,-0.004354180924692253,patient10_window16s_stride1s-epo,beta
4492,-0.004741935767292479,patient10_window16s_stride1s-epo,beta
4493,-0.005003084206988085,patient10_window16s_stride1s-epo,beta
4494,-0.005901313068226192,patient10_window16s_stride1s-epo,beta
4495,-0.005441071663119645,patient10_window16s_stride1s-epo,beta
4496,-0.004959122954648981,patient10_window16s_stride1s-epo,beta
4497,-0.00608621346048208,patient10_window16s_stride1s-epo,beta
4498,-0.005310207696417681,patient10_window16s_stride1s-epo,beta
4499,-0.0045246678558064956,patient10_window16s_stride1s-epo,beta
4500,-0.004475270808414086,patient10_window16s_stride1s-epo,beta
4501,-0.003945691972732583,patient10_window16s_stride1s-epo,beta
4502,-0.003592384120831473,patient10_window16s_stride1s-epo,beta
4503,-0.002892412156408274,patient10_window16s_stride1s-epo,beta
4504,-0.0027211216224182796,patient10_window16s_stride1s-epo,beta
4505,-0.003147978841355228,patient10_window16s_stride1s-epo,beta
4506,-0.0022232728573886567,patient10_window16s_stride1s-epo,beta
4507,-0.002430023859447403,patient10_window16s_stride1s-epo,beta
4508,-0.0036733665622281316,patient10_window16s_stride1s-epo,beta
4509,-0.0023359286622507457,patient10_window16s_stride1s-epo,beta
4510,-0.003349223450997171,patient10_window16s_stride1s-epo,beta
4511,-0.003748106142478716,patient10_window16s_stride1s-epo,beta
4512,-0.003123711699852796,patient10_window16s_stride1s-epo,beta
4513,-0.0027086901915234925,patient10_window16s_stride1s-epo,beta
4514,-0.0029878853382552155,patient10_window16s_stride1s-epo,beta
4515,-0.0033342932726821753,patient10_window16s_stride1s-epo,beta
4516,-0.003353641785874929,patient10_window16s_stride1s-epo,beta
4517,-0.003993810283212388,patient10_window16s_stride1s-epo,beta
4518,-0.005044883904266068,patient10_window16s_stride1s-epo,beta
4519,-0.004913621837780796,patient10_window16s_stride1s-epo,beta
4520,-0.005500000374676746,patient10_window16s_stride1s-epo,beta
4521,-0.005183657835774846,patient10_window16s_stride1s-epo,beta
4522,-0.005590065297024327,patient10_window16s_stride1s-epo,beta
4523,-0.00571498555615772,patient10_window16s_stride1s-epo,beta
4524,-0.005281821956409563,patient10_window16s_stride1s-epo,beta
4525,-0.005222800396455184,patient10_window16s_stride1s-epo,beta
4526,-0.0045950060364314494,patient10_window16s_stride1s-epo,beta
4527,-0.003813536546745714,patient10_window16s_stride1s-epo,beta
4528,-0.004547787903380704,patient10_window16s_stride1s-epo,beta
4529,-0.00367245854897916,patient10_window16s_stride1s-epo,beta
4530,-0.003754434118109686,patient10_window16s_stride1s-epo,beta
4531,-0.005026909282847535,patient10_window16s_stride1s-epo,beta
4532,-0.004543316523173137,patient10_window16s_stride1s-epo,beta
4533,-0.004700197084011331,patient10_window16s_stride1s-epo,beta
4534,-0.0045408926537602624,patient10_window16s_stride1s-epo,beta
4535,-0.00515772470858795,patient10_window16s_stride1s-epo,beta
4536,-0.0041024188578087,patient10_window16s_stride1s-epo,beta
4537,-0.0061827713730951885,patient10_window16s_stride1s-epo,beta
4538,-0.00514573664803158,patient10_window16s_stride1s-epo,beta
4539,-0.0053233905632382415,patient10_window16s_stride1s-epo,beta
4540,-0.004225157812140319,patient10_window16s_stride1s-epo,beta
4541,-0.00446934443781948,patient10_window16s_stride1s-epo,beta
4542,-0.004214403585739758,patient10_window16s_stride1s-epo,beta
4543,-0.004270274658893657,patient10_window16s_stride1s-epo,beta
4544,-0.004261657011630172,patient10_window16s_stride1s-epo,beta
4545,-0.004397937411089333,patient10_window16s_stride1s-epo,beta
4546,-0.0050036825556346275,patient10_window16s_stride1s-epo,beta
4547,-0.0042315738866731106,patient10_window16s_stride1s-epo,beta
4548,-0.004305079889110617,patient10_window16s_stride1s-epo,beta
4549,-0.0036727719130897484,patient10_window16s_stride1s-epo,beta
4550,-0.003233384336847401,patient10_window16s_stride1s-epo,beta
4551,-0.0034729319687881797,patient10_window16s_stride1s-epo,beta
4552,-0.0037938204011251997,patient10_window16s_stride1s-epo,beta
4553,-0.004300190770077492,patient10_window16s_stride1s-epo,beta
4554,-0.003267809670327721,patient10_window16s_stride1s-epo,beta
4555,-0.0027642844455983383,patient10_window16s_stride1s-epo,beta
4556,-0.003372338333798329,patient10_window16s_stride1s-epo,beta
4557,-0.003228105482390503,patient10_window16s_stride1s-epo,beta
4558,-0.004028158928044902,patient10_window16s_stride1s-epo,beta
4559,-0.003894357842143547,patient10_window16s_stride1s-epo,beta
4560,-0.003886171680422605,patient10_window16s_stride1s-epo,beta
4561,-0.004950751909724046,patient10_window16s_stride1s-epo,beta
4562,-0.0037206529958571533,patient10_window16s_stride1s-epo,beta
4563,-0.003967075585810245,patient10_window16s_stride1s-epo,beta
4564,-0.0047038549703397655,patient10_window16s_stride1s-epo,beta
4565,-0.005124419351258991,patient10_window16s_stride1s-epo,beta
4566,-0.003279739472257602,patient10_window16s_stride1s-epo,beta
4567,-0.004394788287881751,patient10_window16s_stride1s-epo,beta
4568,-0.004053843381883355,patient10_window16s_stride1s-epo,beta
4569,-0.004854025238327989,patient10_window16s_stride1s-epo,beta
4570,-0.004270414380363653,patient10_window16s_stride1s-epo,beta
4571,-0.004630998754897232,patient10_window16s_stride1s-epo,beta
4572,-0.004728669503572223,patient10_window16s_stride1s-epo,beta
4573,-0.0027710897667558294,patient10_window16s_stride1s-epo,beta
4574,-0.003916588194281507,patient10_window16s_stride1s-epo,beta
4575,-0.00370879281024557,patient10_window16s_stride1s-epo,beta
4576,-0.0036962380852908253,patient10_window16s_stride1s-epo,beta
4577,-0.0028080216225285573,patient10_window16s_stride1s-epo,beta
4578,-0.004142173402821131,patient10_window16s_stride1s-epo,beta
4579,-0.003216181231139619,patient10_window16s_stride1s-epo,beta
4580,-0.0038456016228082613,patient10_window16s_stride1s-epo,beta
4581,-0.0037518645853690407,patient10_window16s_stride1s-epo,beta
4582,-0.004239688000233568,patient10_window16s_stride1s-epo,beta
4583,-0.004473082448616176,patient10_window16s_stride1s-epo,beta
4584,-0.004353085728924476,patient10_window16s_stride1s-epo,beta
4585,-0.0040408157682660555,patient10_window16s_stride1s-epo,beta
4586,-0.0045196800215445065,patient10_window16s_stride1s-epo,beta
4587,-0.006015480896662213,patient10_window16s_stride1s-epo,beta
4588,-0.005733404636224948,patient10_window16s_stride1s-epo,beta
4589,-0.007028174202842358,patient10_window16s_stride1s-epo,beta
4590,-0.006976970993557285,patient10_window16s_stride1s-epo,beta
4591,-0.007438859681364177,patient10_window16s_stride1s-epo,beta
4592,-0.006817898755645082,patient10_window16s_stride1s-epo,beta
4593,-0.005306196650551982,patient10_window16s_stride1s-epo,beta
4594,-0.003953431142804261,patient10_window16s_stride1s-epo,beta
4595,-0.00505604219827156,patient10_window16s_stride1s-epo,beta
4596,-0.006352004320582776,patient10_window16s_stride1s-epo,beta
4597,-0.006043035583311992,patient10_window16s_stride1s-epo,beta
4598,-0.006002886158978629,patient10_window16s_stride1s-epo,beta
4599,-0.006213834308542744,patient10_window16s_stride1s-epo,beta
4600,-0.006138695804774111,patient10_window16s_stride1s-epo,beta
4601,-0.005910025795993635,patient10_window16s_stride1s-epo,beta
4602,-0.00645155963349951,patient10_window16s_stride1s-epo,beta
4603,-0.005300447209561353,patient10_window16s_stride1s-epo,beta
4604,-0.005407240767914699,patient10_window16s_stride1s-epo,beta
4605,-0.0028352676990903453,patient10_window16s_stride1s-epo,beta
4606,-0.004138063690159387,patient10_window16s_stride1s-epo,beta
4607,-0.003439606781587694,patient10_window16s_stride1s-epo,beta
4608,-0.0047919090911916935,patient10_window16s_stride1s-epo,beta
4609,-0.004544826157668145,patient10_window16s_stride1s-epo,beta
4610,-0.004164942024302882,patient10_window16s_stride1s-epo,beta
4611,-0.004397637132487411,patient10_window16s_stride1s-epo,beta
4612,-0.003960341790875558,patient10_window16s_stride1s-epo,beta
4613,-0.004131091428643542,patient10_window16s_stride1s-epo,beta
4614,-0.004414048759634058,patient10_window16s_stride1s-epo,beta
4615,-0.004384208579606289,patient10_window16s_stride1s-epo,beta
4616,-0.005532620816516783,patient10_window16s_stride1s-epo,beta
4617,-0.0052132150582042125,patient10_window16s_stride1s-epo,beta
4618,-0.005389890541777391,patient10_window16s_stride1s-epo,beta
4619,-0.00559378180338645,patient10_window16s_stride1s-epo,beta
4620,-0.005550484071801255,patient10_window16s_stride1s-epo,beta
4621,-0.005185177558275448,patient10_window16s_stride1s-epo,beta
4622,-0.004741753716176905,patient10_window16s_stride1s-epo,beta
4623,-0.003538621524189984,patient10_window16s_stride1s-epo,beta
4624,-0.004172079503234023,patient10_window16s_stride1s-epo,beta
4625,-0.0047553843979414034,patient10_window16s_stride1s-epo,beta
4626,-0.004457391838009415,patient10_window16s_stride1s-epo,beta
4627,-0.004248825311461034,patient10_window16s_stride1s-epo,beta
4628,-0.0027526437777173054,patient10_window16s_stride1s-epo,beta
4629,-0.0038274252814341045,patient10_window16s_stride1s-epo,beta
4630,-0.0025938418550087725,patient10_window16s_stride1s-epo,beta
4631,-0.0022463802292358986,patient10_window16s_stride1s-epo,beta
4632,-0.0010660555730008202,patient10_window16s_stride1s-epo,beta
4633,-0.0018909397340454283,patient10_window16s_stride1s-epo,beta
4634,-0.000913674121319036,patient10_window16s_stride1s-epo,beta
4635,-0.001468893266994506,patient10_window16s_stride1s-epo,beta
4636,-0.0006061902932289322,patient10_window16s_stride1s-epo,beta
4637,-0.0016186651343033521,patient10_window16s_stride1s-epo,beta
4638,-0.002170437616360398,patient10_window16s_stride1s-epo,beta
4639,-0.002892630773875619,patient10_window16s_stride1s-epo,beta
4640,-0.002767535053018153,patient10_window16s_stride1s-epo,beta
4641,-0.002590689331005711,patient10_window16s_stride1s-epo,beta
4642,-0.002196456813414158,patient10_window16s_stride1s-epo,beta
4643,-0.0014598139702747435,patient10_window16s_stride1s-epo,beta
4644,-0.001321328464275007,patient10_window16s_stride1s-epo,beta
4645,-0.002253263567539272,patient10_window16s_stride1s-epo,beta
4646,-0.0032802076649246525,patient10_window16s_stride1s-epo,beta
4647,-0.002377522603259356,patient10_window16s_stride1s-epo,beta
4648,-0.002029927460120277,patient10_window16s_stride1s-epo,beta
4649,-0.0021653675467067954,patient10_window16s_stride1s-epo,beta
4650,-0.0027317477672307603,patient10_window16s_stride1s-epo,beta
4651,-0.0021032645281548732,patient10_window16s_stride1s-epo,beta
4652,-0.002121100230497907,patient10_window16s_stride1s-epo,beta
4653,-0.0015676991649625086,patient10_window16s_stride1s-epo,beta
4654,-0.0010670534293460666,patient10_window16s_stride1s-epo,beta
4655,-0.0007410807603175387,patient10_window16s_stride1s-epo,beta
4656,-0.0014518757186308363,patient10_window16s_stride1s-epo,beta
4657,-0.0014982465831985194,patient10_window16s_stride1s-epo,beta
4658,-0.0021945907356133447,patient10_window16s_stride1s-epo,beta
4659,-0.002540040662443764,patient10_window16s_stride1s-epo,beta
4660,-0.0028291801028900395,patient10_window16s_stride1s-epo,beta
4661,-0.002427616423427475,patient10_window16s_stride1s-epo,beta
4662,-0.0034339769397664457,patient10_window16s_stride1s-epo,beta
4663,-0.0026687183011785717,patient10_window16s_stride1s-epo,beta
4664,-0.0029275233798556764,patient10_window16s_stride1s-epo,beta
4665,-0.002328855995971907,patient10_window16s_stride1s-epo,beta
4666,-0.00246265167515164,patient10_window16s_stride1s-epo,beta
4667,-0.0025750990205677415,patient10_window16s_stride1s-epo,beta
4668,-0.00222253448258443,patient10_window16s_stride1s-epo,beta
4669,-0.003305171088791445,patient10_window16s_stride1s-epo,beta
4670,-0.002689171461777992,patient10_window16s_stride1s-epo,beta
4671,-0.002152618057410478,patient10_window16s_stride1s-epo,beta
4672,-0.002377930203907325,patient10_window16s_stride1s-epo,beta
4673,-0.0027485752761322903,patient10_window16s_stride1s-epo,beta
4674,-0.0016851111927967516,patient10_window16s_stride1s-epo,beta
4675,-0.0019218164402042682,patient10_window16s_stride1s-epo,beta
4676,-0.00187184625708068,patient10_window16s_stride1s-epo,beta
4677,-0.0021075433733452314,patient10_window16s_stride1s-epo,beta
4678,-0.0017697187696699764,patient10_window16s_stride1s-epo,beta
4679,-0.0021131308440874887,patient10_window16s_stride1s-epo,beta
4680,-0.0023783585915477645,patient10_window16s_stride1s-epo,beta
4681,-0.003310125736334947,patient10_window16s_stride1s-epo,beta
4682,-0.00204291808565012,patient10_window16s_stride1s-epo,beta
4683,-0.0019025126960833965,patient10_window16s_stride1s-epo,beta
4684,-0.0018445477531410504,patient10_window16s_stride1s-epo,beta
4685,-0.002542379348106586,patient10_window16s_stride1s-epo,beta
4686,-0.00232874578794021,patient10_window16s_stride1s-epo,beta
4687,-0.0034824260690708903,patient10_window16s_stride1s-epo,beta
4688,-0.002595479260158749,patient10_window16s_stride1s-epo,beta
4689,-0.002841454374262284,patient10_window16s_stride1s-epo,beta
4690,-0.0034199925655627817,patient10_window16s_stride1s-epo,beta
4691,-0.0030633401486986245,patient10_window16s_stride1s-epo,beta
4692,-0.003779886215104237,patient10_window16s_stride1s-epo,beta
4693,-0.003518183250390756,patient10_window16s_stride1s-epo,beta
4694,-0.003424548025853685,patient10_window16s_stride1s-epo,beta
4695,-0.0033856571370144565,patient10_window16s_stride1s-epo,beta
4696,-0.0030505615459393465,patient10_window16s_stride1s-epo,beta
4697,-0.0035851994127842376,patient10_window16s_stride1s-epo,beta
4698,-0.0036517182262226495,patient10_window16s_stride1s-epo,beta
4699,-0.003859064345481447,patient10_window16s_stride1s-epo,beta
4700,-0.003876564818476721,patient10_window16s_stride1s-epo,beta
4701,-0.004488535843175664,patient10_window16s_stride1s-epo,beta
4702,-0.003986206791403163,patient10_window16s_stride1s-epo,beta
4703,-0.0038308812959164827,patient10_window16s_stride1s-epo,beta
4704,-0.0037754451180888157,patient10_window16s_stride1s-epo,beta
4705,-0.004648179575500156,patient10_window16s_stride1s-epo,beta
4706,-0.0035076133275999065,patient10_window16s_stride1s-epo,beta
4707,-0.003192838170608323,patient10_window16s_stride1s-epo,beta
4708,-0.0023833630402766218,patient10_window16s_stride1s-epo,beta
4709,-0.0022733698799419586,patient10_window16s_stride1s-epo,beta
4710,-0.0035579535476713453,patient10_window16s_stride1s-epo,beta
4711,-0.0038310299738629466,patient10_window16s_stride1s-epo,beta
4712,-0.0035826710133297197,patient10_window16s_stride1s-epo,beta
4713,-0.003315817652383848,patient10_window16s_stride1s-epo,beta
4714,-0.002476448551221188,patient10_window16s_stride1s-epo,beta
4715,-0.004076375372865565,patient10_window16s_stride1s-epo,beta
4716,-0.003547853808889239,patient10_window16s_stride1s-epo,beta
4717,-0.003411907119332686,patient10_window16s_stride1s-epo,beta
4718,-0.003775528920064392,patient10_window16s_stride1s-epo,beta
4719,-0.003528741523223039,patient10_window16s_stride1s-epo,beta
4720,-0.0037245550733963676,patient10_window16s_stride1s-epo,beta
4721,-0.0037105933243075304,patient10_window16s_stride1s-epo,beta
4722,-0.0032867499801860927,patient10_window16s_stride1s-epo,beta
4723,-0.0033268527780502435,patient10_window16s_stride1s-epo,beta
4724,-0.004739763800875871,patient10_window16s_stride1s-epo,beta
4725,-0.004607840301192307,patient10_window16s_stride1s-epo,beta
4726,-0.0036055223102895305,patient10_window16s_stride1s-epo,beta
4727,-0.003931941417882844,patient10_window16s_stride1s-epo,beta
4728,-0.005186914477121396,patient10_window16s_stride1s-epo,beta
4729,-0.005446935636729934,patient10_window16s_stride1s-epo,beta
4730,-0.0033759139132544286,patient10_window16s_stride1s-epo,beta
4731,-0.0040107554120941856,patient10_window16s_stride1s-epo,beta
4732,-0.0035314753735036127,patient10_window16s_stride1s-epo,beta
4733,-0.0041886884231071226,patient10_window16s_stride1s-epo,beta
4734,-0.004782523903375502,patient10_window16s_stride1s-epo,beta
4735,-0.005432172220215312,patient10_window16s_stride1s-epo,beta
4736,-0.00537186409763864,patient10_window16s_stride1s-epo,beta
4737,-0.004718519156039114,patient10_window16s_stride1s-epo,beta
4738,-0.004937405639871507,patient10_window16s_stride1s-epo,beta
4739,-0.005196441317993039,patient10_window16s_stride1s-epo,beta
4740,-0.004715735968760116,patient10_window16s_stride1s-epo,beta
4741,-0.005018982920517919,patient10_window16s_stride1s-epo,beta
4742,-0.004877585156621423,patient10_window16s_stride1s-epo,beta
4743,-0.004026506743216313,patient10_window16s_stride1s-epo,beta
4744,-0.0036663480082275647,patient10_window16s_stride1s-epo,beta
4745,-0.003963617286195251,patient10_window16s_stride1s-epo,beta
4746,-0.004453131797773511,patient10_window16s_stride1s-epo,beta
4747,-0.0036813628112571948,patient10_window16s_stride1s-epo,beta
4748,-0.004694610665710238,patient10_window16s_stride1s-epo,beta
4749,-0.003927001628612266,patient10_window16s_stride1s-epo,beta
4750,-0.004423259785769769,patient10_window16s_stride1s-epo,beta
4751,-0.0043275147488211745,patient10_window16s_stride1s-epo,beta
4752,-0.0037812180947014453,patient10_window16s_stride1s-epo,beta
4753,-0.0029431728293347085,patient10_window16s_stride1s-epo,beta
4754,-0.0029508884707493527,patient10_window16s_stride1s-epo,beta
4755,-0.002001502796500512,patient10_window16s_stride1s-epo,beta
4756,-0.0019217888342665335,patient10_window16s_stride1s-epo,beta
4757,-0.002918238560907005,patient10_window16s_stride1s-epo,beta
4758,-0.0026212982223525498,patient10_window16s_stride1s-epo,beta
4759,-0.0026554915903616336,patient10_window16s_stride1s-epo,beta
4760,-0.0021249761170200974,patient10_window16s_stride1s-epo,beta
4761,-0.0009141745228617873,patient10_window16s_stride1s-epo,beta
4762,-0.0010851079923023881,patient10_window16s_stride1s-epo,beta
4763,-0.0021099660277465715,patient10_window16s_stride1s-epo,beta
4764,-0.0020154479281707083,patient10_window16s_stride1s-epo,beta
4765,-0.0014674560777707087,patient10_window16s_stride1s-epo,beta
4766,-0.0012016634448988638,patient10_window16s_stride1s-epo,beta
4767,-0.001674093158079171,patient10_window16s_stride1s-epo,beta
4768,-0.0029822815458456988,patient10_window16s_stride1s-epo,beta
4769,-0.0024252707085570084,patient10_window16s_stride1s-epo,beta
4770,-0.0032700086095485068,patient10_window16s_stride1s-epo,beta
4771,-0.003916171473480055,patient10_window16s_stride1s-epo,beta
4772,-0.002705377181065057,patient10_window16s_stride1s-epo,beta
4773,-0.002948870336581327,patient10_window16s_stride1s-epo,beta
4774,-0.0035351359707852087,patient10_window16s_stride1s-epo,beta
4775,-0.002577917239859364,patient10_window16s_stride1s-epo,beta
4776,-0.003059492688650036,patient10_window16s_stride1s-epo,beta
4777,-0.0027319447733189987,patient10_window16s_stride1s-epo,beta
4778,-0.004305540533983163,patient10_window16s_stride1s-epo,beta
4779,-0.004220127971360582,patient10_window16s_stride1s-epo,beta
4780,-0.0034969846598881934,patient10_window16s_stride1s-epo,beta
4781,-0.0034596432754514495,patient10_window16s_stride1s-epo,beta
4782,-0.0038342782501153733,patient10_window16s_stride1s-epo,beta
4783,-0.00395272705309043,patient10_window16s_stride1s-epo,beta
4784,-0.0038968222212289383,patient10_window16s_stride1s-epo,beta
4785,-0.0034597840732126096,patient10_window16s_stride1s-epo,beta
4786,-0.004490607501196193,patient10_window16s_stride1s-epo,beta
4787,-0.003660297379311887,patient10_window16s_stride1s-epo,beta
4788,-0.00330649941299341,patient10_window16s_stride1s-epo,beta
4789,-0.0027608562044866398,patient10_window16s_stride1s-epo,beta
4790,-0.0035458319782485804,patient10_window16s_stride1s-epo,beta
4791,-0.004301151733357605,patient10_window16s_stride1s-epo,beta
4792,-0.0052246459681477495,patient10_window16s_stride1s-epo,beta
4793,-0.005801268212608574,patient10_window16s_stride1s-epo,beta
4794,-0.005237900766235204,patient10_window16s_stride1s-epo,beta
4795,-0.004649566054019598,patient10_window16s_stride1s-epo,beta
4796,-0.004824783730537223,patient10_window16s_stride1s-epo,beta
4797,-0.0056218958823765,patient10_window16s_stride1s-epo,beta
4798,-0.005821881329071872,patient10_window16s_stride1s-epo,beta
4799,-0.0062287402193396,patient10_window16s_stride1s-epo,beta
4800,-0.006288631631465811,patient10_window16s_stride1s-epo,beta
4801,-0.0062341235889328255,patient10_window16s_stride1s-epo,beta
4802,-0.00678124270182866,patient10_window16s_stride1s-epo,beta
4803,-0.007924845414309168,patient10_window16s_stride1s-epo,beta
4804,-0.007754372441813628,patient10_window16s_stride1s-epo,beta
4805,-0.006062169764854939,patient10_window16s_stride1s-epo,beta
4806,-0.005923974232517118,patient10_window16s_stride1s-epo,beta
4807,-0.005658908107992363,patient10_window16s_stride1s-epo,beta
4808,-0.004524697586413001,patient10_window16s_stride1s-epo,beta
4809,-0.004597767730643796,patient10_window16s_stride1s-epo,beta
4810,-0.004701148472405475,patient10_window16s_stride1s-epo,beta
4811,-0.005084141701312243,patient10_window16s_stride1s-epo,beta
4812,-0.005218272865715718,patient10_window16s_stride1s-epo,beta
4813,-0.00538878701039513,patient10_window16s_stride1s-epo,beta
4814,-0.0046599540116007915,patient10_window16s_stride1s-epo,beta
4815,-0.005018957485338568,patient10_window16s_stride1s-epo,beta
4816,-0.004531213196310343,patient10_window16s_stride1s-epo,beta
4817,-0.005379592864240433,patient10_window16s_stride1s-epo,beta
4818,-0.004783718851488937,patient10_window16s_stride1s-epo,beta
4819,-0.003865180661984035,patient10_window16s_stride1s-epo,beta
4820,-0.0052301125279819605,patient10_window16s_stride1s-epo,beta
4821,-0.0034057232623316332,patient10_window16s_stride1s-epo,beta
4822,-0.004351723031518897,patient10_window16s_stride1s-epo,beta
4823,-0.005313130670842418,patient10_window16s_stride1s-epo,beta
4824,-0.004460044547050054,patient10_window16s_stride1s-epo,beta
4825,-0.004954004702148483,patient10_window16s_stride1s-epo,beta
4826,-0.004210404721557857,patient10_window16s_stride1s-epo,beta
4827,-0.004338125613945084,patient10_window16s_stride1s-epo,beta
4828,-0.004470065019426277,patient10_window16s_stride1s-epo,beta
4829,-0.004680145626087301,patient10_window16s_stride1s-epo,beta
4830,-0.004358783200925567,patient10_window16s_stride1s-epo,beta
4831,-0.004870283110036125,patient10_window16s_stride1s-epo,beta
4832,-0.004421492962567703,patient10_window16s_stride1s-epo,beta
4833,-0.0035530029674893165,patient10_window16s_stride1s-epo,beta
4834,-0.0045764892422597995,patient10_window16s_stride1s-epo,beta
4835,-0.004586929080609212,patient10_window16s_stride1s-epo,beta
4836,-0.0038031676091260106,patient10_window16s_stride1s-epo,beta
4837,-0.0044571403825663025,patient10_window16s_stride1s-epo,beta
4838,-0.00365270347678756,patient10_window16s_stride1s-epo,beta
4839,-0.004712231059524789,patient10_window16s_stride1s-epo,beta
4840,-0.003386447459010681,patient10_window16s_stride1s-epo,beta
4841,-0.004003123620833709,patient10_window16s_stride1s-epo,beta
4842,-0.004190926079441193,patient10_window16s_stride1s-epo,beta
4843,-0.004442852008970456,patient10_window16s_stride1s-epo,beta
4844,-0.004624402399306522,patient10_window16s_stride1s-epo,beta
4845,-0.0038181631027267783,patient10_window16s_stride1s-epo,beta
4846,-0.004348512689046647,patient10_window16s_stride1s-epo,beta
4847,-0.00465594225885985,patient10_window16s_stride1s-epo,beta
4848,-0.003972341830550112,patient10_window16s_stride1s-epo,beta
4849,-0.0029437142767272813,patient10_window16s_stride1s-epo,beta
4850,-0.0028232944685979825,patient10_window16s_stride1s-epo,beta
4851,-0.0034982201489509616,patient10_window16s_stride1s-epo,beta
4852,-0.0028189503336099033,patient10_window16s_stride1s-epo,beta
4853,-0.0031678504790708622,patient10_window16s_stride1s-epo,beta
4854,-0.0028119265018688062,patient10_window16s_stride1s-epo,beta
4855,-0.0028589974947945593,patient10_window16s_stride1s-epo,beta
4856,-0.00192670588917732,patient10_window16s_stride1s-epo,beta
4857,-0.0015626237751255056,patient10_window16s_stride1s-epo,beta
4858,-0.002420754855568551,patient10_window16s_stride1s-epo,beta
4859,-0.0014745817350782869,patient10_window16s_stride1s-epo,beta
4860,-0.0014128858746018896,patient10_window16s_stride1s-epo,beta
4861,-0.0013034259031677936,patient10_window16s_stride1s-epo,beta
4862,-0.0014841049946253838,patient10_window16s_stride1s-epo,beta
4863,-0.002652758552539943,patient10_window16s_stride1s-epo,beta
4864,-0.003279327270381484,patient10_window16s_stride1s-epo,beta
4865,-0.003600272291992212,patient10_window16s_stride1s-epo,beta
4866,-0.003480089458380069,patient10_window16s_stride1s-epo,beta
4867,-0.002183530343509206,patient10_window16s_stride1s-epo,beta
4868,-0.002471253659839519,patient10_window16s_stride1s-epo,beta
4869,-0.0027013976334020508,patient10_window16s_stride1s-epo,beta
4870,-0.0025429755256207603,patient10_window16s_stride1s-epo,beta
4871,-0.002136171787449021,patient10_window16s_stride1s-epo,beta
4872,-0.0025151441534225993,patient10_window16s_stride1s-epo,beta
4873,-0.0013791758502302754,patient10_window16s_stride1s-epo,beta
4874,-0.0018146188654874272,patient10_window16s_stride1s-epo,beta
4875,-0.0025104203748375895,patient10_window16s_stride1s-epo,beta
4876,-0.0023177907054649253,patient10_window16s_stride1s-epo,beta
4877,-0.0022819239160587475,patient10_window16s_stride1s-epo,beta
4878,-0.002459168582043282,patient10_window16s_stride1s-epo,beta
4879,-0.002315937861643051,patient10_window16s_stride1s-epo,beta
4880,-0.0018108183350866074,patient10_window16s_stride1s-epo,beta
4881,-0.0016179533677590642,patient10_window16s_stride1s-epo,beta
4882,-0.0018973578186184028,patient10_window16s_stride1s-epo,beta
4883,-0.002728665311253229,patient10_window16s_stride1s-epo,beta
4884,-0.0024510250572307405,patient10_window16s_stride1s-epo,beta
4885,-0.0022768005846839283,patient10_window16s_stride1s-epo,beta
4886,-0.0019051380943352395,patient10_window16s_stride1s-epo,beta
4887,-0.0016033446808184381,patient10_window16s_stride1s-epo,beta
4888,-0.0020371118751446606,patient10_window16s_stride1s-epo,beta
4889,-0.002042599237314783,patient10_window16s_stride1s-epo,beta
4890,-0.0016263835872168662,patient10_window16s_stride1s-epo,beta
4891,-0.0029162309813763236,patient10_window16s_stride1s-epo,beta
4892,-0.003863315722789946,patient10_window16s_stride1s-epo,beta
4893,-0.0027123358628056305,patient10_window16s_stride1s-epo,beta
4894,-0.002885372957137361,patient10_window16s_stride1s-epo,beta
4895,-0.0028645425232502997,patient10_window16s_stride1s-epo,beta
4896,-0.0023173330573556315,patient10_window16s_stride1s-epo,beta
4897,-0.0020650858054012617,patient10_window16s_stride1s-epo,beta
4898,-0.003177071865166879,patient10_window16s_stride1s-epo,beta
4899,-0.004140672236609398,patient10_window16s_stride1s-epo,beta
4900,-0.003415460010093739,patient10_window16s_stride1s-epo,beta
4901,-0.003965775184576822,patient10_window16s_stride1s-epo,beta
4902,-0.003917567434048125,patient10_window16s_stride1s-epo,beta
4903,-0.004604032311283561,patient10_window16s_stride1s-epo,beta
4904,-0.005272973755124436,patient10_window16s_stride1s-epo,beta
4905,-0.005050524485233452,patient10_window16s_stride1s-epo,beta
4906,-0.005073017854611214,patient10_window16s_stride1s-epo,beta
4907,-0.004230959134660653,patient10_window16s_stride1s-epo,beta
4908,-0.004614792835022828,patient10_window16s_stride1s-epo,beta
4909,-0.004265464770799657,patient10_window16s_stride1s-epo,beta
4910,-0.0036014207314659413,patient10_window16s_stride1s-epo,beta
4911,-0.004106360460024765,patient10_window16s_stride1s-epo,beta
4912,-0.004555532292924616,patient10_window16s_stride1s-epo,beta
4913,-0.004091141606873037,patient10_window16s_stride1s-epo,beta
4914,-0.004944702169022845,patient10_window16s_stride1s-epo,beta
4915,-0.004597020489866962,patient10_window16s_stride1s-epo,beta
4916,-0.0048136163219814005,patient10_window16s_stride1s-epo,beta
4917,-0.006079058991944644,patient10_window16s_stride1s-epo,beta
4918,-0.005936565412102646,patient10_window16s_stride1s-epo,beta
4919,-0.006199898465941889,patient10_window16s_stride1s-epo,beta
4920,-0.00606945595355563,patient10_window16s_stride1s-epo,beta
4921,-0.006576559366277565,patient10_window16s_stride1s-epo,beta
4922,-0.005936166494117569,patient10_window16s_stride1s-epo,beta
4923,-0.006220067393208592,patient10_window16s_stride1s-epo,beta
4924,-0.006453872385633315,patient10_window16s_stride1s-epo,beta
4925,-0.006038236174956169,patient10_window16s_stride1s-epo,beta
4926,-0.005946991161119612,patient10_window16s_stride1s-epo,beta
4927,-0.006948531068287667,patient10_window16s_stride1s-epo,beta
4928,-0.006165668206741047,patient10_window16s_stride1s-epo,beta
4929,-0.006923086584538933,patient10_window16s_stride1s-epo,beta
4930,-0.006825781701207711,patient10_window16s_stride1s-epo,beta
4931,-0.006159584065181689,patient10_window16s_stride1s-epo,beta
4932,-0.005114476442960367,patient10_window16s_stride1s-epo,beta
4933,-0.0034308845382057117,patient10_window16s_stride1s-epo,beta
4934,-0.004424517023506341,patient10_window16s_stride1s-epo,beta
4935,-0.003274359544921572,patient10_window16s_stride1s-epo,beta
4936,-0.0032764594382892467,patient10_window16s_stride1s-epo,beta
4937,-0.004713037177096115,patient10_window16s_stride1s-epo,beta
4938,-0.00421306096864289,patient10_window16s_stride1s-epo,beta
4939,-0.0039602582159555455,patient10_window16s_stride1s-epo,beta
4940,-0.004325355413932782,patient10_window16s_stride1s-epo,beta
4941,-0.0035717693936072135,patient10_window16s_stride1s-epo,beta
4942,-0.004169641675393334,patient10_window16s_stride1s-epo,beta
4943,-0.004002839147544251,patient10_window16s_stride1s-epo,beta
4944,-0.004289209144292021,patient10_window16s_stride1s-epo,beta
4945,-0.004578547560596643,patient10_window16s_stride1s-epo,beta
4946,-0.004727629001785097,patient10_window16s_stride1s-epo,beta
4947,-0.004738853428441183,patient10_window16s_stride1s-epo,beta
4948,-0.005328440529531711,patient10_window16s_stride1s-epo,beta
4949,-0.006419292965269356,patient10_window16s_stride1s-epo,beta
4950,-0.006687627112304676,patient10_window16s_stride1s-epo,beta
4951,-0.006286334164689165,patient10_window16s_stride1s-epo,beta
4952,-0.0056391525769940035,patient10_window16s_stride1s-epo,beta
4953,-0.004715259063548284,patient10_window16s_stride1s-epo,beta
4954,-0.003810008084397699,patient10_window16s_stride1s-epo,beta
4955,-0.005064196919280214,patient10_window16s_stride1s-epo,beta
4956,-0.006210352665512356,patient10_window16s_stride1s-epo,beta
4957,-0.0072112550779570945,patient10_window16s_stride1s-epo,beta
4958,-0.006651849655957689,patient10_window16s_stride1s-epo,beta
4959,-0.006451620795750441,patient10_window16s_stride1s-epo,beta
4960,-0.006302373828426263,patient10_window16s_stride1s-epo,beta
4961,-0.006918689323608337,patient10_window16s_stride1s-epo,beta
4962,-0.0067255739667569925,patient10_window16s_stride1s-epo,beta
4963,-0.006571559004123222,patient10_window16s_stride1s-epo,beta
4964,-0.006264470466889317,patient10_window16s_stride1s-epo,beta
4965,-0.005154861736050404,patient10_window16s_stride1s-epo,beta
4966,-0.005279845051308221,patient10_window16s_stride1s-epo,beta
4967,-0.005322757434013749,patient10_window16s_stride1s-epo,beta
4968,-0.005590313963479225,patient10_window16s_stride1s-epo,beta
4969,-0.007075552198129448,patient10_window16s_stride1s-epo,beta
4970,-0.007429867069266146,patient10_window16s_stride1s-epo,beta
4971,-0.006916928068037984,patient10_window16s_stride1s-epo,beta
