epoch_index,wsmi_scalar,subject_id,band
0,-0.003248841711507691,patient11_window16s_stride1s-epo,theta
1,-0.0023985382380348097,patient11_window16s_stride1s-epo,theta
2,-0.003551042077220874,patient11_window16s_stride1s-epo,theta
3,-0.004135660343667268,patient11_window16s_stride1s-epo,theta
4,-0.005336111477622949,patient11_window16s_stride1s-epo,theta
5,-0.005977613382813534,patient11_window16s_stride1s-epo,theta
6,-0.004323607673700848,patient11_window16s_stride1s-epo,theta
7,-0.0043576566060278266,patient11_window16s_stride1s-epo,theta
8,-0.005263917552047275,patient11_window16s_stride1s-epo,theta
9,-0.005960488948033104,patient11_window16s_stride1s-epo,theta
10,-0.006365736070825197,patient11_window16s_stride1s-epo,theta
11,-0.00482869882570968,patient11_window16s_stride1s-epo,theta
12,-0.0066246524666242704,patient11_window16s_stride1s-epo,theta
13,-0.006122420367131649,patient11_window16s_stride1s-epo,theta
14,-0.005496388293618167,patient11_window16s_stride1s-epo,theta
15,-0.006453844804984532,patient11_window16s_stride1s-epo,theta
16,-0.006592848820067435,patient11_window16s_stride1s-epo,theta
17,-0.006775815592375253,patient11_window16s_stride1s-epo,theta
18,-0.004039761778539936,patient11_window16s_stride1s-epo,theta
19,-0.0021022524914886386,patient11_window16s_stride1s-epo,theta
20,-8.868140022641362e-06,patient11_window16s_stride1s-epo,theta
21,-0.0006307186655260648,patient11_window16s_stride1s-epo,theta
22,-0.001109114343839439,patient11_window16s_stride1s-epo,theta
23,-0.0012639445899853242,patient11_window16s_stride1s-epo,theta
24,-0.0008222338552721653,patient11_window16s_stride1s-epo,theta
25,-0.0012149310108936662,patient11_window16s_stride1s-epo,theta
26,-0.001044411937965898,patient11_window16s_stride1s-epo,theta
27,-0.003085133555401997,patient11_window16s_stride1s-epo,theta
28,-0.0016172852065967295,patient11_window16s_stride1s-epo,theta
29,-0.00166604880235885,patient11_window16s_stride1s-epo,theta
30,-0.0024583350659147284,patient11_window16s_stride1s-epo,theta
31,-0.002597041585363457,patient11_window16s_stride1s-epo,theta
32,-0.0028805417272653342,patient11_window16s_stride1s-epo,theta
33,-0.002848539793414852,patient11_window16s_stride1s-epo,theta
34,-0.00434110980887782,patient11_window16s_stride1s-epo,theta
35,-0.005336442709723606,patient11_window16s_stride1s-epo,theta
36,-0.005369812480959103,patient11_window16s_stride1s-epo,theta
37,-0.00609839489968856,patient11_window16s_stride1s-epo,theta
38,-0.0060441854820869325,patient11_window16s_stride1s-epo,theta
39,-0.00629414044932068,patient11_window16s_stride1s-epo,theta
40,-0.0061587702055909905,patient11_window16s_stride1s-epo,theta
41,-0.007088348794519371,patient11_window16s_stride1s-epo,theta
42,-0.005741217650134945,patient11_window16s_stride1s-epo,theta
43,-0.0057042130207313945,patient11_window16s_stride1s-epo,theta
44,-0.005689944669016999,patient11_window16s_stride1s-epo,theta
45,-0.005272726283630799,patient11_window16s_stride1s-epo,theta
46,-0.0029682675162208184,patient11_window16s_stride1s-epo,theta
47,-0.0030530357755181956,patient11_window16s_stride1s-epo,theta
48,-0.0035300962079064615,patient11_window16s_stride1s-epo,theta
49,-0.003848410094520868,patient11_window16s_stride1s-epo,theta
50,-0.0025281097615942084,patient11_window16s_stride1s-epo,theta
51,-0.0010007080434017402,patient11_window16s_stride1s-epo,theta
52,-0.0017318170402987115,patient11_window16s_stride1s-epo,theta
53,-0.003792097248495789,patient11_window16s_stride1s-epo,theta
54,-0.004291537249890545,patient11_window16s_stride1s-epo,theta
55,-0.00430146198338234,patient11_window16s_stride1s-epo,theta
56,-0.005098213532265148,patient11_window16s_stride1s-epo,theta
57,-0.00479065190012715,patient11_window16s_stride1s-epo,theta
58,-0.004453613689532843,patient11_window16s_stride1s-epo,theta
59,-0.003149637488873221,patient11_window16s_stride1s-epo,theta
60,-0.003762859054102339,patient11_window16s_stride1s-epo,theta
61,-0.004301963756585579,patient11_window16s_stride1s-epo,theta
62,-0.00553124135590838,patient11_window16s_stride1s-epo,theta
63,-0.005470756481244179,patient11_window16s_stride1s-epo,theta
64,-0.005643478155964459,patient11_window16s_stride1s-epo,theta
65,-0.006855679053805455,patient11_window16s_stride1s-epo,theta
66,-0.007504543285683095,patient11_window16s_stride1s-epo,theta
67,-0.008184012043316107,patient11_window16s_stride1s-epo,theta
68,-0.007276658645468797,patient11_window16s_stride1s-epo,theta
69,-0.00443344837678518,patient11_window16s_stride1s-epo,theta
70,-0.0033818561947808043,patient11_window16s_stride1s-epo,theta
71,-0.004004848065754659,patient11_window16s_stride1s-epo,theta
72,-0.004246442868907519,patient11_window16s_stride1s-epo,theta
73,-0.0043623408509794815,patient11_window16s_stride1s-epo,theta
74,-0.004504677645410514,patient11_window16s_stride1s-epo,theta
75,-0.007229804514665006,patient11_window16s_stride1s-epo,theta
76,-0.00649623744494949,patient11_window16s_stride1s-epo,theta
77,-0.005357100910522133,patient11_window16s_stride1s-epo,theta
78,-0.003977183097083891,patient11_window16s_stride1s-epo,theta
79,-0.0046146403363615165,patient11_window16s_stride1s-epo,theta
80,-0.0027203888665011944,patient11_window16s_stride1s-epo,theta
81,-0.003531874739982414,patient11_window16s_stride1s-epo,theta
82,-0.0032926726747310123,patient11_window16s_stride1s-epo,theta
83,-0.0025087044242171927,patient11_window16s_stride1s-epo,theta
84,-0.0019151825462224866,patient11_window16s_stride1s-epo,theta
85,-0.002235822814712607,patient11_window16s_stride1s-epo,theta
86,-0.004499795992896762,patient11_window16s_stride1s-epo,theta
87,-0.0033361755593530854,patient11_window16s_stride1s-epo,theta
88,-0.004693998745986597,patient11_window16s_stride1s-epo,theta
89,-0.0040242145109418755,patient11_window16s_stride1s-epo,theta
90,-0.003518263710554166,patient11_window16s_stride1s-epo,theta
91,-0.0025743345364745355,patient11_window16s_stride1s-epo,theta
92,-0.0031223389399870714,patient11_window16s_stride1s-epo,theta
93,-0.002174226838171627,patient11_window16s_stride1s-epo,theta
94,-0.005204497193954906,patient11_window16s_stride1s-epo,theta
95,-0.0035567435323887076,patient11_window16s_stride1s-epo,theta
96,-0.0020650506053840364,patient11_window16s_stride1s-epo,theta
97,-0.00396203820676077,patient11_window16s_stride1s-epo,theta
98,-0.0034097886796679725,patient11_window16s_stride1s-epo,theta
99,-0.004240930799835264,patient11_window16s_stride1s-epo,theta
100,-0.0024495993122209806,patient11_window16s_stride1s-epo,theta
101,-0.003250781685927237,patient11_window16s_stride1s-epo,theta
102,-0.0009594490787420063,patient11_window16s_stride1s-epo,theta
103,-0.003896671896827588,patient11_window16s_stride1s-epo,theta
104,-0.0012832276180209685,patient11_window16s_stride1s-epo,theta
105,-0.0011313327102118642,patient11_window16s_stride1s-epo,theta
106,-0.0017571332125376961,patient11_window16s_stride1s-epo,theta
107,-0.0015380925442940432,patient11_window16s_stride1s-epo,theta
108,-0.0003644133925283086,patient11_window16s_stride1s-epo,theta
109,-0.0020455702570780485,patient11_window16s_stride1s-epo,theta
110,-0.0014904088359703105,patient11_window16s_stride1s-epo,theta
111,-0.0016729527975453398,patient11_window16s_stride1s-epo,theta
112,-0.003211630127872718,patient11_window16s_stride1s-epo,theta
113,-0.003342720995490055,patient11_window16s_stride1s-epo,theta
114,-0.0021441448428664092,patient11_window16s_stride1s-epo,theta
115,-0.0027409202528849916,patient11_window16s_stride1s-epo,theta
116,-0.00398367100668599,patient11_window16s_stride1s-epo,theta
117,-0.004464353110843118,patient11_window16s_stride1s-epo,theta
118,-0.002957384888156861,patient11_window16s_stride1s-epo,theta
119,-0.0018617651487055572,patient11_window16s_stride1s-epo,theta
120,-0.0022880481452830846,patient11_window16s_stride1s-epo,theta
121,-0.0019471252964053496,patient11_window16s_stride1s-epo,theta
122,-0.003100550627541247,patient11_window16s_stride1s-epo,theta
123,-0.0026832028206824864,patient11_window16s_stride1s-epo,theta
124,-0.002668657145057164,patient11_window16s_stride1s-epo,theta
125,-0.0014290253109377424,patient11_window16s_stride1s-epo,theta
126,-0.0007510598386663411,patient11_window16s_stride1s-epo,theta
127,-0.0012992237365846973,patient11_window16s_stride1s-epo,theta
128,-0.0017836488162339893,patient11_window16s_stride1s-epo,theta
129,-0.0005513916677636508,patient11_window16s_stride1s-epo,theta
130,-0.000801016719630344,patient11_window16s_stride1s-epo,theta
131,-0.0016009282143108143,patient11_window16s_stride1s-epo,theta
132,-0.002243127975455454,patient11_window16s_stride1s-epo,theta
133,-0.0038178046904640537,patient11_window16s_stride1s-epo,theta
134,-0.004594987432985972,patient11_window16s_stride1s-epo,theta
135,-0.004582133099231167,patient11_window16s_stride1s-epo,theta
136,-0.005336985265059641,patient11_window16s_stride1s-epo,theta
137,-0.00481256802779703,patient11_window16s_stride1s-epo,theta
138,-0.004842296770891996,patient11_window16s_stride1s-epo,theta
139,-0.0052252064105298,patient11_window16s_stride1s-epo,theta
140,-0.0038551088400462378,patient11_window16s_stride1s-epo,theta
141,-0.005056184779784716,patient11_window16s_stride1s-epo,theta
142,-0.004992574912820066,patient11_window16s_stride1s-epo,theta
143,-0.005628890040458649,patient11_window16s_stride1s-epo,theta
144,-0.005949408538798399,patient11_window16s_stride1s-epo,theta
145,-0.006853550907457047,patient11_window16s_stride1s-epo,theta
146,-0.005803739248183736,patient11_window16s_stride1s-epo,theta
147,-0.004485758688417978,patient11_window16s_stride1s-epo,theta
148,-0.006536446954047959,patient11_window16s_stride1s-epo,theta
149,-0.0052739885440300765,patient11_window16s_stride1s-epo,theta
150,-0.0068751852581728145,patient11_window16s_stride1s-epo,theta
151,-0.008094468052485834,patient11_window16s_stride1s-epo,theta
152,-0.007054301446523644,patient11_window16s_stride1s-epo,theta
153,-0.00941417993014032,patient11_window16s_stride1s-epo,theta
154,-0.008585809793698678,patient11_window16s_stride1s-epo,theta
155,-0.008078344865753612,patient11_window16s_stride1s-epo,theta
156,-0.009895051566686344,patient11_window16s_stride1s-epo,theta
157,-0.011149952109060205,patient11_window16s_stride1s-epo,theta
158,-0.011254625846280092,patient11_window16s_stride1s-epo,theta
159,-0.011097258032847692,patient11_window16s_stride1s-epo,theta
160,-0.010614730775594055,patient11_window16s_stride1s-epo,theta
161,-0.009439815113992943,patient11_window16s_stride1s-epo,theta
162,-0.009249533810214924,patient11_window16s_stride1s-epo,theta
163,-0.009212561546100803,patient11_window16s_stride1s-epo,theta
164,-0.009679962138494324,patient11_window16s_stride1s-epo,theta
165,-0.009572664096915113,patient11_window16s_stride1s-epo,theta
166,-0.007754985962957288,patient11_window16s_stride1s-epo,theta
167,-0.006947340207861354,patient11_window16s_stride1s-epo,theta
168,-0.007008060435296343,patient11_window16s_stride1s-epo,theta
169,-0.006539172568249965,patient11_window16s_stride1s-epo,theta
170,-0.008562463292035109,patient11_window16s_stride1s-epo,theta
171,-0.007882263270492205,patient11_window16s_stride1s-epo,theta
172,-0.006602500922058034,patient11_window16s_stride1s-epo,theta
173,-0.006262011076126787,patient11_window16s_stride1s-epo,theta
174,-0.008044104836357828,patient11_window16s_stride1s-epo,theta
175,-0.007878849459359658,patient11_window16s_stride1s-epo,theta
176,-0.008295467562050176,patient11_window16s_stride1s-epo,theta
177,-0.008470448213670989,patient11_window16s_stride1s-epo,theta
178,-0.009567312310045253,patient11_window16s_stride1s-epo,theta
179,-0.008576688622189936,patient11_window16s_stride1s-epo,theta
180,-0.007978635587907928,patient11_window16s_stride1s-epo,theta
181,-0.009054521300595976,patient11_window16s_stride1s-epo,theta
182,-0.007816769228675895,patient11_window16s_stride1s-epo,theta
183,-0.008499931352683997,patient11_window16s_stride1s-epo,theta
184,-0.007055403681496039,patient11_window16s_stride1s-epo,theta
185,-0.008395659170483068,patient11_window16s_stride1s-epo,theta
186,-0.006845544602043879,patient11_window16s_stride1s-epo,theta
187,-0.006550182681381698,patient11_window16s_stride1s-epo,theta
188,-0.006011714877635025,patient11_window16s_stride1s-epo,theta
189,-0.0053602165296723035,patient11_window16s_stride1s-epo,theta
190,-0.003029062627963484,patient11_window16s_stride1s-epo,theta
191,-0.004412447986447833,patient11_window16s_stride1s-epo,theta
192,-0.003370418559827439,patient11_window16s_stride1s-epo,theta
193,-0.0026986816199638356,patient11_window16s_stride1s-epo,theta
194,-0.003809708796676323,patient11_window16s_stride1s-epo,theta
195,-0.004710101241278902,patient11_window16s_stride1s-epo,theta
196,-0.004838393205518672,patient11_window16s_stride1s-epo,theta
197,-0.006255156263584626,patient11_window16s_stride1s-epo,theta
198,-0.008138865209127663,patient11_window16s_stride1s-epo,theta
199,-0.006809377217338856,patient11_window16s_stride1s-epo,theta
200,-0.007853406901440678,patient11_window16s_stride1s-epo,theta
201,-0.0072549473503635015,patient11_window16s_stride1s-epo,theta
202,-0.005101416137899569,patient11_window16s_stride1s-epo,theta
203,-0.006618168478315719,patient11_window16s_stride1s-epo,theta
204,-0.005207234124402484,patient11_window16s_stride1s-epo,theta
205,-0.004617430613340975,patient11_window16s_stride1s-epo,theta
206,-0.003405678358641655,patient11_window16s_stride1s-epo,theta
207,-0.002593775280935869,patient11_window16s_stride1s-epo,theta
208,-0.004461515832878698,patient11_window16s_stride1s-epo,theta
209,-0.0048346609277209705,patient11_window16s_stride1s-epo,theta
210,-0.004634532893455785,patient11_window16s_stride1s-epo,theta
211,-0.003786168896942459,patient11_window16s_stride1s-epo,theta
212,-0.005372064175322036,patient11_window16s_stride1s-epo,theta
213,-0.002717612583442196,patient11_window16s_stride1s-epo,theta
214,-0.0028324606963223186,patient11_window16s_stride1s-epo,theta
215,-0.0031898222633031472,patient11_window16s_stride1s-epo,theta
216,-0.002674012088271146,patient11_window16s_stride1s-epo,theta
217,-0.003749530810710976,patient11_window16s_stride1s-epo,theta
218,-0.0036600858007005727,patient11_window16s_stride1s-epo,theta
219,-0.0039039190524971074,patient11_window16s_stride1s-epo,theta
220,-0.004622617330576987,patient11_window16s_stride1s-epo,theta
221,-0.004110125605385153,patient11_window16s_stride1s-epo,theta
222,-0.006537199871437947,patient11_window16s_stride1s-epo,theta
223,-0.005952742984724362,patient11_window16s_stride1s-epo,theta
224,-0.0037434525667118866,patient11_window16s_stride1s-epo,theta
225,-0.003328136485315207,patient11_window16s_stride1s-epo,theta
226,-0.0017914935437469625,patient11_window16s_stride1s-epo,theta
227,-0.002793241833451976,patient11_window16s_stride1s-epo,theta
228,-5.791107615879236e-05,patient11_window16s_stride1s-epo,theta
229,-0.0012490585105239234,patient11_window16s_stride1s-epo,theta
230,-0.00046315128013358763,patient11_window16s_stride1s-epo,theta
231,-0.0011478128754158024,patient11_window16s_stride1s-epo,theta
232,0.0011812521880800791,patient11_window16s_stride1s-epo,theta
233,0.0005395421834495516,patient11_window16s_stride1s-epo,theta
234,-0.00024374051438729553,patient11_window16s_stride1s-epo,theta
235,-0.00146443335170424,patient11_window16s_stride1s-epo,theta
236,0.0005359126874163341,patient11_window16s_stride1s-epo,theta
237,-0.0011621775769497485,patient11_window16s_stride1s-epo,theta
238,0.0014405208282821328,patient11_window16s_stride1s-epo,theta
239,0.0008467407345931315,patient11_window16s_stride1s-epo,theta
240,0.0015976032498089725,patient11_window16s_stride1s-epo,theta
241,-0.0018972086871983328,patient11_window16s_stride1s-epo,theta
242,-0.00044985235410532106,patient11_window16s_stride1s-epo,theta
243,-0.0001338729921776328,patient11_window16s_stride1s-epo,theta
244,-0.0019379555111132074,patient11_window16s_stride1s-epo,theta
245,-0.0016908449821994747,patient11_window16s_stride1s-epo,theta
246,-0.004090029568298961,patient11_window16s_stride1s-epo,theta
247,-0.006155842104674241,patient11_window16s_stride1s-epo,theta
248,-0.008308846616952732,patient11_window16s_stride1s-epo,theta
249,-0.006238660093878153,patient11_window16s_stride1s-epo,theta
250,-0.005010824142805317,patient11_window16s_stride1s-epo,theta
251,-0.0046900816066656635,patient11_window16s_stride1s-epo,theta
252,-0.0037175370894966153,patient11_window16s_stride1s-epo,theta
253,-0.0011551130319027438,patient11_window16s_stride1s-epo,theta
254,-0.0013921772166193384,patient11_window16s_stride1s-epo,theta
255,-0.00093107392063682,patient11_window16s_stride1s-epo,theta
256,-0.002789202365532104,patient11_window16s_stride1s-epo,theta
257,-0.0009920221606089827,patient11_window16s_stride1s-epo,theta
258,-0.0036384575957113825,patient11_window16s_stride1s-epo,theta
259,-0.003955382256228323,patient11_window16s_stride1s-epo,theta
260,-0.0026690034180209604,patient11_window16s_stride1s-epo,theta
261,-0.0008529061123656621,patient11_window16s_stride1s-epo,theta
262,-0.002243104132829557,patient11_window16s_stride1s-epo,theta
263,-0.0023561091846967057,patient11_window16s_stride1s-epo,theta
264,-0.0031112458871027956,patient11_window16s_stride1s-epo,theta
265,-0.0011358420942169803,patient11_window16s_stride1s-epo,theta
266,-0.0024967715166524956,patient11_window16s_stride1s-epo,theta
267,-0.0011952520080537163,patient11_window16s_stride1s-epo,theta
268,0.00011571872582991721,patient11_window16s_stride1s-epo,theta
269,0.0009642246462867743,patient11_window16s_stride1s-epo,theta
270,-0.0006140291597560045,patient11_window16s_stride1s-epo,theta
271,-0.0020865369679268233,patient11_window16s_stride1s-epo,theta
272,-0.001721602080385643,patient11_window16s_stride1s-epo,theta
273,-0.0020297961534744948,patient11_window16s_stride1s-epo,theta
274,0.0004873227870896556,patient11_window16s_stride1s-epo,theta
275,-0.0005872685988939136,patient11_window16s_stride1s-epo,theta
276,0.000507435898348896,patient11_window16s_stride1s-epo,theta
277,-0.0009712824594034528,patient11_window16s_stride1s-epo,theta
278,-0.0008791874300547331,patient11_window16s_stride1s-epo,theta
279,0.00034331765150385146,patient11_window16s_stride1s-epo,theta
280,0.0002539088958808612,patient11_window16s_stride1s-epo,theta
281,-0.002120286254455772,patient11_window16s_stride1s-epo,theta
282,-0.0017196585573567111,patient11_window16s_stride1s-epo,theta
283,-0.0037162757151673565,patient11_window16s_stride1s-epo,theta
284,-0.0037359919321508102,patient11_window16s_stride1s-epo,theta
285,-0.0067190244367212135,patient11_window16s_stride1s-epo,theta
286,-0.007771563046554963,patient11_window16s_stride1s-epo,theta
287,-0.0060132570159043205,patient11_window16s_stride1s-epo,theta
288,-0.00810015683770547,patient11_window16s_stride1s-epo,theta
289,-0.006345027943762828,patient11_window16s_stride1s-epo,theta
290,-0.005195253982655642,patient11_window16s_stride1s-epo,theta
291,-0.006076473217266484,patient11_window16s_stride1s-epo,theta
292,-0.005685374106173986,patient11_window16s_stride1s-epo,theta
293,-0.003916668467602777,patient11_window16s_stride1s-epo,theta
294,-0.004024886295085465,patient11_window16s_stride1s-epo,theta
295,-0.0036095811511341336,patient11_window16s_stride1s-epo,theta
296,-0.002843526901294802,patient11_window16s_stride1s-epo,theta
297,-0.0023013883379285863,patient11_window16s_stride1s-epo,theta
298,-0.003241693355344639,patient11_window16s_stride1s-epo,theta
299,-0.0025755447994965336,patient11_window16s_stride1s-epo,theta
300,-0.0011868485395036487,patient11_window16s_stride1s-epo,theta
301,-0.0007600410332885934,patient11_window16s_stride1s-epo,theta
302,0.0008593236689501099,patient11_window16s_stride1s-epo,theta
303,5.650796075148739e-05,patient11_window16s_stride1s-epo,theta
304,-0.0017136426814617818,patient11_window16s_stride1s-epo,theta
305,-0.0024266541646209487,patient11_window16s_stride1s-epo,theta
306,-0.00322999032371813,patient11_window16s_stride1s-epo,theta
307,-0.00513847141984381,patient11_window16s_stride1s-epo,theta
308,-0.0049796749950308285,patient11_window16s_stride1s-epo,theta
309,-0.004464725653913644,patient11_window16s_stride1s-epo,theta
310,-0.005244478143855571,patient11_window16s_stride1s-epo,theta
311,-0.006066885748664879,patient11_window16s_stride1s-epo,theta
312,-0.006626159408126765,patient11_window16s_stride1s-epo,theta
313,-0.005692242102157283,patient11_window16s_stride1s-epo,theta
314,-0.00480777940310999,patient11_window16s_stride1s-epo,theta
315,-0.005583594206940884,patient11_window16s_stride1s-epo,theta
316,-0.004885123056212878,patient11_window16s_stride1s-epo,theta
317,-0.0053698011874262815,patient11_window16s_stride1s-epo,theta
318,-0.005329471488822558,patient11_window16s_stride1s-epo,theta
319,-0.005982473801725294,patient11_window16s_stride1s-epo,theta
320,-0.004910887341163654,patient11_window16s_stride1s-epo,theta
321,-0.005708249157835226,patient11_window16s_stride1s-epo,theta
322,-0.004082118109709528,patient11_window16s_stride1s-epo,theta
323,-0.004533768802877672,patient11_window16s_stride1s-epo,theta
324,-0.005011428119096938,patient11_window16s_stride1s-epo,theta
325,-0.003857070176619951,patient11_window16s_stride1s-epo,theta
326,-0.005956840422536529,patient11_window16s_stride1s-epo,theta
327,-0.0037680429101287593,patient11_window16s_stride1s-epo,theta
328,-0.0033888781470466155,patient11_window16s_stride1s-epo,theta
329,-0.004328944477082974,patient11_window16s_stride1s-epo,theta
330,-0.00606695372620451,patient11_window16s_stride1s-epo,theta
331,-0.007273225110666363,patient11_window16s_stride1s-epo,theta
332,-0.00714184279502953,patient11_window16s_stride1s-epo,theta
333,-0.006533002148365347,patient11_window16s_stride1s-epo,theta
334,-0.006179673087122841,patient11_window16s_stride1s-epo,theta
335,-0.007637744340319407,patient11_window16s_stride1s-epo,theta
336,-0.007250336736733354,patient11_window16s_stride1s-epo,theta
337,-0.006530583432344863,patient11_window16s_stride1s-epo,theta
338,-0.005855092639122313,patient11_window16s_stride1s-epo,theta
339,-0.00466958538703587,patient11_window16s_stride1s-epo,theta
340,-0.005882180852912594,patient11_window16s_stride1s-epo,theta
341,-0.006784504968374311,patient11_window16s_stride1s-epo,theta
342,-0.0062349726304036495,patient11_window16s_stride1s-epo,theta
343,-0.009963569434538508,patient11_window16s_stride1s-epo,theta
344,-0.01125974745209201,patient11_window16s_stride1s-epo,theta
345,-0.011062388394527594,patient11_window16s_stride1s-epo,theta
346,-0.011124839587688862,patient11_window16s_stride1s-epo,theta
347,-0.01031751776254224,patient11_window16s_stride1s-epo,theta
348,-0.009321859146220668,patient11_window16s_stride1s-epo,theta
349,-0.011171116296580972,patient11_window16s_stride1s-epo,theta
350,-0.00912578876038105,patient11_window16s_stride1s-epo,theta
351,-0.00691812656884859,patient11_window16s_stride1s-epo,theta
352,-0.008111967017807734,patient11_window16s_stride1s-epo,theta
353,-0.007860318454381404,patient11_window16s_stride1s-epo,theta
354,-0.008566000709689292,patient11_window16s_stride1s-epo,theta
355,-0.009836635208169592,patient11_window16s_stride1s-epo,theta
356,-0.0115433441562137,patient11_window16s_stride1s-epo,theta
357,-0.008816013624931535,patient11_window16s_stride1s-epo,theta
358,-0.00918768901993538,patient11_window16s_stride1s-epo,theta
359,-0.003652149431190084,patient11_window16s_stride1s-epo,theta
360,-0.0024902060353109044,patient11_window16s_stride1s-epo,theta
361,-0.0015997052646740595,patient11_window16s_stride1s-epo,theta
362,-0.00185069136589544,patient11_window16s_stride1s-epo,theta
363,-0.002483351002222447,patient11_window16s_stride1s-epo,theta
364,-0.002156301300868515,patient11_window16s_stride1s-epo,theta
365,-0.002939624543205697,patient11_window16s_stride1s-epo,theta
366,-0.00395971720205741,patient11_window16s_stride1s-epo,theta
367,-0.007292929264910933,patient11_window16s_stride1s-epo,theta
368,-0.004533809554182147,patient11_window16s_stride1s-epo,theta
369,-0.0037788865684978304,patient11_window16s_stride1s-epo,theta
370,-0.00552499063303257,patient11_window16s_stride1s-epo,theta
371,-0.005724914756770921,patient11_window16s_stride1s-epo,theta
372,-0.003506489162133183,patient11_window16s_stride1s-epo,theta
373,-0.004838130312529726,patient11_window16s_stride1s-epo,theta
374,-0.00495238732705136,patient11_window16s_stride1s-epo,theta
375,-0.004789279113210595,patient11_window16s_stride1s-epo,theta
376,-0.007011469537715295,patient11_window16s_stride1s-epo,theta
377,-0.008703203448496077,patient11_window16s_stride1s-epo,theta
378,-0.007984468145837791,patient11_window16s_stride1s-epo,theta
379,-0.008337017608232106,patient11_window16s_stride1s-epo,theta
380,-0.00777448982999349,patient11_window16s_stride1s-epo,theta
381,-0.00815920586876768,patient11_window16s_stride1s-epo,theta
382,-0.007080777888253619,patient11_window16s_stride1s-epo,theta
383,-0.0064770549175726,patient11_window16s_stride1s-epo,theta
384,-0.006551318623004733,patient11_window16s_stride1s-epo,theta
385,-0.006624397814605227,patient11_window16s_stride1s-epo,theta
386,-0.008369950308279219,patient11_window16s_stride1s-epo,theta
387,-0.007433892342317195,patient11_window16s_stride1s-epo,theta
388,-0.00717955515576403,patient11_window16s_stride1s-epo,theta
389,-0.0053311005168419434,patient11_window16s_stride1s-epo,theta
390,-0.0060944535025924725,patient11_window16s_stride1s-epo,theta
391,-0.006465890077315193,patient11_window16s_stride1s-epo,theta
392,-0.0057456009286423505,patient11_window16s_stride1s-epo,theta
393,-0.0066894325906348235,patient11_window16s_stride1s-epo,theta
394,-0.005585585764712662,patient11_window16s_stride1s-epo,theta
395,-0.006817595806552805,patient11_window16s_stride1s-epo,theta
396,-0.006452539354639686,patient11_window16s_stride1s-epo,theta
397,-0.006932352713143048,patient11_window16s_stride1s-epo,theta
398,-0.006404077722359833,patient11_window16s_stride1s-epo,theta
399,-0.006470083830063867,patient11_window16s_stride1s-epo,theta
400,-0.006425558355626576,patient11_window16s_stride1s-epo,theta
401,-0.004924673708051873,patient11_window16s_stride1s-epo,theta
402,-0.005010978257631528,patient11_window16s_stride1s-epo,theta
403,-0.004857138137488243,patient11_window16s_stride1s-epo,theta
404,-0.004523576231745277,patient11_window16s_stride1s-epo,theta
405,-0.003177060920090329,patient11_window16s_stride1s-epo,theta
406,-0.0015233275391601142,patient11_window16s_stride1s-epo,theta
407,-0.0004168114288908866,patient11_window16s_stride1s-epo,theta
408,-0.0046404241968498496,patient11_window16s_stride1s-epo,theta
409,-0.003100118060615957,patient11_window16s_stride1s-epo,theta
410,-0.0011968099176167509,patient11_window16s_stride1s-epo,theta
411,7.81451814415242e-05,patient11_window16s_stride1s-epo,theta
412,0.0028351762755421824,patient11_window16s_stride1s-epo,theta
413,0.002824847365790877,patient11_window16s_stride1s-epo,theta
414,0.0019743103700639673,patient11_window16s_stride1s-epo,theta
415,0.0012496424266263007,patient11_window16s_stride1s-epo,theta
416,0.0009522916047851286,patient11_window16s_stride1s-epo,theta
417,0.0001033737893251703,patient11_window16s_stride1s-epo,theta
418,-0.00207504938445524,patient11_window16s_stride1s-epo,theta
419,-0.0002523233946051923,patient11_window16s_stride1s-epo,theta
420,-0.0013333463330501226,patient11_window16s_stride1s-epo,theta
421,-0.0018344956390107423,patient11_window16s_stride1s-epo,theta
422,-0.0016051711705433382,patient11_window16s_stride1s-epo,theta
423,-0.0020112362493726822,patient11_window16s_stride1s-epo,theta
424,-0.0025611430131588374,patient11_window16s_stride1s-epo,theta
425,-0.0019753055685577496,patient11_window16s_stride1s-epo,theta
426,-0.003764207407975902,patient11_window16s_stride1s-epo,theta
427,-0.003814101353550255,patient11_window16s_stride1s-epo,theta
428,-0.00499949678534142,patient11_window16s_stride1s-epo,theta
429,-0.006114244163862833,patient11_window16s_stride1s-epo,theta
430,-0.005838118740118313,patient11_window16s_stride1s-epo,theta
431,-0.0035490447266172216,patient11_window16s_stride1s-epo,theta
432,-0.003932434590898703,patient11_window16s_stride1s-epo,theta
433,-0.006674083336282805,patient11_window16s_stride1s-epo,theta
434,-0.005103812154297629,patient11_window16s_stride1s-epo,theta
435,-0.006213650023687422,patient11_window16s_stride1s-epo,theta
436,-0.005052680669869111,patient11_window16s_stride1s-epo,theta
437,-0.004511197571681336,patient11_window16s_stride1s-epo,theta
438,-0.0063544944419553885,patient11_window16s_stride1s-epo,theta
439,-0.005906495814236485,patient11_window16s_stride1s-epo,theta
440,-0.006594157628469897,patient11_window16s_stride1s-epo,theta
441,-0.007333574430024999,patient11_window16s_stride1s-epo,theta
442,-0.006522585832575571,patient11_window16s_stride1s-epo,theta
443,-0.0059198243151892885,patient11_window16s_stride1s-epo,theta
444,-0.004372457378381041,patient11_window16s_stride1s-epo,theta
445,-0.0035942023795760454,patient11_window16s_stride1s-epo,theta
446,-0.0058167722632025244,patient11_window16s_stride1s-epo,theta
447,-0.006370436238574236,patient11_window16s_stride1s-epo,theta
448,-0.005130657206194328,patient11_window16s_stride1s-epo,theta
449,-0.0037181034878236677,patient11_window16s_stride1s-epo,theta
450,-0.003068359339854493,patient11_window16s_stride1s-epo,theta
451,-0.0017208451376102653,patient11_window16s_stride1s-epo,theta
452,-0.002126998664334287,patient11_window16s_stride1s-epo,theta
453,-0.0035446033819667012,patient11_window16s_stride1s-epo,theta
454,-0.00285098988673936,patient11_window16s_stride1s-epo,theta
455,-0.004267199907350289,patient11_window16s_stride1s-epo,theta
456,-0.0042566505956858946,patient11_window16s_stride1s-epo,theta
457,-0.0039228805411387555,patient11_window16s_stride1s-epo,theta
458,-0.003583994059298846,patient11_window16s_stride1s-epo,theta
459,-0.0033539257358213403,patient11_window16s_stride1s-epo,theta
460,-0.003171078625155137,patient11_window16s_stride1s-epo,theta
461,-0.0038005426932136445,patient11_window16s_stride1s-epo,theta
462,-0.0053584058640562225,patient11_window16s_stride1s-epo,theta
463,-0.005346340516870815,patient11_window16s_stride1s-epo,theta
464,-0.005672720139093064,patient11_window16s_stride1s-epo,theta
465,-0.005795121068922323,patient11_window16s_stride1s-epo,theta
466,-0.0054233635863701665,patient11_window16s_stride1s-epo,theta
467,-0.005704492464897689,patient11_window16s_stride1s-epo,theta
468,-0.006210348611108487,patient11_window16s_stride1s-epo,theta
469,-0.005462576291475136,patient11_window16s_stride1s-epo,theta
470,-0.002998526073511668,patient11_window16s_stride1s-epo,theta
471,-0.0027825400979903897,patient11_window16s_stride1s-epo,theta
472,-0.003057478077492762,patient11_window16s_stride1s-epo,theta
473,-0.006825372193683567,patient11_window16s_stride1s-epo,theta
474,-0.021381096140625114,patient11_window16s_stride1s-epo,theta
475,-0.030675561210384124,patient11_window16s_stride1s-epo,theta
476,-0.032509350846212405,patient11_window16s_stride1s-epo,theta
477,-0.031702511618590105,patient11_window16s_stride1s-epo,theta
478,-0.029853722915479594,patient11_window16s_stride1s-epo,theta
479,-0.03183375583514043,patient11_window16s_stride1s-epo,theta
480,-0.03304279915218741,patient11_window16s_stride1s-epo,theta
481,-0.03181305105962887,patient11_window16s_stride1s-epo,theta
482,-0.034129327692320105,patient11_window16s_stride1s-epo,theta
483,-0.0318308347676873,patient11_window16s_stride1s-epo,theta
484,-0.0325509951946238,patient11_window16s_stride1s-epo,theta
485,-0.03407885693062257,patient11_window16s_stride1s-epo,theta
486,-0.03582002038003399,patient11_window16s_stride1s-epo,theta
487,-0.035439082675314613,patient11_window16s_stride1s-epo,theta
488,-0.035843584531841804,patient11_window16s_stride1s-epo,theta
489,-0.03123953027659492,patient11_window16s_stride1s-epo,theta
490,-0.018707808670572878,patient11_window16s_stride1s-epo,theta
491,-0.010328990335240595,patient11_window16s_stride1s-epo,theta
492,-0.012751955123746871,patient11_window16s_stride1s-epo,theta
493,-0.0123950708050324,patient11_window16s_stride1s-epo,theta
494,-0.011997883955709889,patient11_window16s_stride1s-epo,theta
495,-0.012810862488067409,patient11_window16s_stride1s-epo,theta
496,-0.013041721627867897,patient11_window16s_stride1s-epo,theta
497,-0.012727605266716265,patient11_window16s_stride1s-epo,theta
498,-0.010790913648599902,patient11_window16s_stride1s-epo,theta
499,-0.011216078989816074,patient11_window16s_stride1s-epo,theta
500,-0.011296469413667281,patient11_window16s_stride1s-epo,theta
501,-0.011101375858897469,patient11_window16s_stride1s-epo,theta
502,-0.011199441891450989,patient11_window16s_stride1s-epo,theta
503,-0.009963985679487449,patient11_window16s_stride1s-epo,theta
504,-0.010349964163734413,patient11_window16s_stride1s-epo,theta
505,-0.010226324024472357,patient11_window16s_stride1s-epo,theta
506,-0.011624048121419855,patient11_window16s_stride1s-epo,theta
507,-0.012731542427344108,patient11_window16s_stride1s-epo,theta
508,-0.011268315043140357,patient11_window16s_stride1s-epo,theta
509,-0.012079437391745398,patient11_window16s_stride1s-epo,theta
510,-0.011871542843787723,patient11_window16s_stride1s-epo,theta
511,-0.010056645659826011,patient11_window16s_stride1s-epo,theta
512,-0.010919561226084305,patient11_window16s_stride1s-epo,theta
513,-0.010497936525003238,patient11_window16s_stride1s-epo,theta
514,-0.010537047148900393,patient11_window16s_stride1s-epo,theta
515,-0.010649554046417667,patient11_window16s_stride1s-epo,theta
516,-0.01053544267299871,patient11_window16s_stride1s-epo,theta
517,-0.008285018197707312,patient11_window16s_stride1s-epo,theta
518,-0.009255276613820763,patient11_window16s_stride1s-epo,theta
519,-0.010354597343140561,patient11_window16s_stride1s-epo,theta
520,-0.00989528215834609,patient11_window16s_stride1s-epo,theta
521,-0.007359199025687818,patient11_window16s_stride1s-epo,theta
522,-0.00496283991471518,patient11_window16s_stride1s-epo,theta
523,-0.0023735956180194273,patient11_window16s_stride1s-epo,theta
524,-0.002517168054147813,patient11_window16s_stride1s-epo,theta
525,-0.002535974074551461,patient11_window16s_stride1s-epo,theta
526,-0.0031672987118136807,patient11_window16s_stride1s-epo,theta
527,-0.002186146665633831,patient11_window16s_stride1s-epo,theta
528,-0.002110162129385672,patient11_window16s_stride1s-epo,theta
529,-0.004748457275699504,patient11_window16s_stride1s-epo,theta
530,-0.0031192028095811983,patient11_window16s_stride1s-epo,theta
531,-0.004753207521589494,patient11_window16s_stride1s-epo,theta
532,-0.0030156500009123044,patient11_window16s_stride1s-epo,theta
533,-0.0055197383242708755,patient11_window16s_stride1s-epo,theta
534,-0.005628204343003429,patient11_window16s_stride1s-epo,theta
535,-0.00046438030108096183,patient11_window16s_stride1s-epo,theta
536,-0.0015046718494947185,patient11_window16s_stride1s-epo,theta
537,-0.003453291849246686,patient11_window16s_stride1s-epo,theta
538,-0.0036556087755006427,patient11_window16s_stride1s-epo,theta
539,-0.006012363744176174,patient11_window16s_stride1s-epo,theta
540,-0.004274510485001704,patient11_window16s_stride1s-epo,theta
541,-0.004959942905626659,patient11_window16s_stride1s-epo,theta
542,-0.0029652693363422435,patient11_window16s_stride1s-epo,theta
543,-0.004897595845729045,patient11_window16s_stride1s-epo,theta
544,-0.0028465914685905447,patient11_window16s_stride1s-epo,theta
545,-2.7203665882103434e-05,patient11_window16s_stride1s-epo,theta
546,-0.0022054924448880794,patient11_window16s_stride1s-epo,theta
547,-0.001136033780644521,patient11_window16s_stride1s-epo,theta
548,-0.003150518929461782,patient11_window16s_stride1s-epo,theta
549,-0.003368754900662643,patient11_window16s_stride1s-epo,theta
550,-0.004423232049729873,patient11_window16s_stride1s-epo,theta
551,-0.003124530517971235,patient11_window16s_stride1s-epo,theta
552,-0.004065179336001467,patient11_window16s_stride1s-epo,theta
553,-0.0033503685820236015,patient11_window16s_stride1s-epo,theta
554,-0.002371613933628924,patient11_window16s_stride1s-epo,theta
555,-0.0018873450987406941,patient11_window16s_stride1s-epo,theta
556,-0.0016049496440634797,patient11_window16s_stride1s-epo,theta
557,-6.114819264346356e-05,patient11_window16s_stride1s-epo,theta
558,-0.0021926696429054,patient11_window16s_stride1s-epo,theta
559,-0.002774755102791262,patient11_window16s_stride1s-epo,theta
560,-0.00013081626206611904,patient11_window16s_stride1s-epo,theta
561,-0.0018560621990596192,patient11_window16s_stride1s-epo,theta
562,-0.0015555402377638152,patient11_window16s_stride1s-epo,theta
563,-0.0011036704058656876,patient11_window16s_stride1s-epo,theta
564,0.0007118023730199793,patient11_window16s_stride1s-epo,theta
565,0.0012762277353360108,patient11_window16s_stride1s-epo,theta
566,0.004380439936714013,patient11_window16s_stride1s-epo,theta
567,0.0031712268613089674,patient11_window16s_stride1s-epo,theta
568,0.0020598098181074096,patient11_window16s_stride1s-epo,theta
569,0.0033718862059946174,patient11_window16s_stride1s-epo,theta
570,-0.0010177918144346786,patient11_window16s_stride1s-epo,theta
571,-1.834704235101999e-05,patient11_window16s_stride1s-epo,theta
572,-0.001335689617548391,patient11_window16s_stride1s-epo,theta
573,-0.0029675954275814017,patient11_window16s_stride1s-epo,theta
574,-0.0027478586884848136,patient11_window16s_stride1s-epo,theta
575,-0.0004690413116756345,patient11_window16s_stride1s-epo,theta
576,-0.0005504984391187916,patient11_window16s_stride1s-epo,theta
577,-0.0016589528622653073,patient11_window16s_stride1s-epo,theta
578,-0.0029659254549840104,patient11_window16s_stride1s-epo,theta
579,-0.002500227104086057,patient11_window16s_stride1s-epo,theta
580,-0.005502504672294002,patient11_window16s_stride1s-epo,theta
581,-0.00718871276633076,patient11_window16s_stride1s-epo,theta
582,-0.006788028687795836,patient11_window16s_stride1s-epo,theta
583,-0.007084172297868313,patient11_window16s_stride1s-epo,theta
584,-0.00615448434302852,patient11_window16s_stride1s-epo,theta
585,-0.0059986926964645405,patient11_window16s_stride1s-epo,theta
586,-0.00473449619721774,patient11_window16s_stride1s-epo,theta
587,-0.0043139542730233,patient11_window16s_stride1s-epo,theta
588,-0.0037325369335905255,patient11_window16s_stride1s-epo,theta
589,-0.00011575697498169313,patient11_window16s_stride1s-epo,theta
590,-0.00045447687178145507,patient11_window16s_stride1s-epo,theta
591,-0.0021192633949756253,patient11_window16s_stride1s-epo,theta
592,-0.0009379101454304744,patient11_window16s_stride1s-epo,theta
593,0.0015604702444162039,patient11_window16s_stride1s-epo,theta
594,0.0006195416132724785,patient11_window16s_stride1s-epo,theta
595,0.001482938992252267,patient11_window16s_stride1s-epo,theta
596,0.0010111194183149179,patient11_window16s_stride1s-epo,theta
597,0.0005404542014223661,patient11_window16s_stride1s-epo,theta
598,-0.00018270884336940636,patient11_window16s_stride1s-epo,theta
599,0.00010410264071449821,patient11_window16s_stride1s-epo,theta
600,-0.0012178362054094728,patient11_window16s_stride1s-epo,theta
601,-0.0024307123769175022,patient11_window16s_stride1s-epo,theta
602,-0.0031139662000645753,patient11_window16s_stride1s-epo,theta
603,-0.004345556827074301,patient11_window16s_stride1s-epo,theta
604,-0.005571843822437297,patient11_window16s_stride1s-epo,theta
605,-0.00605298645216911,patient11_window16s_stride1s-epo,theta
606,-0.005435018821403419,patient11_window16s_stride1s-epo,theta
607,-0.005905068157764874,patient11_window16s_stride1s-epo,theta
608,-0.00546499334277148,patient11_window16s_stride1s-epo,theta
609,-0.005149129790396342,patient11_window16s_stride1s-epo,theta
610,-0.0046857310012023675,patient11_window16s_stride1s-epo,theta
611,-0.0047752981564435975,patient11_window16s_stride1s-epo,theta
612,-0.00367154178974648,patient11_window16s_stride1s-epo,theta
613,-0.0047395542491549675,patient11_window16s_stride1s-epo,theta
614,-0.0029388342194089445,patient11_window16s_stride1s-epo,theta
615,-0.0032155327635442705,patient11_window16s_stride1s-epo,theta
616,-0.0025712706511894475,patient11_window16s_stride1s-epo,theta
617,-0.001875882046845128,patient11_window16s_stride1s-epo,theta
618,-0.002142623788077574,patient11_window16s_stride1s-epo,theta
619,-0.0018769089718928336,patient11_window16s_stride1s-epo,theta
620,-0.002152091928225235,patient11_window16s_stride1s-epo,theta
621,-0.0007570047265491697,patient11_window16s_stride1s-epo,theta
622,-0.0015564841795125905,patient11_window16s_stride1s-epo,theta
623,-0.00018303268850830673,patient11_window16s_stride1s-epo,theta
624,1.0045492959232795e-05,patient11_window16s_stride1s-epo,theta
625,-0.002528104127544027,patient11_window16s_stride1s-epo,theta
626,-0.0040413861883524934,patient11_window16s_stride1s-epo,theta
627,-0.0016862401136618214,patient11_window16s_stride1s-epo,theta
628,-0.0020774168090357537,patient11_window16s_stride1s-epo,theta
629,-0.003788219189448469,patient11_window16s_stride1s-epo,theta
630,-0.0033045282478108115,patient11_window16s_stride1s-epo,theta
631,-0.004629123106202929,patient11_window16s_stride1s-epo,theta
632,-0.003987891370036422,patient11_window16s_stride1s-epo,theta
633,-0.004811101437145028,patient11_window16s_stride1s-epo,theta
634,-0.0037263491743877225,patient11_window16s_stride1s-epo,theta
635,-0.005415166699311717,patient11_window16s_stride1s-epo,theta
636,-0.005784293092074341,patient11_window16s_stride1s-epo,theta
637,-0.007746270704370366,patient11_window16s_stride1s-epo,theta
638,-0.006416731008329093,patient11_window16s_stride1s-epo,theta
639,-0.007695783819846688,patient11_window16s_stride1s-epo,theta
640,-0.0040178664966670505,patient11_window16s_stride1s-epo,theta
641,-0.0023770566700466343,patient11_window16s_stride1s-epo,theta
642,-0.0018604936037580617,patient11_window16s_stride1s-epo,theta
643,-0.0018796631057218056,patient11_window16s_stride1s-epo,theta
644,-0.0016009842592178863,patient11_window16s_stride1s-epo,theta
645,-5.393566069051758e-05,patient11_window16s_stride1s-epo,theta
646,0.0016785861772059254,patient11_window16s_stride1s-epo,theta
647,-4.272745409637439e-05,patient11_window16s_stride1s-epo,theta
648,-4.043512202666664e-06,patient11_window16s_stride1s-epo,theta
649,-5.6119740247943234e-05,patient11_window16s_stride1s-epo,theta
650,-0.0012837242188728467,patient11_window16s_stride1s-epo,theta
651,-0.00034725096319912475,patient11_window16s_stride1s-epo,theta
652,-0.0016861947478831742,patient11_window16s_stride1s-epo,theta
653,-0.00029220983293785354,patient11_window16s_stride1s-epo,theta
654,0.0001748230708374799,patient11_window16s_stride1s-epo,theta
655,-0.003764810386449829,patient11_window16s_stride1s-epo,theta
656,-0.00495988291106219,patient11_window16s_stride1s-epo,theta
657,-0.007319897438794305,patient11_window16s_stride1s-epo,theta
658,-0.008926503695711496,patient11_window16s_stride1s-epo,theta
659,-0.009319560169206324,patient11_window16s_stride1s-epo,theta
660,-0.010610916762093171,patient11_window16s_stride1s-epo,theta
661,-0.010909656648823537,patient11_window16s_stride1s-epo,theta
662,-0.011491774576129784,patient11_window16s_stride1s-epo,theta
663,-0.01089846558468432,patient11_window16s_stride1s-epo,theta
664,-0.009920388840830111,patient11_window16s_stride1s-epo,theta
665,-0.010085832949798207,patient11_window16s_stride1s-epo,theta
666,-0.007416932320031709,patient11_window16s_stride1s-epo,theta
667,-0.006010287825232918,patient11_window16s_stride1s-epo,theta
668,-0.004690057040432446,patient11_window16s_stride1s-epo,theta
669,-0.00429289907409701,patient11_window16s_stride1s-epo,theta
670,-0.0030840882354332614,patient11_window16s_stride1s-epo,theta
671,-0.0007888259045082024,patient11_window16s_stride1s-epo,theta
672,0.00095446181885,patient11_window16s_stride1s-epo,theta
673,0.004047288823966262,patient11_window16s_stride1s-epo,theta
674,0.006728002533881549,patient11_window16s_stride1s-epo,theta
675,0.005788705672440759,patient11_window16s_stride1s-epo,theta
676,0.003164165642211913,patient11_window16s_stride1s-epo,theta
677,0.003140549429529038,patient11_window16s_stride1s-epo,theta
678,0.003434883760529873,patient11_window16s_stride1s-epo,theta
679,0.0031194809167618236,patient11_window16s_stride1s-epo,theta
680,0.0056311691290394815,patient11_window16s_stride1s-epo,theta
681,0.002628371704255808,patient11_window16s_stride1s-epo,theta
682,0.0032334720349808553,patient11_window16s_stride1s-epo,theta
683,0.000878886747701317,patient11_window16s_stride1s-epo,theta
684,-0.0002718761211577481,patient11_window16s_stride1s-epo,theta
685,-0.000534862120990081,patient11_window16s_stride1s-epo,theta
686,-0.002252233939179101,patient11_window16s_stride1s-epo,theta
687,-0.0017514987718234168,patient11_window16s_stride1s-epo,theta
688,-0.002217890162812512,patient11_window16s_stride1s-epo,theta
689,-0.002241612570675792,patient11_window16s_stride1s-epo,theta
690,-0.003747438070401529,patient11_window16s_stride1s-epo,theta
691,-0.004131837936431576,patient11_window16s_stride1s-epo,theta
692,-0.003317949167908044,patient11_window16s_stride1s-epo,theta
693,-0.006236293947607851,patient11_window16s_stride1s-epo,theta
694,-0.004938754588799642,patient11_window16s_stride1s-epo,theta
695,-0.00360927843175251,patient11_window16s_stride1s-epo,theta
696,-0.0034289513045342368,patient11_window16s_stride1s-epo,theta
697,-0.0029039312804003967,patient11_window16s_stride1s-epo,theta
698,-0.004243086948547348,patient11_window16s_stride1s-epo,theta
699,-0.0038535936017458938,patient11_window16s_stride1s-epo,theta
700,-0.00420397428755715,patient11_window16s_stride1s-epo,theta
701,-0.0021099163975400164,patient11_window16s_stride1s-epo,theta
702,-0.0022296843372240586,patient11_window16s_stride1s-epo,theta
703,-0.00383860683412574,patient11_window16s_stride1s-epo,theta
704,-0.0038496797217676183,patient11_window16s_stride1s-epo,theta
705,-0.003007502273080498,patient11_window16s_stride1s-epo,theta
706,-0.002454991038980528,patient11_window16s_stride1s-epo,theta
707,-0.00194561058046026,patient11_window16s_stride1s-epo,theta
708,-0.0036357448454150953,patient11_window16s_stride1s-epo,theta
709,-0.0025861401531153782,patient11_window16s_stride1s-epo,theta
710,-0.003570003623922623,patient11_window16s_stride1s-epo,theta
711,-0.0013635106342449375,patient11_window16s_stride1s-epo,theta
712,-0.0015148771456089402,patient11_window16s_stride1s-epo,theta
713,-0.002703814026806329,patient11_window16s_stride1s-epo,theta
714,-0.003223135252742353,patient11_window16s_stride1s-epo,theta
715,-0.0022344790146318553,patient11_window16s_stride1s-epo,theta
716,-0.0033639605116630583,patient11_window16s_stride1s-epo,theta
717,-0.002939574559834644,patient11_window16s_stride1s-epo,theta
718,-0.00559305592044944,patient11_window16s_stride1s-epo,theta
719,-0.005743975037316399,patient11_window16s_stride1s-epo,theta
720,-0.003729671254439533,patient11_window16s_stride1s-epo,theta
721,-0.0022456207548662683,patient11_window16s_stride1s-epo,theta
722,-0.003124921547668244,patient11_window16s_stride1s-epo,theta
723,-0.002589055970934019,patient11_window16s_stride1s-epo,theta
724,-0.0022423602577367357,patient11_window16s_stride1s-epo,theta
725,-0.0018743048672430148,patient11_window16s_stride1s-epo,theta
726,-0.0034101143420237796,patient11_window16s_stride1s-epo,theta
727,-0.004903756109143297,patient11_window16s_stride1s-epo,theta
728,-0.005044497478041085,patient11_window16s_stride1s-epo,theta
729,-0.0051979606374476794,patient11_window16s_stride1s-epo,theta
730,-0.004336846416276199,patient11_window16s_stride1s-epo,theta
731,-0.006016682572798001,patient11_window16s_stride1s-epo,theta
732,-0.006018969575769401,patient11_window16s_stride1s-epo,theta
733,-0.005200461041924847,patient11_window16s_stride1s-epo,theta
734,-0.0025838010288659705,patient11_window16s_stride1s-epo,theta
735,-0.001859771676222446,patient11_window16s_stride1s-epo,theta
736,-0.0026430972488743635,patient11_window16s_stride1s-epo,theta
737,-0.00441006294068195,patient11_window16s_stride1s-epo,theta
738,-0.004036514686599519,patient11_window16s_stride1s-epo,theta
739,-0.003164063305722939,patient11_window16s_stride1s-epo,theta
740,-0.0038017626728564092,patient11_window16s_stride1s-epo,theta
741,-0.005069791896768516,patient11_window16s_stride1s-epo,theta
742,-0.004665671441402878,patient11_window16s_stride1s-epo,theta
743,-0.004598678829739493,patient11_window16s_stride1s-epo,theta
744,-0.0030348436479436178,patient11_window16s_stride1s-epo,theta
745,-0.004499385672901193,patient11_window16s_stride1s-epo,theta
746,-0.006001397416599822,patient11_window16s_stride1s-epo,theta
747,-0.006521364951717146,patient11_window16s_stride1s-epo,theta
748,-0.0068321583299028234,patient11_window16s_stride1s-epo,theta
749,-0.009145048109686986,patient11_window16s_stride1s-epo,theta
750,-0.008007933599111146,patient11_window16s_stride1s-epo,theta
751,-0.007785041087679686,patient11_window16s_stride1s-epo,theta
752,-0.006998552198955017,patient11_window16s_stride1s-epo,theta
753,-0.0042607650367280855,patient11_window16s_stride1s-epo,theta
754,-0.0037847234166234695,patient11_window16s_stride1s-epo,theta
755,-0.005694061953885289,patient11_window16s_stride1s-epo,theta
756,-0.004892553724231795,patient11_window16s_stride1s-epo,theta
757,-0.00382313695499033,patient11_window16s_stride1s-epo,theta
758,-0.004913004999904481,patient11_window16s_stride1s-epo,theta
759,-0.007663042400519035,patient11_window16s_stride1s-epo,theta
760,-0.007193977831417189,patient11_window16s_stride1s-epo,theta
761,-0.0059635959832670445,patient11_window16s_stride1s-epo,theta
762,-0.008057093579743591,patient11_window16s_stride1s-epo,theta
763,-0.006432728693312642,patient11_window16s_stride1s-epo,theta
764,-0.004740910257429415,patient11_window16s_stride1s-epo,theta
765,-0.005617459349357191,patient11_window16s_stride1s-epo,theta
766,-0.006301873373089707,patient11_window16s_stride1s-epo,theta
767,-0.005831759896343237,patient11_window16s_stride1s-epo,theta
768,-0.006252957226315133,patient11_window16s_stride1s-epo,theta
769,-0.005793551169837882,patient11_window16s_stride1s-epo,theta
770,-0.006053247281265481,patient11_window16s_stride1s-epo,theta
771,-0.008438755757228782,patient11_window16s_stride1s-epo,theta
772,-0.009799850058384787,patient11_window16s_stride1s-epo,theta
773,-0.010113620184594043,patient11_window16s_stride1s-epo,theta
774,-0.010085925354388528,patient11_window16s_stride1s-epo,theta
775,-0.00738957149412821,patient11_window16s_stride1s-epo,theta
776,-0.006025510845273644,patient11_window16s_stride1s-epo,theta
777,-0.006666520674297937,patient11_window16s_stride1s-epo,theta
778,-0.004406748517112215,patient11_window16s_stride1s-epo,theta
779,-0.004233142101951423,patient11_window16s_stride1s-epo,theta
780,-0.003960789076412667,patient11_window16s_stride1s-epo,theta
781,-0.0030376059312958574,patient11_window16s_stride1s-epo,theta
782,-0.004200957085890499,patient11_window16s_stride1s-epo,theta
783,-0.0043684631566938865,patient11_window16s_stride1s-epo,theta
784,-0.003732695445635766,patient11_window16s_stride1s-epo,theta
785,-0.002499102369187809,patient11_window16s_stride1s-epo,theta
786,-0.0017864955102679903,patient11_window16s_stride1s-epo,theta
787,-0.0021360122341497387,patient11_window16s_stride1s-epo,theta
788,-0.0012172813733533217,patient11_window16s_stride1s-epo,theta
789,-0.0014608305217276693,patient11_window16s_stride1s-epo,theta
790,-0.0007307008557438621,patient11_window16s_stride1s-epo,theta
791,-0.0017895908843715328,patient11_window16s_stride1s-epo,theta
792,-0.003330230960353276,patient11_window16s_stride1s-epo,theta
793,-0.003205132727803977,patient11_window16s_stride1s-epo,theta
794,-0.0026028537187358825,patient11_window16s_stride1s-epo,theta
795,-0.0023305511326781932,patient11_window16s_stride1s-epo,theta
796,-0.002648482552851529,patient11_window16s_stride1s-epo,theta
797,-0.002393305949147428,patient11_window16s_stride1s-epo,theta
798,-0.0022176323395071518,patient11_window16s_stride1s-epo,theta
799,-0.0016670668770845387,patient11_window16s_stride1s-epo,theta
800,-0.0018831916745464877,patient11_window16s_stride1s-epo,theta
801,-0.0020379201871579132,patient11_window16s_stride1s-epo,theta
802,-0.004411008317953233,patient11_window16s_stride1s-epo,theta
803,-0.004891229837642158,patient11_window16s_stride1s-epo,theta
804,-0.0039220977140969025,patient11_window16s_stride1s-epo,theta
805,-0.002529464964418566,patient11_window16s_stride1s-epo,theta
806,-0.0032145939834449687,patient11_window16s_stride1s-epo,theta
807,-0.0025514608946428817,patient11_window16s_stride1s-epo,theta
808,-0.001411105617355515,patient11_window16s_stride1s-epo,theta
809,-0.0017505925401428049,patient11_window16s_stride1s-epo,theta
810,0.00046653726745848054,patient11_window16s_stride1s-epo,theta
811,-0.003577920682646156,patient11_window16s_stride1s-epo,theta
812,-0.0018762979898576569,patient11_window16s_stride1s-epo,theta
813,-0.002001201482121282,patient11_window16s_stride1s-epo,theta
814,-0.0013421738214820975,patient11_window16s_stride1s-epo,theta
815,0.00020135884902538275,patient11_window16s_stride1s-epo,theta
816,0.001959321236121403,patient11_window16s_stride1s-epo,theta
817,0.0012805231738337187,patient11_window16s_stride1s-epo,theta
818,0.0028976492911085626,patient11_window16s_stride1s-epo,theta
819,0.0017471570451078945,patient11_window16s_stride1s-epo,theta
820,0.0011776754975558075,patient11_window16s_stride1s-epo,theta
821,0.0016403880150523019,patient11_window16s_stride1s-epo,theta
822,-0.0015845654434528149,patient11_window16s_stride1s-epo,theta
823,-0.0033052419026124414,patient11_window16s_stride1s-epo,theta
824,-0.003625363447795033,patient11_window16s_stride1s-epo,theta
825,-0.0040279329776687165,patient11_window16s_stride1s-epo,theta
826,-0.0037563232473098317,patient11_window16s_stride1s-epo,theta
827,-0.0026515743624867852,patient11_window16s_stride1s-epo,theta
828,-0.001253984057299617,patient11_window16s_stride1s-epo,theta
829,0.00031130153694824996,patient11_window16s_stride1s-epo,theta
830,-0.00035616702488717116,patient11_window16s_stride1s-epo,theta
831,-0.0023585341415111225,patient11_window16s_stride1s-epo,theta
832,-0.00482226245770697,patient11_window16s_stride1s-epo,theta
833,-0.005463458545457465,patient11_window16s_stride1s-epo,theta
834,-0.006401714678351511,patient11_window16s_stride1s-epo,theta
835,-0.005463181117707391,patient11_window16s_stride1s-epo,theta
836,-0.005293341884360358,patient11_window16s_stride1s-epo,theta
837,-0.006881222747073214,patient11_window16s_stride1s-epo,theta
838,-0.005080789354227341,patient11_window16s_stride1s-epo,theta
839,-0.004575572054102795,patient11_window16s_stride1s-epo,theta
840,-0.004706175072098757,patient11_window16s_stride1s-epo,theta
841,-0.007463009003277577,patient11_window16s_stride1s-epo,theta
842,-0.007764163204692247,patient11_window16s_stride1s-epo,theta
843,-0.008949171171251971,patient11_window16s_stride1s-epo,theta
844,-0.008574862853793412,patient11_window16s_stride1s-epo,theta
845,-0.008290471196329703,patient11_window16s_stride1s-epo,theta
846,-0.008950211863148568,patient11_window16s_stride1s-epo,theta
847,-0.009214034704795579,patient11_window16s_stride1s-epo,theta
848,-0.010007182910148434,patient11_window16s_stride1s-epo,theta
849,-0.0081075888130137,patient11_window16s_stride1s-epo,theta
850,-0.008733351370476206,patient11_window16s_stride1s-epo,theta
851,-0.007466600653335661,patient11_window16s_stride1s-epo,theta
852,-0.010587909504336605,patient11_window16s_stride1s-epo,theta
853,-0.007279608729590986,patient11_window16s_stride1s-epo,theta
854,-0.006525876649070436,patient11_window16s_stride1s-epo,theta
855,-0.00612543131995426,patient11_window16s_stride1s-epo,theta
856,-0.007220579383304481,patient11_window16s_stride1s-epo,theta
857,-0.0046096986645519505,patient11_window16s_stride1s-epo,theta
858,-0.00479274566243879,patient11_window16s_stride1s-epo,theta
859,-0.003461162523499291,patient11_window16s_stride1s-epo,theta
860,-0.003678971353098127,patient11_window16s_stride1s-epo,theta
861,-0.004168536865607441,patient11_window16s_stride1s-epo,theta
862,-0.0035544891494389795,patient11_window16s_stride1s-epo,theta
863,-0.0026399106676616344,patient11_window16s_stride1s-epo,theta
864,-0.0040514313332254605,patient11_window16s_stride1s-epo,theta
865,-0.002335904755118667,patient11_window16s_stride1s-epo,theta
866,-0.0033586894466995057,patient11_window16s_stride1s-epo,theta
867,-0.004080761310989038,patient11_window16s_stride1s-epo,theta
868,-0.004265822432100066,patient11_window16s_stride1s-epo,theta
869,-0.003271662783373469,patient11_window16s_stride1s-epo,theta
870,-0.0030976696450036438,patient11_window16s_stride1s-epo,theta
871,-0.0021485871961185433,patient11_window16s_stride1s-epo,theta
872,-0.0024093411766328682,patient11_window16s_stride1s-epo,theta
873,-0.001939152468750579,patient11_window16s_stride1s-epo,theta
874,-0.005531065013305416,patient11_window16s_stride1s-epo,theta
875,-0.005125074621304906,patient11_window16s_stride1s-epo,theta
876,-0.003819696793052869,patient11_window16s_stride1s-epo,theta
877,-0.00349648742261909,patient11_window16s_stride1s-epo,theta
878,-0.00208438981283967,patient11_window16s_stride1s-epo,theta
879,-0.0034796081634637806,patient11_window16s_stride1s-epo,theta
880,-0.0027896304290606134,patient11_window16s_stride1s-epo,theta
881,-0.002708665977262574,patient11_window16s_stride1s-epo,theta
882,-0.0008145639891272118,patient11_window16s_stride1s-epo,theta
883,-0.001576399204572455,patient11_window16s_stride1s-epo,theta
884,-0.002494476398519919,patient11_window16s_stride1s-epo,theta
885,-0.0030201942454371037,patient11_window16s_stride1s-epo,theta
886,-0.0015189082837114678,patient11_window16s_stride1s-epo,theta
887,-0.0016274790816622163,patient11_window16s_stride1s-epo,theta
888,-0.002664203384765088,patient11_window16s_stride1s-epo,theta
889,-0.001978142958021677,patient11_window16s_stride1s-epo,theta
890,-0.001935581390929456,patient11_window16s_stride1s-epo,theta
891,-0.001831698394111741,patient11_window16s_stride1s-epo,theta
892,-0.004855133148354088,patient11_window16s_stride1s-epo,theta
893,-0.005133128875510497,patient11_window16s_stride1s-epo,theta
894,-0.003653714318718022,patient11_window16s_stride1s-epo,theta
895,-0.001472859729978231,patient11_window16s_stride1s-epo,theta
896,-0.0009934588261048742,patient11_window16s_stride1s-epo,theta
897,-0.0006374449006218976,patient11_window16s_stride1s-epo,theta
898,-0.00176973025576263,patient11_window16s_stride1s-epo,theta
899,-0.0016517421744924104,patient11_window16s_stride1s-epo,theta
900,-0.0021867131938602155,patient11_window16s_stride1s-epo,theta
901,-0.003480181076640095,patient11_window16s_stride1s-epo,theta
902,-0.002043465251553754,patient11_window16s_stride1s-epo,theta
903,-0.0036564801063158217,patient11_window16s_stride1s-epo,theta
904,-0.004179436359545008,patient11_window16s_stride1s-epo,theta
905,-0.003805444734237053,patient11_window16s_stride1s-epo,theta
906,-0.004201302671761636,patient11_window16s_stride1s-epo,theta
907,-0.003108894714549172,patient11_window16s_stride1s-epo,theta
908,-0.001807083677386289,patient11_window16s_stride1s-epo,theta
909,-0.001561881719284824,patient11_window16s_stride1s-epo,theta
910,-0.00199300606810343,patient11_window16s_stride1s-epo,theta
911,-0.0044786910320818865,patient11_window16s_stride1s-epo,theta
912,-0.005016686172462548,patient11_window16s_stride1s-epo,theta
913,-0.005502267188643903,patient11_window16s_stride1s-epo,theta
914,-0.005331905522095764,patient11_window16s_stride1s-epo,theta
915,-0.004802414145582353,patient11_window16s_stride1s-epo,theta
916,-0.004331120965610606,patient11_window16s_stride1s-epo,theta
917,-0.002406161129704076,patient11_window16s_stride1s-epo,theta
918,-0.002854328432896237,patient11_window16s_stride1s-epo,theta
919,-0.0030995939055256344,patient11_window16s_stride1s-epo,theta
920,-0.0037248781239986595,patient11_window16s_stride1s-epo,theta
921,-0.0031857708918014743,patient11_window16s_stride1s-epo,theta
922,-0.0011406578522759597,patient11_window16s_stride1s-epo,theta
923,-0.0022899654299297404,patient11_window16s_stride1s-epo,theta
924,-0.002440896308077094,patient11_window16s_stride1s-epo,theta
925,-0.003570513803521551,patient11_window16s_stride1s-epo,theta
926,-0.002250516002586819,patient11_window16s_stride1s-epo,theta
927,-0.0029703565856072844,patient11_window16s_stride1s-epo,theta
928,-0.0023298552057075105,patient11_window16s_stride1s-epo,theta
929,0.00012975836614487638,patient11_window16s_stride1s-epo,theta
930,-0.0002473029016127292,patient11_window16s_stride1s-epo,theta
931,-0.0010443402621115065,patient11_window16s_stride1s-epo,theta
932,0.0004262006757431059,patient11_window16s_stride1s-epo,theta
933,-0.00124328017276015,patient11_window16s_stride1s-epo,theta
934,-0.002055279909814341,patient11_window16s_stride1s-epo,theta
935,-0.0008758382423043838,patient11_window16s_stride1s-epo,theta
936,-0.0006325106562079998,patient11_window16s_stride1s-epo,theta
937,-0.0013364282085841699,patient11_window16s_stride1s-epo,theta
938,-0.0009541023058069194,patient11_window16s_stride1s-epo,theta
939,-0.001131068056708592,patient11_window16s_stride1s-epo,theta
940,-0.0022429382252151854,patient11_window16s_stride1s-epo,theta
941,-0.002278330425895532,patient11_window16s_stride1s-epo,theta
942,-0.002997708208527522,patient11_window16s_stride1s-epo,theta
943,-0.002683499025562183,patient11_window16s_stride1s-epo,theta
944,-0.004363784254083509,patient11_window16s_stride1s-epo,theta
945,-0.004864626065263439,patient11_window16s_stride1s-epo,theta
946,-0.006236080175571455,patient11_window16s_stride1s-epo,theta
947,-0.007589881017672647,patient11_window16s_stride1s-epo,theta
948,-0.007338262199770164,patient11_window16s_stride1s-epo,theta
949,-0.007887445973142105,patient11_window16s_stride1s-epo,theta
950,-0.007136949967578709,patient11_window16s_stride1s-epo,theta
951,-0.005274931391513703,patient11_window16s_stride1s-epo,theta
952,-0.004721443093435285,patient11_window16s_stride1s-epo,theta
953,-0.004785500447680863,patient11_window16s_stride1s-epo,theta
954,-0.004888405337497247,patient11_window16s_stride1s-epo,theta
955,-0.00273881394713643,patient11_window16s_stride1s-epo,theta
956,-0.0006008774289774957,patient11_window16s_stride1s-epo,theta
957,-0.00033705992491008045,patient11_window16s_stride1s-epo,theta
958,0.002286024541271709,patient11_window16s_stride1s-epo,theta
959,0.0016336949273347042,patient11_window16s_stride1s-epo,theta
960,0.0007515216988068818,patient11_window16s_stride1s-epo,theta
961,0.0010186784454260386,patient11_window16s_stride1s-epo,theta
962,0.0019034555539067467,patient11_window16s_stride1s-epo,theta
963,0.0007235413043570582,patient11_window16s_stride1s-epo,theta
964,-0.001917544107408275,patient11_window16s_stride1s-epo,theta
965,-0.0019282572675802182,patient11_window16s_stride1s-epo,theta
966,-0.0036308145096735026,patient11_window16s_stride1s-epo,theta
967,-0.00399395693832383,patient11_window16s_stride1s-epo,theta
968,-0.00320691580875813,patient11_window16s_stride1s-epo,theta
969,-0.004157007158976398,patient11_window16s_stride1s-epo,theta
970,-0.00570076227629864,patient11_window16s_stride1s-epo,theta
971,-0.005543066344863597,patient11_window16s_stride1s-epo,theta
972,-0.005275483448512371,patient11_window16s_stride1s-epo,theta
973,-0.007178573559346202,patient11_window16s_stride1s-epo,theta
974,-0.007818789284894167,patient11_window16s_stride1s-epo,theta
975,-0.006632271676999062,patient11_window16s_stride1s-epo,theta
976,-0.006736028789128351,patient11_window16s_stride1s-epo,theta
977,-0.0064431142025343216,patient11_window16s_stride1s-epo,theta
978,-0.005601993734654274,patient11_window16s_stride1s-epo,theta
979,-0.0047153212758576845,patient11_window16s_stride1s-epo,theta
980,-0.0034393991368346128,patient11_window16s_stride1s-epo,theta
981,-0.004414405220114549,patient11_window16s_stride1s-epo,theta
982,-0.003989882957843329,patient11_window16s_stride1s-epo,theta
983,-0.003569642579992309,patient11_window16s_stride1s-epo,theta
984,-0.004681549618665137,patient11_window16s_stride1s-epo,theta
985,-0.0015804103625131549,patient11_window16s_stride1s-epo,theta
986,-0.0015520391280734853,patient11_window16s_stride1s-epo,theta
987,-0.002082892197985984,patient11_window16s_stride1s-epo,theta
988,-0.003944386545559274,patient11_window16s_stride1s-epo,theta
989,-0.0030157632120853192,patient11_window16s_stride1s-epo,theta
990,-0.0034171344928758287,patient11_window16s_stride1s-epo,theta
991,-0.003424194635744052,patient11_window16s_stride1s-epo,theta
992,-0.00448774892076635,patient11_window16s_stride1s-epo,theta
993,-0.003098292773834052,patient11_window16s_stride1s-epo,theta
994,-0.005366872228743952,patient11_window16s_stride1s-epo,theta
995,-0.004845053278123979,patient11_window16s_stride1s-epo,theta
996,-0.005529560444559203,patient11_window16s_stride1s-epo,theta
997,-0.003383287466313675,patient11_window16s_stride1s-epo,theta
998,-0.0018802640709523134,patient11_window16s_stride1s-epo,theta
999,-0.002544714005920489,patient11_window16s_stride1s-epo,theta
1000,-0.002018677707800208,patient11_window16s_stride1s-epo,theta
1001,-0.003950499859302403,patient11_window16s_stride1s-epo,theta
1002,-0.003359083861537786,patient11_window16s_stride1s-epo,theta
1003,-0.00225722051498648,patient11_window16s_stride1s-epo,theta
1004,-0.0030120114525595204,patient11_window16s_stride1s-epo,theta
1005,-0.003837582116683314,patient11_window16s_stride1s-epo,theta
1006,-0.002499912057433439,patient11_window16s_stride1s-epo,theta
1007,-0.001697412038556769,patient11_window16s_stride1s-epo,theta
1008,-0.0022899306970750283,patient11_window16s_stride1s-epo,theta
1009,-0.0030970995552909563,patient11_window16s_stride1s-epo,theta
1010,-0.00332212951880785,patient11_window16s_stride1s-epo,theta
1011,-0.0031537152697766325,patient11_window16s_stride1s-epo,theta
1012,-0.0035405516742018505,patient11_window16s_stride1s-epo,theta
1013,-0.003271348635778259,patient11_window16s_stride1s-epo,theta
1014,-0.0025664410794165172,patient11_window16s_stride1s-epo,theta
1015,-0.003775152089265723,patient11_window16s_stride1s-epo,theta
1016,-0.005110101552148002,patient11_window16s_stride1s-epo,theta
1017,-0.005141534943055325,patient11_window16s_stride1s-epo,theta
1018,-0.004623025405133339,patient11_window16s_stride1s-epo,theta
1019,-0.004559027992642962,patient11_window16s_stride1s-epo,theta
1020,-0.004159799394324412,patient11_window16s_stride1s-epo,theta
1021,-0.0038008534449786367,patient11_window16s_stride1s-epo,theta
1022,-0.002153701485407066,patient11_window16s_stride1s-epo,theta
1023,-0.002193452689081266,patient11_window16s_stride1s-epo,theta
1024,-0.0005162084268196036,patient11_window16s_stride1s-epo,theta
1025,-0.00019786345437675608,patient11_window16s_stride1s-epo,theta
1026,-0.00045138858821098567,patient11_window16s_stride1s-epo,theta
1027,-0.0003460864038491946,patient11_window16s_stride1s-epo,theta
1028,0.0011352785228295804,patient11_window16s_stride1s-epo,theta
1029,0.0009913292530386434,patient11_window16s_stride1s-epo,theta
1030,-0.0010573955456133972,patient11_window16s_stride1s-epo,theta
1031,-0.00028519758009049176,patient11_window16s_stride1s-epo,theta
1032,-0.001549769979127368,patient11_window16s_stride1s-epo,theta
1033,-0.0040763229554676315,patient11_window16s_stride1s-epo,theta
1034,-0.004066157834628893,patient11_window16s_stride1s-epo,theta
1035,-0.006941079985049545,patient11_window16s_stride1s-epo,theta
1036,-0.008565534716255591,patient11_window16s_stride1s-epo,theta
1037,-0.008487018261733233,patient11_window16s_stride1s-epo,theta
1038,-0.0090051427371197,patient11_window16s_stride1s-epo,theta
1039,-0.009025201366416796,patient11_window16s_stride1s-epo,theta
1040,-0.007619721984479032,patient11_window16s_stride1s-epo,theta
1041,-0.0069743635159395904,patient11_window16s_stride1s-epo,theta
1042,-0.008037474323446593,patient11_window16s_stride1s-epo,theta
1043,-0.0067488180908086715,patient11_window16s_stride1s-epo,theta
1044,-0.008039724578026087,patient11_window16s_stride1s-epo,theta
1045,-0.006600677738205068,patient11_window16s_stride1s-epo,theta
1046,-0.006384774052841636,patient11_window16s_stride1s-epo,theta
1047,-0.005587126708090968,patient11_window16s_stride1s-epo,theta
1048,-0.006387477189265829,patient11_window16s_stride1s-epo,theta
1049,-0.005417041189853083,patient11_window16s_stride1s-epo,theta
1050,-0.004375671167086659,patient11_window16s_stride1s-epo,theta
1051,-0.0017332059854650217,patient11_window16s_stride1s-epo,theta
1052,0.0005997510152643701,patient11_window16s_stride1s-epo,theta
1053,0.0012647546639480652,patient11_window16s_stride1s-epo,theta
1054,0.0004631759645691301,patient11_window16s_stride1s-epo,theta
1055,0.0015769716413369715,patient11_window16s_stride1s-epo,theta
1056,-0.00046111445190432927,patient11_window16s_stride1s-epo,theta
1057,0.0001518975685505179,patient11_window16s_stride1s-epo,theta
1058,-0.0009378084758110711,patient11_window16s_stride1s-epo,theta
1059,-0.003857019817195085,patient11_window16s_stride1s-epo,theta
1060,-0.001491524286158713,patient11_window16s_stride1s-epo,theta
1061,-0.003240927479557761,patient11_window16s_stride1s-epo,theta
1062,-0.0053205134064611154,patient11_window16s_stride1s-epo,theta
1063,-0.005810459349803469,patient11_window16s_stride1s-epo,theta
1064,-0.005595510322708449,patient11_window16s_stride1s-epo,theta
1065,-0.005567292635295095,patient11_window16s_stride1s-epo,theta
1066,-0.005877493116173776,patient11_window16s_stride1s-epo,theta
1067,-0.005148831581056293,patient11_window16s_stride1s-epo,theta
1068,-0.005989546261326125,patient11_window16s_stride1s-epo,theta
1069,-0.0059815307407744605,patient11_window16s_stride1s-epo,theta
1070,-0.005481769631945796,patient11_window16s_stride1s-epo,theta
1071,-0.004652090130513913,patient11_window16s_stride1s-epo,theta
1072,-0.0036660076160336804,patient11_window16s_stride1s-epo,theta
1073,-0.0031913166534152707,patient11_window16s_stride1s-epo,theta
1074,-0.002746490509407628,patient11_window16s_stride1s-epo,theta
1075,-0.0016202978751220524,patient11_window16s_stride1s-epo,theta
1076,-0.0009411660651130684,patient11_window16s_stride1s-epo,theta
1077,0.0009602647129741939,patient11_window16s_stride1s-epo,theta
1078,0.00019471454747406466,patient11_window16s_stride1s-epo,theta
1079,0.0005119842774240996,patient11_window16s_stride1s-epo,theta
1080,0.0017242366038577954,patient11_window16s_stride1s-epo,theta
1081,0.001176188956772857,patient11_window16s_stride1s-epo,theta
1082,0.0003372708582261727,patient11_window16s_stride1s-epo,theta
1083,-0.0003014981862446117,patient11_window16s_stride1s-epo,theta
1084,-0.000388296496866752,patient11_window16s_stride1s-epo,theta
1085,0.0011616949017732583,patient11_window16s_stride1s-epo,theta
1086,0.0024347746044974207,patient11_window16s_stride1s-epo,theta
1087,0.001523327932604792,patient11_window16s_stride1s-epo,theta
1088,0.0009374454839358084,patient11_window16s_stride1s-epo,theta
1089,0.0008295061039603776,patient11_window16s_stride1s-epo,theta
1090,0.0016922018398825255,patient11_window16s_stride1s-epo,theta
1091,0.0012931882516964348,patient11_window16s_stride1s-epo,theta
1092,0.0011839610876008767,patient11_window16s_stride1s-epo,theta
1093,0.0012165436238997052,patient11_window16s_stride1s-epo,theta
1094,0.0009697073337982032,patient11_window16s_stride1s-epo,theta
1095,0.0006587582233773568,patient11_window16s_stride1s-epo,theta
1096,0.0033696983117821066,patient11_window16s_stride1s-epo,theta
1097,0.0002547765357008604,patient11_window16s_stride1s-epo,theta
1098,0.003608211389531534,patient11_window16s_stride1s-epo,theta
1099,0.0022021518508886545,patient11_window16s_stride1s-epo,theta
1100,0.0007792869469949119,patient11_window16s_stride1s-epo,theta
1101,-0.00045223768172811843,patient11_window16s_stride1s-epo,theta
1102,-0.0036489285852713406,patient11_window16s_stride1s-epo,theta
1103,-0.0038527789531423687,patient11_window16s_stride1s-epo,theta
1104,-0.004503389379100628,patient11_window16s_stride1s-epo,theta
1105,-0.004458892477133105,patient11_window16s_stride1s-epo,theta
1106,-0.005316171227849717,patient11_window16s_stride1s-epo,theta
1107,-0.005167971786183166,patient11_window16s_stride1s-epo,theta
1108,-0.00587026256498574,patient11_window16s_stride1s-epo,theta
1109,-0.007122864366588452,patient11_window16s_stride1s-epo,theta
1110,-0.005769926453557846,patient11_window16s_stride1s-epo,theta
1111,-0.005739397067379032,patient11_window16s_stride1s-epo,theta
1112,-0.007521458741664047,patient11_window16s_stride1s-epo,theta
1113,-0.006684697990325958,patient11_window16s_stride1s-epo,theta
1114,-0.007446363805601325,patient11_window16s_stride1s-epo,theta
1115,-0.005474094091565957,patient11_window16s_stride1s-epo,theta
1116,-0.004481574810310118,patient11_window16s_stride1s-epo,theta
1117,-0.0053152956836609614,patient11_window16s_stride1s-epo,theta
1118,-0.002382253638141138,patient11_window16s_stride1s-epo,theta
1119,3.9840992609808595e-05,patient11_window16s_stride1s-epo,theta
1120,-0.0012114225474508056,patient11_window16s_stride1s-epo,theta
1121,-0.00200720969511918,patient11_window16s_stride1s-epo,theta
1122,-0.0001717579234888694,patient11_window16s_stride1s-epo,theta
1123,-0.00034017666411299103,patient11_window16s_stride1s-epo,theta
1124,-0.00045498750753456013,patient11_window16s_stride1s-epo,theta
1125,-0.003043200900650249,patient11_window16s_stride1s-epo,theta
1126,-0.0017690566609908677,patient11_window16s_stride1s-epo,theta
1127,-0.0008628459178539489,patient11_window16s_stride1s-epo,theta
1128,-0.0016609845910491308,patient11_window16s_stride1s-epo,theta
1129,-0.0016357683126812601,patient11_window16s_stride1s-epo,theta
1130,-0.000806404143748714,patient11_window16s_stride1s-epo,theta
1131,-0.001671725603379352,patient11_window16s_stride1s-epo,theta
1132,-0.0029501967402442712,patient11_window16s_stride1s-epo,theta
1133,-0.002497706206275068,patient11_window16s_stride1s-epo,theta
1134,-0.0019605256022538486,patient11_window16s_stride1s-epo,theta
1135,-0.002483945870192007,patient11_window16s_stride1s-epo,theta
1136,-0.0034652491144637485,patient11_window16s_stride1s-epo,theta
1137,-0.0033337556709545435,patient11_window16s_stride1s-epo,theta
1138,-0.004280827500655918,patient11_window16s_stride1s-epo,theta
1139,-0.004491930419769943,patient11_window16s_stride1s-epo,theta
1140,-0.0038308742195092764,patient11_window16s_stride1s-epo,theta
1141,-0.002056722852903712,patient11_window16s_stride1s-epo,theta
1142,-0.0012786555708830538,patient11_window16s_stride1s-epo,theta
1143,-0.0025272679786469414,patient11_window16s_stride1s-epo,theta
1144,-0.0011540708313853652,patient11_window16s_stride1s-epo,theta
1145,-0.0013237765830303003,patient11_window16s_stride1s-epo,theta
1146,-0.002337193140407141,patient11_window16s_stride1s-epo,theta
1147,-0.0028311956418270627,patient11_window16s_stride1s-epo,theta
1148,-0.003657204704561924,patient11_window16s_stride1s-epo,theta
1149,-0.005769401931590066,patient11_window16s_stride1s-epo,theta
1150,-0.004444670142154988,patient11_window16s_stride1s-epo,theta
1151,-0.005449930968953766,patient11_window16s_stride1s-epo,theta
1152,-0.008090918541050459,patient11_window16s_stride1s-epo,theta
1153,-0.008942801979997382,patient11_window16s_stride1s-epo,theta
1154,-0.007693690860733073,patient11_window16s_stride1s-epo,theta
1155,-0.008328487799810486,patient11_window16s_stride1s-epo,theta
1156,-0.009085982793919886,patient11_window16s_stride1s-epo,theta
1157,-0.01103155518346337,patient11_window16s_stride1s-epo,theta
1158,-0.009854118703665978,patient11_window16s_stride1s-epo,theta
1159,-0.00895533563572238,patient11_window16s_stride1s-epo,theta
1160,-0.00898977481847034,patient11_window16s_stride1s-epo,theta
1161,-0.0093136715890389,patient11_window16s_stride1s-epo,theta
1162,-0.009396745877545363,patient11_window16s_stride1s-epo,theta
1163,-0.008876834020877397,patient11_window16s_stride1s-epo,theta
1164,-0.009638918990446919,patient11_window16s_stride1s-epo,theta
1165,-0.008621608074968801,patient11_window16s_stride1s-epo,theta
1166,-0.010357798679164162,patient11_window16s_stride1s-epo,theta
1167,-0.007626031742815288,patient11_window16s_stride1s-epo,theta
1168,-0.007052063719430246,patient11_window16s_stride1s-epo,theta
1169,-0.008050925208845898,patient11_window16s_stride1s-epo,theta
1170,-0.010292924508871966,patient11_window16s_stride1s-epo,theta
1171,-0.0077578627784728365,patient11_window16s_stride1s-epo,theta
1172,-0.007110355116010645,patient11_window16s_stride1s-epo,theta
1173,-0.006525028938802996,patient11_window16s_stride1s-epo,theta
1174,-0.007130439104017952,patient11_window16s_stride1s-epo,theta
1175,-0.007557699237034917,patient11_window16s_stride1s-epo,theta
1176,-0.007177930354953774,patient11_window16s_stride1s-epo,theta
1177,-0.0076306930571041175,patient11_window16s_stride1s-epo,theta
1178,-0.009439629356569109,patient11_window16s_stride1s-epo,theta
1179,-0.006927864013846447,patient11_window16s_stride1s-epo,theta
1180,-0.00771017757972598,patient11_window16s_stride1s-epo,theta
1181,-0.0064532386871367624,patient11_window16s_stride1s-epo,theta
1182,-0.004916030157232154,patient11_window16s_stride1s-epo,theta
1183,-0.004939320558097559,patient11_window16s_stride1s-epo,theta
1184,-0.006928726171767695,patient11_window16s_stride1s-epo,theta
1185,-0.006629668069356916,patient11_window16s_stride1s-epo,theta
1186,-0.007265450414694336,patient11_window16s_stride1s-epo,theta
1187,-0.004985071710466879,patient11_window16s_stride1s-epo,theta
1188,-0.005461846847577976,patient11_window16s_stride1s-epo,theta
1189,-0.006405940311884013,patient11_window16s_stride1s-epo,theta
1190,-0.005272282607223129,patient11_window16s_stride1s-epo,theta
1191,-0.004849031442309815,patient11_window16s_stride1s-epo,theta
1192,-0.005823151865482045,patient11_window16s_stride1s-epo,theta
1193,-0.006196590286765151,patient11_window16s_stride1s-epo,theta
1194,-0.006348998190935738,patient11_window16s_stride1s-epo,theta
1195,-0.006544399557221435,patient11_window16s_stride1s-epo,theta
1196,-0.006460830322903686,patient11_window16s_stride1s-epo,theta
1197,-0.006707237972883515,patient11_window16s_stride1s-epo,theta
1198,-0.00765822522170249,patient11_window16s_stride1s-epo,theta
1199,-0.006090625463122113,patient11_window16s_stride1s-epo,theta
1200,-0.005878766797278532,patient11_window16s_stride1s-epo,theta
1201,-0.004092943186626803,patient11_window16s_stride1s-epo,theta
1202,-0.0013173665093203176,patient11_window16s_stride1s-epo,theta
1203,-0.0015983279435806026,patient11_window16s_stride1s-epo,theta
1204,-0.002004698816509053,patient11_window16s_stride1s-epo,theta
1205,-0.0024370643008668883,patient11_window16s_stride1s-epo,theta
1206,-0.0018473279906812898,patient11_window16s_stride1s-epo,theta
1207,-0.0022308906515528795,patient11_window16s_stride1s-epo,theta
1208,-0.002362860759277403,patient11_window16s_stride1s-epo,theta
1209,-0.002767151883127852,patient11_window16s_stride1s-epo,theta
1210,-0.005796092779499191,patient11_window16s_stride1s-epo,theta
1211,-0.006880764994396759,patient11_window16s_stride1s-epo,theta
1212,-0.006672640038967225,patient11_window16s_stride1s-epo,theta
1213,-0.0074698624375562125,patient11_window16s_stride1s-epo,theta
1214,-0.007621112418455772,patient11_window16s_stride1s-epo,theta
1215,-0.0071032069248384505,patient11_window16s_stride1s-epo,theta
1216,-0.007061622781081297,patient11_window16s_stride1s-epo,theta
1217,-0.0070934898113306,patient11_window16s_stride1s-epo,theta
1218,-0.007629673675003162,patient11_window16s_stride1s-epo,theta
1219,-0.008461703752966055,patient11_window16s_stride1s-epo,theta
1220,-0.00875653486391869,patient11_window16s_stride1s-epo,theta
1221,-0.007521171237285492,patient11_window16s_stride1s-epo,theta
1222,-0.008310770519487922,patient11_window16s_stride1s-epo,theta
1223,-0.008647536803397282,patient11_window16s_stride1s-epo,theta
1224,-0.00931974047618229,patient11_window16s_stride1s-epo,theta
1225,-0.009112513094323451,patient11_window16s_stride1s-epo,theta
1226,-0.006228390123533039,patient11_window16s_stride1s-epo,theta
1227,-0.007223076399237714,patient11_window16s_stride1s-epo,theta
1228,-0.006027593274022431,patient11_window16s_stride1s-epo,theta
1229,-0.004556293885208892,patient11_window16s_stride1s-epo,theta
1230,-0.004400444955698243,patient11_window16s_stride1s-epo,theta
1231,-0.005873375050855901,patient11_window16s_stride1s-epo,theta
1232,-0.004815384459178976,patient11_window16s_stride1s-epo,theta
1233,-0.003236857572068335,patient11_window16s_stride1s-epo,theta
1234,0.0004170524844111514,patient11_window16s_stride1s-epo,theta
1235,0.0015067565777071245,patient11_window16s_stride1s-epo,theta
1236,0.0011996615728739688,patient11_window16s_stride1s-epo,theta
1237,-0.000505978887222719,patient11_window16s_stride1s-epo,theta
1238,-0.00016168708842301198,patient11_window16s_stride1s-epo,theta
1239,-0.0005106360208275438,patient11_window16s_stride1s-epo,theta
1240,-0.002321220515133847,patient11_window16s_stride1s-epo,theta
1241,-0.0032630947695554465,patient11_window16s_stride1s-epo,theta
1242,-0.002790755608707539,patient11_window16s_stride1s-epo,theta
1243,-0.0032208605895349737,patient11_window16s_stride1s-epo,theta
1244,-0.003917389859614924,patient11_window16s_stride1s-epo,theta
1245,-0.006267068403707485,patient11_window16s_stride1s-epo,theta
1246,-0.004935999889687636,patient11_window16s_stride1s-epo,theta
1247,-0.005063553973914389,patient11_window16s_stride1s-epo,theta
1248,-0.00458943482259458,patient11_window16s_stride1s-epo,theta
1249,-0.00741637037956728,patient11_window16s_stride1s-epo,theta
1250,-0.006652774835886195,patient11_window16s_stride1s-epo,theta
1251,-0.005359509322094145,patient11_window16s_stride1s-epo,theta
1252,-0.006962959959485644,patient11_window16s_stride1s-epo,theta
1253,-0.008203054751275266,patient11_window16s_stride1s-epo,theta
1254,-0.010167156182654295,patient11_window16s_stride1s-epo,theta
1255,-0.009577453551337831,patient11_window16s_stride1s-epo,theta
1256,-0.010795054033819225,patient11_window16s_stride1s-epo,theta
1257,-0.01091825286771691,patient11_window16s_stride1s-epo,theta
1258,-0.012433323566456033,patient11_window16s_stride1s-epo,theta
1259,-0.011526840605589428,patient11_window16s_stride1s-epo,theta
1260,-0.01169269958967722,patient11_window16s_stride1s-epo,theta
1261,-0.009985922155042402,patient11_window16s_stride1s-epo,theta
1262,-0.01045185553675647,patient11_window16s_stride1s-epo,theta
1263,-0.008430888317678884,patient11_window16s_stride1s-epo,theta
1264,-0.008248284865179225,patient11_window16s_stride1s-epo,theta
1265,-0.007645656069622348,patient11_window16s_stride1s-epo,theta
1266,-0.008152082635453842,patient11_window16s_stride1s-epo,theta
1267,-0.00698783090160326,patient11_window16s_stride1s-epo,theta
1268,-0.004429872282200083,patient11_window16s_stride1s-epo,theta
1269,-0.0034930553303305027,patient11_window16s_stride1s-epo,theta
1270,-0.002276035100568134,patient11_window16s_stride1s-epo,theta
1271,-0.0025063129653606726,patient11_window16s_stride1s-epo,theta
1272,-0.0028891544872987544,patient11_window16s_stride1s-epo,theta
1273,-0.0013573351676899057,patient11_window16s_stride1s-epo,theta
1274,-0.0006646487813694943,patient11_window16s_stride1s-epo,theta
1275,-0.0020082415863576565,patient11_window16s_stride1s-epo,theta
1276,-0.002021520723776978,patient11_window16s_stride1s-epo,theta
1277,-0.002687342312501867,patient11_window16s_stride1s-epo,theta
1278,-0.0016835423886251686,patient11_window16s_stride1s-epo,theta
1279,-0.004158392410813766,patient11_window16s_stride1s-epo,theta
1280,-0.003239039333485707,patient11_window16s_stride1s-epo,theta
1281,-0.004020904153669193,patient11_window16s_stride1s-epo,theta
1282,-0.00629689359690703,patient11_window16s_stride1s-epo,theta
1283,-0.007452869020283997,patient11_window16s_stride1s-epo,theta
1284,-0.006627699642836937,patient11_window16s_stride1s-epo,theta
1285,-0.006341334097698585,patient11_window16s_stride1s-epo,theta
1286,-0.005874143276494525,patient11_window16s_stride1s-epo,theta
1287,-0.008330816803261441,patient11_window16s_stride1s-epo,theta
1288,-0.0063486224373684634,patient11_window16s_stride1s-epo,theta
1289,-0.006134166305393556,patient11_window16s_stride1s-epo,theta
1290,-0.00680622898280156,patient11_window16s_stride1s-epo,theta
1291,-0.006183359733634726,patient11_window16s_stride1s-epo,theta
1292,-0.004935220962629757,patient11_window16s_stride1s-epo,theta
1293,-0.004842574109248317,patient11_window16s_stride1s-epo,theta
1294,-0.008363891799439591,patient11_window16s_stride1s-epo,theta
1295,-0.005203241569904154,patient11_window16s_stride1s-epo,theta
1296,-0.0038791195767752537,patient11_window16s_stride1s-epo,theta
1297,-0.003893043818898624,patient11_window16s_stride1s-epo,theta
1298,-0.0023184351562511147,patient11_window16s_stride1s-epo,theta
1299,-0.002948462248802961,patient11_window16s_stride1s-epo,theta
1300,-0.003149371272988496,patient11_window16s_stride1s-epo,theta
1301,-0.0032137908767064113,patient11_window16s_stride1s-epo,theta
1302,-0.002287034879005552,patient11_window16s_stride1s-epo,theta
1303,6.369955880589311e-05,patient11_window16s_stride1s-epo,theta
1304,0.0014029402646891186,patient11_window16s_stride1s-epo,theta
1305,0.0023173982051762276,patient11_window16s_stride1s-epo,theta
1306,-0.0001955613204293066,patient11_window16s_stride1s-epo,theta
1307,-0.0009566093673283492,patient11_window16s_stride1s-epo,theta
1308,-0.002634519138171785,patient11_window16s_stride1s-epo,theta
1309,-0.0012837242810128419,patient11_window16s_stride1s-epo,theta
1310,-0.0005108972780461856,patient11_window16s_stride1s-epo,theta
1311,-0.000650862379364264,patient11_window16s_stride1s-epo,theta
1312,0.0004869727410632463,patient11_window16s_stride1s-epo,theta
1313,0.00031664940314914743,patient11_window16s_stride1s-epo,theta
1314,0.0003206052058697108,patient11_window16s_stride1s-epo,theta
1315,-0.0004018446772649947,patient11_window16s_stride1s-epo,theta
1316,0.0009503335984326396,patient11_window16s_stride1s-epo,theta
1317,0.0004061907727566045,patient11_window16s_stride1s-epo,theta
1318,0.0008695377533686934,patient11_window16s_stride1s-epo,theta
1319,-0.0010502017069935433,patient11_window16s_stride1s-epo,theta
1320,-0.0016369502807397469,patient11_window16s_stride1s-epo,theta
1321,-0.00027922688478201603,patient11_window16s_stride1s-epo,theta
1322,-0.0009158636054356026,patient11_window16s_stride1s-epo,theta
1323,0.0013482690368669013,patient11_window16s_stride1s-epo,theta
1324,0.0007268920212112715,patient11_window16s_stride1s-epo,theta
1325,0.0002539164961697295,patient11_window16s_stride1s-epo,theta
1326,-0.000863662551819115,patient11_window16s_stride1s-epo,theta
1327,-0.0004127234758057232,patient11_window16s_stride1s-epo,theta
1328,-0.0005400660823176389,patient11_window16s_stride1s-epo,theta
1329,-0.000808421107025325,patient11_window16s_stride1s-epo,theta
1330,-0.001401224639203591,patient11_window16s_stride1s-epo,theta
1331,-0.0017326976845802836,patient11_window16s_stride1s-epo,theta
1332,-0.0034052089181661554,patient11_window16s_stride1s-epo,theta
1333,-0.004594385491667116,patient11_window16s_stride1s-epo,theta
1334,-0.006628810093493836,patient11_window16s_stride1s-epo,theta
1335,-0.006023505210093297,patient11_window16s_stride1s-epo,theta
1336,-0.008380474589567836,patient11_window16s_stride1s-epo,theta
1337,-0.008163920730962242,patient11_window16s_stride1s-epo,theta
1338,-0.008297077177717799,patient11_window16s_stride1s-epo,theta
1339,-0.00740164145174187,patient11_window16s_stride1s-epo,theta
1340,-0.00877633181533951,patient11_window16s_stride1s-epo,theta
1341,-0.009509673650125238,patient11_window16s_stride1s-epo,theta
1342,-0.010079687778610206,patient11_window16s_stride1s-epo,theta
1343,-0.0075628886203495714,patient11_window16s_stride1s-epo,theta
1344,-0.00787464819997103,patient11_window16s_stride1s-epo,theta
1345,-0.009027080864235728,patient11_window16s_stride1s-epo,theta
1346,-0.009995663859845029,patient11_window16s_stride1s-epo,theta
1347,-0.011573480107736858,patient11_window16s_stride1s-epo,theta
1348,-0.010468257461731426,patient11_window16s_stride1s-epo,theta
1349,-0.00970285376609872,patient11_window16s_stride1s-epo,theta
1350,-0.0056941454564038655,patient11_window16s_stride1s-epo,theta
1351,-0.007461021382519286,patient11_window16s_stride1s-epo,theta
1352,-0.004422790021818769,patient11_window16s_stride1s-epo,theta
1353,-0.005836263217019894,patient11_window16s_stride1s-epo,theta
1354,-0.006880261213558956,patient11_window16s_stride1s-epo,theta
1355,-0.005329452780582487,patient11_window16s_stride1s-epo,theta
1356,-0.004883454428407146,patient11_window16s_stride1s-epo,theta
1357,-0.00450824530299978,patient11_window16s_stride1s-epo,theta
1358,-0.0035978874769135934,patient11_window16s_stride1s-epo,theta
1359,-0.004578451852785337,patient11_window16s_stride1s-epo,theta
1360,-0.005393608826061404,patient11_window16s_stride1s-epo,theta
1361,-0.0050220413683750844,patient11_window16s_stride1s-epo,theta
1362,-0.005025079189570243,patient11_window16s_stride1s-epo,theta
1363,-0.004144487297048205,patient11_window16s_stride1s-epo,theta
1364,-0.005292694119250836,patient11_window16s_stride1s-epo,theta
1365,-0.003948898979337083,patient11_window16s_stride1s-epo,theta
1366,-0.005739407367338013,patient11_window16s_stride1s-epo,theta
1367,-0.005386105061057631,patient11_window16s_stride1s-epo,theta
1368,-0.005082153737632197,patient11_window16s_stride1s-epo,theta
1369,-0.0036873219806747254,patient11_window16s_stride1s-epo,theta
1370,-0.0032503359256117518,patient11_window16s_stride1s-epo,theta
1371,-0.0039148253143653,patient11_window16s_stride1s-epo,theta
1372,-0.0035084836335922904,patient11_window16s_stride1s-epo,theta
1373,-0.0053663276066159725,patient11_window16s_stride1s-epo,theta
1374,-0.005345262162881255,patient11_window16s_stride1s-epo,theta
1375,-0.004712135253768557,patient11_window16s_stride1s-epo,theta
1376,-0.002482391015413615,patient11_window16s_stride1s-epo,theta
1377,-0.0031065869796284753,patient11_window16s_stride1s-epo,theta
1378,-0.0034296225340250054,patient11_window16s_stride1s-epo,theta
1379,-0.002968114435616739,patient11_window16s_stride1s-epo,theta
1380,-0.004130005032172877,patient11_window16s_stride1s-epo,theta
1381,-0.005860529747503712,patient11_window16s_stride1s-epo,theta
1382,-0.006136926727751625,patient11_window16s_stride1s-epo,theta
1383,-0.007649320073217248,patient11_window16s_stride1s-epo,theta
1384,-0.008783083879992142,patient11_window16s_stride1s-epo,theta
1385,-0.008780953370561029,patient11_window16s_stride1s-epo,theta
1386,-0.007793291451347392,patient11_window16s_stride1s-epo,theta
1387,-0.00876838432673686,patient11_window16s_stride1s-epo,theta
1388,-0.00817258382048174,patient11_window16s_stride1s-epo,theta
1389,-0.008476710160398032,patient11_window16s_stride1s-epo,theta
1390,-0.008151253867435489,patient11_window16s_stride1s-epo,theta
1391,-0.0077886961287749554,patient11_window16s_stride1s-epo,theta
1392,-0.008967385570638264,patient11_window16s_stride1s-epo,theta
1393,-0.006531851974514318,patient11_window16s_stride1s-epo,theta
1394,-0.003580827315750054,patient11_window16s_stride1s-epo,theta
1395,-0.00341944156941976,patient11_window16s_stride1s-epo,theta
1396,-0.002243492299220864,patient11_window16s_stride1s-epo,theta
1397,-0.0015088566738341918,patient11_window16s_stride1s-epo,theta
1398,-0.0022626663890775193,patient11_window16s_stride1s-epo,theta
1399,-0.0015012661897289587,patient11_window16s_stride1s-epo,theta
1400,-0.004278600932292015,patient11_window16s_stride1s-epo,theta
1401,-0.005956046338707096,patient11_window16s_stride1s-epo,theta
1402,-0.004255017969632443,patient11_window16s_stride1s-epo,theta
1403,-0.0017901802655631233,patient11_window16s_stride1s-epo,theta
1404,-0.001436262980075818,patient11_window16s_stride1s-epo,theta
1405,-0.0011133346151879382,patient11_window16s_stride1s-epo,theta
1406,-0.002496895557681895,patient11_window16s_stride1s-epo,theta
1407,-0.004466610023397983,patient11_window16s_stride1s-epo,theta
1408,-0.0058144740127197845,patient11_window16s_stride1s-epo,theta
1409,-0.0050376531762517645,patient11_window16s_stride1s-epo,theta
1410,-0.006418287159730035,patient11_window16s_stride1s-epo,theta
1411,-0.007626718501888338,patient11_window16s_stride1s-epo,theta
1412,-0.0056341775004165396,patient11_window16s_stride1s-epo,theta
1413,-0.006898304727157291,patient11_window16s_stride1s-epo,theta
1414,-0.007507422818820688,patient11_window16s_stride1s-epo,theta
1415,-0.007241022133413816,patient11_window16s_stride1s-epo,theta
1416,-0.004843901037259421,patient11_window16s_stride1s-epo,theta
1417,-0.0014661445407816987,patient11_window16s_stride1s-epo,theta
1418,-0.004501378201561906,patient11_window16s_stride1s-epo,theta
1419,-0.0002782776598152976,patient11_window16s_stride1s-epo,theta
1420,6.215545238174845e-05,patient11_window16s_stride1s-epo,theta
1421,-0.0015716128236399536,patient11_window16s_stride1s-epo,theta
1422,-0.001922591610475341,patient11_window16s_stride1s-epo,theta
1423,-0.0024145922117181457,patient11_window16s_stride1s-epo,theta
1424,-0.003384029368582892,patient11_window16s_stride1s-epo,theta
1425,-0.004498731967955493,patient11_window16s_stride1s-epo,theta
1426,-0.004701903295816966,patient11_window16s_stride1s-epo,theta
1427,-0.004316208154538968,patient11_window16s_stride1s-epo,theta
1428,-0.002325759360259152,patient11_window16s_stride1s-epo,theta
1429,-0.0012945332720371797,patient11_window16s_stride1s-epo,theta
1430,-0.001647644551784904,patient11_window16s_stride1s-epo,theta
1431,-0.002675638069352301,patient11_window16s_stride1s-epo,theta
1432,-0.0038375505288223114,patient11_window16s_stride1s-epo,theta
1433,-0.005334706406337523,patient11_window16s_stride1s-epo,theta
1434,-0.00384163980577003,patient11_window16s_stride1s-epo,theta
1435,-0.00394622304038255,patient11_window16s_stride1s-epo,theta
1436,-0.005385527518779231,patient11_window16s_stride1s-epo,theta
1437,-0.007361808583862349,patient11_window16s_stride1s-epo,theta
1438,-0.005846362989540414,patient11_window16s_stride1s-epo,theta
1439,-0.006619162178188723,patient11_window16s_stride1s-epo,theta
1440,-0.007312331974397627,patient11_window16s_stride1s-epo,theta
1441,-0.007824789504877977,patient11_window16s_stride1s-epo,theta
1442,-0.007839130912728335,patient11_window16s_stride1s-epo,theta
1443,-0.00863680414024876,patient11_window16s_stride1s-epo,theta
1444,-0.009141953512544482,patient11_window16s_stride1s-epo,theta
1445,-0.00960468898750836,patient11_window16s_stride1s-epo,theta
1446,-0.009907422797581576,patient11_window16s_stride1s-epo,theta
1447,-0.00888304347455179,patient11_window16s_stride1s-epo,theta
1448,-0.008617196679592508,patient11_window16s_stride1s-epo,theta
1449,-0.008718221854582884,patient11_window16s_stride1s-epo,theta
1450,-0.01131610060707232,patient11_window16s_stride1s-epo,theta
1451,-0.01244130906479725,patient11_window16s_stride1s-epo,theta
1452,-0.012265030377510788,patient11_window16s_stride1s-epo,theta
1453,-0.011185599866484541,patient11_window16s_stride1s-epo,theta
1454,-0.010856864953541552,patient11_window16s_stride1s-epo,theta
1455,-0.009949096277296435,patient11_window16s_stride1s-epo,theta
1456,-0.008463085425646602,patient11_window16s_stride1s-epo,theta
1457,-0.009222518250601509,patient11_window16s_stride1s-epo,theta
1458,-0.00855874490115007,patient11_window16s_stride1s-epo,theta
1459,-0.007611625338957472,patient11_window16s_stride1s-epo,theta
1460,-0.008461400356682558,patient11_window16s_stride1s-epo,theta
1461,-0.010162485422288897,patient11_window16s_stride1s-epo,theta
1462,-0.008500042767845536,patient11_window16s_stride1s-epo,theta
1463,-0.01044586829683879,patient11_window16s_stride1s-epo,theta
1464,-0.010707837035271952,patient11_window16s_stride1s-epo,theta
1465,-0.008965307736682287,patient11_window16s_stride1s-epo,theta
1466,-0.0075945087804319125,patient11_window16s_stride1s-epo,theta
1467,-0.005070918685534299,patient11_window16s_stride1s-epo,theta
1468,-0.004917980939248426,patient11_window16s_stride1s-epo,theta
1469,-0.00514392677634549,patient11_window16s_stride1s-epo,theta
1470,-0.0050427600474456736,patient11_window16s_stride1s-epo,theta
1471,-0.005700396890608419,patient11_window16s_stride1s-epo,theta
1472,-0.004277860536253007,patient11_window16s_stride1s-epo,theta
1473,-0.004971320277787972,patient11_window16s_stride1s-epo,theta
1474,-0.0038788775916406377,patient11_window16s_stride1s-epo,theta
1475,-0.00497627402560777,patient11_window16s_stride1s-epo,theta
1476,-0.004210444260955936,patient11_window16s_stride1s-epo,theta
1477,-0.003421769104905371,patient11_window16s_stride1s-epo,theta
1478,-0.0021022858938958004,patient11_window16s_stride1s-epo,theta
1479,-0.0013503123398805959,patient11_window16s_stride1s-epo,theta
1480,-0.0024013080721958357,patient11_window16s_stride1s-epo,theta
1481,-0.0038318620759813147,patient11_window16s_stride1s-epo,theta
1482,-0.0044191477569474865,patient11_window16s_stride1s-epo,theta
1483,-0.004767889027074624,patient11_window16s_stride1s-epo,theta
1484,-0.005922235401211848,patient11_window16s_stride1s-epo,theta
1485,-0.006552134168089591,patient11_window16s_stride1s-epo,theta
1486,-0.005288058850102248,patient11_window16s_stride1s-epo,theta
1487,-0.0072918869327054025,patient11_window16s_stride1s-epo,theta
1488,-0.007517708489209965,patient11_window16s_stride1s-epo,theta
1489,-0.004679423601004841,patient11_window16s_stride1s-epo,theta
1490,-0.003284744322225168,patient11_window16s_stride1s-epo,theta
1491,-0.0018237551994164968,patient11_window16s_stride1s-epo,theta
1492,-0.003328742330543181,patient11_window16s_stride1s-epo,theta
1493,-0.0011963090690033694,patient11_window16s_stride1s-epo,theta
1494,-0.001979580613003523,patient11_window16s_stride1s-epo,theta
1495,-0.0033395104127217487,patient11_window16s_stride1s-epo,theta
1496,-0.0034791061189968398,patient11_window16s_stride1s-epo,theta
1497,-0.0032336106524729793,patient11_window16s_stride1s-epo,theta
1498,-0.001385749151917907,patient11_window16s_stride1s-epo,theta
1499,-0.0010599369315984308,patient11_window16s_stride1s-epo,theta
1500,-0.001500639110036423,patient11_window16s_stride1s-epo,theta
1501,-0.0012254276461963877,patient11_window16s_stride1s-epo,theta
1502,-0.0012198625213963583,patient11_window16s_stride1s-epo,theta
1503,-0.0011821400587601462,patient11_window16s_stride1s-epo,theta
1504,-0.002370412030920572,patient11_window16s_stride1s-epo,theta
1505,-0.00015937528816619318,patient11_window16s_stride1s-epo,theta
1506,-0.0004837588297848348,patient11_window16s_stride1s-epo,theta
1507,-7.340268752178534e-05,patient11_window16s_stride1s-epo,theta
1508,0.001730555154934284,patient11_window16s_stride1s-epo,theta
1509,0.001528608873997651,patient11_window16s_stride1s-epo,theta
1510,-0.0017481918650450931,patient11_window16s_stride1s-epo,theta
1511,-0.0010659282213959142,patient11_window16s_stride1s-epo,theta
1512,0.0006704374897031015,patient11_window16s_stride1s-epo,theta
1513,-0.001080688920138605,patient11_window16s_stride1s-epo,theta
1514,-0.003458872316537155,patient11_window16s_stride1s-epo,theta
1515,-0.004197912959669376,patient11_window16s_stride1s-epo,theta
1516,-0.002704082161267515,patient11_window16s_stride1s-epo,theta
1517,-0.002293619836901886,patient11_window16s_stride1s-epo,theta
1518,-0.005411767962693671,patient11_window16s_stride1s-epo,theta
1519,-0.0058756700445363515,patient11_window16s_stride1s-epo,theta
1520,-0.007199506571025812,patient11_window16s_stride1s-epo,theta
1521,-0.006997137190190127,patient11_window16s_stride1s-epo,theta
1522,-0.007767609320997423,patient11_window16s_stride1s-epo,theta
1523,-0.0076871104242574725,patient11_window16s_stride1s-epo,theta
1524,-0.008159708713297907,patient11_window16s_stride1s-epo,theta
1525,-0.007693031621378499,patient11_window16s_stride1s-epo,theta
1526,-0.005108103148216695,patient11_window16s_stride1s-epo,theta
1527,-0.005316064678282469,patient11_window16s_stride1s-epo,theta
1528,-0.004582096683683356,patient11_window16s_stride1s-epo,theta
1529,-0.004903286582987492,patient11_window16s_stride1s-epo,theta
1530,-0.00444450203320539,patient11_window16s_stride1s-epo,theta
1531,-0.0041577962698568,patient11_window16s_stride1s-epo,theta
1532,-0.005929012493538127,patient11_window16s_stride1s-epo,theta
1533,-0.006675162705321541,patient11_window16s_stride1s-epo,theta
1534,-0.006112505293891989,patient11_window16s_stride1s-epo,theta
1535,-0.004635295970157264,patient11_window16s_stride1s-epo,theta
1536,-0.00439822335411247,patient11_window16s_stride1s-epo,theta
1537,-0.003958306981391134,patient11_window16s_stride1s-epo,theta
1538,-0.003940366208305917,patient11_window16s_stride1s-epo,theta
1539,-0.0043170280757838676,patient11_window16s_stride1s-epo,theta
1540,-0.0046825859724083825,patient11_window16s_stride1s-epo,theta
1541,-0.00241651418668327,patient11_window16s_stride1s-epo,theta
1542,-0.0038780318554780223,patient11_window16s_stride1s-epo,theta
1543,-0.003642973824489183,patient11_window16s_stride1s-epo,theta
1544,-0.004504581739256737,patient11_window16s_stride1s-epo,theta
1545,-0.005008100922238285,patient11_window16s_stride1s-epo,theta
1546,-0.004481989536798351,patient11_window16s_stride1s-epo,theta
1547,-0.007253832486553563,patient11_window16s_stride1s-epo,theta
1548,-0.00824001662661347,patient11_window16s_stride1s-epo,theta
1549,-0.006453347924995887,patient11_window16s_stride1s-epo,theta
1550,-0.0059400539287005755,patient11_window16s_stride1s-epo,theta
1551,-0.007203493817709513,patient11_window16s_stride1s-epo,theta
1552,-0.007705933020518618,patient11_window16s_stride1s-epo,theta
1553,-0.008377969414365376,patient11_window16s_stride1s-epo,theta
1554,-0.006034219140147626,patient11_window16s_stride1s-epo,theta
1555,-0.007248805533216618,patient11_window16s_stride1s-epo,theta
1556,-0.006436657076190188,patient11_window16s_stride1s-epo,theta
1557,-0.005783007260266432,patient11_window16s_stride1s-epo,theta
1558,-0.005378943856772833,patient11_window16s_stride1s-epo,theta
1559,-0.005380193879807821,patient11_window16s_stride1s-epo,theta
1560,-0.005998047049342323,patient11_window16s_stride1s-epo,theta
1561,-0.005172760855612655,patient11_window16s_stride1s-epo,theta
1562,-0.004800976316770486,patient11_window16s_stride1s-epo,theta
1563,-0.004788097242103361,patient11_window16s_stride1s-epo,theta
1564,-0.0034320024219886033,patient11_window16s_stride1s-epo,theta
1565,-0.0028397554883842933,patient11_window16s_stride1s-epo,theta
1566,-0.005785112251571138,patient11_window16s_stride1s-epo,theta
1567,-0.0042723333483487055,patient11_window16s_stride1s-epo,theta
1568,-0.0036084118168673513,patient11_window16s_stride1s-epo,theta
1569,-0.005674918518705209,patient11_window16s_stride1s-epo,theta
1570,-0.007159358382260889,patient11_window16s_stride1s-epo,theta
1571,-0.004983217265577344,patient11_window16s_stride1s-epo,theta
1572,-0.006657583727524151,patient11_window16s_stride1s-epo,theta
1573,-0.006369248658061366,patient11_window16s_stride1s-epo,theta
1574,-0.006908003102500122,patient11_window16s_stride1s-epo,theta
1575,-0.008141499852662383,patient11_window16s_stride1s-epo,theta
1576,-0.0069170759715111935,patient11_window16s_stride1s-epo,theta
1577,-0.00739720483127076,patient11_window16s_stride1s-epo,theta
1578,-0.007408657179563991,patient11_window16s_stride1s-epo,theta
1579,-0.007246148100616224,patient11_window16s_stride1s-epo,theta
1580,-0.007093101612453814,patient11_window16s_stride1s-epo,theta
1581,-0.006770504137682591,patient11_window16s_stride1s-epo,theta
1582,-0.006977012621199621,patient11_window16s_stride1s-epo,theta
1583,-0.007075902100482255,patient11_window16s_stride1s-epo,theta
1584,-0.00735318267475433,patient11_window16s_stride1s-epo,theta
1585,-0.005052234446896343,patient11_window16s_stride1s-epo,theta
1586,-0.004356319748061601,patient11_window16s_stride1s-epo,theta
1587,-0.004056993781022544,patient11_window16s_stride1s-epo,theta
1588,-0.0045404477905084985,patient11_window16s_stride1s-epo,theta
1589,-0.0057069568865727865,patient11_window16s_stride1s-epo,theta
1590,-0.005519136570537275,patient11_window16s_stride1s-epo,theta
1591,-0.003182813939939565,patient11_window16s_stride1s-epo,theta
1592,-0.003573666722271484,patient11_window16s_stride1s-epo,theta
1593,-0.0054145889416739425,patient11_window16s_stride1s-epo,theta
1594,-0.005854428159234805,patient11_window16s_stride1s-epo,theta
1595,-0.0061183162120960165,patient11_window16s_stride1s-epo,theta
1596,-0.0046076866342105675,patient11_window16s_stride1s-epo,theta
1597,-0.002529153494653053,patient11_window16s_stride1s-epo,theta
1598,-0.004059689297158274,patient11_window16s_stride1s-epo,theta
1599,-0.0021673313404741083,patient11_window16s_stride1s-epo,theta
1600,-0.0014400904631769833,patient11_window16s_stride1s-epo,theta
1601,-0.0017858167070468204,patient11_window16s_stride1s-epo,theta
1602,-0.003114608782155912,patient11_window16s_stride1s-epo,theta
1603,-0.002223913890470506,patient11_window16s_stride1s-epo,theta
1604,-0.0024865598174867803,patient11_window16s_stride1s-epo,theta
1605,-0.00015353317358833064,patient11_window16s_stride1s-epo,theta
1606,-0.00278265303143893,patient11_window16s_stride1s-epo,theta
1607,-0.002965977561992678,patient11_window16s_stride1s-epo,theta
1608,-0.003886031780610378,patient11_window16s_stride1s-epo,theta
1609,-0.004491048718497408,patient11_window16s_stride1s-epo,theta
1610,-0.0027130650467431026,patient11_window16s_stride1s-epo,theta
1611,-0.000849737066527479,patient11_window16s_stride1s-epo,theta
1612,-0.001867392447172527,patient11_window16s_stride1s-epo,theta
1613,-0.0024696605306790444,patient11_window16s_stride1s-epo,theta
1614,-0.002289541797579555,patient11_window16s_stride1s-epo,theta
1615,-0.005084176483486771,patient11_window16s_stride1s-epo,theta
1616,-0.005375938691060173,patient11_window16s_stride1s-epo,theta
1617,-0.004883873268968905,patient11_window16s_stride1s-epo,theta
1618,-0.005724559272180565,patient11_window16s_stride1s-epo,theta
1619,-0.0060688806088475275,patient11_window16s_stride1s-epo,theta
1620,-0.005625636470509676,patient11_window16s_stride1s-epo,theta
1621,-0.006162261260678847,patient11_window16s_stride1s-epo,theta
1622,-0.00485737838739993,patient11_window16s_stride1s-epo,theta
1623,-0.0034091573992312088,patient11_window16s_stride1s-epo,theta
1624,-0.0027908328661496377,patient11_window16s_stride1s-epo,theta
1625,-0.0037272870050427632,patient11_window16s_stride1s-epo,theta
1626,-0.0030502900962838366,patient11_window16s_stride1s-epo,theta
1627,-0.0038439435024336917,patient11_window16s_stride1s-epo,theta
1628,-0.00502721543619675,patient11_window16s_stride1s-epo,theta
1629,-0.002463648401348346,patient11_window16s_stride1s-epo,theta
1630,-0.003148464430336901,patient11_window16s_stride1s-epo,theta
1631,0.0004303032989611938,patient11_window16s_stride1s-epo,theta
1632,-0.0006270988109136108,patient11_window16s_stride1s-epo,theta
1633,-0.0009713859849460383,patient11_window16s_stride1s-epo,theta
1634,-0.0009112448937514003,patient11_window16s_stride1s-epo,theta
1635,-0.0045126853340628865,patient11_window16s_stride1s-epo,theta
1636,-0.003989052277131257,patient11_window16s_stride1s-epo,theta
1637,-0.00304391048042787,patient11_window16s_stride1s-epo,theta
1638,-0.004377839021303957,patient11_window16s_stride1s-epo,theta
1639,-0.003006329225183871,patient11_window16s_stride1s-epo,theta
1640,-0.0009311742039809056,patient11_window16s_stride1s-epo,theta
1641,-0.0024193372765108287,patient11_window16s_stride1s-epo,theta
1642,-0.0046171410192908735,patient11_window16s_stride1s-epo,theta
1643,-0.003218215584335498,patient11_window16s_stride1s-epo,theta
1644,-0.003742307905337779,patient11_window16s_stride1s-epo,theta
1645,-0.0031662507010407825,patient11_window16s_stride1s-epo,theta
1646,-0.0028383953969600196,patient11_window16s_stride1s-epo,theta
1647,-0.004939079708816252,patient11_window16s_stride1s-epo,theta
1648,-0.003663054913153026,patient11_window16s_stride1s-epo,theta
1649,-0.00476271911961067,patient11_window16s_stride1s-epo,theta
1650,-0.004773807850532894,patient11_window16s_stride1s-epo,theta
1651,-0.0035186294822540216,patient11_window16s_stride1s-epo,theta
1652,-0.001918929363482422,patient11_window16s_stride1s-epo,theta
1653,-0.0021270526121312345,patient11_window16s_stride1s-epo,theta
1654,-0.0018260088012020395,patient11_window16s_stride1s-epo,theta
1655,-0.0009853462288932095,patient11_window16s_stride1s-epo,theta
1656,-0.002396329671296798,patient11_window16s_stride1s-epo,theta
1657,-0.0005774484387258724,patient11_window16s_stride1s-epo,theta
1658,-0.0024846745206709583,patient11_window16s_stride1s-epo,theta
1659,-0.0018190181218151543,patient11_window16s_stride1s-epo,theta
1660,-0.0029089698948746557,patient11_window16s_stride1s-epo,theta
1661,-0.0040745954568377155,patient11_window16s_stride1s-epo,theta
1662,-0.0022251909125888918,patient11_window16s_stride1s-epo,theta
1663,-0.000948140783848107,patient11_window16s_stride1s-epo,theta
1664,-0.0008044450335091309,patient11_window16s_stride1s-epo,theta
1665,-0.0012135633992275982,patient11_window16s_stride1s-epo,theta
1666,-0.0036595901577838852,patient11_window16s_stride1s-epo,theta
1667,-0.0028340845872367186,patient11_window16s_stride1s-epo,theta
1668,-0.0023218664384929704,patient11_window16s_stride1s-epo,theta
1669,-0.002713286176735454,patient11_window16s_stride1s-epo,theta
1670,-0.0037262419466836095,patient11_window16s_stride1s-epo,theta
1671,-0.0035785609777713974,patient11_window16s_stride1s-epo,theta
1672,-0.002786224478464784,patient11_window16s_stride1s-epo,theta
1673,-0.0023501778149474383,patient11_window16s_stride1s-epo,theta
1674,-0.0014935619190377788,patient11_window16s_stride1s-epo,theta
1675,-0.0014402808439728876,patient11_window16s_stride1s-epo,theta
1676,-0.002167040567263476,patient11_window16s_stride1s-epo,theta
1677,-0.00232147705108143,patient11_window16s_stride1s-epo,theta
1678,-0.0033516205945586285,patient11_window16s_stride1s-epo,theta
1679,-0.0047008827768014565,patient11_window16s_stride1s-epo,theta
1680,-0.0038606656842771225,patient11_window16s_stride1s-epo,theta
1681,-0.004202070451999155,patient11_window16s_stride1s-epo,theta
1682,-0.0028204257754618034,patient11_window16s_stride1s-epo,theta
1683,-0.002595619656719516,patient11_window16s_stride1s-epo,theta
1684,-0.004047083480581159,patient11_window16s_stride1s-epo,theta
1685,-0.0047736628733496935,patient11_window16s_stride1s-epo,theta
1686,-0.004858184014241182,patient11_window16s_stride1s-epo,theta
1687,-0.004401880296966959,patient11_window16s_stride1s-epo,theta
1688,-0.005607987000481345,patient11_window16s_stride1s-epo,theta
1689,-0.00514332476085133,patient11_window16s_stride1s-epo,theta
1690,-0.008629058511167662,patient11_window16s_stride1s-epo,theta
1691,-0.009876113099270018,patient11_window16s_stride1s-epo,theta
1692,-0.00876541642997588,patient11_window16s_stride1s-epo,theta
1693,-0.007547856042856644,patient11_window16s_stride1s-epo,theta
1694,-0.007414653478431928,patient11_window16s_stride1s-epo,theta
1695,-0.009592105371412191,patient11_window16s_stride1s-epo,theta
1696,-0.007519407196380282,patient11_window16s_stride1s-epo,theta
1697,-0.008104793047532212,patient11_window16s_stride1s-epo,theta
1698,-0.007756692803599392,patient11_window16s_stride1s-epo,theta
1699,-0.006360126403285455,patient11_window16s_stride1s-epo,theta
1700,-0.007581525764185751,patient11_window16s_stride1s-epo,theta
1701,-0.006023124241510116,patient11_window16s_stride1s-epo,theta
1702,-0.006509196449484202,patient11_window16s_stride1s-epo,theta
1703,-0.007417703851081398,patient11_window16s_stride1s-epo,theta
1704,-0.005537700745814649,patient11_window16s_stride1s-epo,theta
1705,-0.007537442798647385,patient11_window16s_stride1s-epo,theta
1706,-0.005108757633712624,patient11_window16s_stride1s-epo,theta
1707,-0.004404162394972055,patient11_window16s_stride1s-epo,theta
1708,-0.006918069694511218,patient11_window16s_stride1s-epo,theta
1709,-0.00744483659170859,patient11_window16s_stride1s-epo,theta
1710,-0.006809616372410915,patient11_window16s_stride1s-epo,theta
1711,-0.004275609323918259,patient11_window16s_stride1s-epo,theta
1712,-0.0071852533499026,patient11_window16s_stride1s-epo,theta
1713,-0.0068943782467011105,patient11_window16s_stride1s-epo,theta
1714,-0.007843151597805768,patient11_window16s_stride1s-epo,theta
1715,-0.007651771307717267,patient11_window16s_stride1s-epo,theta
1716,-0.010384347627910557,patient11_window16s_stride1s-epo,theta
1717,-0.007113926962345713,patient11_window16s_stride1s-epo,theta
1718,-0.005811765443451184,patient11_window16s_stride1s-epo,theta
1719,-0.0052203804666746305,patient11_window16s_stride1s-epo,theta
1720,-0.004923727805977164,patient11_window16s_stride1s-epo,theta
1721,-0.004532537467915377,patient11_window16s_stride1s-epo,theta
1722,-0.004702543367801384,patient11_window16s_stride1s-epo,theta
1723,-0.0037946700911505255,patient11_window16s_stride1s-epo,theta
1724,-0.0022406224592619655,patient11_window16s_stride1s-epo,theta
1725,-0.0029728817035934727,patient11_window16s_stride1s-epo,theta
1726,-0.003429815383895352,patient11_window16s_stride1s-epo,theta
1727,-0.004929548563681963,patient11_window16s_stride1s-epo,theta
1728,-0.0029150442460290538,patient11_window16s_stride1s-epo,theta
1729,-0.0030022832761748006,patient11_window16s_stride1s-epo,theta
1730,-0.0019333738751862752,patient11_window16s_stride1s-epo,theta
1731,-0.0019118151697781387,patient11_window16s_stride1s-epo,theta
1732,-0.0016882115256555785,patient11_window16s_stride1s-epo,theta
1733,-0.0044932522804936705,patient11_window16s_stride1s-epo,theta
1734,-0.0037575258592172575,patient11_window16s_stride1s-epo,theta
1735,-0.003771747911223759,patient11_window16s_stride1s-epo,theta
1736,-0.0030980927589827852,patient11_window16s_stride1s-epo,theta
1737,-0.002572801517154582,patient11_window16s_stride1s-epo,theta
1738,-0.002199552063712883,patient11_window16s_stride1s-epo,theta
1739,-0.0020820814141283782,patient11_window16s_stride1s-epo,theta
1740,-0.0015570526486420096,patient11_window16s_stride1s-epo,theta
1741,-0.0013082402007099172,patient11_window16s_stride1s-epo,theta
1742,-0.001126070622096153,patient11_window16s_stride1s-epo,theta
1743,-0.0030870465894905774,patient11_window16s_stride1s-epo,theta
1744,-0.0013706316937203019,patient11_window16s_stride1s-epo,theta
1745,-0.0025046228099223178,patient11_window16s_stride1s-epo,theta
1746,-0.00332486457982685,patient11_window16s_stride1s-epo,theta
1747,-0.006230524245158548,patient11_window16s_stride1s-epo,theta
1748,-0.006010338017550898,patient11_window16s_stride1s-epo,theta
1749,-0.00604086344429866,patient11_window16s_stride1s-epo,theta
1750,-0.00772490639525989,patient11_window16s_stride1s-epo,theta
1751,-0.009139768803358204,patient11_window16s_stride1s-epo,theta
1752,-0.008558292384501925,patient11_window16s_stride1s-epo,theta
1753,-0.008404857713085002,patient11_window16s_stride1s-epo,theta
1754,-0.0076996751786134925,patient11_window16s_stride1s-epo,theta
1755,-0.008050574243063555,patient11_window16s_stride1s-epo,theta
1756,-0.009394863236085774,patient11_window16s_stride1s-epo,theta
1757,-0.008011305268058157,patient11_window16s_stride1s-epo,theta
1758,-0.008255777453399143,patient11_window16s_stride1s-epo,theta
1759,-0.00804396668515186,patient11_window16s_stride1s-epo,theta
1760,-0.008834840769458407,patient11_window16s_stride1s-epo,theta
1761,-0.009142429853437528,patient11_window16s_stride1s-epo,theta
1762,-0.012265560064333153,patient11_window16s_stride1s-epo,theta
1763,-0.00839815364106542,patient11_window16s_stride1s-epo,theta
1764,-0.006584356536238194,patient11_window16s_stride1s-epo,theta
1765,-0.005300193894199991,patient11_window16s_stride1s-epo,theta
1766,-0.0035946357568314305,patient11_window16s_stride1s-epo,theta
1767,-0.004256756934940407,patient11_window16s_stride1s-epo,theta
1768,-0.005758073014261726,patient11_window16s_stride1s-epo,theta
1769,-0.004815758486798545,patient11_window16s_stride1s-epo,theta
1770,-0.004164252559400254,patient11_window16s_stride1s-epo,theta
1771,-0.0033246535738433915,patient11_window16s_stride1s-epo,theta
1772,-0.0046854153907981725,patient11_window16s_stride1s-epo,theta
1773,-0.004428538767650581,patient11_window16s_stride1s-epo,theta
1774,-0.004877527828119769,patient11_window16s_stride1s-epo,theta
1775,-0.005464960641317524,patient11_window16s_stride1s-epo,theta
1776,-0.003509453177851797,patient11_window16s_stride1s-epo,theta
1777,-0.004079773022657184,patient11_window16s_stride1s-epo,theta
1778,-0.005723734293046623,patient11_window16s_stride1s-epo,theta
1779,-0.006465411141701385,patient11_window16s_stride1s-epo,theta
1780,-0.005890389583724753,patient11_window16s_stride1s-epo,theta
1781,-0.007167072882078652,patient11_window16s_stride1s-epo,theta
1782,-0.006183528822397644,patient11_window16s_stride1s-epo,theta
1783,-0.004129888180718759,patient11_window16s_stride1s-epo,theta
1784,-0.002518973395061912,patient11_window16s_stride1s-epo,theta
1785,-0.002983992527707212,patient11_window16s_stride1s-epo,theta
1786,-0.0027811816861774284,patient11_window16s_stride1s-epo,theta
1787,-0.0025765371914509756,patient11_window16s_stride1s-epo,theta
1788,-0.001698853691509705,patient11_window16s_stride1s-epo,theta
1789,-0.004767928115577522,patient11_window16s_stride1s-epo,theta
1790,-0.002591618389929731,patient11_window16s_stride1s-epo,theta
1791,-0.0010544622022143101,patient11_window16s_stride1s-epo,theta
1792,-0.003738281575695354,patient11_window16s_stride1s-epo,theta
1793,-0.0029652045853150173,patient11_window16s_stride1s-epo,theta
1794,-0.005858489830589073,patient11_window16s_stride1s-epo,theta
1795,-0.003868634904566539,patient11_window16s_stride1s-epo,theta
1796,-0.001602818961460027,patient11_window16s_stride1s-epo,theta
1797,-0.0033330942122548777,patient11_window16s_stride1s-epo,theta
1798,-0.004270483950761663,patient11_window16s_stride1s-epo,theta
1799,-0.001632235398386136,patient11_window16s_stride1s-epo,theta
1800,-0.003452686236482675,patient11_window16s_stride1s-epo,theta
1801,-0.0012363593640768757,patient11_window16s_stride1s-epo,theta
1802,-0.0030958843423253527,patient11_window16s_stride1s-epo,theta
1803,-0.0016930949744104575,patient11_window16s_stride1s-epo,theta
1804,-0.0038833831014808374,patient11_window16s_stride1s-epo,theta
1805,-0.0013901065671427565,patient11_window16s_stride1s-epo,theta
1806,-0.0031506971549913687,patient11_window16s_stride1s-epo,theta
1807,-0.0032611050329533855,patient11_window16s_stride1s-epo,theta
1808,-0.003384658759305987,patient11_window16s_stride1s-epo,theta
1809,-0.0015198661621436686,patient11_window16s_stride1s-epo,theta
1810,-0.00258820768691442,patient11_window16s_stride1s-epo,theta
1811,-0.0014873380552143567,patient11_window16s_stride1s-epo,theta
1812,-0.0017118698340368916,patient11_window16s_stride1s-epo,theta
1813,-0.0015964846951318505,patient11_window16s_stride1s-epo,theta
1814,-0.00225779085109002,patient11_window16s_stride1s-epo,theta
1815,-0.0022842247519234008,patient11_window16s_stride1s-epo,theta
1816,-0.002624210485878061,patient11_window16s_stride1s-epo,theta
1817,-0.0036354370122086317,patient11_window16s_stride1s-epo,theta
1818,-0.004415206900062496,patient11_window16s_stride1s-epo,theta
1819,-0.006083686820914188,patient11_window16s_stride1s-epo,theta
1820,-0.006994119664652878,patient11_window16s_stride1s-epo,theta
1821,-0.00761804919214441,patient11_window16s_stride1s-epo,theta
1822,-0.005411128740749286,patient11_window16s_stride1s-epo,theta
1823,-0.004779797711085595,patient11_window16s_stride1s-epo,theta
1824,-0.0034672850505779638,patient11_window16s_stride1s-epo,theta
1825,-0.004987694427428965,patient11_window16s_stride1s-epo,theta
1826,-0.005624257820992695,patient11_window16s_stride1s-epo,theta
1827,-0.0075444188635220314,patient11_window16s_stride1s-epo,theta
1828,-0.007933348211434661,patient11_window16s_stride1s-epo,theta
1829,-0.006601597919964606,patient11_window16s_stride1s-epo,theta
1830,-0.006392128952322768,patient11_window16s_stride1s-epo,theta
1831,-0.007935164996830286,patient11_window16s_stride1s-epo,theta
1832,-0.007310644239884689,patient11_window16s_stride1s-epo,theta
1833,-0.005395489743154211,patient11_window16s_stride1s-epo,theta
1834,-0.0036559225661221286,patient11_window16s_stride1s-epo,theta
1835,-0.0034488690490414716,patient11_window16s_stride1s-epo,theta
1836,-0.0012623459589056955,patient11_window16s_stride1s-epo,theta
1837,-8.822754035994695e-05,patient11_window16s_stride1s-epo,theta
1838,-0.0013246985193354375,patient11_window16s_stride1s-epo,theta
1839,-0.0007401319288842337,patient11_window16s_stride1s-epo,theta
1840,0.00035563705162361685,patient11_window16s_stride1s-epo,theta
1841,0.0026527376396783295,patient11_window16s_stride1s-epo,theta
1842,0.0033011201014120687,patient11_window16s_stride1s-epo,theta
1843,0.0028931014986116996,patient11_window16s_stride1s-epo,theta
1844,0.002871188344891331,patient11_window16s_stride1s-epo,theta
1845,0.0008277709284248626,patient11_window16s_stride1s-epo,theta
1846,0.0012553435144653257,patient11_window16s_stride1s-epo,theta
1847,0.00119353433920142,patient11_window16s_stride1s-epo,theta
1848,0.0010159191593399942,patient11_window16s_stride1s-epo,theta
1849,0.0003931495921449658,patient11_window16s_stride1s-epo,theta
1850,0.000397907976080765,patient11_window16s_stride1s-epo,theta
1851,0.0010188047702174652,patient11_window16s_stride1s-epo,theta
1852,-0.0001597928647219901,patient11_window16s_stride1s-epo,theta
1853,0.00048011182914735833,patient11_window16s_stride1s-epo,theta
1854,0.001918714644473042,patient11_window16s_stride1s-epo,theta
1855,-0.0015357451595318255,patient11_window16s_stride1s-epo,theta
1856,0.0011547304252316022,patient11_window16s_stride1s-epo,theta
1857,-0.0008070186601881803,patient11_window16s_stride1s-epo,theta
1858,-0.000461747426293992,patient11_window16s_stride1s-epo,theta
1859,-0.0015183728622379749,patient11_window16s_stride1s-epo,theta
1860,-0.001357975336368498,patient11_window16s_stride1s-epo,theta
1861,-0.003019715941815955,patient11_window16s_stride1s-epo,theta
1862,-0.004216857896568331,patient11_window16s_stride1s-epo,theta
1863,-0.0025976481188256127,patient11_window16s_stride1s-epo,theta
1864,-0.004565957259791636,patient11_window16s_stride1s-epo,theta
1865,-0.0023849890762039465,patient11_window16s_stride1s-epo,theta
1866,-0.001706724030078078,patient11_window16s_stride1s-epo,theta
1867,-0.0033131057676977346,patient11_window16s_stride1s-epo,theta
1868,-0.0031501722872014984,patient11_window16s_stride1s-epo,theta
1869,-0.003512492490525032,patient11_window16s_stride1s-epo,theta
1870,-0.004410750630351071,patient11_window16s_stride1s-epo,theta
1871,-0.0047195585897417515,patient11_window16s_stride1s-epo,theta
1872,-0.007454002468411349,patient11_window16s_stride1s-epo,theta
1873,-0.007417476549817265,patient11_window16s_stride1s-epo,theta
1874,-0.005954466159935107,patient11_window16s_stride1s-epo,theta
1875,-0.005359994501295679,patient11_window16s_stride1s-epo,theta
1876,-0.004583340447704076,patient11_window16s_stride1s-epo,theta
1877,-0.003946920616504069,patient11_window16s_stride1s-epo,theta
1878,-0.005073539329839483,patient11_window16s_stride1s-epo,theta
1879,-0.0049329889170650065,patient11_window16s_stride1s-epo,theta
1880,-0.004398753683884242,patient11_window16s_stride1s-epo,theta
1881,-0.005842689482178923,patient11_window16s_stride1s-epo,theta
1882,-0.007260341197236657,patient11_window16s_stride1s-epo,theta
1883,-0.0073776523418060255,patient11_window16s_stride1s-epo,theta
1884,-0.0061154535053013,patient11_window16s_stride1s-epo,theta
1885,-0.006692511172515571,patient11_window16s_stride1s-epo,theta
1886,-0.006089857029587821,patient11_window16s_stride1s-epo,theta
1887,-0.006025849469333383,patient11_window16s_stride1s-epo,theta
1888,-0.0048390172868841555,patient11_window16s_stride1s-epo,theta
1889,-0.005337652676166375,patient11_window16s_stride1s-epo,theta
1890,-0.005431880878637254,patient11_window16s_stride1s-epo,theta
1891,-0.0069953462557578346,patient11_window16s_stride1s-epo,theta
1892,-0.0071475621872636895,patient11_window16s_stride1s-epo,theta
1893,-0.007628171754009747,patient11_window16s_stride1s-epo,theta
1894,-0.007486325318095555,patient11_window16s_stride1s-epo,theta
1895,-0.006888102321340378,patient11_window16s_stride1s-epo,theta
1896,-0.005711289615622673,patient11_window16s_stride1s-epo,theta
1897,-0.007184250655888059,patient11_window16s_stride1s-epo,theta
1898,-0.006982143027478451,patient11_window16s_stride1s-epo,theta
1899,-0.004681377975872017,patient11_window16s_stride1s-epo,theta
1900,-0.003591569091456907,patient11_window16s_stride1s-epo,theta
1901,-0.0036368306039729933,patient11_window16s_stride1s-epo,theta
1902,-0.004774732521625327,patient11_window16s_stride1s-epo,theta
1903,-0.005089291369282397,patient11_window16s_stride1s-epo,theta
1904,-0.0068682361803663475,patient11_window16s_stride1s-epo,theta
1905,-0.005711092961876965,patient11_window16s_stride1s-epo,theta
1906,-0.006191532823557808,patient11_window16s_stride1s-epo,theta
1907,-0.005656449370410665,patient11_window16s_stride1s-epo,theta
1908,-0.0046548108780488755,patient11_window16s_stride1s-epo,theta
1909,-0.004426614211060575,patient11_window16s_stride1s-epo,theta
1910,-0.0041623365089640775,patient11_window16s_stride1s-epo,theta
1911,-0.0039026069367473605,patient11_window16s_stride1s-epo,theta
1912,-0.004459591041739161,patient11_window16s_stride1s-epo,theta
1913,-0.003471680800065572,patient11_window16s_stride1s-epo,theta
1914,-0.005005096170039232,patient11_window16s_stride1s-epo,theta
1915,-0.0066921229887586895,patient11_window16s_stride1s-epo,theta
1916,-0.006272620012603258,patient11_window16s_stride1s-epo,theta
1917,-0.006393787557237479,patient11_window16s_stride1s-epo,theta
1918,-0.007077250135342058,patient11_window16s_stride1s-epo,theta
1919,-0.006977759762631501,patient11_window16s_stride1s-epo,theta
1920,-0.006553756666790898,patient11_window16s_stride1s-epo,theta
1921,-0.004358785321005317,patient11_window16s_stride1s-epo,theta
1922,-0.005162860069753423,patient11_window16s_stride1s-epo,theta
1923,-0.00557037658348116,patient11_window16s_stride1s-epo,theta
1924,-0.004285253872714088,patient11_window16s_stride1s-epo,theta
1925,-0.005683806492681796,patient11_window16s_stride1s-epo,theta
1926,-0.006982021579506945,patient11_window16s_stride1s-epo,theta
1927,-0.009030724906815927,patient11_window16s_stride1s-epo,theta
1928,-0.009366026761363166,patient11_window16s_stride1s-epo,theta
1929,-0.010253115790524962,patient11_window16s_stride1s-epo,theta
1930,-0.008600098978062826,patient11_window16s_stride1s-epo,theta
1931,-0.008181586638876609,patient11_window16s_stride1s-epo,theta
1932,-0.009369010585115236,patient11_window16s_stride1s-epo,theta
1933,-0.007292244279466476,patient11_window16s_stride1s-epo,theta
1934,-0.007009822160491284,patient11_window16s_stride1s-epo,theta
1935,-0.009491422572206245,patient11_window16s_stride1s-epo,theta
1936,-0.012654358902205825,patient11_window16s_stride1s-epo,theta
1937,-0.011834909442003624,patient11_window16s_stride1s-epo,theta
1938,-0.013629648594814336,patient11_window16s_stride1s-epo,theta
1939,-0.012454150011647087,patient11_window16s_stride1s-epo,theta
1940,-0.013190130284535116,patient11_window16s_stride1s-epo,theta
1941,-0.013996615121078318,patient11_window16s_stride1s-epo,theta
1942,-0.0117221396258417,patient11_window16s_stride1s-epo,theta
1943,-0.009663740210189323,patient11_window16s_stride1s-epo,theta
1944,-0.009274831308471891,patient11_window16s_stride1s-epo,theta
1945,-0.010028640073190494,patient11_window16s_stride1s-epo,theta
1946,-0.009447825635324716,patient11_window16s_stride1s-epo,theta
1947,-0.010583323141708807,patient11_window16s_stride1s-epo,theta
1948,-0.011517507144394482,patient11_window16s_stride1s-epo,theta
1949,-0.013091322305218443,patient11_window16s_stride1s-epo,theta
1950,-0.014107549086497854,patient11_window16s_stride1s-epo,theta
1951,-0.010995900862420088,patient11_window16s_stride1s-epo,theta
1952,-0.009949103963864463,patient11_window16s_stride1s-epo,theta
1953,-0.009534742372154584,patient11_window16s_stride1s-epo,theta
1954,-0.006859744424517222,patient11_window16s_stride1s-epo,theta
1955,-0.008614318730308258,patient11_window16s_stride1s-epo,theta
1956,-0.007172239218357459,patient11_window16s_stride1s-epo,theta
1957,-0.008666138461250248,patient11_window16s_stride1s-epo,theta
1958,-0.008260872216997714,patient11_window16s_stride1s-epo,theta
1959,-0.007214762216923758,patient11_window16s_stride1s-epo,theta
1960,-0.002953411712044885,patient11_window16s_stride1s-epo,theta
1961,-0.0016183510860098042,patient11_window16s_stride1s-epo,theta
1962,-0.001508879273040994,patient11_window16s_stride1s-epo,theta
1963,-0.00017741192949556525,patient11_window16s_stride1s-epo,theta
1964,-0.000670199183632633,patient11_window16s_stride1s-epo,theta
1965,0.00015180346467881273,patient11_window16s_stride1s-epo,theta
1966,0.001428715791727037,patient11_window16s_stride1s-epo,theta
1967,0.003403359584885303,patient11_window16s_stride1s-epo,theta
1968,0.004761890429971143,patient11_window16s_stride1s-epo,theta
1969,0.004035308748126872,patient11_window16s_stride1s-epo,theta
1970,0.004759669162937461,patient11_window16s_stride1s-epo,theta
1971,0.0041610279544503645,patient11_window16s_stride1s-epo,theta
1972,0.005111644579533779,patient11_window16s_stride1s-epo,theta
1973,0.004707931884083477,patient11_window16s_stride1s-epo,theta
1974,0.006100367773522791,patient11_window16s_stride1s-epo,theta
1975,0.0039997586716938325,patient11_window16s_stride1s-epo,theta
1976,0.003210001646481225,patient11_window16s_stride1s-epo,theta
1977,0.0012174784007386208,patient11_window16s_stride1s-epo,theta
1978,0.004627988568395202,patient11_window16s_stride1s-epo,theta
1979,0.0025583238664820995,patient11_window16s_stride1s-epo,theta
1980,0.0015708868695872007,patient11_window16s_stride1s-epo,theta
1981,-0.0006208397919547544,patient11_window16s_stride1s-epo,theta
1982,1.7236007849539702e-05,patient11_window16s_stride1s-epo,theta
1983,-0.0021478607310080494,patient11_window16s_stride1s-epo,theta
1984,-0.0028074053264391143,patient11_window16s_stride1s-epo,theta
1985,-0.00026056648356856957,patient11_window16s_stride1s-epo,theta
1986,-0.0034968166469518387,patient11_window16s_stride1s-epo,theta
1987,-0.0032555361803286815,patient11_window16s_stride1s-epo,theta
1988,-0.004137782209386649,patient11_window16s_stride1s-epo,theta
1989,-0.005076834784229217,patient11_window16s_stride1s-epo,theta
1990,-0.003643513022841798,patient11_window16s_stride1s-epo,theta
1991,-0.0027514325072320062,patient11_window16s_stride1s-epo,theta
1992,-0.002321135464355934,patient11_window16s_stride1s-epo,theta
1993,-0.003757960489000588,patient11_window16s_stride1s-epo,theta
1994,-0.004176139009689306,patient11_window16s_stride1s-epo,theta
1995,-0.003161131873044121,patient11_window16s_stride1s-epo,theta
1996,-0.0015349739091948093,patient11_window16s_stride1s-epo,theta
1997,-0.001144999955114181,patient11_window16s_stride1s-epo,theta
1998,-0.002508968068316934,patient11_window16s_stride1s-epo,theta
1999,-0.0026971705178025734,patient11_window16s_stride1s-epo,theta
2000,-0.0036694413527925884,patient11_window16s_stride1s-epo,theta
2001,-0.0030155849015001857,patient11_window16s_stride1s-epo,theta
2002,-0.0010043095597394506,patient11_window16s_stride1s-epo,theta
2003,-0.0005641499353829594,patient11_window16s_stride1s-epo,theta
2004,0.0010583064713946726,patient11_window16s_stride1s-epo,theta
2005,-0.0010867079614767462,patient11_window16s_stride1s-epo,theta
2006,-0.00042976017227895635,patient11_window16s_stride1s-epo,theta
2007,-0.002826031811599057,patient11_window16s_stride1s-epo,theta
2008,-0.005052381002768119,patient11_window16s_stride1s-epo,theta
2009,-0.003070187791454473,patient11_window16s_stride1s-epo,theta
2010,-0.004706034825264472,patient11_window16s_stride1s-epo,theta
2011,-0.003074477232597514,patient11_window16s_stride1s-epo,theta
2012,-0.002589671899362566,patient11_window16s_stride1s-epo,theta
2013,-0.0030838657907953544,patient11_window16s_stride1s-epo,theta
2014,-0.003462678050646031,patient11_window16s_stride1s-epo,theta
2015,-0.001245440421865118,patient11_window16s_stride1s-epo,theta
2016,-0.0012425301739074736,patient11_window16s_stride1s-epo,theta
2017,0.0006343404490861469,patient11_window16s_stride1s-epo,theta
2018,-0.0011940930489481158,patient11_window16s_stride1s-epo,theta
2019,-0.003273232337402234,patient11_window16s_stride1s-epo,theta
2020,-0.005368014875598102,patient11_window16s_stride1s-epo,theta
2021,-0.004765441123627748,patient11_window16s_stride1s-epo,theta
2022,-0.004246402266264897,patient11_window16s_stride1s-epo,theta
2023,-0.0032057326825701295,patient11_window16s_stride1s-epo,theta
2024,-0.004974248128710244,patient11_window16s_stride1s-epo,theta
2025,-0.004728737184208895,patient11_window16s_stride1s-epo,theta
2026,-0.005373913703818654,patient11_window16s_stride1s-epo,theta
2027,-0.006412124545465494,patient11_window16s_stride1s-epo,theta
2028,-0.00767174635016489,patient11_window16s_stride1s-epo,theta
2029,-0.006269493601665342,patient11_window16s_stride1s-epo,theta
2030,-0.004719119779856201,patient11_window16s_stride1s-epo,theta
2031,-0.00640773416532701,patient11_window16s_stride1s-epo,theta
2032,-0.005864328043030732,patient11_window16s_stride1s-epo,theta
2033,-0.006061782542176355,patient11_window16s_stride1s-epo,theta
2034,-0.005562310940356702,patient11_window16s_stride1s-epo,theta
2035,-0.004297159759068063,patient11_window16s_stride1s-epo,theta
2036,-0.004148141908752826,patient11_window16s_stride1s-epo,theta
2037,-0.0031930534094744443,patient11_window16s_stride1s-epo,theta
2038,-0.0019325409306643973,patient11_window16s_stride1s-epo,theta
2039,-0.002224060979369332,patient11_window16s_stride1s-epo,theta
2040,-0.0028976991121519224,patient11_window16s_stride1s-epo,theta
2041,-0.003751853894153578,patient11_window16s_stride1s-epo,theta
2042,-0.0044914403457843016,patient11_window16s_stride1s-epo,theta
2043,-0.004708521389810609,patient11_window16s_stride1s-epo,theta
2044,-0.0016445424557563464,patient11_window16s_stride1s-epo,theta
2045,-0.0048925356545952,patient11_window16s_stride1s-epo,theta
2046,-0.0019829790235972003,patient11_window16s_stride1s-epo,theta
2047,-0.004251293117286451,patient11_window16s_stride1s-epo,theta
2048,-0.0028794814753985635,patient11_window16s_stride1s-epo,theta
2049,-0.0034327080363581734,patient11_window16s_stride1s-epo,theta
2050,-0.0042972367680370015,patient11_window16s_stride1s-epo,theta
2051,-0.0039644364868178595,patient11_window16s_stride1s-epo,theta
2052,-0.004892475140413203,patient11_window16s_stride1s-epo,theta
2053,-0.004490755280678295,patient11_window16s_stride1s-epo,theta
2054,-0.004857447766765703,patient11_window16s_stride1s-epo,theta
2055,-0.0037514668059927627,patient11_window16s_stride1s-epo,theta
2056,-0.0018404748831113065,patient11_window16s_stride1s-epo,theta
2057,9.516984276659537e-05,patient11_window16s_stride1s-epo,theta
2058,0.0007750518430379759,patient11_window16s_stride1s-epo,theta
2059,0.001011342806799696,patient11_window16s_stride1s-epo,theta
2060,0.00039658292586227517,patient11_window16s_stride1s-epo,theta
2061,0.0027649578954407976,patient11_window16s_stride1s-epo,theta
2062,0.003455562604201212,patient11_window16s_stride1s-epo,theta
2063,0.004695690393525909,patient11_window16s_stride1s-epo,theta
2064,0.005543693571842837,patient11_window16s_stride1s-epo,theta
2065,0.005913046807057061,patient11_window16s_stride1s-epo,theta
2066,0.005266820363608599,patient11_window16s_stride1s-epo,theta
2067,0.005382479859553488,patient11_window16s_stride1s-epo,theta
2068,0.006139343658980304,patient11_window16s_stride1s-epo,theta
2069,0.005240165276972818,patient11_window16s_stride1s-epo,theta
2070,0.006348776660618059,patient11_window16s_stride1s-epo,theta
2071,0.0031224113489531453,patient11_window16s_stride1s-epo,theta
2072,0.004306038295643945,patient11_window16s_stride1s-epo,theta
2073,0.0020458626107249453,patient11_window16s_stride1s-epo,theta
2074,-0.0016570115335189906,patient11_window16s_stride1s-epo,theta
2075,-0.0015034152518581877,patient11_window16s_stride1s-epo,theta
2076,-0.00083842880998336,patient11_window16s_stride1s-epo,theta
2077,0.00010849577716564599,patient11_window16s_stride1s-epo,theta
2078,-0.0017085299328864522,patient11_window16s_stride1s-epo,theta
2079,-0.0017913913191934098,patient11_window16s_stride1s-epo,theta
2080,-0.002677756534813731,patient11_window16s_stride1s-epo,theta
2081,-0.002391439774557597,patient11_window16s_stride1s-epo,theta
2082,-0.0021585201779252454,patient11_window16s_stride1s-epo,theta
2083,0.001132546878428837,patient11_window16s_stride1s-epo,theta
2084,-0.00029147219362207966,patient11_window16s_stride1s-epo,theta
2085,-0.0004988563689452959,patient11_window16s_stride1s-epo,theta
2086,-0.002904818327319061,patient11_window16s_stride1s-epo,theta
2087,-0.0028481079535081534,patient11_window16s_stride1s-epo,theta
2088,-0.0018695348589941646,patient11_window16s_stride1s-epo,theta
2089,-0.0009596150551006657,patient11_window16s_stride1s-epo,theta
2090,0.000799840640727445,patient11_window16s_stride1s-epo,theta
2091,-0.0006003652350457623,patient11_window16s_stride1s-epo,theta
2092,-0.00021847895198507275,patient11_window16s_stride1s-epo,theta
2093,-0.0034090017463042368,patient11_window16s_stride1s-epo,theta
2094,-0.0015356271580473466,patient11_window16s_stride1s-epo,theta
2095,-0.0011029932997677293,patient11_window16s_stride1s-epo,theta
2096,-0.0022227535198138856,patient11_window16s_stride1s-epo,theta
2097,-0.002340590960023467,patient11_window16s_stride1s-epo,theta
2098,-0.003971250369706228,patient11_window16s_stride1s-epo,theta
2099,-0.0026186830757055773,patient11_window16s_stride1s-epo,theta
2100,-0.002913725612657732,patient11_window16s_stride1s-epo,theta
2101,-0.004324095253876978,patient11_window16s_stride1s-epo,theta
2102,-0.0028797938930705817,patient11_window16s_stride1s-epo,theta
2103,-0.0012067212149418597,patient11_window16s_stride1s-epo,theta
2104,-0.004484827757480254,patient11_window16s_stride1s-epo,theta
2105,-0.0048457315968524145,patient11_window16s_stride1s-epo,theta
2106,-0.0034876854282732952,patient11_window16s_stride1s-epo,theta
2107,-0.006609865697437147,patient11_window16s_stride1s-epo,theta
2108,-0.004735951284765191,patient11_window16s_stride1s-epo,theta
2109,-0.0045386723328537356,patient11_window16s_stride1s-epo,theta
2110,-0.00536096572556448,patient11_window16s_stride1s-epo,theta
2111,-0.004981225835565169,patient11_window16s_stride1s-epo,theta
2112,-0.0046911441307692725,patient11_window16s_stride1s-epo,theta
2113,-0.006149840243493793,patient11_window16s_stride1s-epo,theta
2114,-0.004750388174973447,patient11_window16s_stride1s-epo,theta
2115,-0.005683893579200522,patient11_window16s_stride1s-epo,theta
2116,-0.0056966395519930015,patient11_window16s_stride1s-epo,theta
2117,-0.006087900680171564,patient11_window16s_stride1s-epo,theta
2118,-0.004271964996272198,patient11_window16s_stride1s-epo,theta
2119,-0.003736578501104967,patient11_window16s_stride1s-epo,theta
2120,-0.00403071033719796,patient11_window16s_stride1s-epo,theta
2121,-0.0027472609372618324,patient11_window16s_stride1s-epo,theta
2122,-0.0020200418128939707,patient11_window16s_stride1s-epo,theta
2123,-0.0020770179483543634,patient11_window16s_stride1s-epo,theta
2124,-0.002528841194044263,patient11_window16s_stride1s-epo,theta
2125,-0.0025864209090107654,patient11_window16s_stride1s-epo,theta
2126,-0.0039825982627519465,patient11_window16s_stride1s-epo,theta
2127,-0.0026472978611806765,patient11_window16s_stride1s-epo,theta
2128,-0.00485526087719898,patient11_window16s_stride1s-epo,theta
2129,-0.0031536392865438856,patient11_window16s_stride1s-epo,theta
2130,-0.0024642529125951016,patient11_window16s_stride1s-epo,theta
2131,-0.005013657642488846,patient11_window16s_stride1s-epo,theta
2132,-0.004024040874065504,patient11_window16s_stride1s-epo,theta
2133,-0.004136772878484149,patient11_window16s_stride1s-epo,theta
2134,-0.004872040489567426,patient11_window16s_stride1s-epo,theta
2135,-0.003341346169001358,patient11_window16s_stride1s-epo,theta
2136,-0.003971858753857673,patient11_window16s_stride1s-epo,theta
2137,-0.005220221999924059,patient11_window16s_stride1s-epo,theta
2138,-0.004495645237880099,patient11_window16s_stride1s-epo,theta
2139,-0.0027878307400907225,patient11_window16s_stride1s-epo,theta
2140,-0.003352270310122801,patient11_window16s_stride1s-epo,theta
2141,-0.0031721143716041808,patient11_window16s_stride1s-epo,theta
2142,-0.004460358186365131,patient11_window16s_stride1s-epo,theta
2143,-0.0037715240256694857,patient11_window16s_stride1s-epo,theta
2144,-0.00394518803487832,patient11_window16s_stride1s-epo,theta
2145,-0.0026894810147394936,patient11_window16s_stride1s-epo,theta
2146,-0.004547783404283102,patient11_window16s_stride1s-epo,theta
2147,-0.0024581954672874694,patient11_window16s_stride1s-epo,theta
2148,-0.001226803337655301,patient11_window16s_stride1s-epo,theta
2149,-0.0014361000944605868,patient11_window16s_stride1s-epo,theta
2150,-0.0014732908371577022,patient11_window16s_stride1s-epo,theta
2151,-0.0007414445996317911,patient11_window16s_stride1s-epo,theta
2152,-0.0022900962107381116,patient11_window16s_stride1s-epo,theta
2153,-0.0020264921556577766,patient11_window16s_stride1s-epo,theta
2154,-0.002762870898215504,patient11_window16s_stride1s-epo,theta
2155,0.00042162309286831486,patient11_window16s_stride1s-epo,theta
2156,-0.001991695585199624,patient11_window16s_stride1s-epo,theta
2157,-0.0021940202149922094,patient11_window16s_stride1s-epo,theta
2158,-0.00180471160854475,patient11_window16s_stride1s-epo,theta
2159,-0.00393466038687539,patient11_window16s_stride1s-epo,theta
2160,-0.0036838881839202677,patient11_window16s_stride1s-epo,theta
2161,-0.0035957552006634997,patient11_window16s_stride1s-epo,theta
2162,-0.0055639419861880516,patient11_window16s_stride1s-epo,theta
2163,-0.004182961150630171,patient11_window16s_stride1s-epo,theta
2164,-0.007308318483365512,patient11_window16s_stride1s-epo,theta
2165,-0.006891845023632561,patient11_window16s_stride1s-epo,theta
2166,-0.00678334748375994,patient11_window16s_stride1s-epo,theta
2167,-0.006730294586949077,patient11_window16s_stride1s-epo,theta
2168,-0.0075552810233170805,patient11_window16s_stride1s-epo,theta
2169,-0.008151995128421942,patient11_window16s_stride1s-epo,theta
2170,-0.009834936174486693,patient11_window16s_stride1s-epo,theta
2171,-0.010609673860671024,patient11_window16s_stride1s-epo,theta
2172,-0.011286087847846077,patient11_window16s_stride1s-epo,theta
2173,-0.012616652075267399,patient11_window16s_stride1s-epo,theta
2174,-0.012552297035072563,patient11_window16s_stride1s-epo,theta
2175,-0.011392667765330182,patient11_window16s_stride1s-epo,theta
2176,-0.01122671516840628,patient11_window16s_stride1s-epo,theta
2177,-0.013099082767093068,patient11_window16s_stride1s-epo,theta
2178,-0.011649387436631598,patient11_window16s_stride1s-epo,theta
2179,-0.011395752927352962,patient11_window16s_stride1s-epo,theta
2180,-0.010465933608377834,patient11_window16s_stride1s-epo,theta
2181,-0.007422181383436326,patient11_window16s_stride1s-epo,theta
2182,-0.01003635577220332,patient11_window16s_stride1s-epo,theta
2183,-0.008280660627006609,patient11_window16s_stride1s-epo,theta
2184,-0.009245629295924457,patient11_window16s_stride1s-epo,theta
2185,-0.009854370566834225,patient11_window16s_stride1s-epo,theta
2186,-0.011717974528013054,patient11_window16s_stride1s-epo,theta
2187,-0.012239566287574782,patient11_window16s_stride1s-epo,theta
2188,-0.012831319516019332,patient11_window16s_stride1s-epo,theta
2189,-0.009528875146568094,patient11_window16s_stride1s-epo,theta
2190,-0.00832101017452446,patient11_window16s_stride1s-epo,theta
2191,-0.00711012170023229,patient11_window16s_stride1s-epo,theta
2192,-0.006399064063208656,patient11_window16s_stride1s-epo,theta
2193,-0.0037309663678888705,patient11_window16s_stride1s-epo,theta
2194,-0.0020962587258788507,patient11_window16s_stride1s-epo,theta
2195,-0.002614515931070513,patient11_window16s_stride1s-epo,theta
2196,-0.002070121533928876,patient11_window16s_stride1s-epo,theta
2197,-0.003002567520251308,patient11_window16s_stride1s-epo,theta
2198,-0.0015312618981600478,patient11_window16s_stride1s-epo,theta
2199,0.000902367087993545,patient11_window16s_stride1s-epo,theta
2200,-0.0011292508499962696,patient11_window16s_stride1s-epo,theta
2201,0.000259008016375787,patient11_window16s_stride1s-epo,theta
2202,0.0016854189714983498,patient11_window16s_stride1s-epo,theta
2203,0.0017332982890200473,patient11_window16s_stride1s-epo,theta
2204,0.0031063908785867694,patient11_window16s_stride1s-epo,theta
2205,0.004864605598386023,patient11_window16s_stride1s-epo,theta
2206,0.003028393012238609,patient11_window16s_stride1s-epo,theta
2207,-0.00641281488164881,patient11_window16s_stride1s-epo,theta
2208,-0.0071305401518212035,patient11_window16s_stride1s-epo,theta
2209,-0.006589848262074501,patient11_window16s_stride1s-epo,theta
2210,-0.007148917958744657,patient11_window16s_stride1s-epo,theta
2211,-0.0065894525967457925,patient11_window16s_stride1s-epo,theta
2212,-0.006317570573375683,patient11_window16s_stride1s-epo,theta
2213,-0.004632311313093917,patient11_window16s_stride1s-epo,theta
2214,-0.0057014834228225,patient11_window16s_stride1s-epo,theta
2215,-0.004909658547586234,patient11_window16s_stride1s-epo,theta
2216,-0.0039617363865201705,patient11_window16s_stride1s-epo,theta
2217,-0.004420040050216305,patient11_window16s_stride1s-epo,theta
2218,-0.005670386398141601,patient11_window16s_stride1s-epo,theta
2219,-0.00577330388159625,patient11_window16s_stride1s-epo,theta
2220,-0.005522662119401327,patient11_window16s_stride1s-epo,theta
2221,-0.006237687015128923,patient11_window16s_stride1s-epo,theta
2222,-0.0066889140379160624,patient11_window16s_stride1s-epo,theta
2223,-0.005593060752510863,patient11_window16s_stride1s-epo,theta
2224,-0.004769721979610934,patient11_window16s_stride1s-epo,theta
2225,-0.005069406477682415,patient11_window16s_stride1s-epo,theta
2226,-0.003288373248162936,patient11_window16s_stride1s-epo,theta
2227,-0.004613292026531874,patient11_window16s_stride1s-epo,theta
2228,-0.0032575322284342447,patient11_window16s_stride1s-epo,theta
2229,-0.001732205573630424,patient11_window16s_stride1s-epo,theta
2230,-0.002604091437139315,patient11_window16s_stride1s-epo,theta
2231,-0.002619154349421513,patient11_window16s_stride1s-epo,theta
2232,-0.0030160024154539627,patient11_window16s_stride1s-epo,theta
2233,-0.00253775408592044,patient11_window16s_stride1s-epo,theta
2234,-0.003077444153558666,patient11_window16s_stride1s-epo,theta
2235,-0.0014027699062430148,patient11_window16s_stride1s-epo,theta
2236,-0.001008441010695887,patient11_window16s_stride1s-epo,theta
2237,-0.0008568356655218448,patient11_window16s_stride1s-epo,theta
2238,-0.0019089730918123756,patient11_window16s_stride1s-epo,theta
2239,-0.0006182586241503385,patient11_window16s_stride1s-epo,theta
2240,-0.0022106089777070613,patient11_window16s_stride1s-epo,theta
2241,-0.0011649328641235481,patient11_window16s_stride1s-epo,theta
2242,-0.0010946650588975887,patient11_window16s_stride1s-epo,theta
2243,-0.0023907303302609325,patient11_window16s_stride1s-epo,theta
2244,-0.0017981037980866396,patient11_window16s_stride1s-epo,theta
2245,-0.0038025695892882,patient11_window16s_stride1s-epo,theta
2246,-0.0034089416394792013,patient11_window16s_stride1s-epo,theta
2247,-0.001114800840852704,patient11_window16s_stride1s-epo,theta
2248,-0.004043488583855606,patient11_window16s_stride1s-epo,theta
2249,-0.0029359958746579744,patient11_window16s_stride1s-epo,theta
2250,-0.003870073963085176,patient11_window16s_stride1s-epo,theta
2251,-0.0030870298490009115,patient11_window16s_stride1s-epo,theta
2252,-0.005365699877404476,patient11_window16s_stride1s-epo,theta
2253,-0.0038068383897780682,patient11_window16s_stride1s-epo,theta
2254,-0.004128793408350461,patient11_window16s_stride1s-epo,theta
2255,-0.004827488714088691,patient11_window16s_stride1s-epo,theta
2256,-0.004442037573366862,patient11_window16s_stride1s-epo,theta
2257,-0.006608554519143633,patient11_window16s_stride1s-epo,theta
2258,-0.0064343336618527475,patient11_window16s_stride1s-epo,theta
2259,-0.006789372378414388,patient11_window16s_stride1s-epo,theta
2260,-0.005657882270613226,patient11_window16s_stride1s-epo,theta
2261,-0.007065839774534492,patient11_window16s_stride1s-epo,theta
2262,-0.006710957096410854,patient11_window16s_stride1s-epo,theta
2263,-0.007037387273158055,patient11_window16s_stride1s-epo,theta
2264,-0.007675776134856728,patient11_window16s_stride1s-epo,theta
2265,-0.0069608312136896465,patient11_window16s_stride1s-epo,theta
2266,-0.007764781719631857,patient11_window16s_stride1s-epo,theta
2267,-0.008608784749818561,patient11_window16s_stride1s-epo,theta
2268,-0.008213725019022842,patient11_window16s_stride1s-epo,theta
2269,-0.007625558204857339,patient11_window16s_stride1s-epo,theta
2270,-0.008658903598576264,patient11_window16s_stride1s-epo,theta
2271,-0.008067587171265756,patient11_window16s_stride1s-epo,theta
2272,-0.006751097279500214,patient11_window16s_stride1s-epo,theta
2273,-0.008416780569976582,patient11_window16s_stride1s-epo,theta
2274,-0.007267941370736697,patient11_window16s_stride1s-epo,theta
2275,-0.005632160604303212,patient11_window16s_stride1s-epo,theta
2276,-0.00525081586575882,patient11_window16s_stride1s-epo,theta
2277,-0.005842722612301156,patient11_window16s_stride1s-epo,theta
2278,-0.007457438601422569,patient11_window16s_stride1s-epo,theta
2279,-0.0055349726106783195,patient11_window16s_stride1s-epo,theta
2280,-0.007300056259024972,patient11_window16s_stride1s-epo,theta
2281,-0.0065678422141664744,patient11_window16s_stride1s-epo,theta
2282,-0.007461425686562593,patient11_window16s_stride1s-epo,theta
2283,-0.005060618200089498,patient11_window16s_stride1s-epo,theta
2284,-0.005489151522269213,patient11_window16s_stride1s-epo,theta
2285,-0.007177530718909508,patient11_window16s_stride1s-epo,theta
2286,-0.005627262546092001,patient11_window16s_stride1s-epo,theta
2287,-0.005365282765590273,patient11_window16s_stride1s-epo,theta
2288,-0.005082916006139782,patient11_window16s_stride1s-epo,theta
2289,-0.0028443060169461905,patient11_window16s_stride1s-epo,theta
2290,-0.0024748081858369385,patient11_window16s_stride1s-epo,theta
2291,-0.0024713796129476203,patient11_window16s_stride1s-epo,theta
2292,-0.00117362776436925,patient11_window16s_stride1s-epo,theta
2293,-0.00123049375149411,patient11_window16s_stride1s-epo,theta
2294,0.0003620842374053943,patient11_window16s_stride1s-epo,theta
2295,0.0018823550124613473,patient11_window16s_stride1s-epo,theta
2296,-0.0005775489685841379,patient11_window16s_stride1s-epo,theta
2297,0.0001938440193374022,patient11_window16s_stride1s-epo,theta
2298,0.0005321964812517849,patient11_window16s_stride1s-epo,theta
2299,-0.000854863937023838,patient11_window16s_stride1s-epo,theta
2300,0.0014602205999703836,patient11_window16s_stride1s-epo,theta
2301,0.0014622445823061498,patient11_window16s_stride1s-epo,theta
2302,-0.001052713285907036,patient11_window16s_stride1s-epo,theta
2303,-0.0014761384731632754,patient11_window16s_stride1s-epo,theta
2304,-0.0017181085831458123,patient11_window16s_stride1s-epo,theta
2305,-0.0012370080449523705,patient11_window16s_stride1s-epo,theta
2306,-0.0015468028007757412,patient11_window16s_stride1s-epo,theta
2307,-0.0032636973913015076,patient11_window16s_stride1s-epo,theta
2308,-0.0037704558116509333,patient11_window16s_stride1s-epo,theta
2309,-0.004819528282634886,patient11_window16s_stride1s-epo,theta
2310,-0.0046069713853360604,patient11_window16s_stride1s-epo,theta
2311,-0.004188283202306955,patient11_window16s_stride1s-epo,theta
2312,-0.0038975371894034876,patient11_window16s_stride1s-epo,theta
2313,-0.00600123688703616,patient11_window16s_stride1s-epo,theta
2314,-0.004204216909664469,patient11_window16s_stride1s-epo,theta
2315,-0.00594470480216423,patient11_window16s_stride1s-epo,theta
2316,-0.00411761210456495,patient11_window16s_stride1s-epo,theta
2317,-0.004662042599618573,patient11_window16s_stride1s-epo,theta
2318,-0.0037768692317597646,patient11_window16s_stride1s-epo,theta
2319,-0.00537021471541264,patient11_window16s_stride1s-epo,theta
2320,-0.004186024654594854,patient11_window16s_stride1s-epo,theta
2321,-0.002665105410981758,patient11_window16s_stride1s-epo,theta
2322,-0.002095780830323464,patient11_window16s_stride1s-epo,theta
2323,-0.0027315809333242538,patient11_window16s_stride1s-epo,theta
2324,-0.001420537463555075,patient11_window16s_stride1s-epo,theta
2325,-0.0027471739641311524,patient11_window16s_stride1s-epo,theta
2326,-0.0031161854382289527,patient11_window16s_stride1s-epo,theta
2327,-0.004935122798490226,patient11_window16s_stride1s-epo,theta
2328,-0.005278815416418983,patient11_window16s_stride1s-epo,theta
2329,-0.006509651247584082,patient11_window16s_stride1s-epo,theta
2330,-0.005657130047906312,patient11_window16s_stride1s-epo,theta
2331,-0.006994805676342338,patient11_window16s_stride1s-epo,theta
2332,-0.00868638014755014,patient11_window16s_stride1s-epo,theta
2333,-0.008103688257610646,patient11_window16s_stride1s-epo,theta
2334,-0.007692937103010413,patient11_window16s_stride1s-epo,theta
2335,-0.009709906838993029,patient11_window16s_stride1s-epo,theta
2336,-0.01067977735059886,patient11_window16s_stride1s-epo,theta
2337,-0.011637821852344564,patient11_window16s_stride1s-epo,theta
2338,-0.010850454960277152,patient11_window16s_stride1s-epo,theta
2339,-0.011985327980444932,patient11_window16s_stride1s-epo,theta
2340,-0.011817032152473919,patient11_window16s_stride1s-epo,theta
2341,-0.012345592181355365,patient11_window16s_stride1s-epo,theta
2342,-0.010633428431780462,patient11_window16s_stride1s-epo,theta
2343,-0.009514193134259427,patient11_window16s_stride1s-epo,theta
2344,-0.008781685182357864,patient11_window16s_stride1s-epo,theta
2345,-0.007535068041986509,patient11_window16s_stride1s-epo,theta
2346,-0.006843787744384071,patient11_window16s_stride1s-epo,theta
2347,-0.0042854633014790785,patient11_window16s_stride1s-epo,theta
2348,-0.004303230096710791,patient11_window16s_stride1s-epo,theta
2349,-0.005873270399904954,patient11_window16s_stride1s-epo,theta
2350,-0.004959341852725253,patient11_window16s_stride1s-epo,theta
2351,-0.004784678779587277,patient11_window16s_stride1s-epo,theta
2352,-0.005840784585499646,patient11_window16s_stride1s-epo,theta
2353,-0.004450289504920265,patient11_window16s_stride1s-epo,theta
2354,-0.003420854076122232,patient11_window16s_stride1s-epo,theta
2355,-0.0022312776834157774,patient11_window16s_stride1s-epo,theta
2356,-0.002474478660534864,patient11_window16s_stride1s-epo,theta
2357,-0.0023517716378715424,patient11_window16s_stride1s-epo,theta
2358,-0.0025156011099744533,patient11_window16s_stride1s-epo,theta
2359,-0.0021704252500646948,patient11_window16s_stride1s-epo,theta
2360,-0.0013758983472965298,patient11_window16s_stride1s-epo,theta
2361,-0.002998416601295217,patient11_window16s_stride1s-epo,theta
2362,-0.003590797341989026,patient11_window16s_stride1s-epo,theta
2363,-0.0036273788153312093,patient11_window16s_stride1s-epo,theta
2364,-0.0025053776260313574,patient11_window16s_stride1s-epo,theta
2365,-0.004025189125047154,patient11_window16s_stride1s-epo,theta
2366,-0.0016906912685788083,patient11_window16s_stride1s-epo,theta
2367,-0.002255779536831734,patient11_window16s_stride1s-epo,theta
2368,-0.0012825453095234476,patient11_window16s_stride1s-epo,theta
2369,-0.001911924376721711,patient11_window16s_stride1s-epo,theta
2370,-0.002642469430227094,patient11_window16s_stride1s-epo,theta
2371,-0.002491035916316641,patient11_window16s_stride1s-epo,theta
2372,-0.0020031092468736035,patient11_window16s_stride1s-epo,theta
2373,-0.0006683827947819516,patient11_window16s_stride1s-epo,theta
2374,-0.0009553668863518812,patient11_window16s_stride1s-epo,theta
2375,-0.0011832279434494876,patient11_window16s_stride1s-epo,theta
2376,0.00022561803198224603,patient11_window16s_stride1s-epo,theta
2377,0.001503191141072865,patient11_window16s_stride1s-epo,theta
2378,0.001213026059193212,patient11_window16s_stride1s-epo,theta
2379,-2.105506248039727e-05,patient11_window16s_stride1s-epo,theta
2380,-0.0009565875551664207,patient11_window16s_stride1s-epo,theta
2381,0.0004287224274124202,patient11_window16s_stride1s-epo,theta
2382,0.000391329236592538,patient11_window16s_stride1s-epo,theta
2383,-0.0004540570518163853,patient11_window16s_stride1s-epo,theta
2384,-0.0007280186258060749,patient11_window16s_stride1s-epo,theta
2385,-0.0026244498584267932,patient11_window16s_stride1s-epo,theta
2386,-0.002692449943847428,patient11_window16s_stride1s-epo,theta
2387,-0.0038162701099031145,patient11_window16s_stride1s-epo,theta
2388,-0.004855518870602282,patient11_window16s_stride1s-epo,theta
2389,-0.0050334948677659514,patient11_window16s_stride1s-epo,theta
2390,-0.004225604922485504,patient11_window16s_stride1s-epo,theta
2391,-0.004812573717770678,patient11_window16s_stride1s-epo,theta
2392,-0.005671695694121528,patient11_window16s_stride1s-epo,theta
2393,-0.0063990197810226855,patient11_window16s_stride1s-epo,theta
2394,-0.006030849037065528,patient11_window16s_stride1s-epo,theta
2395,-0.004581797112034414,patient11_window16s_stride1s-epo,theta
2396,-0.0026331387986668043,patient11_window16s_stride1s-epo,theta
2397,-0.001936663806274197,patient11_window16s_stride1s-epo,theta
2398,-0.003943082305951591,patient11_window16s_stride1s-epo,theta
2399,-0.003430511641125006,patient11_window16s_stride1s-epo,theta
2400,-0.004155322434676198,patient11_window16s_stride1s-epo,theta
2401,-0.00423713432581038,patient11_window16s_stride1s-epo,theta
2402,-0.004349445943464311,patient11_window16s_stride1s-epo,theta
2403,-0.0030975471217642896,patient11_window16s_stride1s-epo,theta
2404,-0.00363676440401978,patient11_window16s_stride1s-epo,theta
2405,-0.005468451167160899,patient11_window16s_stride1s-epo,theta
2406,-0.0044500686551787755,patient11_window16s_stride1s-epo,theta
2407,-0.006065584281093371,patient11_window16s_stride1s-epo,theta
2408,-0.007941626153148277,patient11_window16s_stride1s-epo,theta
2409,-0.008213710940879112,patient11_window16s_stride1s-epo,theta
2410,-0.0075201269067759315,patient11_window16s_stride1s-epo,theta
2411,-0.009794531650602404,patient11_window16s_stride1s-epo,theta
2412,-0.006440424757489197,patient11_window16s_stride1s-epo,theta
2413,-0.010070362042598185,patient11_window16s_stride1s-epo,theta
2414,-0.009842731389673306,patient11_window16s_stride1s-epo,theta
2415,-0.008797188850582935,patient11_window16s_stride1s-epo,theta
2416,-0.006409416315380349,patient11_window16s_stride1s-epo,theta
2417,-0.004615713156620773,patient11_window16s_stride1s-epo,theta
2418,-0.004600166405421459,patient11_window16s_stride1s-epo,theta
2419,-0.005209350564710322,patient11_window16s_stride1s-epo,theta
2420,-0.004184866582478085,patient11_window16s_stride1s-epo,theta
2421,-0.003893372322405842,patient11_window16s_stride1s-epo,theta
2422,-0.005734715805036778,patient11_window16s_stride1s-epo,theta
2423,-0.005192765807117954,patient11_window16s_stride1s-epo,theta
2424,-0.005727375142048884,patient11_window16s_stride1s-epo,theta
2425,-0.0036293268124462956,patient11_window16s_stride1s-epo,theta
2426,-0.0035229247345194676,patient11_window16s_stride1s-epo,theta
2427,-0.0031978945793734366,patient11_window16s_stride1s-epo,theta
2428,-0.0024520908129568473,patient11_window16s_stride1s-epo,theta
2429,5.93614774384856e-05,patient11_window16s_stride1s-epo,theta
2430,-0.0008740982291570966,patient11_window16s_stride1s-epo,theta
2431,-0.002407723149833165,patient11_window16s_stride1s-epo,theta
2432,-0.0008151263604933231,patient11_window16s_stride1s-epo,theta
2433,-0.003010046061800201,patient11_window16s_stride1s-epo,theta
2434,-0.0013482582619166606,patient11_window16s_stride1s-epo,theta
2435,-0.002203351920626466,patient11_window16s_stride1s-epo,theta
2436,-0.0016870212645244392,patient11_window16s_stride1s-epo,theta
2437,-0.00026880888765069106,patient11_window16s_stride1s-epo,theta
2438,-0.001901755868070717,patient11_window16s_stride1s-epo,theta
2439,-0.0024270308477791023,patient11_window16s_stride1s-epo,theta
2440,-0.00321439972465585,patient11_window16s_stride1s-epo,theta
2441,-0.003871025053631413,patient11_window16s_stride1s-epo,theta
2442,-0.004848176006521043,patient11_window16s_stride1s-epo,theta
2443,-0.005440506115471644,patient11_window16s_stride1s-epo,theta
2444,-0.006048753843922338,patient11_window16s_stride1s-epo,theta
2445,-0.005657370406534559,patient11_window16s_stride1s-epo,theta
2446,-0.004755784065323455,patient11_window16s_stride1s-epo,theta
2447,-0.0036322772032113676,patient11_window16s_stride1s-epo,theta
2448,-0.0015887127952753752,patient11_window16s_stride1s-epo,theta
2449,-0.0023684800038295895,patient11_window16s_stride1s-epo,theta
2450,-0.003932409112951411,patient11_window16s_stride1s-epo,theta
2451,-0.0021736818899772054,patient11_window16s_stride1s-epo,theta
2452,-0.0024821679707525777,patient11_window16s_stride1s-epo,theta
2453,-0.00337102269215029,patient11_window16s_stride1s-epo,theta
2454,-0.0029947647021516923,patient11_window16s_stride1s-epo,theta
2455,-0.001358049202352593,patient11_window16s_stride1s-epo,theta
2456,-0.0022394484394070917,patient11_window16s_stride1s-epo,theta
2457,-0.003239332067779504,patient11_window16s_stride1s-epo,theta
2458,-0.0029092226082666475,patient11_window16s_stride1s-epo,theta
2459,-0.0009281218009921329,patient11_window16s_stride1s-epo,theta
2460,-0.0019698688733264134,patient11_window16s_stride1s-epo,theta
2461,-0.0027869936478239115,patient11_window16s_stride1s-epo,theta
2462,-0.00173311096239663,patient11_window16s_stride1s-epo,theta
2463,-0.0006322957838197382,patient11_window16s_stride1s-epo,theta
2464,-0.0023158496665056792,patient11_window16s_stride1s-epo,theta
2465,-0.0029194041343641483,patient11_window16s_stride1s-epo,theta
2466,-0.002252827309781338,patient11_window16s_stride1s-epo,theta
2467,-0.0019562679024873464,patient11_window16s_stride1s-epo,theta
2468,-0.0019901902884176016,patient11_window16s_stride1s-epo,theta
2469,-0.0011093072705050926,patient11_window16s_stride1s-epo,theta
2470,4.378859970567331e-05,patient11_window16s_stride1s-epo,theta
2471,0.00013717166904336268,patient11_window16s_stride1s-epo,theta
2472,-0.000355739668615146,patient11_window16s_stride1s-epo,theta
2473,-0.0005314335493728816,patient11_window16s_stride1s-epo,theta
2474,-0.0008499330609923125,patient11_window16s_stride1s-epo,theta
2475,-0.0017822464476936167,patient11_window16s_stride1s-epo,theta
2476,-0.0013337523993804683,patient11_window16s_stride1s-epo,theta
2477,-0.001059766660422095,patient11_window16s_stride1s-epo,theta
2478,-0.002162516691752151,patient11_window16s_stride1s-epo,theta
2479,-0.0015786645799814576,patient11_window16s_stride1s-epo,theta
2480,-0.0013283450158015743,patient11_window16s_stride1s-epo,theta
2481,-0.0010063328380094507,patient11_window16s_stride1s-epo,theta
2482,-0.003725474843921537,patient11_window16s_stride1s-epo,theta
2483,-0.002623625940990954,patient11_window16s_stride1s-epo,theta
2484,-0.003143947672020679,patient11_window16s_stride1s-epo,theta
2485,-0.004362013584353156,patient11_window16s_stride1s-epo,theta
2486,-0.004014650749895106,patient11_window16s_stride1s-epo,theta
2487,-0.0053690668044089375,patient11_window16s_stride1s-epo,theta
2488,-0.004483743926495049,patient11_window16s_stride1s-epo,theta
2489,-0.004816817946528652,patient11_window16s_stride1s-epo,theta
2490,-0.005563574904109368,patient11_window16s_stride1s-epo,theta
2491,-0.006218280461638619,patient11_window16s_stride1s-epo,theta
2492,-0.006144102873282755,patient11_window16s_stride1s-epo,theta
2493,-0.006535576190000023,patient11_window16s_stride1s-epo,theta
2494,-0.0039690929190081105,patient11_window16s_stride1s-epo,theta
2495,-0.004094858046990381,patient11_window16s_stride1s-epo,theta
2496,-0.002784407475203246,patient11_window16s_stride1s-epo,theta
2497,-0.0037206710197157625,patient11_window16s_stride1s-epo,theta
2498,-0.003369669572476358,patient11_window16s_stride1s-epo,theta
2499,-0.002641369631102918,patient11_window16s_stride1s-epo,theta
2500,-0.0022265639454014854,patient11_window16s_stride1s-epo,theta
2501,-0.002232216434678956,patient11_window16s_stride1s-epo,theta
2502,-0.0019821386331943976,patient11_window16s_stride1s-epo,theta
2503,0.00010631113004898404,patient11_window16s_stride1s-epo,theta
2504,0.0005457869828836022,patient11_window16s_stride1s-epo,theta
2505,-0.0007643931614890672,patient11_window16s_stride1s-epo,theta
2506,-0.0003195854399565228,patient11_window16s_stride1s-epo,theta
2507,0.00027064929684502575,patient11_window16s_stride1s-epo,theta
2508,0.0006933218601530299,patient11_window16s_stride1s-epo,theta
2509,0.0009701889499346048,patient11_window16s_stride1s-epo,theta
2510,0.0007551455563759819,patient11_window16s_stride1s-epo,theta
2511,0.0005397555248469612,patient11_window16s_stride1s-epo,theta
2512,-0.0024396111737590136,patient11_window16s_stride1s-epo,theta
2513,0.0005513787451875451,patient11_window16s_stride1s-epo,theta
2514,-0.0011489407328525536,patient11_window16s_stride1s-epo,theta
2515,-0.001652490861077128,patient11_window16s_stride1s-epo,theta
2516,-0.0031871685226050436,patient11_window16s_stride1s-epo,theta
2517,-0.004256737773405009,patient11_window16s_stride1s-epo,theta
2518,-0.0049352852214482506,patient11_window16s_stride1s-epo,theta
2519,-0.006063306466491522,patient11_window16s_stride1s-epo,theta
2520,-0.005603027466725043,patient11_window16s_stride1s-epo,theta
2521,-0.004797133480671509,patient11_window16s_stride1s-epo,theta
2522,-0.006936383298395603,patient11_window16s_stride1s-epo,theta
2523,-0.011730766148460652,patient11_window16s_stride1s-epo,theta
2524,-0.011085341867579979,patient11_window16s_stride1s-epo,theta
2525,-0.010826250328858174,patient11_window16s_stride1s-epo,theta
2526,-0.011223129265322825,patient11_window16s_stride1s-epo,theta
2527,-0.00859287520586123,patient11_window16s_stride1s-epo,theta
2528,-0.006412364301432078,patient11_window16s_stride1s-epo,theta
2529,-0.006994484596629265,patient11_window16s_stride1s-epo,theta
2530,-0.00681008910818999,patient11_window16s_stride1s-epo,theta
2531,-0.003484437390707503,patient11_window16s_stride1s-epo,theta
2532,-0.005521861207440976,patient11_window16s_stride1s-epo,theta
2533,-0.005651466355720527,patient11_window16s_stride1s-epo,theta
2534,-0.007118622077356416,patient11_window16s_stride1s-epo,theta
2535,-0.008660761395050485,patient11_window16s_stride1s-epo,theta
2536,-0.008006183595372423,patient11_window16s_stride1s-epo,theta
2537,-0.006827743890897048,patient11_window16s_stride1s-epo,theta
2538,-0.0053044818524221925,patient11_window16s_stride1s-epo,theta
2539,-0.0031703626401416497,patient11_window16s_stride1s-epo,theta
2540,-0.004175343688398893,patient11_window16s_stride1s-epo,theta
2541,-0.006136199982690847,patient11_window16s_stride1s-epo,theta
2542,-0.005971107273298587,patient11_window16s_stride1s-epo,theta
2543,-0.0070952902841427265,patient11_window16s_stride1s-epo,theta
2544,-0.007839330838138396,patient11_window16s_stride1s-epo,theta
2545,-0.007572501414967067,patient11_window16s_stride1s-epo,theta
2546,-0.005608863666336703,patient11_window16s_stride1s-epo,theta
2547,-0.006733084285951774,patient11_window16s_stride1s-epo,theta
2548,-0.008126096666721896,patient11_window16s_stride1s-epo,theta
2549,-0.008093867700341068,patient11_window16s_stride1s-epo,theta
2550,-0.007304610658463393,patient11_window16s_stride1s-epo,theta
2551,-0.008070937451019658,patient11_window16s_stride1s-epo,theta
2552,-0.008592694651685594,patient11_window16s_stride1s-epo,theta
2553,-0.007989140946166196,patient11_window16s_stride1s-epo,theta
2554,-0.009094951265195165,patient11_window16s_stride1s-epo,theta
2555,-0.007147361134652538,patient11_window16s_stride1s-epo,theta
2556,-0.007396718281815423,patient11_window16s_stride1s-epo,theta
2557,-0.00567939165108278,patient11_window16s_stride1s-epo,theta
2558,-0.007770771140729562,patient11_window16s_stride1s-epo,theta
2559,-0.005889399540379938,patient11_window16s_stride1s-epo,theta
2560,-0.004207013026759416,patient11_window16s_stride1s-epo,theta
2561,-0.004916696409904191,patient11_window16s_stride1s-epo,theta
2562,-0.004891748564556315,patient11_window16s_stride1s-epo,theta
2563,-0.004578916528226208,patient11_window16s_stride1s-epo,theta
2564,-0.006300498660932557,patient11_window16s_stride1s-epo,theta
2565,-0.005882708743178534,patient11_window16s_stride1s-epo,theta
2566,-0.004765747974570467,patient11_window16s_stride1s-epo,theta
2567,-0.0045778107311047625,patient11_window16s_stride1s-epo,theta
2568,-0.005112920581202315,patient11_window16s_stride1s-epo,theta
2569,-0.00591286868493159,patient11_window16s_stride1s-epo,theta
2570,-0.004972829623824341,patient11_window16s_stride1s-epo,theta
2571,-0.0049527671731407165,patient11_window16s_stride1s-epo,theta
2572,-0.004567304374191864,patient11_window16s_stride1s-epo,theta
2573,-0.005322487593084756,patient11_window16s_stride1s-epo,theta
2574,-0.0056601486872057665,patient11_window16s_stride1s-epo,theta
2575,-0.0038696164144554636,patient11_window16s_stride1s-epo,theta
2576,-0.003106198628258646,patient11_window16s_stride1s-epo,theta
2577,-0.0020719159053136514,patient11_window16s_stride1s-epo,theta
2578,-0.003612762484033321,patient11_window16s_stride1s-epo,theta
2579,-0.0036817821246183727,patient11_window16s_stride1s-epo,theta
2580,-0.0030308276776810895,patient11_window16s_stride1s-epo,theta
2581,-0.0037761600507024537,patient11_window16s_stride1s-epo,theta
2582,-0.003247535660874208,patient11_window16s_stride1s-epo,theta
2583,-0.0043772394934014506,patient11_window16s_stride1s-epo,theta
2584,-0.003767366401976724,patient11_window16s_stride1s-epo,theta
2585,-0.0032960749957860916,patient11_window16s_stride1s-epo,theta
2586,-0.0034195462443744116,patient11_window16s_stride1s-epo,theta
2587,-0.0031023325111778238,patient11_window16s_stride1s-epo,theta
2588,-0.0007694166555563234,patient11_window16s_stride1s-epo,theta
2589,-0.0017227011366481911,patient11_window16s_stride1s-epo,theta
2590,-0.0028331643043523597,patient11_window16s_stride1s-epo,theta
2591,-0.0030996666452533083,patient11_window16s_stride1s-epo,theta
2592,-0.0034724557813895158,patient11_window16s_stride1s-epo,theta
2593,-0.004606937473581969,patient11_window16s_stride1s-epo,theta
2594,-0.0034917763219642893,patient11_window16s_stride1s-epo,theta
2595,-0.0034495282159713713,patient11_window16s_stride1s-epo,theta
2596,-0.00439483748414258,patient11_window16s_stride1s-epo,theta
2597,-0.0041746759656294576,patient11_window16s_stride1s-epo,theta
2598,-0.002913857098009883,patient11_window16s_stride1s-epo,theta
2599,-0.003402268818379345,patient11_window16s_stride1s-epo,theta
2600,-0.0038587934791649795,patient11_window16s_stride1s-epo,theta
2601,-0.00381644452624346,patient11_window16s_stride1s-epo,theta
2602,-0.00316574356707754,patient11_window16s_stride1s-epo,theta
2603,-0.0029687629689687835,patient11_window16s_stride1s-epo,theta
2604,-0.00354158505033259,patient11_window16s_stride1s-epo,theta
2605,-0.0019436663985709717,patient11_window16s_stride1s-epo,theta
2606,-0.0005949916130964454,patient11_window16s_stride1s-epo,theta
2607,0.0008073865697665293,patient11_window16s_stride1s-epo,theta
2608,0.0007315032198185475,patient11_window16s_stride1s-epo,theta
2609,-7.709371951267466e-05,patient11_window16s_stride1s-epo,theta
2610,0.0014948395904973392,patient11_window16s_stride1s-epo,theta
2611,0.003285586931877044,patient11_window16s_stride1s-epo,theta
2612,0.0020796082690920548,patient11_window16s_stride1s-epo,theta
2613,0.002322629379343193,patient11_window16s_stride1s-epo,theta
2614,0.002402598979748088,patient11_window16s_stride1s-epo,theta
2615,0.0028446490856834255,patient11_window16s_stride1s-epo,theta
2616,0.0015110222383796802,patient11_window16s_stride1s-epo,theta
2617,-0.0015226141593469545,patient11_window16s_stride1s-epo,theta
2618,-0.0008731979632179941,patient11_window16s_stride1s-epo,theta
2619,-0.001807971416599876,patient11_window16s_stride1s-epo,theta
2620,-0.0024682231240853118,patient11_window16s_stride1s-epo,theta
2621,-0.001230448721503798,patient11_window16s_stride1s-epo,theta
2622,-0.003818374495473217,patient11_window16s_stride1s-epo,theta
2623,-0.0048979858963396775,patient11_window16s_stride1s-epo,theta
2624,-0.006106934046376684,patient11_window16s_stride1s-epo,theta
2625,-0.006352755617227379,patient11_window16s_stride1s-epo,theta
2626,-0.00703511097895198,patient11_window16s_stride1s-epo,theta
2627,-0.006833171209589489,patient11_window16s_stride1s-epo,theta
2628,-0.00783482049771001,patient11_window16s_stride1s-epo,theta
2629,-0.007605632196616439,patient11_window16s_stride1s-epo,theta
2630,-0.008188336904173563,patient11_window16s_stride1s-epo,theta
2631,-0.007907600688870375,patient11_window16s_stride1s-epo,theta
2632,-0.009192013580817344,patient11_window16s_stride1s-epo,theta
2633,-0.007638568293926873,patient11_window16s_stride1s-epo,theta
2634,-0.006368022936452553,patient11_window16s_stride1s-epo,theta
2635,-0.005398060204235339,patient11_window16s_stride1s-epo,theta
2636,-0.006469354926366491,patient11_window16s_stride1s-epo,theta
2637,-0.009537037443541507,patient11_window16s_stride1s-epo,theta
2638,-0.006266209166703947,patient11_window16s_stride1s-epo,theta
2639,-0.006921501794433607,patient11_window16s_stride1s-epo,theta
2640,-0.005354720812062972,patient11_window16s_stride1s-epo,theta
2641,-0.004483918578303977,patient11_window16s_stride1s-epo,theta
2642,-0.004629375161044088,patient11_window16s_stride1s-epo,theta
2643,-0.007871067661172623,patient11_window16s_stride1s-epo,theta
2644,-0.007082312736370279,patient11_window16s_stride1s-epo,theta
2645,-0.0073815326354092145,patient11_window16s_stride1s-epo,theta
2646,-0.005361755533950551,patient11_window16s_stride1s-epo,theta
2647,-0.0051553573097492,patient11_window16s_stride1s-epo,theta
2648,-0.004186255170091848,patient11_window16s_stride1s-epo,theta
2649,-0.0038185414821100346,patient11_window16s_stride1s-epo,theta
2650,-0.004076166819093574,patient11_window16s_stride1s-epo,theta
2651,-0.002876832502945312,patient11_window16s_stride1s-epo,theta
2652,-0.003896081973831636,patient11_window16s_stride1s-epo,theta
2653,-0.0035906686898976954,patient11_window16s_stride1s-epo,theta
2654,-0.006997623616873717,patient11_window16s_stride1s-epo,theta
2655,-0.003441153401138813,patient11_window16s_stride1s-epo,theta
2656,-0.00445799844553223,patient11_window16s_stride1s-epo,theta
2657,-0.003810274095022583,patient11_window16s_stride1s-epo,theta
2658,-0.004593692333277875,patient11_window16s_stride1s-epo,theta
2659,-0.00333998716973179,patient11_window16s_stride1s-epo,theta
2660,-0.0013561984635167394,patient11_window16s_stride1s-epo,theta
2661,-0.0018470288429288221,patient11_window16s_stride1s-epo,theta
2662,-0.002926156442855004,patient11_window16s_stride1s-epo,theta
2663,-0.0037998967303946945,patient11_window16s_stride1s-epo,theta
2664,-0.004960399428377352,patient11_window16s_stride1s-epo,theta
2665,-0.004050549370519729,patient11_window16s_stride1s-epo,theta
2666,-0.002733706429510575,patient11_window16s_stride1s-epo,theta
2667,-0.0021109616647911078,patient11_window16s_stride1s-epo,theta
2668,-0.0023460482686436493,patient11_window16s_stride1s-epo,theta
2669,-0.0031592001243901944,patient11_window16s_stride1s-epo,theta
2670,0.0002074673139608314,patient11_window16s_stride1s-epo,theta
2671,0.00047663246795577927,patient11_window16s_stride1s-epo,theta
2672,0.00017237757061258936,patient11_window16s_stride1s-epo,theta
2673,-0.001140627067518,patient11_window16s_stride1s-epo,theta
2674,-0.0013871790092653208,patient11_window16s_stride1s-epo,theta
2675,-0.0013388617874633424,patient11_window16s_stride1s-epo,theta
2676,-0.0014953248556762919,patient11_window16s_stride1s-epo,theta
2677,9.976316121040642e-07,patient11_window16s_stride1s-epo,theta
2678,0.0008912001369095487,patient11_window16s_stride1s-epo,theta
2679,6.430729371663571e-05,patient11_window16s_stride1s-epo,theta
2680,-0.001000080779074495,patient11_window16s_stride1s-epo,theta
2681,-0.0030309474034396393,patient11_window16s_stride1s-epo,theta
2682,-0.0030477497069433244,patient11_window16s_stride1s-epo,theta
2683,-0.004379582808216677,patient11_window16s_stride1s-epo,theta
2684,-0.00679971641623627,patient11_window16s_stride1s-epo,theta
2685,-0.0072280683779562165,patient11_window16s_stride1s-epo,theta
2686,-0.00803206912895922,patient11_window16s_stride1s-epo,theta
2687,-0.008389930104769109,patient11_window16s_stride1s-epo,theta
2688,-0.006605155739384154,patient11_window16s_stride1s-epo,theta
2689,-0.005096119574760486,patient11_window16s_stride1s-epo,theta
2690,-0.007628685676288764,patient11_window16s_stride1s-epo,theta
2691,-0.005892502216707735,patient11_window16s_stride1s-epo,theta
2692,-0.004966438585484211,patient11_window16s_stride1s-epo,theta
2693,-0.005248675360103268,patient11_window16s_stride1s-epo,theta
2694,-0.004442949167771523,patient11_window16s_stride1s-epo,theta
2695,-0.004056468428960246,patient11_window16s_stride1s-epo,theta
2696,-0.004575389589969344,patient11_window16s_stride1s-epo,theta
2697,-0.00349367502148702,patient11_window16s_stride1s-epo,theta
2698,-0.002232168986241662,patient11_window16s_stride1s-epo,theta
2699,0.0016634023159097908,patient11_window16s_stride1s-epo,theta
2700,0.00039904322242792164,patient11_window16s_stride1s-epo,theta
2701,0.0009349907453789073,patient11_window16s_stride1s-epo,theta
2702,0.0010269672454804285,patient11_window16s_stride1s-epo,theta
2703,0.0017577960582346728,patient11_window16s_stride1s-epo,theta
2704,0.0002788926715148112,patient11_window16s_stride1s-epo,theta
2705,0.0013747346180806648,patient11_window16s_stride1s-epo,theta
2706,0.0014742080131707068,patient11_window16s_stride1s-epo,theta
2707,-0.0007051610662570355,patient11_window16s_stride1s-epo,theta
2708,-0.001976405849038719,patient11_window16s_stride1s-epo,theta
2709,-0.002998907124807668,patient11_window16s_stride1s-epo,theta
2710,-0.004072464386552283,patient11_window16s_stride1s-epo,theta
2711,-0.003569937245319815,patient11_window16s_stride1s-epo,theta
2712,-0.004698756534259897,patient11_window16s_stride1s-epo,theta
2713,-0.004465669370676237,patient11_window16s_stride1s-epo,theta
2714,-0.003943527666738118,patient11_window16s_stride1s-epo,theta
2715,-0.006270652548948428,patient11_window16s_stride1s-epo,theta
2716,-0.005116041388252572,patient11_window16s_stride1s-epo,theta
2717,-0.0036476892803369797,patient11_window16s_stride1s-epo,theta
2718,-0.0043879988382542305,patient11_window16s_stride1s-epo,theta
2719,-0.0050460223615474,patient11_window16s_stride1s-epo,theta
2720,-0.0063893869650597295,patient11_window16s_stride1s-epo,theta
2721,-0.004679906225282777,patient11_window16s_stride1s-epo,theta
2722,-0.004906399247353499,patient11_window16s_stride1s-epo,theta
2723,-0.004514003319423305,patient11_window16s_stride1s-epo,theta
2724,-0.00392573150421022,patient11_window16s_stride1s-epo,theta
2725,-0.001645316989230492,patient11_window16s_stride1s-epo,theta
2726,-0.0023836141529623377,patient11_window16s_stride1s-epo,theta
2727,-0.0026035909512968536,patient11_window16s_stride1s-epo,theta
2728,-0.0009907087025983398,patient11_window16s_stride1s-epo,theta
2729,-0.00404573474721494,patient11_window16s_stride1s-epo,theta
2730,-0.00573767273194238,patient11_window16s_stride1s-epo,theta
2731,-0.008973695043812874,patient11_window16s_stride1s-epo,theta
2732,-0.00831688966627772,patient11_window16s_stride1s-epo,theta
2733,-0.01043797514547186,patient11_window16s_stride1s-epo,theta
2734,-0.010438244254495676,patient11_window16s_stride1s-epo,theta
2735,-0.011039286915825086,patient11_window16s_stride1s-epo,theta
2736,-0.010608434941896188,patient11_window16s_stride1s-epo,theta
2737,-0.011854552551285555,patient11_window16s_stride1s-epo,theta
2738,-0.010903567875991674,patient11_window16s_stride1s-epo,theta
2739,-0.011897891916077276,patient11_window16s_stride1s-epo,theta
2740,-0.011704975950356444,patient11_window16s_stride1s-epo,theta
2741,-0.011870822072953738,patient11_window16s_stride1s-epo,theta
2742,-0.012164243410721674,patient11_window16s_stride1s-epo,theta
2743,-0.01147823202966615,patient11_window16s_stride1s-epo,theta
2744,-0.011349161995516815,patient11_window16s_stride1s-epo,theta
2745,-0.01213855380599537,patient11_window16s_stride1s-epo,theta
2746,-0.010861686639218375,patient11_window16s_stride1s-epo,theta
2747,-0.008388606387526388,patient11_window16s_stride1s-epo,theta
2748,-0.00854219195626482,patient11_window16s_stride1s-epo,theta
2749,-0.0073862903414546625,patient11_window16s_stride1s-epo,theta
2750,-0.007773664537452345,patient11_window16s_stride1s-epo,theta
2751,-0.00924973787019749,patient11_window16s_stride1s-epo,theta
2752,-0.008260888842762167,patient11_window16s_stride1s-epo,theta
2753,-0.007120078153763553,patient11_window16s_stride1s-epo,theta
2754,-0.005984577626232076,patient11_window16s_stride1s-epo,theta
2755,-0.004371751742914396,patient11_window16s_stride1s-epo,theta
2756,-0.005365190102751058,patient11_window16s_stride1s-epo,theta
2757,-0.004829723951802951,patient11_window16s_stride1s-epo,theta
2758,-0.004467815314239189,patient11_window16s_stride1s-epo,theta
2759,-0.00520561976142556,patient11_window16s_stride1s-epo,theta
2760,-0.004795517619302269,patient11_window16s_stride1s-epo,theta
2761,-0.003590011924373792,patient11_window16s_stride1s-epo,theta
2762,-0.003635351952690352,patient11_window16s_stride1s-epo,theta
2763,-0.002952938300812333,patient11_window16s_stride1s-epo,theta
2764,-0.001833380706085644,patient11_window16s_stride1s-epo,theta
2765,-0.0022726848698421086,patient11_window16s_stride1s-epo,theta
2766,3.4785878202899656e-05,patient11_window16s_stride1s-epo,theta
2767,0.0001642182664426938,patient11_window16s_stride1s-epo,theta
2768,0.0007484966533608057,patient11_window16s_stride1s-epo,theta
2769,-0.005291918759633128,patient11_window16s_stride1s-epo,theta
2770,-0.004860131781285404,patient11_window16s_stride1s-epo,theta
2771,-0.005128675627297213,patient11_window16s_stride1s-epo,theta
2772,-0.0059109781751856974,patient11_window16s_stride1s-epo,theta
2773,-0.006332299182667961,patient11_window16s_stride1s-epo,theta
2774,-0.005472645610526824,patient11_window16s_stride1s-epo,theta
2775,-0.005672871774949587,patient11_window16s_stride1s-epo,theta
2776,-0.0078381678901601,patient11_window16s_stride1s-epo,theta
2777,-0.008160465872330418,patient11_window16s_stride1s-epo,theta
2778,-0.006709305648108098,patient11_window16s_stride1s-epo,theta
2779,-0.007854860581008384,patient11_window16s_stride1s-epo,theta
2780,-0.008712952441676036,patient11_window16s_stride1s-epo,theta
2781,-0.009050286267920095,patient11_window16s_stride1s-epo,theta
2782,-0.009802873265501959,patient11_window16s_stride1s-epo,theta
2783,-0.006623538650861622,patient11_window16s_stride1s-epo,theta
2784,-0.010282677278994588,patient11_window16s_stride1s-epo,theta
2785,-0.009798982122871487,patient11_window16s_stride1s-epo,theta
2786,-0.008599501888386357,patient11_window16s_stride1s-epo,theta
2787,-0.007910553965506903,patient11_window16s_stride1s-epo,theta
2788,-0.008733023883469053,patient11_window16s_stride1s-epo,theta
2789,-0.007567506816978341,patient11_window16s_stride1s-epo,theta
2790,-0.009972496516189809,patient11_window16s_stride1s-epo,theta
2791,-0.008599683453279805,patient11_window16s_stride1s-epo,theta
2792,-0.0068426791863095355,patient11_window16s_stride1s-epo,theta
2793,-0.005378444803173274,patient11_window16s_stride1s-epo,theta
2794,-0.0075853574492129065,patient11_window16s_stride1s-epo,theta
2795,-0.0076328281612343596,patient11_window16s_stride1s-epo,theta
2796,-0.006615200668256788,patient11_window16s_stride1s-epo,theta
2797,-0.0070064878088882945,patient11_window16s_stride1s-epo,theta
2798,-0.007548922213235595,patient11_window16s_stride1s-epo,theta
2799,-0.008788807742788935,patient11_window16s_stride1s-epo,theta
2800,-0.0061621381863762575,patient11_window16s_stride1s-epo,theta
2801,-0.007048518272019346,patient11_window16s_stride1s-epo,theta
2802,-0.008924010664969676,patient11_window16s_stride1s-epo,theta
2803,-0.009305709558907787,patient11_window16s_stride1s-epo,theta
2804,-0.00961692570472525,patient11_window16s_stride1s-epo,theta
2805,-0.009660158042668005,patient11_window16s_stride1s-epo,theta
2806,-0.008642961928478974,patient11_window16s_stride1s-epo,theta
2807,-0.00887598728837005,patient11_window16s_stride1s-epo,theta
2808,-0.007721922182363764,patient11_window16s_stride1s-epo,theta
2809,-0.007953133454648402,patient11_window16s_stride1s-epo,theta
2810,-0.008964578443057954,patient11_window16s_stride1s-epo,theta
2811,-0.008065918131425836,patient11_window16s_stride1s-epo,theta
2812,-0.008452898465592773,patient11_window16s_stride1s-epo,theta
2813,-0.006590855621007414,patient11_window16s_stride1s-epo,theta
2814,-0.007315652298199879,patient11_window16s_stride1s-epo,theta
2815,-0.004973583178711634,patient11_window16s_stride1s-epo,theta
2816,-0.006472626684141211,patient11_window16s_stride1s-epo,theta
2817,-0.004219939130036207,patient11_window16s_stride1s-epo,theta
2818,-0.004456251557307213,patient11_window16s_stride1s-epo,theta
2819,-0.0034623559154933416,patient11_window16s_stride1s-epo,theta
2820,-0.0016763854706564024,patient11_window16s_stride1s-epo,theta
2821,0.00035151923052073624,patient11_window16s_stride1s-epo,theta
2822,-0.0024441911026440986,patient11_window16s_stride1s-epo,theta
2823,-0.004742040196145978,patient11_window16s_stride1s-epo,theta
2824,-0.006436289809038848,patient11_window16s_stride1s-epo,theta
2825,-0.0034945717753301435,patient11_window16s_stride1s-epo,theta
2826,-0.003060991352223948,patient11_window16s_stride1s-epo,theta
2827,-0.003865896945268642,patient11_window16s_stride1s-epo,theta
2828,-0.00346793660397895,patient11_window16s_stride1s-epo,theta
2829,-0.005562285023943622,patient11_window16s_stride1s-epo,theta
2830,-0.005868890765913364,patient11_window16s_stride1s-epo,theta
2831,-0.007975421947392501,patient11_window16s_stride1s-epo,theta
2832,-0.009756527311134746,patient11_window16s_stride1s-epo,theta
2833,-0.011083040868356719,patient11_window16s_stride1s-epo,theta
2834,-0.009564439418440577,patient11_window16s_stride1s-epo,theta
2835,-0.009091066021527336,patient11_window16s_stride1s-epo,theta
2836,-0.010330864232321704,patient11_window16s_stride1s-epo,theta
2837,-0.009443945276599216,patient11_window16s_stride1s-epo,theta
2838,-0.008171275751825864,patient11_window16s_stride1s-epo,theta
2839,-0.00792391185866556,patient11_window16s_stride1s-epo,theta
2840,-0.008815235339521424,patient11_window16s_stride1s-epo,theta
2841,-0.009108501019145291,patient11_window16s_stride1s-epo,theta
2842,-0.005540646127698652,patient11_window16s_stride1s-epo,theta
2843,-0.006177979741216701,patient11_window16s_stride1s-epo,theta
2844,-0.003971737592155777,patient11_window16s_stride1s-epo,theta
2845,-0.001820365065636863,patient11_window16s_stride1s-epo,theta
2846,-0.000484755103970598,patient11_window16s_stride1s-epo,theta
2847,0.0003510241968910645,patient11_window16s_stride1s-epo,theta
2848,0.0033742209208511512,patient11_window16s_stride1s-epo,theta
2849,-0.0009403544691006317,patient11_window16s_stride1s-epo,theta
2850,-0.0005462408981805943,patient11_window16s_stride1s-epo,theta
2851,-0.0008604324833720132,patient11_window16s_stride1s-epo,theta
2852,-0.0029584303883495467,patient11_window16s_stride1s-epo,theta
2853,-0.0021591372807348496,patient11_window16s_stride1s-epo,theta
2854,-0.0009645277363402292,patient11_window16s_stride1s-epo,theta
2855,-0.0008178619368164298,patient11_window16s_stride1s-epo,theta
2856,-0.0005427464536009476,patient11_window16s_stride1s-epo,theta
2857,-0.0015790064858598346,patient11_window16s_stride1s-epo,theta
2858,-0.002922799597543038,patient11_window16s_stride1s-epo,theta
2859,-0.002606243097656454,patient11_window16s_stride1s-epo,theta
2860,-0.0011757424869950073,patient11_window16s_stride1s-epo,theta
2861,-0.003116108269301,patient11_window16s_stride1s-epo,theta
2862,-0.004427842597706899,patient11_window16s_stride1s-epo,theta
2863,-0.006305782387716194,patient11_window16s_stride1s-epo,theta
2864,-0.005765419739736924,patient11_window16s_stride1s-epo,theta
2865,-0.0025610711251110633,patient11_window16s_stride1s-epo,theta
2866,-0.004354685019398354,patient11_window16s_stride1s-epo,theta
2867,-0.0053882472857260414,patient11_window16s_stride1s-epo,theta
2868,-0.00470213337705238,patient11_window16s_stride1s-epo,theta
2869,-0.004095492348077855,patient11_window16s_stride1s-epo,theta
2870,-0.0041650616541568115,patient11_window16s_stride1s-epo,theta
2871,-0.005081971612801102,patient11_window16s_stride1s-epo,theta
2872,-0.0036814598719271414,patient11_window16s_stride1s-epo,theta
2873,-0.004560171442214905,patient11_window16s_stride1s-epo,theta
2874,-0.0031536919343703477,patient11_window16s_stride1s-epo,theta
2875,-0.003837803461348935,patient11_window16s_stride1s-epo,theta
2876,-0.003952019558682401,patient11_window16s_stride1s-epo,theta
2877,-0.004808201798729012,patient11_window16s_stride1s-epo,theta
2878,-0.004350640926561228,patient11_window16s_stride1s-epo,theta
2879,-0.004760028167431824,patient11_window16s_stride1s-epo,theta
2880,-0.004565082605546845,patient11_window16s_stride1s-epo,theta
2881,-0.00630055298894334,patient11_window16s_stride1s-epo,theta
2882,-0.003792185658305262,patient11_window16s_stride1s-epo,theta
2883,-0.0028024174708207762,patient11_window16s_stride1s-epo,theta
2884,-0.006484936788287494,patient11_window16s_stride1s-epo,theta
2885,-0.005767955878455485,patient11_window16s_stride1s-epo,theta
2886,-0.005841838732789195,patient11_window16s_stride1s-epo,theta
2887,-0.007125168361447979,patient11_window16s_stride1s-epo,theta
2888,-0.006151221502378859,patient11_window16s_stride1s-epo,theta
2889,-0.008198574564514234,patient11_window16s_stride1s-epo,theta
2890,-0.007558783444743351,patient11_window16s_stride1s-epo,theta
2891,-0.00754931923576037,patient11_window16s_stride1s-epo,theta
2892,-0.007848711404306584,patient11_window16s_stride1s-epo,theta
2893,-0.006547112928059606,patient11_window16s_stride1s-epo,theta
2894,-0.006050234715046647,patient11_window16s_stride1s-epo,theta
2895,-0.00596845350152044,patient11_window16s_stride1s-epo,theta
2896,-0.006742676243427978,patient11_window16s_stride1s-epo,theta
2897,-0.00642187609152692,patient11_window16s_stride1s-epo,theta
2898,-0.007061449450851155,patient11_window16s_stride1s-epo,theta
2899,-0.006968788014756145,patient11_window16s_stride1s-epo,theta
2900,-0.006087715493046329,patient11_window16s_stride1s-epo,theta
2901,-0.004707978419583789,patient11_window16s_stride1s-epo,theta
2902,-0.0044440187636584725,patient11_window16s_stride1s-epo,theta
2903,-0.0046942896230483585,patient11_window16s_stride1s-epo,theta
2904,-0.004710490697630371,patient11_window16s_stride1s-epo,theta
2905,-0.003486956558675667,patient11_window16s_stride1s-epo,theta
2906,-0.002577747023231736,patient11_window16s_stride1s-epo,theta
2907,-0.004509303523629784,patient11_window16s_stride1s-epo,theta
2908,-0.006311258286773589,patient11_window16s_stride1s-epo,theta
2909,-0.005679621169411522,patient11_window16s_stride1s-epo,theta
2910,-0.004574715188801065,patient11_window16s_stride1s-epo,theta
2911,-0.00531709680259118,patient11_window16s_stride1s-epo,theta
2912,-0.004823200314227844,patient11_window16s_stride1s-epo,theta
2913,-0.003571592548472094,patient11_window16s_stride1s-epo,theta
2914,-0.0022691954590910103,patient11_window16s_stride1s-epo,theta
2915,-7.529424292459495e-05,patient11_window16s_stride1s-epo,theta
2916,-0.0005203577801987379,patient11_window16s_stride1s-epo,theta
2917,-0.0016380260653402375,patient11_window16s_stride1s-epo,theta
2918,-0.0020655669275065533,patient11_window16s_stride1s-epo,theta
2919,-0.0023742314172180874,patient11_window16s_stride1s-epo,theta
2920,-0.0020786303092461228,patient11_window16s_stride1s-epo,theta
2921,0.0005741768847042624,patient11_window16s_stride1s-epo,theta
2922,-0.0009951487534559827,patient11_window16s_stride1s-epo,theta
2923,0.0014406594568383325,patient11_window16s_stride1s-epo,theta
2924,0.0034823446801337857,patient11_window16s_stride1s-epo,theta
2925,0.0036459933798772826,patient11_window16s_stride1s-epo,theta
2926,0.002446280355781444,patient11_window16s_stride1s-epo,theta
2927,0.002398944554817633,patient11_window16s_stride1s-epo,theta
2928,0.0028222839825436047,patient11_window16s_stride1s-epo,theta
2929,0.002952635928489973,patient11_window16s_stride1s-epo,theta
2930,0.002066703836115086,patient11_window16s_stride1s-epo,theta
2931,0.0016651365603455874,patient11_window16s_stride1s-epo,theta
2932,-0.0006152927314674551,patient11_window16s_stride1s-epo,theta
2933,-0.002260640001789028,patient11_window16s_stride1s-epo,theta
2934,-0.0019027610521363896,patient11_window16s_stride1s-epo,theta
2935,-0.0031025910435708297,patient11_window16s_stride1s-epo,theta
2936,-0.0032399978751895477,patient11_window16s_stride1s-epo,theta
2937,-0.006264282049792963,patient11_window16s_stride1s-epo,theta
2938,-0.0052239872469524475,patient11_window16s_stride1s-epo,theta
2939,-0.004115015050930257,patient11_window16s_stride1s-epo,theta
2940,-0.007767336287394134,patient11_window16s_stride1s-epo,theta
2941,-0.006108921748181205,patient11_window16s_stride1s-epo,theta
2942,-0.007222795602841741,patient11_window16s_stride1s-epo,theta
2943,-0.006584372267905597,patient11_window16s_stride1s-epo,theta
2944,-0.007147696033169487,patient11_window16s_stride1s-epo,theta
2945,-0.007946857035487536,patient11_window16s_stride1s-epo,theta
2946,-0.007646854504828143,patient11_window16s_stride1s-epo,theta
2947,-0.007764567730960034,patient11_window16s_stride1s-epo,theta
2948,-0.007414143885146501,patient11_window16s_stride1s-epo,theta
2949,-0.005526483972005355,patient11_window16s_stride1s-epo,theta
2950,-0.004706076234346336,patient11_window16s_stride1s-epo,theta
2951,-0.0034440204367462046,patient11_window16s_stride1s-epo,theta
2952,-0.004290644273373834,patient11_window16s_stride1s-epo,theta
2953,-0.0028109161633876672,patient11_window16s_stride1s-epo,theta
2954,-0.0024766724193050023,patient11_window16s_stride1s-epo,theta
2955,-0.0031981467980510487,patient11_window16s_stride1s-epo,theta
2956,-0.00024093782755268807,patient11_window16s_stride1s-epo,theta
2957,0.0008903245787903358,patient11_window16s_stride1s-epo,theta
2958,0.0011223084216465432,patient11_window16s_stride1s-epo,theta
2959,0.0023180956950485197,patient11_window16s_stride1s-epo,theta
2960,0.00011379700627104017,patient11_window16s_stride1s-epo,theta
2961,0.0020210581506894215,patient11_window16s_stride1s-epo,theta
2962,0.00019964448891926997,patient11_window16s_stride1s-epo,theta
2963,-0.0018001271472858889,patient11_window16s_stride1s-epo,theta
2964,-0.001312633087554391,patient11_window16s_stride1s-epo,theta
2965,-0.0016357084447139528,patient11_window16s_stride1s-epo,theta
2966,-0.003490851019808275,patient11_window16s_stride1s-epo,theta
2967,-0.0036171861867202375,patient11_window16s_stride1s-epo,theta
2968,-0.00308575210481435,patient11_window16s_stride1s-epo,theta
2969,-0.0023079790957106494,patient11_window16s_stride1s-epo,theta
2970,-0.004464852295436419,patient11_window16s_stride1s-epo,theta
2971,-0.0033416967725669287,patient11_window16s_stride1s-epo,theta
2972,-0.0029812889414247493,patient11_window16s_stride1s-epo,theta
2973,-0.004090692492547433,patient11_window16s_stride1s-epo,theta
2974,-0.004996728812641552,patient11_window16s_stride1s-epo,theta
2975,-0.005986324495410542,patient11_window16s_stride1s-epo,theta
2976,-0.006703715171835852,patient11_window16s_stride1s-epo,theta
2977,-0.008969436827737442,patient11_window16s_stride1s-epo,theta
2978,-0.008027702154469407,patient11_window16s_stride1s-epo,theta
2979,-0.00630127003325385,patient11_window16s_stride1s-epo,theta
2980,-0.008460654863925018,patient11_window16s_stride1s-epo,theta
2981,-0.005685542278179596,patient11_window16s_stride1s-epo,theta
2982,-0.004693511441040014,patient11_window16s_stride1s-epo,theta
2983,-0.005528466574682732,patient11_window16s_stride1s-epo,theta
2984,-0.005057859514500785,patient11_window16s_stride1s-epo,theta
2985,-0.006123740188563458,patient11_window16s_stride1s-epo,theta
2986,-0.005462591317607316,patient11_window16s_stride1s-epo,theta
2987,-0.0053521769780374324,patient11_window16s_stride1s-epo,theta
2988,-0.007321108483830267,patient11_window16s_stride1s-epo,theta
2989,-0.005188759554725362,patient11_window16s_stride1s-epo,theta
2990,-0.004521136309541469,patient11_window16s_stride1s-epo,theta
2991,-0.004350226568172149,patient11_window16s_stride1s-epo,theta
2992,-0.006921786049333704,patient11_window16s_stride1s-epo,theta
2993,-0.004622342206676555,patient11_window16s_stride1s-epo,theta
2994,-0.0068129442869457055,patient11_window16s_stride1s-epo,theta
2995,-0.004942599187570146,patient11_window16s_stride1s-epo,theta
2996,-0.003053751010089823,patient11_window16s_stride1s-epo,theta
2997,-0.0017388162167860028,patient11_window16s_stride1s-epo,theta
2998,-0.0019205195815615941,patient11_window16s_stride1s-epo,theta
2999,-0.001848864686030427,patient11_window16s_stride1s-epo,theta
3000,-0.0016085232637099572,patient11_window16s_stride1s-epo,theta
3001,-0.0009727582358900537,patient11_window16s_stride1s-epo,theta
3002,-0.0025942211416153257,patient11_window16s_stride1s-epo,theta
3003,-0.0015507649837298674,patient11_window16s_stride1s-epo,theta
3004,0.0017729298993104754,patient11_window16s_stride1s-epo,theta
3005,0.0007583389436791887,patient11_window16s_stride1s-epo,theta
3006,0.00033476611840356626,patient11_window16s_stride1s-epo,theta
3007,0.0007237857256887988,patient11_window16s_stride1s-epo,theta
3008,0.0013436327613313495,patient11_window16s_stride1s-epo,theta
3009,-0.0011714381376486465,patient11_window16s_stride1s-epo,theta
3010,-0.0008654377136117553,patient11_window16s_stride1s-epo,theta
3011,-0.0005800819550169967,patient11_window16s_stride1s-epo,theta
3012,-0.0016321804563387806,patient11_window16s_stride1s-epo,theta
3013,-0.004567333269989174,patient11_window16s_stride1s-epo,theta
3014,-0.005818455769403082,patient11_window16s_stride1s-epo,theta
3015,-0.005629992434601246,patient11_window16s_stride1s-epo,theta
3016,-0.0050723687569661936,patient11_window16s_stride1s-epo,theta
3017,-0.006883209680326547,patient11_window16s_stride1s-epo,theta
3018,-0.005734042423457113,patient11_window16s_stride1s-epo,theta
3019,-0.0071468564380925284,patient11_window16s_stride1s-epo,theta
3020,-0.007473436595317746,patient11_window16s_stride1s-epo,theta
3021,-0.008210446611550569,patient11_window16s_stride1s-epo,theta
3022,-0.008455115802352656,patient11_window16s_stride1s-epo,theta
3023,-0.008350073518849902,patient11_window16s_stride1s-epo,theta
3024,-0.008218411971367634,patient11_window16s_stride1s-epo,theta
3025,-0.0064666300333381145,patient11_window16s_stride1s-epo,theta
3026,-0.006947948337972394,patient11_window16s_stride1s-epo,theta
3027,-0.008627231723425914,patient11_window16s_stride1s-epo,theta
3028,-0.007697459078935173,patient11_window16s_stride1s-epo,theta
3029,-0.008159104562729544,patient11_window16s_stride1s-epo,theta
3030,-0.009936452582183062,patient11_window16s_stride1s-epo,theta
3031,-0.009857573371795951,patient11_window16s_stride1s-epo,theta
3032,-0.009263062934896371,patient11_window16s_stride1s-epo,theta
3033,-0.008083171616725972,patient11_window16s_stride1s-epo,theta
3034,-0.00764185676522583,patient11_window16s_stride1s-epo,theta
3035,-0.006792796818354693,patient11_window16s_stride1s-epo,theta
3036,-0.006094954074233042,patient11_window16s_stride1s-epo,theta
3037,-0.005891482358438415,patient11_window16s_stride1s-epo,theta
3038,-0.005155152152601921,patient11_window16s_stride1s-epo,theta
3039,-0.003458999690516825,patient11_window16s_stride1s-epo,theta
3040,-0.00468262725210611,patient11_window16s_stride1s-epo,theta
3041,-0.005281991278203618,patient11_window16s_stride1s-epo,theta
3042,-0.00539017385202752,patient11_window16s_stride1s-epo,theta
3043,-0.004112339062341762,patient11_window16s_stride1s-epo,theta
3044,-0.0032773100012517668,patient11_window16s_stride1s-epo,theta
3045,-0.0028359642466347966,patient11_window16s_stride1s-epo,theta
3046,-0.0015149129833542064,patient11_window16s_stride1s-epo,theta
3047,0.0005599113382073298,patient11_window16s_stride1s-epo,theta
3048,0.0012808579306639583,patient11_window16s_stride1s-epo,theta
3049,0.0015072189261389566,patient11_window16s_stride1s-epo,theta
3050,0.000293020628092,patient11_window16s_stride1s-epo,theta
3051,0.0005185862530315671,patient11_window16s_stride1s-epo,theta
3052,0.000712289384940267,patient11_window16s_stride1s-epo,theta
3053,0.0014375292860956648,patient11_window16s_stride1s-epo,theta
3054,0.0006502173008943693,patient11_window16s_stride1s-epo,theta
3055,-0.0007969284618682507,patient11_window16s_stride1s-epo,theta
3056,-0.00033641790825017883,patient11_window16s_stride1s-epo,theta
3057,-0.001953499848525658,patient11_window16s_stride1s-epo,theta
3058,-0.0009395109936258185,patient11_window16s_stride1s-epo,theta
3059,-0.0007217481423688169,patient11_window16s_stride1s-epo,theta
3060,-0.001700913042418388,patient11_window16s_stride1s-epo,theta
3061,-0.0020334530729570143,patient11_window16s_stride1s-epo,theta
3062,-0.0032057514246705567,patient11_window16s_stride1s-epo,theta
3063,-0.0031799733441949577,patient11_window16s_stride1s-epo,theta
3064,-0.003122097578321411,patient11_window16s_stride1s-epo,theta
3065,-0.0030545321635702164,patient11_window16s_stride1s-epo,theta
3066,-0.0013137250133516557,patient11_window16s_stride1s-epo,theta
3067,-0.0013434044319113106,patient11_window16s_stride1s-epo,theta
3068,-0.001405203167134083,patient11_window16s_stride1s-epo,theta
3069,-0.0007163275234984459,patient11_window16s_stride1s-epo,theta
3070,0.0007515174405602211,patient11_window16s_stride1s-epo,theta
3071,0.000996464141078418,patient11_window16s_stride1s-epo,theta
3072,0.0016197704208374668,patient11_window16s_stride1s-epo,theta
3073,0.0020550408268884303,patient11_window16s_stride1s-epo,theta
3074,0.0019349428105034294,patient11_window16s_stride1s-epo,theta
3075,0.003890914573412639,patient11_window16s_stride1s-epo,theta
3076,0.0007153989058017297,patient11_window16s_stride1s-epo,theta
3077,-0.0008954030616255391,patient11_window16s_stride1s-epo,theta
3078,-0.001702204543036446,patient11_window16s_stride1s-epo,theta
3079,-0.0005941842488452668,patient11_window16s_stride1s-epo,theta
3080,-0.0008707944273037918,patient11_window16s_stride1s-epo,theta
3081,-0.003664118281361899,patient11_window16s_stride1s-epo,theta
3082,-0.005039036140746696,patient11_window16s_stride1s-epo,theta
3083,-0.004467011851386344,patient11_window16s_stride1s-epo,theta
3084,-0.0057599834954023925,patient11_window16s_stride1s-epo,theta
3085,-0.0056975793547328745,patient11_window16s_stride1s-epo,theta
3086,-0.00554040419302185,patient11_window16s_stride1s-epo,theta
3087,-0.0076051086894414225,patient11_window16s_stride1s-epo,theta
3088,-0.008831958587826776,patient11_window16s_stride1s-epo,theta
3089,-0.008614331821727135,patient11_window16s_stride1s-epo,theta
3090,-0.010335658742863045,patient11_window16s_stride1s-epo,theta
3091,-0.011197762429163219,patient11_window16s_stride1s-epo,theta
3092,-0.009131466242402969,patient11_window16s_stride1s-epo,theta
3093,-0.009474599779936211,patient11_window16s_stride1s-epo,theta
3094,-0.009055078308923138,patient11_window16s_stride1s-epo,theta
3095,-0.009666262150035224,patient11_window16s_stride1s-epo,theta
3096,-0.010065296566193893,patient11_window16s_stride1s-epo,theta
3097,-0.008143001967390049,patient11_window16s_stride1s-epo,theta
3098,-0.007737768920335823,patient11_window16s_stride1s-epo,theta
3099,-0.00800278727809033,patient11_window16s_stride1s-epo,theta
3100,-0.005004940226306289,patient11_window16s_stride1s-epo,theta
3101,-0.006225400455657323,patient11_window16s_stride1s-epo,theta
3102,-0.0069486191943656335,patient11_window16s_stride1s-epo,theta
3103,-0.007922811279774476,patient11_window16s_stride1s-epo,theta
3104,-0.007074182990587007,patient11_window16s_stride1s-epo,theta
3105,-0.006029873389902198,patient11_window16s_stride1s-epo,theta
3106,-0.004989019716613747,patient11_window16s_stride1s-epo,theta
3107,-0.0031467459356335587,patient11_window16s_stride1s-epo,theta
3108,-0.003344380823706024,patient11_window16s_stride1s-epo,theta
3109,-0.005104787129316569,patient11_window16s_stride1s-epo,theta
3110,-0.004902277145586571,patient11_window16s_stride1s-epo,theta
3111,-0.004720866638260996,patient11_window16s_stride1s-epo,theta
3112,-0.003540043479073158,patient11_window16s_stride1s-epo,theta
3113,-0.004094591241722939,patient11_window16s_stride1s-epo,theta
3114,-0.0027603626566765904,patient11_window16s_stride1s-epo,theta
3115,-0.004397611535966925,patient11_window16s_stride1s-epo,theta
3116,-0.00405183615582843,patient11_window16s_stride1s-epo,theta
3117,-0.004040984019692104,patient11_window16s_stride1s-epo,theta
3118,-0.0017372759294608789,patient11_window16s_stride1s-epo,theta
3119,2.983966306029918e-05,patient11_window16s_stride1s-epo,theta
3120,-0.0011554062064363063,patient11_window16s_stride1s-epo,theta
3121,-0.002588064674630336,patient11_window16s_stride1s-epo,theta
3122,-0.0032436832107266746,patient11_window16s_stride1s-epo,theta
3123,-0.0028938677147829057,patient11_window16s_stride1s-epo,theta
3124,-0.0017169165622246084,patient11_window16s_stride1s-epo,theta
3125,-0.0019000094999756382,patient11_window16s_stride1s-epo,theta
3126,-0.0013982217634343414,patient11_window16s_stride1s-epo,theta
3127,-0.001761664145568125,patient11_window16s_stride1s-epo,theta
3128,-0.000980525719794529,patient11_window16s_stride1s-epo,theta
3129,-0.0017630605785974407,patient11_window16s_stride1s-epo,theta
3130,-0.005279308086383162,patient11_window16s_stride1s-epo,theta
3131,-0.004395081907112685,patient11_window16s_stride1s-epo,theta
3132,-0.0033602964680578416,patient11_window16s_stride1s-epo,theta
3133,-0.0037549429587813736,patient11_window16s_stride1s-epo,theta
3134,-0.004934787540478327,patient11_window16s_stride1s-epo,theta
3135,-0.00350727583957109,patient11_window16s_stride1s-epo,theta
3136,-0.003855734597858068,patient11_window16s_stride1s-epo,theta
3137,-0.004549520457922793,patient11_window16s_stride1s-epo,theta
3138,-0.006071525495464011,patient11_window16s_stride1s-epo,theta
3139,-0.004623762585530702,patient11_window16s_stride1s-epo,theta
3140,-0.004402540950923094,patient11_window16s_stride1s-epo,theta
3141,-0.0023989260905630133,patient11_window16s_stride1s-epo,theta
3142,-0.0029483955552419834,patient11_window16s_stride1s-epo,theta
3143,-0.0030869128025576,patient11_window16s_stride1s-epo,theta
3144,-0.003141303618930974,patient11_window16s_stride1s-epo,theta
3145,-0.0010566710397095123,patient11_window16s_stride1s-epo,theta
3146,0.0011036148224461593,patient11_window16s_stride1s-epo,theta
3147,0.000999662369811518,patient11_window16s_stride1s-epo,theta
3148,0.00012605764720949227,patient11_window16s_stride1s-epo,theta
3149,-0.0009786497615481315,patient11_window16s_stride1s-epo,theta
3150,-0.0006743479487504935,patient11_window16s_stride1s-epo,theta
3151,-0.0025273143542435604,patient11_window16s_stride1s-epo,theta
3152,-0.0014895636456770996,patient11_window16s_stride1s-epo,theta
3153,0.00046947314127858435,patient11_window16s_stride1s-epo,theta
3154,0.0003089701937727246,patient11_window16s_stride1s-epo,theta
3155,-0.0022844091543507312,patient11_window16s_stride1s-epo,theta
3156,-0.002653019624221835,patient11_window16s_stride1s-epo,theta
3157,-0.0041230772078236,patient11_window16s_stride1s-epo,theta
3158,-0.004502653497667981,patient11_window16s_stride1s-epo,theta
3159,-0.006481020211472509,patient11_window16s_stride1s-epo,theta
3160,-0.005286760611876701,patient11_window16s_stride1s-epo,theta
3161,-0.0058585902270796575,patient11_window16s_stride1s-epo,theta
3162,-0.004375041733836818,patient11_window16s_stride1s-epo,theta
3163,-0.004507895677783072,patient11_window16s_stride1s-epo,theta
3164,-0.003948534475328541,patient11_window16s_stride1s-epo,theta
3165,-0.0033625363635570657,patient11_window16s_stride1s-epo,theta
3166,-0.004169845430757436,patient11_window16s_stride1s-epo,theta
3167,-0.0045815802616868935,patient11_window16s_stride1s-epo,theta
3168,-0.0022439202198742013,patient11_window16s_stride1s-epo,theta
3169,-0.002470833537040354,patient11_window16s_stride1s-epo,theta
3170,-0.00280825641661472,patient11_window16s_stride1s-epo,theta
3171,-0.0025757182601048364,patient11_window16s_stride1s-epo,theta
3172,-0.0016054563064382727,patient11_window16s_stride1s-epo,theta
3173,-0.0017243158246361358,patient11_window16s_stride1s-epo,theta
3174,-0.0003274310165663963,patient11_window16s_stride1s-epo,theta
3175,-0.0006296391636465238,patient11_window16s_stride1s-epo,theta
3176,-0.0014276636614026896,patient11_window16s_stride1s-epo,theta
3177,-0.000279209558214857,patient11_window16s_stride1s-epo,theta
3178,-0.0020431197949274957,patient11_window16s_stride1s-epo,theta
3179,-0.0022211074382436614,patient11_window16s_stride1s-epo,theta
3180,-0.0035772150368803554,patient11_window16s_stride1s-epo,theta
3181,-0.005497723572354571,patient11_window16s_stride1s-epo,theta
3182,-0.00676946231495999,patient11_window16s_stride1s-epo,theta
3183,-0.006774823781155725,patient11_window16s_stride1s-epo,theta
3184,-0.0076479763393112144,patient11_window16s_stride1s-epo,theta
3185,-0.008077741926822559,patient11_window16s_stride1s-epo,theta
3186,-0.0069118477215597,patient11_window16s_stride1s-epo,theta
3187,-0.00689685574135944,patient11_window16s_stride1s-epo,theta
3188,-0.006272939573143904,patient11_window16s_stride1s-epo,theta
3189,-0.005949465436048916,patient11_window16s_stride1s-epo,theta
3190,-0.005904661075116781,patient11_window16s_stride1s-epo,theta
3191,-0.004241116515176723,patient11_window16s_stride1s-epo,theta
3192,-0.003557844783679976,patient11_window16s_stride1s-epo,theta
3193,-0.00503740471492843,patient11_window16s_stride1s-epo,theta
3194,-0.005134399896625716,patient11_window16s_stride1s-epo,theta
3195,-0.004236498272934024,patient11_window16s_stride1s-epo,theta
3196,-0.0037931601502681715,patient11_window16s_stride1s-epo,theta
3197,-0.003443794695372594,patient11_window16s_stride1s-epo,theta
3198,-0.003916045985842959,patient11_window16s_stride1s-epo,theta
3199,-0.004876104772615119,patient11_window16s_stride1s-epo,theta
3200,-0.006954124420978822,patient11_window16s_stride1s-epo,theta
3201,-0.006656655663927975,patient11_window16s_stride1s-epo,theta
3202,-0.00900296155166632,patient11_window16s_stride1s-epo,theta
3203,-0.008404270811094626,patient11_window16s_stride1s-epo,theta
3204,-0.0093814015392494,patient11_window16s_stride1s-epo,theta
3205,-0.01023529385690611,patient11_window16s_stride1s-epo,theta
3206,-0.010902571609991975,patient11_window16s_stride1s-epo,theta
3207,-0.010594042825020472,patient11_window16s_stride1s-epo,theta
3208,-0.009614597034792569,patient11_window16s_stride1s-epo,theta
3209,-0.010158351333985459,patient11_window16s_stride1s-epo,theta
3210,-0.01176466573410102,patient11_window16s_stride1s-epo,theta
3211,-0.010974046796024508,patient11_window16s_stride1s-epo,theta
3212,-0.011976733028171645,patient11_window16s_stride1s-epo,theta
3213,-0.009281367715668107,patient11_window16s_stride1s-epo,theta
3214,-0.010218179443147206,patient11_window16s_stride1s-epo,theta
3215,-0.009728162444319038,patient11_window16s_stride1s-epo,theta
3216,-0.007230551914991236,patient11_window16s_stride1s-epo,theta
3217,-0.00707490299860719,patient11_window16s_stride1s-epo,theta
3218,-0.005716097358584301,patient11_window16s_stride1s-epo,theta
3219,-0.007525178005547166,patient11_window16s_stride1s-epo,theta
3220,-0.00693604309584005,patient11_window16s_stride1s-epo,theta
3221,-0.00699494049692124,patient11_window16s_stride1s-epo,theta
3222,-0.006539859004631518,patient11_window16s_stride1s-epo,theta
3223,-0.006202591966200442,patient11_window16s_stride1s-epo,theta
3224,-0.006021012959038689,patient11_window16s_stride1s-epo,theta
3225,-0.005231115439769882,patient11_window16s_stride1s-epo,theta
3226,-0.005449080540026282,patient11_window16s_stride1s-epo,theta
3227,-0.007525767674992669,patient11_window16s_stride1s-epo,theta
3228,-0.008108574369933504,patient11_window16s_stride1s-epo,theta
3229,-0.010440129208838826,patient11_window16s_stride1s-epo,theta
3230,-0.00971796840228526,patient11_window16s_stride1s-epo,theta
3231,-0.010628218135660353,patient11_window16s_stride1s-epo,theta
3232,-0.010408220927115602,patient11_window16s_stride1s-epo,theta
3233,-0.010134743944487625,patient11_window16s_stride1s-epo,theta
3234,-0.010199076428793996,patient11_window16s_stride1s-epo,theta
3235,-0.00933600159413542,patient11_window16s_stride1s-epo,theta
3236,-0.009130066318414572,patient11_window16s_stride1s-epo,theta
3237,-0.010430203237431534,patient11_window16s_stride1s-epo,theta
3238,-0.010091123887546134,patient11_window16s_stride1s-epo,theta
3239,-0.009288453444756489,patient11_window16s_stride1s-epo,theta
3240,-0.00881264689418995,patient11_window16s_stride1s-epo,theta
3241,-0.007332702005604019,patient11_window16s_stride1s-epo,theta
3242,-0.006849613357271212,patient11_window16s_stride1s-epo,theta
3243,-0.004883949449820266,patient11_window16s_stride1s-epo,theta
3244,-0.004624161423162622,patient11_window16s_stride1s-epo,theta
3245,-0.006812272574667938,patient11_window16s_stride1s-epo,theta
3246,-0.0033469594908705075,patient11_window16s_stride1s-epo,theta
3247,-0.005662027003006511,patient11_window16s_stride1s-epo,theta
3248,-0.004433866487261681,patient11_window16s_stride1s-epo,theta
3249,-0.003801022097583477,patient11_window16s_stride1s-epo,theta
3250,-0.004121449878902244,patient11_window16s_stride1s-epo,theta
3251,-0.0034783498374286958,patient11_window16s_stride1s-epo,theta
3252,-0.0025977668042047935,patient11_window16s_stride1s-epo,theta
3253,-0.004398153330705309,patient11_window16s_stride1s-epo,theta
3254,-0.003745387735595945,patient11_window16s_stride1s-epo,theta
3255,-0.004751792590520419,patient11_window16s_stride1s-epo,theta
3256,-0.0041014706286522755,patient11_window16s_stride1s-epo,theta
3257,-0.0028523679890601963,patient11_window16s_stride1s-epo,theta
3258,-0.005110051656849796,patient11_window16s_stride1s-epo,theta
3259,-0.006994569766051127,patient11_window16s_stride1s-epo,theta
3260,-0.006343568289024018,patient11_window16s_stride1s-epo,theta
3261,-0.007396556238636094,patient11_window16s_stride1s-epo,theta
3262,-0.009715030982311563,patient11_window16s_stride1s-epo,theta
3263,-0.009799734214707752,patient11_window16s_stride1s-epo,theta
3264,-0.01031987266350994,patient11_window16s_stride1s-epo,theta
3265,-0.010517648023740656,patient11_window16s_stride1s-epo,theta
3266,-0.011594941739223541,patient11_window16s_stride1s-epo,theta
3267,-0.013522247258108551,patient11_window16s_stride1s-epo,theta
3268,-0.012097527499279552,patient11_window16s_stride1s-epo,theta
3269,-0.0120367257464097,patient11_window16s_stride1s-epo,theta
3270,-0.010994151311443517,patient11_window16s_stride1s-epo,theta
3271,-0.011127897144714292,patient11_window16s_stride1s-epo,theta
3272,-0.010622161785644029,patient11_window16s_stride1s-epo,theta
3273,-0.009907903966502589,patient11_window16s_stride1s-epo,theta
3274,-0.00842848665868055,patient11_window16s_stride1s-epo,theta
3275,-0.00711557152644598,patient11_window16s_stride1s-epo,theta
3276,-0.007866865224870376,patient11_window16s_stride1s-epo,theta
3277,-0.006470138031243112,patient11_window16s_stride1s-epo,theta
3278,-0.004705096788156007,patient11_window16s_stride1s-epo,theta
3279,-0.003961610371298019,patient11_window16s_stride1s-epo,theta
3280,-0.005743056379823805,patient11_window16s_stride1s-epo,theta
3281,-0.006835765873758181,patient11_window16s_stride1s-epo,theta
3282,-0.006267156729246687,patient11_window16s_stride1s-epo,theta
3283,-0.005590860520081016,patient11_window16s_stride1s-epo,theta
3284,-0.006045441167341587,patient11_window16s_stride1s-epo,theta
3285,-0.005859527211356284,patient11_window16s_stride1s-epo,theta
3286,-0.0050999073158559515,patient11_window16s_stride1s-epo,theta
3287,-0.004757674044884933,patient11_window16s_stride1s-epo,theta
3288,-0.005426084623830875,patient11_window16s_stride1s-epo,theta
3289,-0.005631765889978454,patient11_window16s_stride1s-epo,theta
3290,-0.005925334116340605,patient11_window16s_stride1s-epo,theta
3291,-0.006792615559912852,patient11_window16s_stride1s-epo,theta
3292,-0.004128330167209441,patient11_window16s_stride1s-epo,theta
3293,-0.006024469837349214,patient11_window16s_stride1s-epo,theta
3294,-0.005749979298836427,patient11_window16s_stride1s-epo,theta
3295,-0.003786275160193406,patient11_window16s_stride1s-epo,theta
3296,-0.0035731231717797277,patient11_window16s_stride1s-epo,theta
3297,-0.002870371901179264,patient11_window16s_stride1s-epo,theta
3298,-0.0017227321101423727,patient11_window16s_stride1s-epo,theta
3299,0.0006716481268348282,patient11_window16s_stride1s-epo,theta
3300,0.0012307060244494594,patient11_window16s_stride1s-epo,theta
3301,0.0007037477408061618,patient11_window16s_stride1s-epo,theta
3302,0.00022857065740931743,patient11_window16s_stride1s-epo,theta
3303,-0.0003271517189044828,patient11_window16s_stride1s-epo,theta
3304,-0.0024136752306369077,patient11_window16s_stride1s-epo,theta
3305,-0.0010979233282649892,patient11_window16s_stride1s-epo,theta
3306,-0.0032671898928173927,patient11_window16s_stride1s-epo,theta
3307,-0.0015283574294464681,patient11_window16s_stride1s-epo,theta
3308,0.0001986240379826496,patient11_window16s_stride1s-epo,theta
3309,-0.001598439168659335,patient11_window16s_stride1s-epo,theta
3310,-0.002644537054438408,patient11_window16s_stride1s-epo,theta
3311,-0.0031158623533511305,patient11_window16s_stride1s-epo,theta
3312,-0.004084690585013857,patient11_window16s_stride1s-epo,theta
3313,-0.006983937649322937,patient11_window16s_stride1s-epo,theta
3314,-0.008342147947080191,patient11_window16s_stride1s-epo,theta
3315,-0.007485692324244971,patient11_window16s_stride1s-epo,theta
3316,-0.0075376553384001385,patient11_window16s_stride1s-epo,theta
3317,-0.006196746246702629,patient11_window16s_stride1s-epo,theta
3318,-0.007286649728070784,patient11_window16s_stride1s-epo,theta
3319,-0.006283987847640014,patient11_window16s_stride1s-epo,theta
3320,-0.004987348050114012,patient11_window16s_stride1s-epo,theta
3321,-0.005217432500202484,patient11_window16s_stride1s-epo,theta
3322,-0.00485090203429543,patient11_window16s_stride1s-epo,theta
3323,-0.004976109191927775,patient11_window16s_stride1s-epo,theta
3324,-0.004742863616700756,patient11_window16s_stride1s-epo,theta
3325,-0.005453798538090052,patient11_window16s_stride1s-epo,theta
3326,-0.005333215815107072,patient11_window16s_stride1s-epo,theta
3327,-0.005869260757811189,patient11_window16s_stride1s-epo,theta
3328,-0.005844492501335617,patient11_window16s_stride1s-epo,theta
3329,-0.004713010306232626,patient11_window16s_stride1s-epo,theta
3330,-0.005662421573926791,patient11_window16s_stride1s-epo,theta
3331,-0.004531777825136975,patient11_window16s_stride1s-epo,theta
3332,-0.005811951328838893,patient11_window16s_stride1s-epo,theta
3333,-0.005512403847096347,patient11_window16s_stride1s-epo,theta
3334,-0.005311652021358484,patient11_window16s_stride1s-epo,theta
3335,-0.006386407403556297,patient11_window16s_stride1s-epo,theta
3336,-0.0056145627804296975,patient11_window16s_stride1s-epo,theta
3337,-0.005338427037092878,patient11_window16s_stride1s-epo,theta
3338,-0.005154962615823753,patient11_window16s_stride1s-epo,theta
3339,-0.00466401967022526,patient11_window16s_stride1s-epo,theta
3340,-0.005500212418384577,patient11_window16s_stride1s-epo,theta
3341,-0.0038457886515492518,patient11_window16s_stride1s-epo,theta
3342,-0.0007723465487157503,patient11_window16s_stride1s-epo,theta
3343,0.0010725021227219926,patient11_window16s_stride1s-epo,theta
3344,0.0006869141181577828,patient11_window16s_stride1s-epo,theta
3345,0.001985971568838534,patient11_window16s_stride1s-epo,theta
3346,0.00013879608569329773,patient11_window16s_stride1s-epo,theta
3347,-0.000375311632861203,patient11_window16s_stride1s-epo,theta
3348,-0.003328779345678395,patient11_window16s_stride1s-epo,theta
3349,-0.002244362669413699,patient11_window16s_stride1s-epo,theta
3350,-0.0030729150897669567,patient11_window16s_stride1s-epo,theta
3351,-0.00022770319857751028,patient11_window16s_stride1s-epo,theta
3352,-0.000607244532694227,patient11_window16s_stride1s-epo,theta
3353,-6.219430909322541e-05,patient11_window16s_stride1s-epo,theta
3354,-0.0010343713013793883,patient11_window16s_stride1s-epo,theta
3355,-0.0016403654937269863,patient11_window16s_stride1s-epo,theta
3356,-0.0009254230012425361,patient11_window16s_stride1s-epo,theta
3357,-0.0017902743913546769,patient11_window16s_stride1s-epo,theta
3358,-0.0019193425557780018,patient11_window16s_stride1s-epo,theta
3359,-0.002629437768143523,patient11_window16s_stride1s-epo,theta
3360,-0.003922363318020633,patient11_window16s_stride1s-epo,theta
3361,-0.006172133569260852,patient11_window16s_stride1s-epo,theta
3362,-0.0066950692821654495,patient11_window16s_stride1s-epo,theta
3363,-0.005070300051816659,patient11_window16s_stride1s-epo,theta
3364,-0.0045506841904297095,patient11_window16s_stride1s-epo,theta
3365,-0.008009345207058219,patient11_window16s_stride1s-epo,theta
3366,-0.006407248989195382,patient11_window16s_stride1s-epo,theta
3367,-0.006514023699077449,patient11_window16s_stride1s-epo,theta
3368,-0.006296117453234725,patient11_window16s_stride1s-epo,theta
3369,-0.0062350848883013146,patient11_window16s_stride1s-epo,theta
3370,-0.005212424134553867,patient11_window16s_stride1s-epo,theta
3371,-0.005337970461340488,patient11_window16s_stride1s-epo,theta
3372,-0.004487967117736826,patient11_window16s_stride1s-epo,theta
3373,-0.004371354712830993,patient11_window16s_stride1s-epo,theta
3374,-0.006125402609073864,patient11_window16s_stride1s-epo,theta
3375,-0.006086249351219789,patient11_window16s_stride1s-epo,theta
3376,-0.004462173549366331,patient11_window16s_stride1s-epo,theta
3377,-0.002399071065447792,patient11_window16s_stride1s-epo,theta
3378,-0.0012235319950602045,patient11_window16s_stride1s-epo,theta
3379,-0.0030453197616931776,patient11_window16s_stride1s-epo,theta
3380,-0.002758138794381762,patient11_window16s_stride1s-epo,theta
3381,-0.002422561742522638,patient11_window16s_stride1s-epo,theta
3382,-0.004690332745827541,patient11_window16s_stride1s-epo,theta
3383,-0.0031819871458088796,patient11_window16s_stride1s-epo,theta
3384,-0.002133912970517485,patient11_window16s_stride1s-epo,theta
3385,-0.0026833397552518505,patient11_window16s_stride1s-epo,theta
3386,-0.005250879988684312,patient11_window16s_stride1s-epo,theta
3387,-0.005371670643801533,patient11_window16s_stride1s-epo,theta
3388,-0.002444223487529993,patient11_window16s_stride1s-epo,theta
3389,-0.0035586019597503927,patient11_window16s_stride1s-epo,theta
3390,-0.00280867965047981,patient11_window16s_stride1s-epo,theta
3391,-0.004364077161847352,patient11_window16s_stride1s-epo,theta
3392,-0.0014933735963254793,patient11_window16s_stride1s-epo,theta
3393,-0.0028845358878083795,patient11_window16s_stride1s-epo,theta
3394,-0.0028177590321524157,patient11_window16s_stride1s-epo,theta
3395,-0.003753193346093021,patient11_window16s_stride1s-epo,theta
3396,-0.003469316873823398,patient11_window16s_stride1s-epo,theta
3397,-0.0028689736191374647,patient11_window16s_stride1s-epo,theta
3398,-0.0013618137121456165,patient11_window16s_stride1s-epo,theta
3399,-0.0018095013387861931,patient11_window16s_stride1s-epo,theta
3400,-0.002206596684047765,patient11_window16s_stride1s-epo,theta
3401,-0.0022462503823360504,patient11_window16s_stride1s-epo,theta
3402,-0.0015092853328929556,patient11_window16s_stride1s-epo,theta
3403,0.00039294914622465133,patient11_window16s_stride1s-epo,theta
3404,0.001248347966694278,patient11_window16s_stride1s-epo,theta
3405,-0.0001227521704462279,patient11_window16s_stride1s-epo,theta
3406,0.0010210539188142693,patient11_window16s_stride1s-epo,theta
3407,0.0014752029891743684,patient11_window16s_stride1s-epo,theta
3408,0.0009529280849371407,patient11_window16s_stride1s-epo,theta
3409,0.0008990765070082397,patient11_window16s_stride1s-epo,theta
3410,-0.001765662705554654,patient11_window16s_stride1s-epo,theta
3411,-0.0022013821249398137,patient11_window16s_stride1s-epo,theta
3412,-0.0033871817814185865,patient11_window16s_stride1s-epo,theta
3413,-0.00039082394822270836,patient11_window16s_stride1s-epo,theta
3414,-0.0015963948932686265,patient11_window16s_stride1s-epo,theta
3415,0.001151420089490493,patient11_window16s_stride1s-epo,theta
3416,-0.0005255591766517116,patient11_window16s_stride1s-epo,theta
3417,-0.0024645804850742694,patient11_window16s_stride1s-epo,theta
3418,-0.0034354267522766,patient11_window16s_stride1s-epo,theta
3419,-0.005550330119722138,patient11_window16s_stride1s-epo,theta
3420,-0.007664719555138325,patient11_window16s_stride1s-epo,theta
3421,-0.008050836056739173,patient11_window16s_stride1s-epo,theta
3422,-0.006818900415197327,patient11_window16s_stride1s-epo,theta
3423,-0.0071983190362634045,patient11_window16s_stride1s-epo,theta
3424,-0.008033847826572477,patient11_window16s_stride1s-epo,theta
3425,-0.006902647543905887,patient11_window16s_stride1s-epo,theta
3426,-0.003932130298469237,patient11_window16s_stride1s-epo,theta
3427,-0.0032987662596539583,patient11_window16s_stride1s-epo,theta
3428,-0.005064512875135745,patient11_window16s_stride1s-epo,theta
3429,-0.00660157042497679,patient11_window16s_stride1s-epo,theta
3430,-0.00610920061179758,patient11_window16s_stride1s-epo,theta
3431,-0.00869691703288417,patient11_window16s_stride1s-epo,theta
3432,-0.00715611965191919,patient11_window16s_stride1s-epo,theta
3433,-0.007327800466844967,patient11_window16s_stride1s-epo,theta
3434,-0.004712626005024465,patient11_window16s_stride1s-epo,theta
3435,-0.004265479570916181,patient11_window16s_stride1s-epo,theta
3436,-0.004061793381413161,patient11_window16s_stride1s-epo,theta
3437,-0.0016441327071420083,patient11_window16s_stride1s-epo,theta
3438,-0.001843654916802971,patient11_window16s_stride1s-epo,theta
3439,-0.002561728685358592,patient11_window16s_stride1s-epo,theta
3440,0.0003747607510303834,patient11_window16s_stride1s-epo,theta
3441,0.0016250719246016176,patient11_window16s_stride1s-epo,theta
3442,-0.00012210374600497167,patient11_window16s_stride1s-epo,theta
3443,-0.00019710236203658642,patient11_window16s_stride1s-epo,theta
3444,0.0006649772826852104,patient11_window16s_stride1s-epo,theta
3445,-0.0008580078412794374,patient11_window16s_stride1s-epo,theta
3446,-0.0003062964765300624,patient11_window16s_stride1s-epo,theta
3447,0.0017376439140458493,patient11_window16s_stride1s-epo,theta
3448,0.001128032593475286,patient11_window16s_stride1s-epo,theta
3449,0.0029057385821812487,patient11_window16s_stride1s-epo,theta
3450,0.0025922450534741526,patient11_window16s_stride1s-epo,theta
3451,0.0034055449749070257,patient11_window16s_stride1s-epo,theta
3452,0.0015395376899102198,patient11_window16s_stride1s-epo,theta
3453,0.0006442091003014002,patient11_window16s_stride1s-epo,theta
3454,0.0003147000479507085,patient11_window16s_stride1s-epo,theta
3455,0.0010072910396951788,patient11_window16s_stride1s-epo,theta
3456,0.0013553343877382579,patient11_window16s_stride1s-epo,theta
3457,-0.0008606697603215255,patient11_window16s_stride1s-epo,theta
3458,-0.0005594366830196085,patient11_window16s_stride1s-epo,theta
3459,-0.0015715311939492433,patient11_window16s_stride1s-epo,theta
3460,0.00033729698511712617,patient11_window16s_stride1s-epo,theta
3461,0.0008924421556986114,patient11_window16s_stride1s-epo,theta
3462,-0.0017607707654158232,patient11_window16s_stride1s-epo,theta
3463,-0.0033044268419677686,patient11_window16s_stride1s-epo,theta
3464,-0.006462888048482609,patient11_window16s_stride1s-epo,theta
3465,-0.007505999866163649,patient11_window16s_stride1s-epo,theta
3466,-0.009345781075838456,patient11_window16s_stride1s-epo,theta
3467,-0.009236930306245108,patient11_window16s_stride1s-epo,theta
3468,-0.008731040115871657,patient11_window16s_stride1s-epo,theta
3469,-0.007397581018948868,patient11_window16s_stride1s-epo,theta
3470,-0.007880906215164806,patient11_window16s_stride1s-epo,theta
3471,-0.006425705626615613,patient11_window16s_stride1s-epo,theta
3472,-0.01001280430644284,patient11_window16s_stride1s-epo,theta
3473,-0.009390496234488668,patient11_window16s_stride1s-epo,theta
3474,-0.009664602495702905,patient11_window16s_stride1s-epo,theta
3475,-0.010386537515670122,patient11_window16s_stride1s-epo,theta
3476,-0.011837074940905634,patient11_window16s_stride1s-epo,theta
3477,-0.011538162750795682,patient11_window16s_stride1s-epo,theta
3478,-0.010452820612085356,patient11_window16s_stride1s-epo,theta
3479,-0.009055004644703423,patient11_window16s_stride1s-epo,theta
3480,-0.006792096279234177,patient11_window16s_stride1s-epo,theta
3481,-0.008325039822290667,patient11_window16s_stride1s-epo,theta
3482,-0.004837514893742094,patient11_window16s_stride1s-epo,theta
3483,-0.0037282601441097057,patient11_window16s_stride1s-epo,theta
3484,-0.004512430714047642,patient11_window16s_stride1s-epo,theta
3485,-0.003861191789580795,patient11_window16s_stride1s-epo,theta
3486,-0.0029571545014680837,patient11_window16s_stride1s-epo,theta
3487,-0.003072583497843195,patient11_window16s_stride1s-epo,theta
3488,-0.002034954521463665,patient11_window16s_stride1s-epo,theta
3489,-0.0029471761115963447,patient11_window16s_stride1s-epo,theta
3490,-0.0036470880024383513,patient11_window16s_stride1s-epo,theta
3491,-0.0015759079560965516,patient11_window16s_stride1s-epo,theta
3492,-0.00035267171135297494,patient11_window16s_stride1s-epo,theta
3493,-0.0005853702707066718,patient11_window16s_stride1s-epo,theta
3494,0.00043306535690275296,patient11_window16s_stride1s-epo,theta
3495,0.001032186389362372,patient11_window16s_stride1s-epo,theta
3496,-0.0020171888857830034,patient11_window16s_stride1s-epo,theta
3497,-0.00023280720026909758,patient11_window16s_stride1s-epo,theta
3498,-0.0008689825577682458,patient11_window16s_stride1s-epo,theta
3499,0.0004903946813793276,patient11_window16s_stride1s-epo,theta
3500,-0.00084366723665102,patient11_window16s_stride1s-epo,theta
3501,-0.0005048461374782257,patient11_window16s_stride1s-epo,theta
3502,0.0013766755421165322,patient11_window16s_stride1s-epo,theta
3503,0.0002505510231360986,patient11_window16s_stride1s-epo,theta
3504,0.0024142581517248483,patient11_window16s_stride1s-epo,theta
3505,0.0003126025128829931,patient11_window16s_stride1s-epo,theta
3506,3.270586806246266e-05,patient11_window16s_stride1s-epo,theta
3507,0.0006493931914982839,patient11_window16s_stride1s-epo,theta
3508,-0.0019329601216731085,patient11_window16s_stride1s-epo,theta
3509,-0.003001916380909384,patient11_window16s_stride1s-epo,theta
3510,-0.0021688426964348783,patient11_window16s_stride1s-epo,theta
3511,-0.0026186740781149105,patient11_window16s_stride1s-epo,theta
3512,-0.0034679194933771615,patient11_window16s_stride1s-epo,theta
3513,-0.003788107275761864,patient11_window16s_stride1s-epo,theta
3514,-0.0050417909137077865,patient11_window16s_stride1s-epo,theta
3515,-0.005871904352064732,patient11_window16s_stride1s-epo,theta
3516,-0.006430185410003279,patient11_window16s_stride1s-epo,theta
3517,-0.006099123443529802,patient11_window16s_stride1s-epo,theta
3518,-0.006895574289476529,patient11_window16s_stride1s-epo,theta
3519,-0.007423782040149254,patient11_window16s_stride1s-epo,theta
3520,-0.008430992609236427,patient11_window16s_stride1s-epo,theta
3521,-0.008581466028182818,patient11_window16s_stride1s-epo,theta
3522,-0.00803866386096508,patient11_window16s_stride1s-epo,theta
3523,-0.006660408716579545,patient11_window16s_stride1s-epo,theta
3524,-0.005494633885646869,patient11_window16s_stride1s-epo,theta
3525,-0.0041636122134249475,patient11_window16s_stride1s-epo,theta
3526,-0.004279810458776113,patient11_window16s_stride1s-epo,theta
3527,-0.004072416156717454,patient11_window16s_stride1s-epo,theta
3528,-0.0027937359774180817,patient11_window16s_stride1s-epo,theta
3529,-0.003360976407479034,patient11_window16s_stride1s-epo,theta
3530,-0.0026263461456090226,patient11_window16s_stride1s-epo,theta
3531,-0.0010229153222249662,patient11_window16s_stride1s-epo,theta
3532,-0.00043390781851709013,patient11_window16s_stride1s-epo,theta
3533,-0.0012577293143556127,patient11_window16s_stride1s-epo,theta
3534,-0.00027812185870494427,patient11_window16s_stride1s-epo,theta
3535,-0.0016718163920216586,patient11_window16s_stride1s-epo,theta
3536,-0.0014067501571094845,patient11_window16s_stride1s-epo,theta
3537,-0.00012263964185320537,patient11_window16s_stride1s-epo,theta
3538,-0.0018973981741886034,patient11_window16s_stride1s-epo,theta
3539,-0.002170227054369266,patient11_window16s_stride1s-epo,theta
3540,-0.002824447128005869,patient11_window16s_stride1s-epo,theta
3541,-0.004555931817760656,patient11_window16s_stride1s-epo,theta
3542,-0.0046702981042885,patient11_window16s_stride1s-epo,theta
3543,-0.006087483096587589,patient11_window16s_stride1s-epo,theta
3544,-0.007749345889260675,patient11_window16s_stride1s-epo,theta
3545,-0.007597124535342763,patient11_window16s_stride1s-epo,theta
3546,-0.0068838637796550155,patient11_window16s_stride1s-epo,theta
3547,-0.00834841072316246,patient11_window16s_stride1s-epo,theta
3548,-0.008157890717243437,patient11_window16s_stride1s-epo,theta
3549,-0.007820409527426636,patient11_window16s_stride1s-epo,theta
3550,-0.007682625091121153,patient11_window16s_stride1s-epo,theta
3551,-0.0069030550718593405,patient11_window16s_stride1s-epo,theta
3552,-0.007152986464513188,patient11_window16s_stride1s-epo,theta
3553,-0.008479951069798852,patient11_window16s_stride1s-epo,theta
3554,-0.00690045259501516,patient11_window16s_stride1s-epo,theta
3555,-0.004932365582420742,patient11_window16s_stride1s-epo,theta
3556,-0.004708714922777947,patient11_window16s_stride1s-epo,theta
3557,-0.005464159128956899,patient11_window16s_stride1s-epo,theta
3558,-0.003602034055256763,patient11_window16s_stride1s-epo,theta
3559,-0.003468541312120797,patient11_window16s_stride1s-epo,theta
3560,-0.003329138987992821,patient11_window16s_stride1s-epo,theta
3561,-0.0029362516810344675,patient11_window16s_stride1s-epo,theta
3562,-0.00418730298458536,patient11_window16s_stride1s-epo,theta
3563,-0.002819141187969223,patient11_window16s_stride1s-epo,theta
3564,-0.0036946379427487564,patient11_window16s_stride1s-epo,theta
3565,-0.002473844082406254,patient11_window16s_stride1s-epo,theta
3566,-0.0038157825238894945,patient11_window16s_stride1s-epo,theta
3567,-0.003115852564688099,patient11_window16s_stride1s-epo,theta
3568,-0.0037787365676775013,patient11_window16s_stride1s-epo,theta
3569,-0.004789762128315783,patient11_window16s_stride1s-epo,theta
3570,-0.005723385508096729,patient11_window16s_stride1s-epo,theta
3571,-0.0045950644474559346,patient11_window16s_stride1s-epo,theta
3572,-0.005145004767605881,patient11_window16s_stride1s-epo,theta
3573,-0.005492646990524732,patient11_window16s_stride1s-epo,theta
3574,-0.0021143562384339006,patient11_window16s_stride1s-epo,theta
3575,-0.0028831745600265283,patient11_window16s_stride1s-epo,theta
3576,-0.0022941750431790535,patient11_window16s_stride1s-epo,theta
3577,-0.002594008037591738,patient11_window16s_stride1s-epo,theta
3578,-0.0035399133740796978,patient11_window16s_stride1s-epo,theta
3579,-0.005654976376915092,patient11_window16s_stride1s-epo,theta
3580,-0.004525923131152556,patient11_window16s_stride1s-epo,theta
3581,-0.004746965265537456,patient11_window16s_stride1s-epo,theta
3582,-0.005234323087689995,patient11_window16s_stride1s-epo,theta
3583,-0.0073984313464877565,patient11_window16s_stride1s-epo,theta
3584,-0.007278872881628337,patient11_window16s_stride1s-epo,theta
3585,-0.0089059540994249,patient11_window16s_stride1s-epo,theta
3586,-0.010339467427344503,patient11_window16s_stride1s-epo,theta
3587,-0.011309853180784738,patient11_window16s_stride1s-epo,theta
3588,-0.012798207208968364,patient11_window16s_stride1s-epo,theta
3589,-0.010927869583578892,patient11_window16s_stride1s-epo,theta
3590,-0.011657677815202168,patient11_window16s_stride1s-epo,theta
3591,-0.010909220165117365,patient11_window16s_stride1s-epo,theta
3592,-0.011489760070931011,patient11_window16s_stride1s-epo,theta
3593,-0.012596538327927046,patient11_window16s_stride1s-epo,theta
3594,-0.012325691720090997,patient11_window16s_stride1s-epo,theta
3595,-0.011572786596089705,patient11_window16s_stride1s-epo,theta
3596,-0.01256820265524881,patient11_window16s_stride1s-epo,theta
3597,-0.01199102975507106,patient11_window16s_stride1s-epo,theta
3598,-0.010412579930609905,patient11_window16s_stride1s-epo,theta
3599,-0.00554032921195161,patient11_window16s_stride1s-epo,theta
3600,-0.00477494873763995,patient11_window16s_stride1s-epo,theta
3601,-0.0022261413101667643,patient11_window16s_stride1s-epo,theta
3602,-0.001293163852518264,patient11_window16s_stride1s-epo,theta
3603,0.0009647426303132943,patient11_window16s_stride1s-epo,theta
3604,0.0025258178767265955,patient11_window16s_stride1s-epo,theta
3605,0.002281450701759055,patient11_window16s_stride1s-epo,theta
3606,0.0013548659057102189,patient11_window16s_stride1s-epo,theta
3607,0.0021519256991573243,patient11_window16s_stride1s-epo,theta
3608,0.0006961976695379673,patient11_window16s_stride1s-epo,theta
3609,0.0015043335611708796,patient11_window16s_stride1s-epo,theta
3610,0.003710678555216636,patient11_window16s_stride1s-epo,theta
3611,0.004390782764244831,patient11_window16s_stride1s-epo,theta
3612,0.003396176167770419,patient11_window16s_stride1s-epo,theta
3613,0.0030214991318575414,patient11_window16s_stride1s-epo,theta
3614,0.001960219219535951,patient11_window16s_stride1s-epo,theta
3615,-0.0005729339927274623,patient11_window16s_stride1s-epo,theta
3616,-0.004895194341725234,patient11_window16s_stride1s-epo,theta
3617,-0.007948863108122423,patient11_window16s_stride1s-epo,theta
3618,-0.008597244096918548,patient11_window16s_stride1s-epo,theta
3619,-0.00842423448390527,patient11_window16s_stride1s-epo,theta
3620,-0.008929853070302272,patient11_window16s_stride1s-epo,theta
3621,-0.011429117533964547,patient11_window16s_stride1s-epo,theta
3622,-0.011423374977717294,patient11_window16s_stride1s-epo,theta
3623,-0.009428115947073636,patient11_window16s_stride1s-epo,theta
3624,-0.009591421865007698,patient11_window16s_stride1s-epo,theta
3625,-0.007962886660041009,patient11_window16s_stride1s-epo,theta
3626,-0.009082291651407665,patient11_window16s_stride1s-epo,theta
3627,-0.008074066410590339,patient11_window16s_stride1s-epo,theta
3628,-0.00909223885206918,patient11_window16s_stride1s-epo,theta
3629,-0.00926700031110087,patient11_window16s_stride1s-epo,theta
3630,-0.01224434675550277,patient11_window16s_stride1s-epo,theta
3631,-0.009948013329910597,patient11_window16s_stride1s-epo,theta
3632,-0.008586153192107624,patient11_window16s_stride1s-epo,theta
3633,-0.0051435365982191086,patient11_window16s_stride1s-epo,theta
3634,-0.004538321134640056,patient11_window16s_stride1s-epo,theta
3635,-0.004482212729514077,patient11_window16s_stride1s-epo,theta
3636,-0.00505077767536955,patient11_window16s_stride1s-epo,theta
3637,-0.004559243623099281,patient11_window16s_stride1s-epo,theta
3638,-0.0047995619721332705,patient11_window16s_stride1s-epo,theta
3639,-0.004685693110840079,patient11_window16s_stride1s-epo,theta
3640,-0.006254369463707181,patient11_window16s_stride1s-epo,theta
3641,-0.007004857706753132,patient11_window16s_stride1s-epo,theta
3642,-0.006148159211358565,patient11_window16s_stride1s-epo,theta
3643,-0.007155493617493667,patient11_window16s_stride1s-epo,theta
3644,-0.007221558783918064,patient11_window16s_stride1s-epo,theta
3645,-0.007667168218941841,patient11_window16s_stride1s-epo,theta
3646,-0.008502689519429434,patient11_window16s_stride1s-epo,theta
3647,-0.009639868086048988,patient11_window16s_stride1s-epo,theta
3648,-0.010363187527486958,patient11_window16s_stride1s-epo,theta
3649,-0.010859487137167476,patient11_window16s_stride1s-epo,theta
3650,-0.011487318461122123,patient11_window16s_stride1s-epo,theta
3651,-0.009822451188564804,patient11_window16s_stride1s-epo,theta
3652,-0.010130389977480923,patient11_window16s_stride1s-epo,theta
3653,-0.010710520851731456,patient11_window16s_stride1s-epo,theta
3654,-0.010561200631655008,patient11_window16s_stride1s-epo,theta
3655,-0.010370494622567769,patient11_window16s_stride1s-epo,theta
3656,-0.009671833590387847,patient11_window16s_stride1s-epo,theta
3657,-0.011003791503781852,patient11_window16s_stride1s-epo,theta
3658,-0.009808580232960993,patient11_window16s_stride1s-epo,theta
3659,-0.009326720914032279,patient11_window16s_stride1s-epo,theta
3660,-0.008470749523365002,patient11_window16s_stride1s-epo,theta
3661,-0.008497770137129199,patient11_window16s_stride1s-epo,theta
3662,-0.006709599720281667,patient11_window16s_stride1s-epo,theta
3663,-0.00659413733528954,patient11_window16s_stride1s-epo,theta
3664,-0.007485091948233478,patient11_window16s_stride1s-epo,theta
3665,-0.00775196884663848,patient11_window16s_stride1s-epo,theta
3666,-0.0053892549980805475,patient11_window16s_stride1s-epo,theta
3667,-0.004824996655366759,patient11_window16s_stride1s-epo,theta
3668,-0.006039891578312871,patient11_window16s_stride1s-epo,theta
3669,-0.006607373067487404,patient11_window16s_stride1s-epo,theta
3670,-0.005842154048405421,patient11_window16s_stride1s-epo,theta
3671,-0.0064975963523461215,patient11_window16s_stride1s-epo,theta
3672,-0.007815558479837288,patient11_window16s_stride1s-epo,theta
3673,-0.0073650040234889734,patient11_window16s_stride1s-epo,theta
3674,-0.007631973805867819,patient11_window16s_stride1s-epo,theta
3675,-0.006811040141867755,patient11_window16s_stride1s-epo,theta
3676,-0.006318881069617626,patient11_window16s_stride1s-epo,theta
3677,-0.007247464203291599,patient11_window16s_stride1s-epo,theta
3678,-0.006994984654895039,patient11_window16s_stride1s-epo,theta
3679,-0.006214639232589063,patient11_window16s_stride1s-epo,theta
3680,-0.005990616090242802,patient11_window16s_stride1s-epo,theta
3681,-0.007059097715749498,patient11_window16s_stride1s-epo,theta
3682,-0.007465333706636074,patient11_window16s_stride1s-epo,theta
3683,-0.00882110753447077,patient11_window16s_stride1s-epo,theta
3684,-0.009478550050866535,patient11_window16s_stride1s-epo,theta
3685,-0.00990438113503604,patient11_window16s_stride1s-epo,theta
3686,-0.009158940364510043,patient11_window16s_stride1s-epo,theta
3687,-0.00897124848358828,patient11_window16s_stride1s-epo,theta
3688,-0.008223624301264462,patient11_window16s_stride1s-epo,theta
3689,-0.009471830488477316,patient11_window16s_stride1s-epo,theta
3690,-0.00976234343767929,patient11_window16s_stride1s-epo,theta
3691,-0.007490669677957118,patient11_window16s_stride1s-epo,theta
3692,-0.00818123516032769,patient11_window16s_stride1s-epo,theta
3693,-0.00665778981144305,patient11_window16s_stride1s-epo,theta
3694,-0.008176741578276598,patient11_window16s_stride1s-epo,theta
3695,-0.010560174023513506,patient11_window16s_stride1s-epo,theta
3696,-0.00942288305388065,patient11_window16s_stride1s-epo,theta
3697,-0.0077459995850601366,patient11_window16s_stride1s-epo,theta
3698,-0.00836777626494944,patient11_window16s_stride1s-epo,theta
3699,-0.00769703016271406,patient11_window16s_stride1s-epo,theta
3700,-0.004666929931004563,patient11_window16s_stride1s-epo,theta
3701,-0.004158578024853992,patient11_window16s_stride1s-epo,theta
3702,-0.004800771463769185,patient11_window16s_stride1s-epo,theta
3703,-0.0049228152005292005,patient11_window16s_stride1s-epo,theta
3704,-0.005139630552965254,patient11_window16s_stride1s-epo,theta
3705,-0.004988031729285341,patient11_window16s_stride1s-epo,theta
3706,-0.006006977099919269,patient11_window16s_stride1s-epo,theta
3707,-0.0058884950202611665,patient11_window16s_stride1s-epo,theta
3708,-0.006502308826337965,patient11_window16s_stride1s-epo,theta
3709,-0.005253147034151901,patient11_window16s_stride1s-epo,theta
3710,-0.006240218534579614,patient11_window16s_stride1s-epo,theta
3711,-0.005110086639721848,patient11_window16s_stride1s-epo,theta
3712,-0.007295176859399028,patient11_window16s_stride1s-epo,theta
3713,-0.007375853465546115,patient11_window16s_stride1s-epo,theta
3714,-0.007855979603429148,patient11_window16s_stride1s-epo,theta
3715,-0.008194945126044658,patient11_window16s_stride1s-epo,theta
3716,-0.008029744745800763,patient11_window16s_stride1s-epo,theta
3717,-0.008720050011269027,patient11_window16s_stride1s-epo,theta
3718,-0.008118528332453164,patient11_window16s_stride1s-epo,theta
3719,-0.00686852093434592,patient11_window16s_stride1s-epo,theta
3720,-0.008423859421457357,patient11_window16s_stride1s-epo,theta
3721,-0.00756124653283319,patient11_window16s_stride1s-epo,theta
3722,-0.006091280994145688,patient11_window16s_stride1s-epo,theta
3723,-0.00609495862962181,patient11_window16s_stride1s-epo,theta
3724,-0.006438016608027983,patient11_window16s_stride1s-epo,theta
3725,-0.0059573505823066215,patient11_window16s_stride1s-epo,theta
3726,-0.005745684755980231,patient11_window16s_stride1s-epo,theta
3727,-0.004523816284652311,patient11_window16s_stride1s-epo,theta
3728,-0.003446201004417082,patient11_window16s_stride1s-epo,theta
3729,-0.0040072080985841686,patient11_window16s_stride1s-epo,theta
3730,-0.0038118099563560744,patient11_window16s_stride1s-epo,theta
3731,-0.002986700355702083,patient11_window16s_stride1s-epo,theta
3732,-0.0022998007388863287,patient11_window16s_stride1s-epo,theta
3733,-0.0027812538291635057,patient11_window16s_stride1s-epo,theta
3734,-0.002739884631801408,patient11_window16s_stride1s-epo,theta
3735,-0.0031821284241316124,patient11_window16s_stride1s-epo,theta
3736,-0.00266265815503462,patient11_window16s_stride1s-epo,theta
3737,-0.0028261208684236803,patient11_window16s_stride1s-epo,theta
3738,-0.005035980913463011,patient11_window16s_stride1s-epo,theta
3739,-0.0031666372227773785,patient11_window16s_stride1s-epo,theta
3740,-0.002803929832180703,patient11_window16s_stride1s-epo,theta
3741,-0.003191572718861427,patient11_window16s_stride1s-epo,theta
3742,-0.005461470235709967,patient11_window16s_stride1s-epo,theta
3743,-0.004680735094280408,patient11_window16s_stride1s-epo,theta
3744,-0.004957745011657324,patient11_window16s_stride1s-epo,theta
3745,-0.006104736206282236,patient11_window16s_stride1s-epo,theta
3746,-0.004374445509903746,patient11_window16s_stride1s-epo,theta
3747,-0.0048946813253860876,patient11_window16s_stride1s-epo,theta
3748,-0.004790220911894462,patient11_window16s_stride1s-epo,theta
3749,-0.00602434477890278,patient11_window16s_stride1s-epo,theta
3750,-0.0041770544682225574,patient11_window16s_stride1s-epo,theta
3751,-0.005531442407609557,patient11_window16s_stride1s-epo,theta
3752,-0.0047255023420358176,patient11_window16s_stride1s-epo,theta
3753,-0.00432916807965825,patient11_window16s_stride1s-epo,theta
3754,-0.004363595243738384,patient11_window16s_stride1s-epo,theta
3755,-0.005438033567708571,patient11_window16s_stride1s-epo,theta
3756,-0.005290193351235831,patient11_window16s_stride1s-epo,theta
3757,-0.006910929908834906,patient11_window16s_stride1s-epo,theta
3758,-0.006788202576775773,patient11_window16s_stride1s-epo,theta
3759,-0.006610509420722404,patient11_window16s_stride1s-epo,theta
3760,-0.008570443519439627,patient11_window16s_stride1s-epo,theta
3761,-0.007040722349720183,patient11_window16s_stride1s-epo,theta
3762,-0.006037632574531703,patient11_window16s_stride1s-epo,theta
3763,-0.006123485808699538,patient11_window16s_stride1s-epo,theta
3764,-0.006430569284026442,patient11_window16s_stride1s-epo,theta
3765,-0.007277354368465525,patient11_window16s_stride1s-epo,theta
3766,-0.009059665684161252,patient11_window16s_stride1s-epo,theta
3767,-0.008603026255087536,patient11_window16s_stride1s-epo,theta
3768,-0.007749014305093507,patient11_window16s_stride1s-epo,theta
3769,-0.006877591470445094,patient11_window16s_stride1s-epo,theta
3770,-0.005533961506441695,patient11_window16s_stride1s-epo,theta
3771,-0.004421455195750724,patient11_window16s_stride1s-epo,theta
3772,-0.0030303521748641206,patient11_window16s_stride1s-epo,theta
3773,-0.00238994819740737,patient11_window16s_stride1s-epo,theta
3774,-0.004309621098372715,patient11_window16s_stride1s-epo,theta
3775,-0.004578670719405742,patient11_window16s_stride1s-epo,theta
3776,-0.0018861219480030885,patient11_window16s_stride1s-epo,theta
3777,-0.0020397592279460357,patient11_window16s_stride1s-epo,theta
3778,-0.003155178649880025,patient11_window16s_stride1s-epo,theta
3779,-0.002444967486817158,patient11_window16s_stride1s-epo,theta
3780,-0.0012952321104659297,patient11_window16s_stride1s-epo,theta
3781,0.00018112351423314166,patient11_window16s_stride1s-epo,theta
3782,-0.000759746118646725,patient11_window16s_stride1s-epo,theta
3783,-0.0020403875525277252,patient11_window16s_stride1s-epo,theta
3784,-0.0006882451083238994,patient11_window16s_stride1s-epo,theta
3785,-0.0035607757176780047,patient11_window16s_stride1s-epo,theta
3786,-0.003357671985470216,patient11_window16s_stride1s-epo,theta
3787,-0.0023503565395608136,patient11_window16s_stride1s-epo,theta
3788,-0.0010417289331941567,patient11_window16s_stride1s-epo,theta
3789,-0.0033376789500526413,patient11_window16s_stride1s-epo,theta
3790,-0.0032487582876749386,patient11_window16s_stride1s-epo,theta
3791,-0.0022170722595204217,patient11_window16s_stride1s-epo,theta
3792,-0.0036648997578882514,patient11_window16s_stride1s-epo,theta
3793,-0.0035198972166744173,patient11_window16s_stride1s-epo,theta
3794,-0.004570818904216974,patient11_window16s_stride1s-epo,theta
3795,-0.007113977992255212,patient11_window16s_stride1s-epo,theta
3796,-0.007362398421285258,patient11_window16s_stride1s-epo,theta
3797,-0.005859381210123097,patient11_window16s_stride1s-epo,theta
3798,-0.006233986116928858,patient11_window16s_stride1s-epo,theta
3799,-0.005588252087555182,patient11_window16s_stride1s-epo,theta
3800,-0.006727994980114726,patient11_window16s_stride1s-epo,theta
3801,-0.0057959358797767075,patient11_window16s_stride1s-epo,theta
3802,-0.006670791426998506,patient11_window16s_stride1s-epo,theta
3803,-0.006096292176994384,patient11_window16s_stride1s-epo,theta
3804,-0.008738766085486049,patient11_window16s_stride1s-epo,theta
3805,-0.007938039944162156,patient11_window16s_stride1s-epo,theta
3806,-0.006465387496610645,patient11_window16s_stride1s-epo,theta
3807,-0.005157602833079689,patient11_window16s_stride1s-epo,theta
3808,-0.006136752374124145,patient11_window16s_stride1s-epo,theta
3809,-0.005544744194238089,patient11_window16s_stride1s-epo,theta
3810,-0.005924248473571731,patient11_window16s_stride1s-epo,theta
3811,-0.005185763761440783,patient11_window16s_stride1s-epo,theta
3812,-0.00409247645617063,patient11_window16s_stride1s-epo,theta
3813,-0.0039174066277032115,patient11_window16s_stride1s-epo,theta
3814,-0.0040956930883083355,patient11_window16s_stride1s-epo,theta
3815,-0.002727385346129779,patient11_window16s_stride1s-epo,theta
3816,-0.003655978728333921,patient11_window16s_stride1s-epo,theta
3817,-0.004073516459079722,patient11_window16s_stride1s-epo,theta
3818,-0.004212452211848282,patient11_window16s_stride1s-epo,theta
3819,-0.005092218611531998,patient11_window16s_stride1s-epo,theta
3820,-0.003843342003344317,patient11_window16s_stride1s-epo,theta
3821,-0.004857131327011233,patient11_window16s_stride1s-epo,theta
3822,-0.002788252244863534,patient11_window16s_stride1s-epo,theta
3823,-0.0022522020668649927,patient11_window16s_stride1s-epo,theta
3824,-0.003547152272896205,patient11_window16s_stride1s-epo,theta
3825,-0.0035474388632649786,patient11_window16s_stride1s-epo,theta
3826,-0.0013295580676617813,patient11_window16s_stride1s-epo,theta
3827,-0.0017737051141595603,patient11_window16s_stride1s-epo,theta
3828,-0.0020193563247653456,patient11_window16s_stride1s-epo,theta
3829,-0.0029538260610125055,patient11_window16s_stride1s-epo,theta
3830,-0.00477454914683373,patient11_window16s_stride1s-epo,theta
3831,-0.004766221752696628,patient11_window16s_stride1s-epo,theta
3832,-0.0027837678270623395,patient11_window16s_stride1s-epo,theta
3833,-0.003705627944658541,patient11_window16s_stride1s-epo,theta
3834,-0.0028045225897099795,patient11_window16s_stride1s-epo,theta
3835,-0.003757813064500808,patient11_window16s_stride1s-epo,theta
3836,-0.0033147229956944284,patient11_window16s_stride1s-epo,theta
3837,-0.0012801231274249768,patient11_window16s_stride1s-epo,theta
3838,-0.003670016242446414,patient11_window16s_stride1s-epo,theta
3839,-0.0049350405590667034,patient11_window16s_stride1s-epo,theta
3840,-0.003097233887276928,patient11_window16s_stride1s-epo,theta
3841,-0.0019189651710813673,patient11_window16s_stride1s-epo,theta
3842,-0.002517112985228254,patient11_window16s_stride1s-epo,theta
3843,-0.0038463754366052445,patient11_window16s_stride1s-epo,theta
3844,-0.0038907270823805317,patient11_window16s_stride1s-epo,theta
3845,-0.0034610746552790565,patient11_window16s_stride1s-epo,theta
3846,-0.0022746407417513926,patient11_window16s_stride1s-epo,theta
3847,-0.002249949891901418,patient11_window16s_stride1s-epo,theta
3848,-0.0015767679355742574,patient11_window16s_stride1s-epo,theta
3849,-0.0014249506635164112,patient11_window16s_stride1s-epo,theta
3850,0.0008920427420205357,patient11_window16s_stride1s-epo,theta
3851,0.0005809172351845353,patient11_window16s_stride1s-epo,theta
3852,-3.6935869107539074e-05,patient11_window16s_stride1s-epo,theta
3853,-0.0019236426403374174,patient11_window16s_stride1s-epo,theta
3854,-0.0017771873286165413,patient11_window16s_stride1s-epo,theta
3855,-0.0016419628583352176,patient11_window16s_stride1s-epo,theta
3856,-0.00261034083436075,patient11_window16s_stride1s-epo,theta
3857,-0.0013953228433919369,patient11_window16s_stride1s-epo,theta
3858,-0.002741640240361404,patient11_window16s_stride1s-epo,theta
3859,-0.0028407220421400193,patient11_window16s_stride1s-epo,theta
3860,-0.0032371169935915736,patient11_window16s_stride1s-epo,theta
3861,-0.004509100735562725,patient11_window16s_stride1s-epo,theta
3862,-0.006165010081653918,patient11_window16s_stride1s-epo,theta
3863,-0.007441055913335829,patient11_window16s_stride1s-epo,theta
3864,-0.007555264515448953,patient11_window16s_stride1s-epo,theta
3865,-0.009197574979889343,patient11_window16s_stride1s-epo,theta
3866,-0.009966039853467773,patient11_window16s_stride1s-epo,theta
3867,-0.011286260964627256,patient11_window16s_stride1s-epo,theta
3868,-0.011048467383072054,patient11_window16s_stride1s-epo,theta
3869,-0.01201485758239553,patient11_window16s_stride1s-epo,theta
3870,-0.015179100108673042,patient11_window16s_stride1s-epo,theta
3871,-0.01430390232912766,patient11_window16s_stride1s-epo,theta
3872,-0.015524597870532295,patient11_window16s_stride1s-epo,theta
3873,-0.01425192939579996,patient11_window16s_stride1s-epo,theta
3874,-0.015160354635578532,patient11_window16s_stride1s-epo,theta
3875,-0.013829477722284033,patient11_window16s_stride1s-epo,theta
3876,-0.013659080986951533,patient11_window16s_stride1s-epo,theta
3877,-0.011854851168776033,patient11_window16s_stride1s-epo,theta
3878,-0.011869080449525051,patient11_window16s_stride1s-epo,theta
3879,-0.009310366631541273,patient11_window16s_stride1s-epo,theta
3880,-0.007537377721019841,patient11_window16s_stride1s-epo,theta
3881,-0.005893892578535552,patient11_window16s_stride1s-epo,theta
3882,-0.004020615209046809,patient11_window16s_stride1s-epo,theta
3883,-0.003733936580909512,patient11_window16s_stride1s-epo,theta
3884,-0.0030458017777955267,patient11_window16s_stride1s-epo,theta
3885,-0.0006608332552972391,patient11_window16s_stride1s-epo,theta
3886,0.0012478205908013785,patient11_window16s_stride1s-epo,theta
3887,0.0019524690971284154,patient11_window16s_stride1s-epo,theta
3888,-0.00031956187181932707,patient11_window16s_stride1s-epo,theta
3889,-0.0025074288619771137,patient11_window16s_stride1s-epo,theta
3890,-0.0023294123421672306,patient11_window16s_stride1s-epo,theta
3891,-0.003969267834230983,patient11_window16s_stride1s-epo,theta
3892,-0.0052366893560815446,patient11_window16s_stride1s-epo,theta
3893,-0.006028210790233921,patient11_window16s_stride1s-epo,theta
3894,-0.006885856942353777,patient11_window16s_stride1s-epo,theta
3895,-0.007822877395061397,patient11_window16s_stride1s-epo,theta
3896,-0.009273703875739052,patient11_window16s_stride1s-epo,theta
3897,-0.008117748738089004,patient11_window16s_stride1s-epo,theta
3898,-0.012455931260507236,patient11_window16s_stride1s-epo,theta
3899,-0.011545703292246141,patient11_window16s_stride1s-epo,theta
3900,-0.010059917515042807,patient11_window16s_stride1s-epo,theta
3901,-0.010255861249435881,patient11_window16s_stride1s-epo,theta
3902,-0.010001299750234054,patient11_window16s_stride1s-epo,theta
3903,-0.011953024441954455,patient11_window16s_stride1s-epo,theta
3904,-0.008328287048172105,patient11_window16s_stride1s-epo,theta
3905,-0.009671293155734577,patient11_window16s_stride1s-epo,theta
3906,-0.008840520010182791,patient11_window16s_stride1s-epo,theta
3907,-0.008572284388106298,patient11_window16s_stride1s-epo,theta
3908,-0.008680633509021513,patient11_window16s_stride1s-epo,theta
3909,-0.009140054274441823,patient11_window16s_stride1s-epo,theta
3910,-0.007154573385208541,patient11_window16s_stride1s-epo,theta
3911,-0.007177325921071681,patient11_window16s_stride1s-epo,theta
3912,-0.0057802804935333145,patient11_window16s_stride1s-epo,theta
3913,-0.005583557954464102,patient11_window16s_stride1s-epo,theta
3914,-0.001781025251204707,patient11_window16s_stride1s-epo,theta
3915,-0.0024911172597114595,patient11_window16s_stride1s-epo,theta
3916,-0.0044399283845856525,patient11_window16s_stride1s-epo,theta
3917,-0.004239720260839533,patient11_window16s_stride1s-epo,theta
3918,-0.005398390083591721,patient11_window16s_stride1s-epo,theta
3919,-0.005592791474343294,patient11_window16s_stride1s-epo,theta
3920,-0.005972329749808346,patient11_window16s_stride1s-epo,theta
3921,-0.007165651515727957,patient11_window16s_stride1s-epo,theta
3922,-0.005232081229148345,patient11_window16s_stride1s-epo,theta
3923,-0.005205735645971484,patient11_window16s_stride1s-epo,theta
3924,-0.0057835215497084235,patient11_window16s_stride1s-epo,theta
3925,-0.007420760322439735,patient11_window16s_stride1s-epo,theta
3926,-0.006739132604021912,patient11_window16s_stride1s-epo,theta
3927,-0.005689344157242823,patient11_window16s_stride1s-epo,theta
3928,-0.006609414892765047,patient11_window16s_stride1s-epo,theta
3929,-0.007943533047267368,patient11_window16s_stride1s-epo,theta
3930,-0.008883301268472716,patient11_window16s_stride1s-epo,theta
3931,-0.007703632796193213,patient11_window16s_stride1s-epo,theta
3932,-0.0067652408539377335,patient11_window16s_stride1s-epo,theta
3933,-0.007997242318259726,patient11_window16s_stride1s-epo,theta
3934,-0.009170083544219202,patient11_window16s_stride1s-epo,theta
3935,-0.00829182898252225,patient11_window16s_stride1s-epo,theta
3936,-0.009036635406755878,patient11_window16s_stride1s-epo,theta
3937,-0.008807210662837697,patient11_window16s_stride1s-epo,theta
3938,-0.008086857881757685,patient11_window16s_stride1s-epo,theta
3939,-0.007525792194360514,patient11_window16s_stride1s-epo,theta
3940,-0.008751999525658753,patient11_window16s_stride1s-epo,theta
3941,-0.00825253974534753,patient11_window16s_stride1s-epo,theta
3942,-0.007270664577019504,patient11_window16s_stride1s-epo,theta
3943,-0.005851443546119498,patient11_window16s_stride1s-epo,theta
3944,-0.005362341720962699,patient11_window16s_stride1s-epo,theta
3945,-0.004565164433792559,patient11_window16s_stride1s-epo,theta
3946,-0.005012950033551061,patient11_window16s_stride1s-epo,theta
3947,-0.006651758094085189,patient11_window16s_stride1s-epo,theta
3948,-0.006304246148522254,patient11_window16s_stride1s-epo,theta
3949,-0.00484990994208582,patient11_window16s_stride1s-epo,theta
3950,-0.004735373282204249,patient11_window16s_stride1s-epo,theta
3951,-0.005131813741424529,patient11_window16s_stride1s-epo,theta
3952,-0.003198403236259666,patient11_window16s_stride1s-epo,theta
3953,-0.002446554793909567,patient11_window16s_stride1s-epo,theta
3954,-0.0011992178808732355,patient11_window16s_stride1s-epo,theta
3955,-0.001710943336476224,patient11_window16s_stride1s-epo,theta
3956,-0.0008210262595444586,patient11_window16s_stride1s-epo,theta
3957,-0.0007232914931909505,patient11_window16s_stride1s-epo,theta
3958,-0.0006868259210908174,patient11_window16s_stride1s-epo,theta
3959,-0.0009991142215587648,patient11_window16s_stride1s-epo,theta
3960,-0.0015220735990680377,patient11_window16s_stride1s-epo,theta
3961,-0.002457504944389856,patient11_window16s_stride1s-epo,theta
3962,-0.0045213689818605135,patient11_window16s_stride1s-epo,theta
3963,-0.004579412711954781,patient11_window16s_stride1s-epo,theta
3964,-0.003346716306237267,patient11_window16s_stride1s-epo,theta
3965,-0.004109051605212321,patient11_window16s_stride1s-epo,theta
3966,-0.004912811650355664,patient11_window16s_stride1s-epo,theta
3967,-0.005102656656162094,patient11_window16s_stride1s-epo,theta
3968,-0.006227925045810224,patient11_window16s_stride1s-epo,theta
3969,-0.005625423283235237,patient11_window16s_stride1s-epo,theta
3970,-0.006855090227515347,patient11_window16s_stride1s-epo,theta
3971,-0.007558847998557196,patient11_window16s_stride1s-epo,theta
3972,-0.00799492040188564,patient11_window16s_stride1s-epo,theta
3973,-0.008147319522840634,patient11_window16s_stride1s-epo,theta
3974,-0.007070501586227127,patient11_window16s_stride1s-epo,theta
3975,-0.008098362771129535,patient11_window16s_stride1s-epo,theta
3976,-0.0060572455718681415,patient11_window16s_stride1s-epo,theta
3977,-0.0067130201209548825,patient11_window16s_stride1s-epo,theta
3978,-0.004926207037560533,patient11_window16s_stride1s-epo,theta
3979,-0.004737912771832135,patient11_window16s_stride1s-epo,theta
3980,-0.004026696199279577,patient11_window16s_stride1s-epo,theta
3981,-0.0055940410019751155,patient11_window16s_stride1s-epo,theta
3982,-0.002972415794261087,patient11_window16s_stride1s-epo,theta
3983,-0.001441660064137067,patient11_window16s_stride1s-epo,theta
3984,-0.0015075095943903403,patient11_window16s_stride1s-epo,theta
3985,-0.001623909138128167,patient11_window16s_stride1s-epo,theta
3986,0.0012026414581922233,patient11_window16s_stride1s-epo,theta
3987,0.001878490069339663,patient11_window16s_stride1s-epo,theta
3988,-0.00011188376674424755,patient11_window16s_stride1s-epo,theta
3989,-0.0014848330748836876,patient11_window16s_stride1s-epo,theta
3990,0.00024540284259717983,patient11_window16s_stride1s-epo,theta
3991,0.001615579555544168,patient11_window16s_stride1s-epo,theta
3992,-0.0011048120783485255,patient11_window16s_stride1s-epo,theta
3993,-0.0014503984388208873,patient11_window16s_stride1s-epo,theta
3994,0.0006431514404630666,patient11_window16s_stride1s-epo,theta
3995,-0.0005116938641613702,patient11_window16s_stride1s-epo,theta
3996,-0.0012493494836060672,patient11_window16s_stride1s-epo,theta
3997,-0.0022266652000639984,patient11_window16s_stride1s-epo,theta
3998,-0.0034133408582467783,patient11_window16s_stride1s-epo,theta
3999,-0.002501586260553909,patient11_window16s_stride1s-epo,theta
4000,-0.0029611058411688996,patient11_window16s_stride1s-epo,theta
4001,-0.0031108517266588117,patient11_window16s_stride1s-epo,theta
4002,-0.005888207202598318,patient11_window16s_stride1s-epo,theta
4003,-0.007460106760737213,patient11_window16s_stride1s-epo,theta
4004,-0.008434371646433764,patient11_window16s_stride1s-epo,theta
4005,-0.009215518720666883,patient11_window16s_stride1s-epo,theta
4006,-0.00852646354965495,patient11_window16s_stride1s-epo,theta
4007,-0.00950208333434574,patient11_window16s_stride1s-epo,theta
4008,-0.00902448836309608,patient11_window16s_stride1s-epo,theta
4009,-0.00800014056501176,patient11_window16s_stride1s-epo,theta
4010,-0.008587947699357227,patient11_window16s_stride1s-epo,theta
4011,-0.008797370467955855,patient11_window16s_stride1s-epo,theta
4012,-0.009514256639160614,patient11_window16s_stride1s-epo,theta
4013,-0.008548238250888579,patient11_window16s_stride1s-epo,theta
4014,-0.008075126941848192,patient11_window16s_stride1s-epo,theta
4015,-0.007109754534702823,patient11_window16s_stride1s-epo,theta
4016,-0.005543218096061348,patient11_window16s_stride1s-epo,theta
4017,-0.0066373509130346646,patient11_window16s_stride1s-epo,theta
4018,-0.004929027842072911,patient11_window16s_stride1s-epo,theta
4019,-0.0052946375332541176,patient11_window16s_stride1s-epo,theta
4020,-0.0030765543050688317,patient11_window16s_stride1s-epo,theta
4021,-0.0030338720073868133,patient11_window16s_stride1s-epo,theta
4022,-0.0035433763665936014,patient11_window16s_stride1s-epo,theta
4023,-0.004097905559601463,patient11_window16s_stride1s-epo,theta
4024,-0.003403362856606807,patient11_window16s_stride1s-epo,theta
4025,-0.004082340013600896,patient11_window16s_stride1s-epo,theta
4026,-0.004115310801559823,patient11_window16s_stride1s-epo,theta
4027,-0.00315146503366885,patient11_window16s_stride1s-epo,theta
4028,-0.002354326426986586,patient11_window16s_stride1s-epo,theta
4029,-0.00162653725121687,patient11_window16s_stride1s-epo,theta
4030,-0.0015063915812555764,patient11_window16s_stride1s-epo,theta
4031,-0.002419417542273887,patient11_window16s_stride1s-epo,theta
4032,-0.0025974487952445365,patient11_window16s_stride1s-epo,theta
4033,-0.001595943525529259,patient11_window16s_stride1s-epo,theta
4034,-0.001204224081951576,patient11_window16s_stride1s-epo,theta
4035,-0.0004638848911349182,patient11_window16s_stride1s-epo,theta
4036,-0.00417875572453461,patient11_window16s_stride1s-epo,theta
4037,-0.002242069624315183,patient11_window16s_stride1s-epo,theta
4038,-0.0020500060527795256,patient11_window16s_stride1s-epo,theta
4039,-0.0013708041938572612,patient11_window16s_stride1s-epo,theta
4040,0.0009699122174147013,patient11_window16s_stride1s-epo,theta
4041,0.0015916791229758315,patient11_window16s_stride1s-epo,theta
4042,0.0020248210187427985,patient11_window16s_stride1s-epo,theta
4043,0.0033005520602831474,patient11_window16s_stride1s-epo,theta
4044,0.002009249074781317,patient11_window16s_stride1s-epo,theta
4045,0.0024494512787092753,patient11_window16s_stride1s-epo,theta
4046,0.0019867655689854965,patient11_window16s_stride1s-epo,theta
4047,0.002241390871400429,patient11_window16s_stride1s-epo,theta
4048,0.0017836539844445288,patient11_window16s_stride1s-epo,theta
4049,0.0022597727441814354,patient11_window16s_stride1s-epo,theta
4050,0.0012308666930970578,patient11_window16s_stride1s-epo,theta
4051,0.0010919708243122515,patient11_window16s_stride1s-epo,theta
4052,-0.00027458689760604136,patient11_window16s_stride1s-epo,theta
4053,-0.0010850830771756911,patient11_window16s_stride1s-epo,theta
4054,-0.0021596395676366066,patient11_window16s_stride1s-epo,theta
4055,-0.001833132476091148,patient11_window16s_stride1s-epo,theta
4056,-0.002031759779833438,patient11_window16s_stride1s-epo,theta
4057,-0.003145952293321005,patient11_window16s_stride1s-epo,theta
4058,-0.0018270592562753588,patient11_window16s_stride1s-epo,theta
4059,-0.004731801331006943,patient11_window16s_stride1s-epo,theta
4060,-0.004049138823066383,patient11_window16s_stride1s-epo,theta
4061,-0.0035679867164879453,patient11_window16s_stride1s-epo,theta
4062,-0.004914405645634692,patient11_window16s_stride1s-epo,theta
4063,-0.0039927598579721744,patient11_window16s_stride1s-epo,theta
4064,-0.0045328765429968375,patient11_window16s_stride1s-epo,theta
4065,-0.005609494376394473,patient11_window16s_stride1s-epo,theta
4066,-0.0056587271424907125,patient11_window16s_stride1s-epo,theta
4067,-0.005051139938329912,patient11_window16s_stride1s-epo,theta
4068,-0.0067470241361512195,patient11_window16s_stride1s-epo,theta
4069,-0.004790568602114326,patient11_window16s_stride1s-epo,theta
4070,-0.005223434239030459,patient11_window16s_stride1s-epo,theta
4071,-0.006980959780258996,patient11_window16s_stride1s-epo,theta
4072,-0.00741500818978322,patient11_window16s_stride1s-epo,theta
4073,-0.008799179861598812,patient11_window16s_stride1s-epo,theta
4074,-0.009399798269536831,patient11_window16s_stride1s-epo,theta
4075,-0.01038768446618097,patient11_window16s_stride1s-epo,theta
4076,-0.011058229210669122,patient11_window16s_stride1s-epo,theta
4077,-0.00937309547071428,patient11_window16s_stride1s-epo,theta
4078,-0.009738650803661413,patient11_window16s_stride1s-epo,theta
4079,-0.011501867010502324,patient11_window16s_stride1s-epo,theta
4080,-0.009592900277226205,patient11_window16s_stride1s-epo,theta
4081,-0.008117789173197146,patient11_window16s_stride1s-epo,theta
4082,-0.008346514775069392,patient11_window16s_stride1s-epo,theta
4083,-0.007157796417782744,patient11_window16s_stride1s-epo,theta
4084,-0.006301596142635262,patient11_window16s_stride1s-epo,theta
4085,-0.005980925333959812,patient11_window16s_stride1s-epo,theta
4086,-0.0032373765194100086,patient11_window16s_stride1s-epo,theta
4087,-0.0008861631481530869,patient11_window16s_stride1s-epo,theta
4088,-0.004131697326320753,patient11_window16s_stride1s-epo,theta
4089,-0.00227736738018758,patient11_window16s_stride1s-epo,theta
4090,-0.001700342867592879,patient11_window16s_stride1s-epo,theta
4091,-0.0008525276774603669,patient11_window16s_stride1s-epo,theta
4092,-0.001696176319277753,patient11_window16s_stride1s-epo,theta
4093,-0.0024127383753694913,patient11_window16s_stride1s-epo,theta
4094,-0.0025962769993417485,patient11_window16s_stride1s-epo,theta
4095,-0.0015234600590068583,patient11_window16s_stride1s-epo,theta
4096,0.0004249415827843387,patient11_window16s_stride1s-epo,theta
4097,-0.0019461219155575873,patient11_window16s_stride1s-epo,theta
4098,-0.0020907141043989214,patient11_window16s_stride1s-epo,theta
4099,-0.0036930880868138514,patient11_window16s_stride1s-epo,theta
4100,-0.005609958396495617,patient11_window16s_stride1s-epo,theta
4101,-0.004694295896418812,patient11_window16s_stride1s-epo,theta
4102,-0.005023225284535466,patient11_window16s_stride1s-epo,theta
4103,-0.005785079389126384,patient11_window16s_stride1s-epo,theta
4104,-0.005128874454690117,patient11_window16s_stride1s-epo,theta
4105,-0.005113342406222986,patient11_window16s_stride1s-epo,theta
4106,-0.004051673575113546,patient11_window16s_stride1s-epo,theta
4107,-0.0022146130966124076,patient11_window16s_stride1s-epo,theta
4108,-0.000554545612704671,patient11_window16s_stride1s-epo,theta
4109,0.0019059552966960794,patient11_window16s_stride1s-epo,theta
4110,0.0013218963533677432,patient11_window16s_stride1s-epo,theta
4111,0.0001552388047799898,patient11_window16s_stride1s-epo,theta
4112,-0.0006803832024634163,patient11_window16s_stride1s-epo,theta
4113,0.0002733952494169155,patient11_window16s_stride1s-epo,theta
4114,-0.0009468801534129435,patient11_window16s_stride1s-epo,theta
4115,0.00022165150154872953,patient11_window16s_stride1s-epo,theta
4116,0.0005612964560690795,patient11_window16s_stride1s-epo,theta
4117,-4.020724891478381e-05,patient11_window16s_stride1s-epo,theta
4118,-0.0006736054434488557,patient11_window16s_stride1s-epo,theta
4119,-0.00010290302630438274,patient11_window16s_stride1s-epo,theta
4120,0.00222480710518137,patient11_window16s_stride1s-epo,theta
4121,-0.0005587854302650517,patient11_window16s_stride1s-epo,theta
4122,-0.00449898432282116,patient11_window16s_stride1s-epo,theta
4123,-0.003246559944930982,patient11_window16s_stride1s-epo,theta
4124,-0.0033109679779843026,patient11_window16s_stride1s-epo,theta
4125,-0.005814323358651737,patient11_window16s_stride1s-epo,theta
4126,-0.006057895259849736,patient11_window16s_stride1s-epo,theta
4127,-0.007124179226123069,patient11_window16s_stride1s-epo,theta
4128,-0.007827507392633512,patient11_window16s_stride1s-epo,theta
4129,-0.00901072144532243,patient11_window16s_stride1s-epo,theta
4130,-0.008569961137815734,patient11_window16s_stride1s-epo,theta
4131,-0.0066004831463934086,patient11_window16s_stride1s-epo,theta
4132,-0.0065858927559296065,patient11_window16s_stride1s-epo,theta
4133,-0.005174332048512499,patient11_window16s_stride1s-epo,theta
4134,-0.0060554102279473075,patient11_window16s_stride1s-epo,theta
4135,-0.006424749465038343,patient11_window16s_stride1s-epo,theta
4136,-0.007390663111076537,patient11_window16s_stride1s-epo,theta
4137,-0.004184583734667442,patient11_window16s_stride1s-epo,theta
4138,-0.005330264930971709,patient11_window16s_stride1s-epo,theta
4139,-0.006997356448687881,patient11_window16s_stride1s-epo,theta
4140,-0.007039348097051962,patient11_window16s_stride1s-epo,theta
4141,-0.007540950933348717,patient11_window16s_stride1s-epo,theta
4142,-0.0072380286340289505,patient11_window16s_stride1s-epo,theta
4143,-0.007746711132466369,patient11_window16s_stride1s-epo,theta
4144,-0.0051098749392563024,patient11_window16s_stride1s-epo,theta
4145,-0.0052468867898540755,patient11_window16s_stride1s-epo,theta
4146,-0.003915404804759419,patient11_window16s_stride1s-epo,theta
4147,-0.0067412764612464525,patient11_window16s_stride1s-epo,theta
4148,-0.006588806392230425,patient11_window16s_stride1s-epo,theta
4149,-0.008301389369179549,patient11_window16s_stride1s-epo,theta
4150,-0.008291942037124836,patient11_window16s_stride1s-epo,theta
4151,-0.00733432406645506,patient11_window16s_stride1s-epo,theta
4152,-0.005552741067586334,patient11_window16s_stride1s-epo,theta
4153,-0.00565726388037747,patient11_window16s_stride1s-epo,theta
4154,-0.0031667661049229606,patient11_window16s_stride1s-epo,theta
4155,-0.0027349091538931857,patient11_window16s_stride1s-epo,theta
4156,-0.0038653197023287523,patient11_window16s_stride1s-epo,theta
4157,-0.001603021938459086,patient11_window16s_stride1s-epo,theta
4158,-0.0016896409306809757,patient11_window16s_stride1s-epo,theta
4159,-0.0025120393701803458,patient11_window16s_stride1s-epo,theta
4160,-0.0056054409427967545,patient11_window16s_stride1s-epo,theta
4161,-0.008403913394415426,patient11_window16s_stride1s-epo,theta
4162,-0.006972419263376621,patient11_window16s_stride1s-epo,theta
4163,-0.005694889671087661,patient11_window16s_stride1s-epo,theta
4164,-0.006915777438281207,patient11_window16s_stride1s-epo,theta
4165,-0.008578933417486436,patient11_window16s_stride1s-epo,theta
4166,-0.00912237750664005,patient11_window16s_stride1s-epo,theta
4167,-0.008656770217639248,patient11_window16s_stride1s-epo,theta
4168,-0.009847934153056051,patient11_window16s_stride1s-epo,theta
4169,-0.012296050016068363,patient11_window16s_stride1s-epo,theta
4170,-0.011423653167412416,patient11_window16s_stride1s-epo,theta
4171,-0.009900708431930392,patient11_window16s_stride1s-epo,theta
4172,-0.009463470657430051,patient11_window16s_stride1s-epo,theta
4173,-0.009400982691544843,patient11_window16s_stride1s-epo,theta
4174,-0.007534975150311674,patient11_window16s_stride1s-epo,theta
4175,-0.008919887552322257,patient11_window16s_stride1s-epo,theta
4176,-0.005516037763899846,patient11_window16s_stride1s-epo,theta
4177,-0.004875646367963075,patient11_window16s_stride1s-epo,theta
4178,-0.006007566103727266,patient11_window16s_stride1s-epo,theta
4179,-0.0052688565476309715,patient11_window16s_stride1s-epo,theta
4180,-0.004406072112371133,patient11_window16s_stride1s-epo,theta
4181,-0.00508067267565039,patient11_window16s_stride1s-epo,theta
4182,-0.004040270424069515,patient11_window16s_stride1s-epo,theta
4183,-0.004882680166905342,patient11_window16s_stride1s-epo,theta
4184,-0.005482148331826942,patient11_window16s_stride1s-epo,theta
4185,-0.004355513721804596,patient11_window16s_stride1s-epo,theta
4186,-0.0047767215744179865,patient11_window16s_stride1s-epo,theta
4187,-0.0038004919529606267,patient11_window16s_stride1s-epo,theta
4188,-0.002430480507499266,patient11_window16s_stride1s-epo,theta
4189,-0.0036262963637137663,patient11_window16s_stride1s-epo,theta
4190,-0.003273873897995342,patient11_window16s_stride1s-epo,theta
4191,-0.003115962536148141,patient11_window16s_stride1s-epo,theta
4192,-0.0023696529356718133,patient11_window16s_stride1s-epo,theta
4193,-0.0009068738820418428,patient11_window16s_stride1s-epo,theta
4194,-0.0012703067559010058,patient11_window16s_stride1s-epo,theta
4195,-0.001741025164494327,patient11_window16s_stride1s-epo,theta
4196,-0.0007624415614746057,patient11_window16s_stride1s-epo,theta
4197,0.0002425229753395742,patient11_window16s_stride1s-epo,theta
4198,-0.0018705280950102744,patient11_window16s_stride1s-epo,theta
4199,-0.0004697307602669879,patient11_window16s_stride1s-epo,theta
4200,0.00027040841772452823,patient11_window16s_stride1s-epo,theta
4201,6.288312772737628e-05,patient11_window16s_stride1s-epo,theta
4202,-0.0012500299388387476,patient11_window16s_stride1s-epo,theta
4203,-0.0025586372914445446,patient11_window16s_stride1s-epo,theta
4204,-0.004745619837896062,patient11_window16s_stride1s-epo,theta
4205,-0.004731536360995753,patient11_window16s_stride1s-epo,theta
4206,-0.005360034101544347,patient11_window16s_stride1s-epo,theta
4207,-0.005975351600696704,patient11_window16s_stride1s-epo,theta
4208,-0.007726852077234139,patient11_window16s_stride1s-epo,theta
4209,-0.005946192225030648,patient11_window16s_stride1s-epo,theta
4210,-0.0044841146151225735,patient11_window16s_stride1s-epo,theta
4211,-0.0048971929738397335,patient11_window16s_stride1s-epo,theta
4212,-0.003990199984807257,patient11_window16s_stride1s-epo,theta
4213,-0.004360574825775423,patient11_window16s_stride1s-epo,theta
4214,-0.005022112056708025,patient11_window16s_stride1s-epo,theta
4215,-0.006652707459588128,patient11_window16s_stride1s-epo,theta
4216,-0.0052550820050242504,patient11_window16s_stride1s-epo,theta
4217,-0.005402126700965533,patient11_window16s_stride1s-epo,theta
4218,-0.006013250734910586,patient11_window16s_stride1s-epo,theta
4219,-0.006635772559693801,patient11_window16s_stride1s-epo,theta
4220,-0.006005172008092942,patient11_window16s_stride1s-epo,theta
4221,-0.005894990418033126,patient11_window16s_stride1s-epo,theta
4222,-0.006508094091816179,patient11_window16s_stride1s-epo,theta
4223,-0.006843750414248027,patient11_window16s_stride1s-epo,theta
4224,-0.0064391855621692105,patient11_window16s_stride1s-epo,theta
4225,-0.007507278194898404,patient11_window16s_stride1s-epo,theta
4226,-0.007498593708246455,patient11_window16s_stride1s-epo,theta
4227,-0.006266549437278458,patient11_window16s_stride1s-epo,theta
4228,-0.0051921202156988994,patient11_window16s_stride1s-epo,theta
4229,-0.0027959334853932365,patient11_window16s_stride1s-epo,theta
4230,-0.0046442987156550914,patient11_window16s_stride1s-epo,theta
4231,-0.004451738347899166,patient11_window16s_stride1s-epo,theta
4232,-0.0036731477973627404,patient11_window16s_stride1s-epo,theta
4233,-0.0033952095704785495,patient11_window16s_stride1s-epo,theta
4234,-0.0028915997040435157,patient11_window16s_stride1s-epo,theta
4235,-0.003493581935038689,patient11_window16s_stride1s-epo,theta
4236,-0.002347824178226484,patient11_window16s_stride1s-epo,theta
4237,-0.00432662237375962,patient11_window16s_stride1s-epo,theta
4238,-0.005318122899832654,patient11_window16s_stride1s-epo,theta
4239,-0.004685310958647654,patient11_window16s_stride1s-epo,theta
4240,-0.004838812332576215,patient11_window16s_stride1s-epo,theta
4241,-0.004304451590624062,patient11_window16s_stride1s-epo,theta
4242,-0.0033924840841767167,patient11_window16s_stride1s-epo,theta
4243,-0.006635270090578496,patient11_window16s_stride1s-epo,theta
4244,-0.006489107647112747,patient11_window16s_stride1s-epo,theta
4245,-0.0069231641134074135,patient11_window16s_stride1s-epo,theta
4246,-0.006393347820577303,patient11_window16s_stride1s-epo,theta
4247,-0.0036432959625814017,patient11_window16s_stride1s-epo,theta
4248,-0.003521221470046911,patient11_window16s_stride1s-epo,theta
4249,-0.003736745021560393,patient11_window16s_stride1s-epo,theta
4250,-0.004793589263724378,patient11_window16s_stride1s-epo,theta
4251,-0.00360262107361957,patient11_window16s_stride1s-epo,theta
4252,-0.0030960238232332323,patient11_window16s_stride1s-epo,theta
4253,-0.001588240770676251,patient11_window16s_stride1s-epo,theta
4254,-0.004150632486538148,patient11_window16s_stride1s-epo,theta
4255,-0.006334733840559456,patient11_window16s_stride1s-epo,theta
4256,-0.007158996974291335,patient11_window16s_stride1s-epo,theta
4257,-0.007668685404165062,patient11_window16s_stride1s-epo,theta
4258,-0.007070171051715513,patient11_window16s_stride1s-epo,theta
4259,-0.005312177715714673,patient11_window16s_stride1s-epo,theta
4260,-0.0041799890148716,patient11_window16s_stride1s-epo,theta
4261,-0.00393403213497756,patient11_window16s_stride1s-epo,theta
4262,-0.004115023244789147,patient11_window16s_stride1s-epo,theta
4263,-0.0028326919231396767,patient11_window16s_stride1s-epo,theta
4264,-0.005872207808018495,patient11_window16s_stride1s-epo,theta
4265,-0.005338566048698961,patient11_window16s_stride1s-epo,theta
4266,-0.0069007662780362486,patient11_window16s_stride1s-epo,theta
4267,-0.00805063577297477,patient11_window16s_stride1s-epo,theta
4268,-0.00963684384972481,patient11_window16s_stride1s-epo,theta
4269,-0.010872083764091406,patient11_window16s_stride1s-epo,theta
4270,-0.010469411644948714,patient11_window16s_stride1s-epo,theta
4271,-0.008035278605844716,patient11_window16s_stride1s-epo,theta
4272,-0.00720793133394209,patient11_window16s_stride1s-epo,theta
4273,-0.0080672428565718,patient11_window16s_stride1s-epo,theta
4274,-0.009140229902702074,patient11_window16s_stride1s-epo,theta
4275,-0.010791085361993715,patient11_window16s_stride1s-epo,theta
4276,-0.011421584371696573,patient11_window16s_stride1s-epo,theta
4277,-0.01295179984083114,patient11_window16s_stride1s-epo,theta
4278,-0.014081069296321636,patient11_window16s_stride1s-epo,theta
4279,-0.01308105618102701,patient11_window16s_stride1s-epo,theta
4280,-0.011488991540880972,patient11_window16s_stride1s-epo,theta
4281,-0.011702628226733267,patient11_window16s_stride1s-epo,theta
4282,-0.01078482086782403,patient11_window16s_stride1s-epo,theta
4283,-0.007577715316481679,patient11_window16s_stride1s-epo,theta
4284,-0.005461544063435513,patient11_window16s_stride1s-epo,theta
4285,-0.006302981903515878,patient11_window16s_stride1s-epo,theta
4286,-0.008479943806882379,patient11_window16s_stride1s-epo,theta
4287,-0.007640994882510095,patient11_window16s_stride1s-epo,theta
4288,-0.009909686207041385,patient11_window16s_stride1s-epo,theta
4289,-0.00832428040321239,patient11_window16s_stride1s-epo,theta
4290,-0.006404774289609526,patient11_window16s_stride1s-epo,theta
4291,-0.007747205374304565,patient11_window16s_stride1s-epo,theta
4292,-0.008318583910834551,patient11_window16s_stride1s-epo,theta
4293,-0.006596065928398957,patient11_window16s_stride1s-epo,theta
4294,-0.006093681581215573,patient11_window16s_stride1s-epo,theta
4295,-0.0059107264888024575,patient11_window16s_stride1s-epo,theta
4296,-0.006631009598600058,patient11_window16s_stride1s-epo,theta
4297,-0.005652923533567724,patient11_window16s_stride1s-epo,theta
4298,-0.006564723455997509,patient11_window16s_stride1s-epo,theta
4299,-0.006940772003094813,patient11_window16s_stride1s-epo,theta
4300,-0.005916358707698284,patient11_window16s_stride1s-epo,theta
4301,-0.005107578408468401,patient11_window16s_stride1s-epo,theta
4302,-0.004975944410245739,patient11_window16s_stride1s-epo,theta
4303,-0.006197322776739029,patient11_window16s_stride1s-epo,theta
4304,-0.005717333166773478,patient11_window16s_stride1s-epo,theta
4305,-0.0032294036481429625,patient11_window16s_stride1s-epo,theta
4306,-0.003935649339751374,patient11_window16s_stride1s-epo,theta
4307,-0.0010774942768178985,patient11_window16s_stride1s-epo,theta
4308,-0.0021272396238600335,patient11_window16s_stride1s-epo,theta
4309,-0.0010821847617123834,patient11_window16s_stride1s-epo,theta
4310,-0.0006409826239879616,patient11_window16s_stride1s-epo,theta
4311,-0.001345149072103763,patient11_window16s_stride1s-epo,theta
4312,-0.0005015957159551993,patient11_window16s_stride1s-epo,theta
4313,-0.00041244467745749574,patient11_window16s_stride1s-epo,theta
4314,-0.001506750732699021,patient11_window16s_stride1s-epo,theta
4315,-0.0023605315316375924,patient11_window16s_stride1s-epo,theta
4316,-0.001929909769920873,patient11_window16s_stride1s-epo,theta
4317,-0.004214587475186194,patient11_window16s_stride1s-epo,theta
4318,-0.0042933942970038936,patient11_window16s_stride1s-epo,theta
4319,-0.002049025181263791,patient11_window16s_stride1s-epo,theta
4320,-0.002638946019903594,patient11_window16s_stride1s-epo,theta
4321,-0.002689437274325456,patient11_window16s_stride1s-epo,theta
4322,-0.003307754667352201,patient11_window16s_stride1s-epo,theta
4323,-0.0026866967183635736,patient11_window16s_stride1s-epo,theta
4324,-0.003921481947731917,patient11_window16s_stride1s-epo,theta
4325,-0.004356007490585326,patient11_window16s_stride1s-epo,theta
4326,-0.004208269845899843,patient11_window16s_stride1s-epo,theta
4327,-0.006659742928107538,patient11_window16s_stride1s-epo,theta
4328,-0.003364950934970851,patient11_window16s_stride1s-epo,theta
4329,-0.006252470921265735,patient11_window16s_stride1s-epo,theta
4330,-0.006954753081397003,patient11_window16s_stride1s-epo,theta
4331,-0.007832334715792876,patient11_window16s_stride1s-epo,theta
4332,-0.006387792458497071,patient11_window16s_stride1s-epo,theta
4333,-0.0055266663304749525,patient11_window16s_stride1s-epo,theta
4334,-0.005868835928611967,patient11_window16s_stride1s-epo,theta
4335,-0.0060703022826548375,patient11_window16s_stride1s-epo,theta
4336,-0.0073597464942763745,patient11_window16s_stride1s-epo,theta
4337,-0.009061744154480564,patient11_window16s_stride1s-epo,theta
4338,-0.007968444995446224,patient11_window16s_stride1s-epo,theta
4339,-0.008182912318899747,patient11_window16s_stride1s-epo,theta
4340,-0.008790645831029708,patient11_window16s_stride1s-epo,theta
4341,-0.008342485735599368,patient11_window16s_stride1s-epo,theta
4342,-0.007386664613000025,patient11_window16s_stride1s-epo,theta
4343,-0.005980312097262152,patient11_window16s_stride1s-epo,theta
4344,-0.004910526834193272,patient11_window16s_stride1s-epo,theta
4345,-0.0035085842224508125,patient11_window16s_stride1s-epo,theta
4346,-0.003513013501346433,patient11_window16s_stride1s-epo,theta
4347,-0.004114246027114121,patient11_window16s_stride1s-epo,theta
4348,-0.005718375293667162,patient11_window16s_stride1s-epo,theta
4349,-0.004803659047054346,patient11_window16s_stride1s-epo,theta
4350,-0.004186800799806252,patient11_window16s_stride1s-epo,theta
4351,-0.004419158760845089,patient11_window16s_stride1s-epo,theta
4352,-0.003553840669322607,patient11_window16s_stride1s-epo,theta
4353,-0.002569406376805935,patient11_window16s_stride1s-epo,theta
4354,-0.001861569301870188,patient11_window16s_stride1s-epo,theta
4355,-0.0010454771716562812,patient11_window16s_stride1s-epo,theta
4356,-0.0007029867021964162,patient11_window16s_stride1s-epo,theta
4357,-0.0010343639626779547,patient11_window16s_stride1s-epo,theta
4358,-0.0031922372561097733,patient11_window16s_stride1s-epo,theta
4359,-0.004675318793045981,patient11_window16s_stride1s-epo,theta
4360,-0.0048957502355466715,patient11_window16s_stride1s-epo,theta
4361,-0.005312714444966793,patient11_window16s_stride1s-epo,theta
4362,-0.006308684651560782,patient11_window16s_stride1s-epo,theta
4363,-0.006396670029419632,patient11_window16s_stride1s-epo,theta
4364,-0.00502878062610174,patient11_window16s_stride1s-epo,theta
4365,-0.006141978226243641,patient11_window16s_stride1s-epo,theta
4366,-0.008981301497571731,patient11_window16s_stride1s-epo,theta
4367,-0.0074704899646244535,patient11_window16s_stride1s-epo,theta
4368,-0.008627767493936605,patient11_window16s_stride1s-epo,theta
4369,-0.007846022989197473,patient11_window16s_stride1s-epo,theta
4370,-0.007869384102853804,patient11_window16s_stride1s-epo,theta
4371,-0.00761690898387616,patient11_window16s_stride1s-epo,theta
4372,-0.0076085749135144255,patient11_window16s_stride1s-epo,theta
4373,-0.0057200664065061805,patient11_window16s_stride1s-epo,theta
4374,-0.005510220919078556,patient11_window16s_stride1s-epo,theta
4375,-0.005253121516689493,patient11_window16s_stride1s-epo,theta
4376,-0.0050127404721396675,patient11_window16s_stride1s-epo,theta
4377,-0.00663474182039567,patient11_window16s_stride1s-epo,theta
4378,-0.00423846434977952,patient11_window16s_stride1s-epo,theta
4379,-0.004214016229531012,patient11_window16s_stride1s-epo,theta
4380,-0.003366188056789915,patient11_window16s_stride1s-epo,theta
4381,-0.0015549641449930562,patient11_window16s_stride1s-epo,theta
4382,-0.001256557353923926,patient11_window16s_stride1s-epo,theta
4383,-0.002182783962065547,patient11_window16s_stride1s-epo,theta
4384,-0.0019369880230468252,patient11_window16s_stride1s-epo,theta
4385,-0.0036267249811351735,patient11_window16s_stride1s-epo,theta
4386,-0.004772191343463044,patient11_window16s_stride1s-epo,theta
4387,-0.005228580914158714,patient11_window16s_stride1s-epo,theta
4388,-0.005816744059954116,patient11_window16s_stride1s-epo,theta
4389,-0.004270083737836095,patient11_window16s_stride1s-epo,theta
4390,-0.004983506440213507,patient11_window16s_stride1s-epo,theta
4391,-0.0071930696279240034,patient11_window16s_stride1s-epo,theta
4392,-0.008397370128953526,patient11_window16s_stride1s-epo,theta
4393,-0.005778921348737058,patient11_window16s_stride1s-epo,theta
4394,-0.006788573450296239,patient11_window16s_stride1s-epo,theta
4395,-0.004983040228618477,patient11_window16s_stride1s-epo,theta
4396,-0.004432460672300628,patient11_window16s_stride1s-epo,theta
4397,-0.006503763443333959,patient11_window16s_stride1s-epo,theta
4398,-0.008106320440358545,patient11_window16s_stride1s-epo,theta
4399,-0.0070543966238203045,patient11_window16s_stride1s-epo,theta
4400,-0.008241627644002767,patient11_window16s_stride1s-epo,theta
4401,-0.006485745322169455,patient11_window16s_stride1s-epo,theta
4402,-0.005637666697670085,patient11_window16s_stride1s-epo,theta
4403,-0.004824247119335419,patient11_window16s_stride1s-epo,theta
4404,-0.005309013271682281,patient11_window16s_stride1s-epo,theta
4405,-0.004838802966798536,patient11_window16s_stride1s-epo,theta
4406,-0.005279172674550242,patient11_window16s_stride1s-epo,theta
4407,-0.00644180312996245,patient11_window16s_stride1s-epo,theta
4408,-0.0067734066065144125,patient11_window16s_stride1s-epo,theta
4409,-0.008156563950493028,patient11_window16s_stride1s-epo,theta
4410,-0.009038975443825887,patient11_window16s_stride1s-epo,theta
4411,-0.008685841901601238,patient11_window16s_stride1s-epo,theta
4412,-0.00916674082997684,patient11_window16s_stride1s-epo,theta
4413,-0.00854971272201153,patient11_window16s_stride1s-epo,theta
4414,-0.0064186406878551485,patient11_window16s_stride1s-epo,theta
4415,-0.007878311538616433,patient11_window16s_stride1s-epo,theta
4416,-0.0076291626096727004,patient11_window16s_stride1s-epo,theta
4417,-0.0062993338589778,patient11_window16s_stride1s-epo,theta
4418,-0.0077444852368169295,patient11_window16s_stride1s-epo,theta
4419,-0.008053322171437774,patient11_window16s_stride1s-epo,theta
4420,-0.00641548182732305,patient11_window16s_stride1s-epo,theta
4421,-0.007063237939252323,patient11_window16s_stride1s-epo,theta
4422,-0.005404961767839238,patient11_window16s_stride1s-epo,theta
4423,-0.0029500286747773945,patient11_window16s_stride1s-epo,theta
4424,-0.0016329470351915646,patient11_window16s_stride1s-epo,theta
4425,-0.0026055358983636517,patient11_window16s_stride1s-epo,theta
4426,-0.002079575742548456,patient11_window16s_stride1s-epo,theta
4427,-0.0017859822707691462,patient11_window16s_stride1s-epo,theta
4428,-0.0015075149644297316,patient11_window16s_stride1s-epo,theta
4429,-0.0018158176289764765,patient11_window16s_stride1s-epo,theta
4430,-0.0007753301377590725,patient11_window16s_stride1s-epo,theta
4431,-0.0003199357794706072,patient11_window16s_stride1s-epo,theta
4432,-0.00036808817851820215,patient11_window16s_stride1s-epo,theta
4433,-0.00030181076429858125,patient11_window16s_stride1s-epo,theta
4434,-8.058117775384643e-05,patient11_window16s_stride1s-epo,theta
4435,0.00017373886304338036,patient11_window16s_stride1s-epo,theta
4436,-0.0004146365165041933,patient11_window16s_stride1s-epo,theta
4437,-0.0014980074761345539,patient11_window16s_stride1s-epo,theta
4438,-0.0021116079785634535,patient11_window16s_stride1s-epo,theta
4439,-0.0015515190002161213,patient11_window16s_stride1s-epo,theta
4440,-0.0023731084223170577,patient11_window16s_stride1s-epo,theta
4441,-0.0021465676569470938,patient11_window16s_stride1s-epo,theta
4442,-0.0033906262423543253,patient11_window16s_stride1s-epo,theta
4443,-0.003163377744459134,patient11_window16s_stride1s-epo,theta
4444,-0.0038496391129060597,patient11_window16s_stride1s-epo,theta
4445,-0.003386329605069857,patient11_window16s_stride1s-epo,theta
4446,-0.003432907779782525,patient11_window16s_stride1s-epo,theta
4447,-0.002829206674778726,patient11_window16s_stride1s-epo,theta
4448,-0.005579921762983578,patient11_window16s_stride1s-epo,theta
4449,-0.0055082537280225176,patient11_window16s_stride1s-epo,theta
4450,-0.006687924762444786,patient11_window16s_stride1s-epo,theta
4451,-0.006341157431296693,patient11_window16s_stride1s-epo,theta
4452,-0.005345922863589745,patient11_window16s_stride1s-epo,theta
4453,-0.0037736018672695454,patient11_window16s_stride1s-epo,theta
4454,-0.002856929467811829,patient11_window16s_stride1s-epo,theta
4455,-0.0019506529132004469,patient11_window16s_stride1s-epo,theta
4456,-0.0024022486694068516,patient11_window16s_stride1s-epo,theta
4457,-0.0025621198503003643,patient11_window16s_stride1s-epo,theta
4458,-0.0025496722942147487,patient11_window16s_stride1s-epo,theta
4459,-0.0015714282721236651,patient11_window16s_stride1s-epo,theta
4460,-0.003329101923197939,patient11_window16s_stride1s-epo,theta
4461,-0.003266918065228875,patient11_window16s_stride1s-epo,theta
4462,-0.003934120325589252,patient11_window16s_stride1s-epo,theta
4463,-0.005152093607231887,patient11_window16s_stride1s-epo,theta
4464,-0.004378906201688995,patient11_window16s_stride1s-epo,theta
4465,-0.003787816523061482,patient11_window16s_stride1s-epo,theta
4466,-0.003933191210026769,patient11_window16s_stride1s-epo,theta
4467,-0.0029367693846572827,patient11_window16s_stride1s-epo,theta
4468,-0.002750893285362908,patient11_window16s_stride1s-epo,theta
4469,-0.0056207065075477855,patient11_window16s_stride1s-epo,theta
4470,-0.004203435908889585,patient11_window16s_stride1s-epo,theta
4471,-0.0048504977095077265,patient11_window16s_stride1s-epo,theta
4472,-0.006724232850451997,patient11_window16s_stride1s-epo,theta
4473,-0.007817820571725953,patient11_window16s_stride1s-epo,theta
4474,-0.006551145173187063,patient11_window16s_stride1s-epo,theta
4475,-0.005588731867503341,patient11_window16s_stride1s-epo,theta
4476,-0.005373322019253573,patient11_window16s_stride1s-epo,theta
4477,-0.0034298891860436963,patient11_window16s_stride1s-epo,theta
4478,-0.0025943225367444102,patient11_window16s_stride1s-epo,theta
4479,-0.0022548010895058947,patient11_window16s_stride1s-epo,theta
4480,-0.002708895765094904,patient11_window16s_stride1s-epo,theta
4481,-0.00392174279017335,patient11_window16s_stride1s-epo,theta
4482,-0.0032936494550135265,patient11_window16s_stride1s-epo,theta
4483,-0.004467337562998316,patient11_window16s_stride1s-epo,theta
4484,-0.002939794185765211,patient11_window16s_stride1s-epo,theta
4485,-0.0022325251643823584,patient11_window16s_stride1s-epo,theta
4486,-0.0031973914402525848,patient11_window16s_stride1s-epo,theta
4487,-0.004643448510469092,patient11_window16s_stride1s-epo,theta
4488,-0.005790536785629194,patient11_window16s_stride1s-epo,theta
4489,-0.003747825158710293,patient11_window16s_stride1s-epo,theta
4490,-0.005653137316696369,patient11_window16s_stride1s-epo,theta
4491,-0.005902952168978044,patient11_window16s_stride1s-epo,theta
4492,-0.004882712270235369,patient11_window16s_stride1s-epo,theta
4493,-0.005140400174519108,patient11_window16s_stride1s-epo,theta
4494,-0.003856312030711036,patient11_window16s_stride1s-epo,theta
4495,-0.006584832152299552,patient11_window16s_stride1s-epo,theta
4496,-0.006359575813528827,patient11_window16s_stride1s-epo,theta
4497,-0.006991055522869691,patient11_window16s_stride1s-epo,theta
4498,-0.005141931014982043,patient11_window16s_stride1s-epo,theta
4499,-0.0025178690455085187,patient11_window16s_stride1s-epo,theta
4500,-0.0009155085285977294,patient11_window16s_stride1s-epo,theta
4501,0.0008324241623283436,patient11_window16s_stride1s-epo,theta
4502,-0.0065895425868994105,patient11_window16s_stride1s-epo,theta
4503,-0.006176815949804602,patient11_window16s_stride1s-epo,theta
4504,-0.007785085134560105,patient11_window16s_stride1s-epo,theta
4505,-0.00678791704505901,patient11_window16s_stride1s-epo,theta
4506,-0.00776931692435289,patient11_window16s_stride1s-epo,theta
4507,-0.00716643392483181,patient11_window16s_stride1s-epo,theta
4508,-0.008518148662909304,patient11_window16s_stride1s-epo,theta
4509,-0.005964687475480299,patient11_window16s_stride1s-epo,theta
4510,-0.0054606315770717615,patient11_window16s_stride1s-epo,theta
4511,-0.007794667040081344,patient11_window16s_stride1s-epo,theta
4512,-0.010552265917314323,patient11_window16s_stride1s-epo,theta
4513,-0.009757602590025165,patient11_window16s_stride1s-epo,theta
4514,-0.010075639225645914,patient11_window16s_stride1s-epo,theta
4515,-0.009747470274384933,patient11_window16s_stride1s-epo,theta
4516,-0.00642783350884175,patient11_window16s_stride1s-epo,theta
4517,-0.003716852509555461,patient11_window16s_stride1s-epo,theta
4518,-0.0061224353501742905,patient11_window16s_stride1s-epo,theta
4519,-0.006659923069480627,patient11_window16s_stride1s-epo,theta
4520,-0.0052696681503739,patient11_window16s_stride1s-epo,theta
4521,-0.004905809380124639,patient11_window16s_stride1s-epo,theta
4522,-0.007571327578653529,patient11_window16s_stride1s-epo,theta
4523,-0.006276514469038038,patient11_window16s_stride1s-epo,theta
4524,-0.00694648501739559,patient11_window16s_stride1s-epo,theta
4525,-0.007153225237061753,patient11_window16s_stride1s-epo,theta
4526,-0.006820974123408217,patient11_window16s_stride1s-epo,theta
4527,-0.005080200818244985,patient11_window16s_stride1s-epo,theta
4528,-0.004254062417294085,patient11_window16s_stride1s-epo,theta
4529,-0.00510845530350882,patient11_window16s_stride1s-epo,theta
4530,-0.004316309521479177,patient11_window16s_stride1s-epo,theta
4531,-0.004435317588375703,patient11_window16s_stride1s-epo,theta
4532,-0.005004773348143073,patient11_window16s_stride1s-epo,theta
4533,-0.005842402471846835,patient11_window16s_stride1s-epo,theta
4534,-0.004917404739898843,patient11_window16s_stride1s-epo,theta
4535,-0.005142668446730165,patient11_window16s_stride1s-epo,theta
4536,-0.00403083225295438,patient11_window16s_stride1s-epo,theta
4537,-0.004078010419624582,patient11_window16s_stride1s-epo,theta
4538,-0.004958948322823197,patient11_window16s_stride1s-epo,theta
4539,-0.005418812966845855,patient11_window16s_stride1s-epo,theta
4540,-0.005052049572219762,patient11_window16s_stride1s-epo,theta
4541,-0.00358746651647592,patient11_window16s_stride1s-epo,theta
4542,-0.004257523947903475,patient11_window16s_stride1s-epo,theta
4543,-0.006578659973441796,patient11_window16s_stride1s-epo,theta
4544,-0.007337266029767984,patient11_window16s_stride1s-epo,theta
4545,-0.008806721234812898,patient11_window16s_stride1s-epo,theta
4546,-0.009299745068806563,patient11_window16s_stride1s-epo,theta
4547,-0.008950278487189687,patient11_window16s_stride1s-epo,theta
4548,-0.008806391647047121,patient11_window16s_stride1s-epo,theta
4549,-0.007697154386472775,patient11_window16s_stride1s-epo,theta
4550,-0.00726307161915496,patient11_window16s_stride1s-epo,theta
4551,-0.007489486839225201,patient11_window16s_stride1s-epo,theta
4552,-0.007936084955842844,patient11_window16s_stride1s-epo,theta
4553,-0.010591821725784246,patient11_window16s_stride1s-epo,theta
4554,-0.009045636396971096,patient11_window16s_stride1s-epo,theta
4555,-0.009145437377580987,patient11_window16s_stride1s-epo,theta
4556,-0.008812114933370242,patient11_window16s_stride1s-epo,theta
4557,-0.010284920040856007,patient11_window16s_stride1s-epo,theta
4558,-0.008833951864566198,patient11_window16s_stride1s-epo,theta
4559,-0.006948669926783023,patient11_window16s_stride1s-epo,theta
4560,-0.0058444596987206245,patient11_window16s_stride1s-epo,theta
4561,-0.007593739262435591,patient11_window16s_stride1s-epo,theta
4562,-0.008378256483139102,patient11_window16s_stride1s-epo,theta
4563,-0.00977177305381263,patient11_window16s_stride1s-epo,theta
4564,-0.010380905670132029,patient11_window16s_stride1s-epo,theta
4565,-0.011808493551244215,patient11_window16s_stride1s-epo,theta
4566,-0.009899158790588823,patient11_window16s_stride1s-epo,theta
4567,-0.011219536245597418,patient11_window16s_stride1s-epo,theta
4568,-0.009834884567898465,patient11_window16s_stride1s-epo,theta
4569,-0.009449454654068474,patient11_window16s_stride1s-epo,theta
4570,-0.009159152498712148,patient11_window16s_stride1s-epo,theta
4571,-0.009768576458590231,patient11_window16s_stride1s-epo,theta
4572,-0.011128305074438904,patient11_window16s_stride1s-epo,theta
4573,-0.008786043470684367,patient11_window16s_stride1s-epo,theta
4574,-0.008780392629888362,patient11_window16s_stride1s-epo,theta
4575,-0.011034808040201835,patient11_window16s_stride1s-epo,theta
4576,-0.012910782893624299,patient11_window16s_stride1s-epo,theta
4577,-0.012177758428940417,patient11_window16s_stride1s-epo,theta
4578,-0.011352288426982937,patient11_window16s_stride1s-epo,theta
4579,-0.0130842288262938,patient11_window16s_stride1s-epo,theta
4580,-0.01432853472777366,patient11_window16s_stride1s-epo,theta
4581,-0.014109753224286136,patient11_window16s_stride1s-epo,theta
4582,-0.014201343353724149,patient11_window16s_stride1s-epo,theta
4583,-0.010975897532908894,patient11_window16s_stride1s-epo,theta
4584,-0.010353450676482334,patient11_window16s_stride1s-epo,theta
4585,-0.009185133390473176,patient11_window16s_stride1s-epo,theta
4586,-0.012065582144600816,patient11_window16s_stride1s-epo,theta
4587,-0.011791389032562249,patient11_window16s_stride1s-epo,theta
4588,-0.010150635161755643,patient11_window16s_stride1s-epo,theta
4589,-0.008835841741156833,patient11_window16s_stride1s-epo,theta
4590,-0.008544359106329957,patient11_window16s_stride1s-epo,theta
4591,-0.007565912319683239,patient11_window16s_stride1s-epo,theta
4592,-0.0070645019664616355,patient11_window16s_stride1s-epo,theta
4593,-0.0061653055129673555,patient11_window16s_stride1s-epo,theta
4594,-0.004623433469756507,patient11_window16s_stride1s-epo,theta
4595,-0.004183357815129144,patient11_window16s_stride1s-epo,theta
4596,-0.0028560127661304805,patient11_window16s_stride1s-epo,theta
4597,-0.001112519052723675,patient11_window16s_stride1s-epo,theta
4598,-0.0010578752087698606,patient11_window16s_stride1s-epo,theta
4599,-0.002802741943286649,patient11_window16s_stride1s-epo,theta
4600,-0.003895948975010983,patient11_window16s_stride1s-epo,theta
4601,-0.003334982010369639,patient11_window16s_stride1s-epo,theta
4602,-0.001840768832922221,patient11_window16s_stride1s-epo,theta
4603,0.0005404054379749319,patient11_window16s_stride1s-epo,theta
4604,-0.000796531893544522,patient11_window16s_stride1s-epo,theta
4605,-0.0007642293832078307,patient11_window16s_stride1s-epo,theta
4606,-0.0008127878110000354,patient11_window16s_stride1s-epo,theta
4607,-0.0020838414142109966,patient11_window16s_stride1s-epo,theta
4608,-0.0028095149662773823,patient11_window16s_stride1s-epo,theta
4609,0.0006763940128568929,patient11_window16s_stride1s-epo,theta
4610,0.0004960195588405831,patient11_window16s_stride1s-epo,theta
4611,0.00135259778402639,patient11_window16s_stride1s-epo,theta
4612,0.0006776739994737914,patient11_window16s_stride1s-epo,theta
4613,-0.000889738995109607,patient11_window16s_stride1s-epo,theta
4614,-6.194805373934239e-05,patient11_window16s_stride1s-epo,theta
4615,0.0026567792719220935,patient11_window16s_stride1s-epo,theta
4616,0.0016353402600458081,patient11_window16s_stride1s-epo,theta
4617,-2.43153808445034e-05,patient11_window16s_stride1s-epo,theta
4618,0.0006806482906523395,patient11_window16s_stride1s-epo,theta
4619,-0.0029292477277587303,patient11_window16s_stride1s-epo,theta
4620,-0.0027935576071973158,patient11_window16s_stride1s-epo,theta
4621,-0.0031159176122972617,patient11_window16s_stride1s-epo,theta
4622,-0.0036122963824689186,patient11_window16s_stride1s-epo,theta
4623,-0.0004265185496648984,patient11_window16s_stride1s-epo,theta
4624,-0.0006350157154989617,patient11_window16s_stride1s-epo,theta
4625,-0.0010649590494200053,patient11_window16s_stride1s-epo,theta
4626,-0.002663425228612455,patient11_window16s_stride1s-epo,theta
4627,-0.00228986369383656,patient11_window16s_stride1s-epo,theta
4628,-0.0011740065459735903,patient11_window16s_stride1s-epo,theta
4629,-0.0016415893064433658,patient11_window16s_stride1s-epo,theta
4630,-0.0021766279041248436,patient11_window16s_stride1s-epo,theta
4631,-0.0015672142261614844,patient11_window16s_stride1s-epo,theta
4632,-0.0024257008830112395,patient11_window16s_stride1s-epo,theta
4633,-0.0027781159647951932,patient11_window16s_stride1s-epo,theta
4634,-0.0031369531803529006,patient11_window16s_stride1s-epo,theta
4635,-0.0023291713497550484,patient11_window16s_stride1s-epo,theta
4636,-0.002543741601937202,patient11_window16s_stride1s-epo,theta
4637,-0.002812288200648395,patient11_window16s_stride1s-epo,theta
4638,-0.003858408588201172,patient11_window16s_stride1s-epo,theta
4639,-0.0033854310207442435,patient11_window16s_stride1s-epo,theta
4640,-0.005015596853143882,patient11_window16s_stride1s-epo,theta
4641,-0.0053758881807989605,patient11_window16s_stride1s-epo,theta
4642,-0.006447530346571212,patient11_window16s_stride1s-epo,theta
4643,-0.007716376280183436,patient11_window16s_stride1s-epo,theta
4644,-0.00826047492463936,patient11_window16s_stride1s-epo,theta
4645,-0.0066702297837903475,patient11_window16s_stride1s-epo,theta
4646,-0.00694264414027796,patient11_window16s_stride1s-epo,theta
4647,-0.007879747223559658,patient11_window16s_stride1s-epo,theta
4648,-0.008079187321906187,patient11_window16s_stride1s-epo,theta
4649,-0.009216984658836672,patient11_window16s_stride1s-epo,theta
4650,-0.0091884010298665,patient11_window16s_stride1s-epo,theta
4651,-0.009685773209492663,patient11_window16s_stride1s-epo,theta
4652,-0.009527531134130417,patient11_window16s_stride1s-epo,theta
4653,-0.009200945252055632,patient11_window16s_stride1s-epo,theta
4654,-0.009116521301521331,patient11_window16s_stride1s-epo,theta
4655,-0.008189430824634946,patient11_window16s_stride1s-epo,theta
4656,-0.00725787935225861,patient11_window16s_stride1s-epo,theta
4657,-0.008177299782713515,patient11_window16s_stride1s-epo,theta
4658,-0.007473460514815886,patient11_window16s_stride1s-epo,theta
4659,-0.007140724846182121,patient11_window16s_stride1s-epo,theta
4660,-0.006625377913658343,patient11_window16s_stride1s-epo,theta
4661,-0.008684585561791589,patient11_window16s_stride1s-epo,theta
4662,-0.009583644614087053,patient11_window16s_stride1s-epo,theta
4663,-0.010302744822955602,patient11_window16s_stride1s-epo,theta
4664,-0.008593310735099979,patient11_window16s_stride1s-epo,theta
4665,-0.008571157210862487,patient11_window16s_stride1s-epo,theta
4666,-0.007391296274890655,patient11_window16s_stride1s-epo,theta
4667,-0.005735132967935468,patient11_window16s_stride1s-epo,theta
4668,-0.0053666260244867444,patient11_window16s_stride1s-epo,theta
4669,-0.00419359889882214,patient11_window16s_stride1s-epo,theta
4670,-0.0045479236943004875,patient11_window16s_stride1s-epo,theta
4671,-0.0019696191156623635,patient11_window16s_stride1s-epo,theta
4672,-0.0017933759335778288,patient11_window16s_stride1s-epo,theta
4673,-0.0012185779377602997,patient11_window16s_stride1s-epo,theta
4674,-0.0003124032789376349,patient11_window16s_stride1s-epo,theta
4675,-0.0017897836399433731,patient11_window16s_stride1s-epo,theta
4676,-0.002874306253178757,patient11_window16s_stride1s-epo,theta
4677,-0.001740479083749847,patient11_window16s_stride1s-epo,theta
4678,-0.0017144711934923027,patient11_window16s_stride1s-epo,theta
4679,-0.00012369344586522343,patient11_window16s_stride1s-epo,theta
4680,-0.0013428467429739302,patient11_window16s_stride1s-epo,theta
4681,-0.0024290351084437483,patient11_window16s_stride1s-epo,theta
4682,-0.005873506482686735,patient11_window16s_stride1s-epo,theta
4683,-0.003267588601595887,patient11_window16s_stride1s-epo,theta
4684,-0.003796178601855132,patient11_window16s_stride1s-epo,theta
4685,-0.0034388611352461377,patient11_window16s_stride1s-epo,theta
4686,-0.006161648872276458,patient11_window16s_stride1s-epo,theta
4687,-0.009288161414224904,patient11_window16s_stride1s-epo,theta
4688,-0.00949601710088341,patient11_window16s_stride1s-epo,theta
4689,-0.010094505646824915,patient11_window16s_stride1s-epo,theta
4690,-0.010699817599735565,patient11_window16s_stride1s-epo,theta
4691,-0.009176627244480538,patient11_window16s_stride1s-epo,theta
4692,-0.010945093065841401,patient11_window16s_stride1s-epo,theta
4693,-0.01127238597417882,patient11_window16s_stride1s-epo,theta
4694,-0.008552662553814074,patient11_window16s_stride1s-epo,theta
4695,-0.009612632050107874,patient11_window16s_stride1s-epo,theta
4696,-0.009614624033465205,patient11_window16s_stride1s-epo,theta
4697,-0.007001089651612993,patient11_window16s_stride1s-epo,theta
4698,-0.00819183933730251,patient11_window16s_stride1s-epo,theta
4699,-0.00913109698867158,patient11_window16s_stride1s-epo,theta
4700,-0.008016349793697036,patient11_window16s_stride1s-epo,theta
4701,-0.005989826982456,patient11_window16s_stride1s-epo,theta
4702,-0.005044778380805957,patient11_window16s_stride1s-epo,theta
4703,-0.006506577703849355,patient11_window16s_stride1s-epo,theta
4704,-0.0030321180191185504,patient11_window16s_stride1s-epo,theta
4705,-0.0032824953289772485,patient11_window16s_stride1s-epo,theta
4706,-0.002541230263373429,patient11_window16s_stride1s-epo,theta
4707,-0.004715159924843812,patient11_window16s_stride1s-epo,theta
4708,-0.0007479901221199558,patient11_window16s_stride1s-epo,theta
4709,-0.0006817383229768708,patient11_window16s_stride1s-epo,theta
4710,-0.00014042011625231288,patient11_window16s_stride1s-epo,theta
4711,0.0012790608653325223,patient11_window16s_stride1s-epo,theta
4712,-0.0004920619752939807,patient11_window16s_stride1s-epo,theta
4713,-0.0015165345035712409,patient11_window16s_stride1s-epo,theta
4714,-6.6339582673397515e-06,patient11_window16s_stride1s-epo,theta
4715,-0.0008607670157803285,patient11_window16s_stride1s-epo,theta
4716,-0.004021231220429002,patient11_window16s_stride1s-epo,theta
4717,-0.003626934888695521,patient11_window16s_stride1s-epo,theta
4718,-0.004352367461568406,patient11_window16s_stride1s-epo,theta
4719,-0.0048381396529524395,patient11_window16s_stride1s-epo,theta
4720,-0.005199777004396368,patient11_window16s_stride1s-epo,theta
4721,-0.0052784313447521766,patient11_window16s_stride1s-epo,theta
4722,-0.005176467585818415,patient11_window16s_stride1s-epo,theta
4723,-0.004103284905682956,patient11_window16s_stride1s-epo,theta
4724,-0.0042208818586708385,patient11_window16s_stride1s-epo,theta
4725,-0.004903482966634967,patient11_window16s_stride1s-epo,theta
4726,-0.004149345249307316,patient11_window16s_stride1s-epo,theta
4727,-0.004153656454375626,patient11_window16s_stride1s-epo,theta
4728,-0.005019425471654745,patient11_window16s_stride1s-epo,theta
4729,-0.00587785162385105,patient11_window16s_stride1s-epo,theta
4730,-0.006091190092827587,patient11_window16s_stride1s-epo,theta
4731,-0.007381068414655098,patient11_window16s_stride1s-epo,theta
4732,-0.004240942004721773,patient11_window16s_stride1s-epo,theta
4733,-0.00472461848039809,patient11_window16s_stride1s-epo,theta
4734,-0.0060873090740221035,patient11_window16s_stride1s-epo,theta
4735,-0.0075330280088440945,patient11_window16s_stride1s-epo,theta
4736,-0.0070746904473860985,patient11_window16s_stride1s-epo,theta
4737,-0.004569297018724719,patient11_window16s_stride1s-epo,theta
4738,-0.005139993645362499,patient11_window16s_stride1s-epo,theta
4739,-0.006254604204708466,patient11_window16s_stride1s-epo,theta
4740,-0.007418230897390462,patient11_window16s_stride1s-epo,theta
4741,-0.006734517232615911,patient11_window16s_stride1s-epo,theta
4742,-0.00837057491715355,patient11_window16s_stride1s-epo,theta
4743,-0.009562493861062515,patient11_window16s_stride1s-epo,theta
4744,-0.009062748945189688,patient11_window16s_stride1s-epo,theta
4745,-0.007654800431778845,patient11_window16s_stride1s-epo,theta
4746,-0.009310349033593183,patient11_window16s_stride1s-epo,theta
4747,-0.01037770829772852,patient11_window16s_stride1s-epo,theta
4748,-0.010530674331861304,patient11_window16s_stride1s-epo,theta
4749,-0.01103786684664612,patient11_window16s_stride1s-epo,theta
4750,-0.009807214819017,patient11_window16s_stride1s-epo,theta
4751,-0.010721176622897193,patient11_window16s_stride1s-epo,theta
4752,-0.011510589409418712,patient11_window16s_stride1s-epo,theta
4753,-0.01164011718217826,patient11_window16s_stride1s-epo,theta
4754,-0.011188413584983257,patient11_window16s_stride1s-epo,theta
4755,-0.009643994142018887,patient11_window16s_stride1s-epo,theta
4756,-0.008029461002352628,patient11_window16s_stride1s-epo,theta
4757,-0.00933297638744843,patient11_window16s_stride1s-epo,theta
4758,-0.008637512158014327,patient11_window16s_stride1s-epo,theta
4759,-0.008012148584434997,patient11_window16s_stride1s-epo,theta
4760,-0.008227726819176877,patient11_window16s_stride1s-epo,theta
4761,-0.00705467923162356,patient11_window16s_stride1s-epo,theta
4762,-0.005885574609151363,patient11_window16s_stride1s-epo,theta
4763,-0.005823693840995356,patient11_window16s_stride1s-epo,theta
4764,-0.004158376178391928,patient11_window16s_stride1s-epo,theta
4765,-0.00419480788946689,patient11_window16s_stride1s-epo,theta
4766,-0.003782056568759798,patient11_window16s_stride1s-epo,theta
4767,-0.002292100415975955,patient11_window16s_stride1s-epo,theta
4768,-0.0032042495346553492,patient11_window16s_stride1s-epo,theta
4769,-0.001908654040302482,patient11_window16s_stride1s-epo,theta
4770,-0.0023890507067251027,patient11_window16s_stride1s-epo,theta
4771,-0.0026143462736540448,patient11_window16s_stride1s-epo,theta
4772,-0.002421788599346147,patient11_window16s_stride1s-epo,theta
4773,-0.0021281755928609022,patient11_window16s_stride1s-epo,theta
4774,-0.0021475628871845545,patient11_window16s_stride1s-epo,theta
4775,-0.000999277337641256,patient11_window16s_stride1s-epo,theta
4776,-0.0013178102033290415,patient11_window16s_stride1s-epo,theta
4777,-0.0019565783383141085,patient11_window16s_stride1s-epo,theta
4778,-0.0020037927070504476,patient11_window16s_stride1s-epo,theta
4779,-0.0018097108728459925,patient11_window16s_stride1s-epo,theta
4780,-0.0007844097334731484,patient11_window16s_stride1s-epo,theta
4781,-0.0013657058285340144,patient11_window16s_stride1s-epo,theta
4782,-0.0009980174906735302,patient11_window16s_stride1s-epo,theta
4783,-0.0005153445557205435,patient11_window16s_stride1s-epo,theta
4784,-0.0020384925765276397,patient11_window16s_stride1s-epo,theta
4785,-0.00015939894819820617,patient11_window16s_stride1s-epo,theta
4786,6.269635240887697e-05,patient11_window16s_stride1s-epo,theta
4787,-0.0002105439887404966,patient11_window16s_stride1s-epo,theta
4788,0.001446132912546534,patient11_window16s_stride1s-epo,theta
4789,-0.001650881818801029,patient11_window16s_stride1s-epo,theta
4790,-0.002951419417301199,patient11_window16s_stride1s-epo,theta
4791,-0.00421765908012223,patient11_window16s_stride1s-epo,theta
4792,-0.004640283823918244,patient11_window16s_stride1s-epo,theta
4793,-0.00482152510079194,patient11_window16s_stride1s-epo,theta
4794,-0.004865247976371834,patient11_window16s_stride1s-epo,theta
4795,-0.004007627006354065,patient11_window16s_stride1s-epo,theta
4796,-0.004331377772334173,patient11_window16s_stride1s-epo,theta
4797,-0.003401703861579195,patient11_window16s_stride1s-epo,theta
4798,-0.003696650712533743,patient11_window16s_stride1s-epo,theta
4799,-0.003978457228087377,patient11_window16s_stride1s-epo,theta
4800,-0.0051713790775021785,patient11_window16s_stride1s-epo,theta
4801,-0.0039767046781884335,patient11_window16s_stride1s-epo,theta
4802,-0.004118381890411038,patient11_window16s_stride1s-epo,theta
4803,-0.0036476697113227686,patient11_window16s_stride1s-epo,theta
4804,-0.0037114087802295474,patient11_window16s_stride1s-epo,theta
4805,-0.003954174566375609,patient11_window16s_stride1s-epo,theta
4806,-0.0028345771635500173,patient11_window16s_stride1s-epo,theta
4807,-0.0030487322649936917,patient11_window16s_stride1s-epo,theta
4808,-0.002038681519768739,patient11_window16s_stride1s-epo,theta
4809,-0.0036910417661497955,patient11_window16s_stride1s-epo,theta
4810,-0.0030733455390238983,patient11_window16s_stride1s-epo,theta
4811,-0.004640038085728178,patient11_window16s_stride1s-epo,theta
4812,-0.004167860165455416,patient11_window16s_stride1s-epo,theta
4813,-0.004645379510489022,patient11_window16s_stride1s-epo,theta
4814,-0.00591247359446812,patient11_window16s_stride1s-epo,theta
4815,-0.00508991888014788,patient11_window16s_stride1s-epo,theta
4816,-0.006151758998742302,patient11_window16s_stride1s-epo,theta
4817,-0.007311006558065526,patient11_window16s_stride1s-epo,theta
4818,-0.0073592443861911876,patient11_window16s_stride1s-epo,theta
4819,-0.008524952577695507,patient11_window16s_stride1s-epo,theta
4820,-0.0077109604414744085,patient11_window16s_stride1s-epo,theta
4821,-0.007040569297750603,patient11_window16s_stride1s-epo,theta
4822,-0.007438632404125024,patient11_window16s_stride1s-epo,theta
4823,-0.006894251444565768,patient11_window16s_stride1s-epo,theta
4824,-0.00922062647119215,patient11_window16s_stride1s-epo,theta
4825,-0.007873181692163377,patient11_window16s_stride1s-epo,theta
4826,-0.008018718500567446,patient11_window16s_stride1s-epo,theta
4827,-0.00857071248200972,patient11_window16s_stride1s-epo,theta
4828,-0.007625295427047051,patient11_window16s_stride1s-epo,theta
4829,-0.00754760513111701,patient11_window16s_stride1s-epo,theta
4830,-0.0072329474378168964,patient11_window16s_stride1s-epo,theta
4831,-0.007384117403048303,patient11_window16s_stride1s-epo,theta
4832,-0.007164311886371018,patient11_window16s_stride1s-epo,theta
4833,-0.007694586755408494,patient11_window16s_stride1s-epo,theta
4834,-0.007917349386821197,patient11_window16s_stride1s-epo,theta
4835,-0.007686545562612975,patient11_window16s_stride1s-epo,theta
