epoch_index,wsmi_scalar,subject_id,band
0,-8.592289260663503e-05,patient10_window16s_stride1s-epo,delta
1,0.0012363661945698908,patient10_window16s_stride1s-epo,delta
2,0.0007944896018066143,patient10_window16s_stride1s-epo,delta
3,0.0005832712900266914,patient10_window16s_stride1s-epo,delta
4,0.00011286406650277842,patient10_window16s_stride1s-epo,delta
5,0.0007269156725973568,patient10_window16s_stride1s-epo,delta
6,-0.00019839911691296855,patient10_window16s_stride1s-epo,delta
7,0.00038542581526794094,patient10_window16s_stride1s-epo,delta
8,-8.750156298534498e-05,patient10_window16s_stride1s-epo,delta
9,0.0014416415563256425,patient10_window16s_stride1s-epo,delta
10,0.001130294211901729,patient10_window16s_stride1s-epo,delta
11,0.001048824483190671,patient10_window16s_stride1s-epo,delta
12,0.0002909851424283241,patient10_window16s_stride1s-epo,delta
13,0.0004664466262078493,patient10_window16s_stride1s-epo,delta
14,0.0014614217375167548,patient10_window16s_stride1s-epo,delta
15,0.0018254001591477924,patient10_window16s_stride1s-epo,delta
16,0.0023930428037470903,patient10_window16s_stride1s-epo,delta
17,0.0016765427664109194,patient10_window16s_stride1s-epo,delta
18,0.0006386680153689686,patient10_window16s_stride1s-epo,delta
19,0.00037308350586360645,patient10_window16s_stride1s-epo,delta
20,0.0007366087372253058,patient10_window16s_stride1s-epo,delta
21,0.0004895664548214116,patient10_window16s_stride1s-epo,delta
22,7.292479911635352e-05,patient10_window16s_stride1s-epo,delta
23,0.00040295420989707543,patient10_window16s_stride1s-epo,delta
24,0.0004852953349556532,patient10_window16s_stride1s-epo,delta
25,0.0005660277466648176,patient10_window16s_stride1s-epo,delta
26,-0.00023106169193024077,patient10_window16s_stride1s-epo,delta
27,0.00018574986483408951,patient10_window16s_stride1s-epo,delta
28,-0.00026898827784831874,patient10_window16s_stride1s-epo,delta
29,0.00039223556506246676,patient10_window16s_stride1s-epo,delta
30,-0.00019850511003398908,patient10_window16s_stride1s-epo,delta
31,-0.0002660941732406014,patient10_window16s_stride1s-epo,delta
32,0.0001420517157169067,patient10_window16s_stride1s-epo,delta
33,0.000880271892740932,patient10_window16s_stride1s-epo,delta
34,0.0018084102933350102,patient10_window16s_stride1s-epo,delta
35,0.0015973037351897266,patient10_window16s_stride1s-epo,delta
36,0.0010850792921445673,patient10_window16s_stride1s-epo,delta
37,0.0007578383578187195,patient10_window16s_stride1s-epo,delta
38,0.0002583313086309484,patient10_window16s_stride1s-epo,delta
39,0.0016043073420725985,patient10_window16s_stride1s-epo,delta
40,0.0031000752559260723,patient10_window16s_stride1s-epo,delta
41,0.001400300178790419,patient10_window16s_stride1s-epo,delta
42,0.0029213105763758,patient10_window16s_stride1s-epo,delta
43,0.0020381785593809733,patient10_window16s_stride1s-epo,delta
44,0.0018845762045798665,patient10_window16s_stride1s-epo,delta
45,0.001259127243323193,patient10_window16s_stride1s-epo,delta
46,0.0010354494302614909,patient10_window16s_stride1s-epo,delta
47,0.0007767381145315826,patient10_window16s_stride1s-epo,delta
48,0.0009873354047599525,patient10_window16s_stride1s-epo,delta
49,0.0009672611498500891,patient10_window16s_stride1s-epo,delta
50,0.00011843312700382621,patient10_window16s_stride1s-epo,delta
51,0.0007485751894898388,patient10_window16s_stride1s-epo,delta
52,0.0014514085614521146,patient10_window16s_stride1s-epo,delta
53,0.001427914848260181,patient10_window16s_stride1s-epo,delta
54,0.0016012507221311136,patient10_window16s_stride1s-epo,delta
55,0.0015692615517064793,patient10_window16s_stride1s-epo,delta
56,0.0004716414909019012,patient10_window16s_stride1s-epo,delta
57,0.0008557432233435684,patient10_window16s_stride1s-epo,delta
58,0.00017152654464814933,patient10_window16s_stride1s-epo,delta
59,0.00011241456872146476,patient10_window16s_stride1s-epo,delta
60,-0.0007413181316858892,patient10_window16s_stride1s-epo,delta
61,-0.0003690940153254743,patient10_window16s_stride1s-epo,delta
62,-0.0006287239947116969,patient10_window16s_stride1s-epo,delta
63,-0.0003132803730207099,patient10_window16s_stride1s-epo,delta
64,0.00033878147450141464,patient10_window16s_stride1s-epo,delta
65,0.0007225674129866155,patient10_window16s_stride1s-epo,delta
66,0.0015331229764845974,patient10_window16s_stride1s-epo,delta
67,0.0005386102144013716,patient10_window16s_stride1s-epo,delta
68,-0.0001646873429456678,patient10_window16s_stride1s-epo,delta
69,0.0013842550443980749,patient10_window16s_stride1s-epo,delta
70,0.0010749599344579883,patient10_window16s_stride1s-epo,delta
71,0.0012005779221068392,patient10_window16s_stride1s-epo,delta
72,0.0014348050018966982,patient10_window16s_stride1s-epo,delta
73,0.0014845867482199938,patient10_window16s_stride1s-epo,delta
74,0.0017575363284443675,patient10_window16s_stride1s-epo,delta
75,0.0013211391835668046,patient10_window16s_stride1s-epo,delta
76,0.002658950268910167,patient10_window16s_stride1s-epo,delta
77,0.0023473303911255624,patient10_window16s_stride1s-epo,delta
78,0.0016585492262924007,patient10_window16s_stride1s-epo,delta
79,0.0017209505042185041,patient10_window16s_stride1s-epo,delta
80,0.001295865687965819,patient10_window16s_stride1s-epo,delta
81,0.001391191977133216,patient10_window16s_stride1s-epo,delta
82,0.0014634502842063792,patient10_window16s_stride1s-epo,delta
83,0.0011450176922951213,patient10_window16s_stride1s-epo,delta
84,0.001330700995568577,patient10_window16s_stride1s-epo,delta
85,0.0017060430475223148,patient10_window16s_stride1s-epo,delta
86,0.001343872421930483,patient10_window16s_stride1s-epo,delta
87,0.0007821197427881998,patient10_window16s_stride1s-epo,delta
88,0.00034883453239253003,patient10_window16s_stride1s-epo,delta
89,0.0005931918348421552,patient10_window16s_stride1s-epo,delta
90,0.0010836734728039599,patient10_window16s_stride1s-epo,delta
91,0.0013445594284765302,patient10_window16s_stride1s-epo,delta
92,0.0007409381114081491,patient10_window16s_stride1s-epo,delta
93,0.0004911871357371666,patient10_window16s_stride1s-epo,delta
94,0.001044785428552784,patient10_window16s_stride1s-epo,delta
95,0.0007855250373804177,patient10_window16s_stride1s-epo,delta
96,0.0015685320568749766,patient10_window16s_stride1s-epo,delta
97,0.0011176285312968295,patient10_window16s_stride1s-epo,delta
98,0.001592723137926532,patient10_window16s_stride1s-epo,delta
99,0.002123209173692138,patient10_window16s_stride1s-epo,delta
100,0.002414494880382718,patient10_window16s_stride1s-epo,delta
101,0.003373999769073371,patient10_window16s_stride1s-epo,delta
102,0.00395843337224429,patient10_window16s_stride1s-epo,delta
103,0.0035945888888855226,patient10_window16s_stride1s-epo,delta
104,0.0030041603973883393,patient10_window16s_stride1s-epo,delta
105,0.0019433442065320723,patient10_window16s_stride1s-epo,delta
106,0.002046330632025332,patient10_window16s_stride1s-epo,delta
107,0.0009165265356193178,patient10_window16s_stride1s-epo,delta
108,0.00039106521187709216,patient10_window16s_stride1s-epo,delta
109,0.0003912154083603026,patient10_window16s_stride1s-epo,delta
110,-0.00014967795669664212,patient10_window16s_stride1s-epo,delta
111,0.000513159864894277,patient10_window16s_stride1s-epo,delta
112,-8.997829526204237e-05,patient10_window16s_stride1s-epo,delta
113,0.00035821109909320824,patient10_window16s_stride1s-epo,delta
114,0.0005612445459154904,patient10_window16s_stride1s-epo,delta
115,0.0007767471242051321,patient10_window16s_stride1s-epo,delta
116,0.0010776847650022208,patient10_window16s_stride1s-epo,delta
117,0.00025690557691203614,patient10_window16s_stride1s-epo,delta
118,0.0004904886424804388,patient10_window16s_stride1s-epo,delta
119,0.0013795654283091244,patient10_window16s_stride1s-epo,delta
120,0.0012438308967386573,patient10_window16s_stride1s-epo,delta
121,0.002221269521002292,patient10_window16s_stride1s-epo,delta
122,0.0011780429619899528,patient10_window16s_stride1s-epo,delta
123,0.0018288061039652434,patient10_window16s_stride1s-epo,delta
124,0.0021874859777540213,patient10_window16s_stride1s-epo,delta
125,0.002577516379234463,patient10_window16s_stride1s-epo,delta
126,0.0022213820770190197,patient10_window16s_stride1s-epo,delta
127,0.0019052205408586357,patient10_window16s_stride1s-epo,delta
128,0.002214279118380998,patient10_window16s_stride1s-epo,delta
129,0.0017256391721770196,patient10_window16s_stride1s-epo,delta
130,0.00048213570015722367,patient10_window16s_stride1s-epo,delta
131,0.0009793988793454986,patient10_window16s_stride1s-epo,delta
132,0.0010323643579487785,patient10_window16s_stride1s-epo,delta
133,0.0021113558656263133,patient10_window16s_stride1s-epo,delta
134,0.001810639727343595,patient10_window16s_stride1s-epo,delta
135,0.00018413809273041615,patient10_window16s_stride1s-epo,delta
136,-0.00020937673492893801,patient10_window16s_stride1s-epo,delta
137,-6.845579608251526e-05,patient10_window16s_stride1s-epo,delta
138,-0.0005623040906694277,patient10_window16s_stride1s-epo,delta
139,0.00017947106225076057,patient10_window16s_stride1s-epo,delta
140,-0.0002685193172693759,patient10_window16s_stride1s-epo,delta
141,-0.00012363571351170093,patient10_window16s_stride1s-epo,delta
142,-0.0009567217564143349,patient10_window16s_stride1s-epo,delta
143,-0.0012368892376155873,patient10_window16s_stride1s-epo,delta
144,-0.0009419567852498983,patient10_window16s_stride1s-epo,delta
145,-2.9883492388826803e-05,patient10_window16s_stride1s-epo,delta
146,-0.0006418784703006118,patient10_window16s_stride1s-epo,delta
147,-0.00040770329144359743,patient10_window16s_stride1s-epo,delta
148,-0.0007298579556757301,patient10_window16s_stride1s-epo,delta
149,-0.000307795805685339,patient10_window16s_stride1s-epo,delta
150,-0.00043924912353568104,patient10_window16s_stride1s-epo,delta
151,-0.0004888920666457314,patient10_window16s_stride1s-epo,delta
152,-0.000677023036722554,patient10_window16s_stride1s-epo,delta
153,-0.0012971191407107558,patient10_window16s_stride1s-epo,delta
154,-0.0019204659710005468,patient10_window16s_stride1s-epo,delta
155,-0.0016077049294483281,patient10_window16s_stride1s-epo,delta
156,-0.0019318568842819812,patient10_window16s_stride1s-epo,delta
157,-0.0009120569339913462,patient10_window16s_stride1s-epo,delta
158,-0.0008191101600666297,patient10_window16s_stride1s-epo,delta
159,-0.000743514779150301,patient10_window16s_stride1s-epo,delta
160,-0.0006775365471757115,patient10_window16s_stride1s-epo,delta
161,-0.0002513653321410966,patient10_window16s_stride1s-epo,delta
162,-0.0011267911618865305,patient10_window16s_stride1s-epo,delta
163,-0.0019503285479837435,patient10_window16s_stride1s-epo,delta
164,-0.0007758292699363454,patient10_window16s_stride1s-epo,delta
165,-0.0001612599508672707,patient10_window16s_stride1s-epo,delta
166,-7.14251177108714e-05,patient10_window16s_stride1s-epo,delta
167,0.0008569093778687195,patient10_window16s_stride1s-epo,delta
168,0.0016587068349370533,patient10_window16s_stride1s-epo,delta
169,0.0007687580366094949,patient10_window16s_stride1s-epo,delta
170,0.001071522544994952,patient10_window16s_stride1s-epo,delta
171,0.001516490064409814,patient10_window16s_stride1s-epo,delta
172,0.00022806671608821576,patient10_window16s_stride1s-epo,delta
173,-0.00018991584960527052,patient10_window16s_stride1s-epo,delta
174,-0.0006852534416786893,patient10_window16s_stride1s-epo,delta
175,-0.0006763328862632808,patient10_window16s_stride1s-epo,delta
176,-0.0005600300367118125,patient10_window16s_stride1s-epo,delta
177,0.0003826142629243311,patient10_window16s_stride1s-epo,delta
178,-0.0001361014579687977,patient10_window16s_stride1s-epo,delta
179,0.001226804570722485,patient10_window16s_stride1s-epo,delta
180,0.0006328712947725824,patient10_window16s_stride1s-epo,delta
181,6.338335972889663e-05,patient10_window16s_stride1s-epo,delta
182,-0.0007266576082770498,patient10_window16s_stride1s-epo,delta
183,-0.0008277698881744933,patient10_window16s_stride1s-epo,delta
184,-0.001221256676728817,patient10_window16s_stride1s-epo,delta
185,-0.0005307946019260711,patient10_window16s_stride1s-epo,delta
186,0.0006119697302034268,patient10_window16s_stride1s-epo,delta
187,-0.0004118754008630695,patient10_window16s_stride1s-epo,delta
188,-0.0012162996902990554,patient10_window16s_stride1s-epo,delta
189,-0.000927064356708427,patient10_window16s_stride1s-epo,delta
190,-0.0006673394409885301,patient10_window16s_stride1s-epo,delta
191,-0.001608198654907533,patient10_window16s_stride1s-epo,delta
192,-0.0013250940598267813,patient10_window16s_stride1s-epo,delta
193,-0.0017612542299075213,patient10_window16s_stride1s-epo,delta
194,-0.0013175086749868988,patient10_window16s_stride1s-epo,delta
195,-0.001719929372176399,patient10_window16s_stride1s-epo,delta
196,-0.0020467822072791028,patient10_window16s_stride1s-epo,delta
197,-0.0009836864094030975,patient10_window16s_stride1s-epo,delta
198,-0.0005054004543816013,patient10_window16s_stride1s-epo,delta
199,-0.001432893299800531,patient10_window16s_stride1s-epo,delta
200,-0.0007447652119452252,patient10_window16s_stride1s-epo,delta
201,-1.1947390524910362e-06,patient10_window16s_stride1s-epo,delta
202,-0.0003020671177807514,patient10_window16s_stride1s-epo,delta
203,-0.0003262413382166684,patient10_window16s_stride1s-epo,delta
204,-0.0001504663863407906,patient10_window16s_stride1s-epo,delta
205,-0.0004395723470892703,patient10_window16s_stride1s-epo,delta
206,-0.00023798277471248806,patient10_window16s_stride1s-epo,delta
207,-0.00021434600166287237,patient10_window16s_stride1s-epo,delta
208,0.0004454875473270517,patient10_window16s_stride1s-epo,delta
209,0.0005262761400464009,patient10_window16s_stride1s-epo,delta
210,0.0001654268059725716,patient10_window16s_stride1s-epo,delta
211,0.0004926667997501973,patient10_window16s_stride1s-epo,delta
212,-0.0007628049069216053,patient10_window16s_stride1s-epo,delta
213,-0.00021803046706364397,patient10_window16s_stride1s-epo,delta
214,0.00011398933818425864,patient10_window16s_stride1s-epo,delta
215,-0.0002731011153125688,patient10_window16s_stride1s-epo,delta
216,-0.0002927414797634233,patient10_window16s_stride1s-epo,delta
217,-0.0007388125038373815,patient10_window16s_stride1s-epo,delta
218,-0.000572013136896567,patient10_window16s_stride1s-epo,delta
219,-0.0006893836763603545,patient10_window16s_stride1s-epo,delta
220,-0.0014383622122588217,patient10_window16s_stride1s-epo,delta
221,-0.0011421415924937903,patient10_window16s_stride1s-epo,delta
222,-0.0005456837592927045,patient10_window16s_stride1s-epo,delta
223,-0.0012069176025372992,patient10_window16s_stride1s-epo,delta
224,-0.001643910311883579,patient10_window16s_stride1s-epo,delta
225,-0.002426285664329073,patient10_window16s_stride1s-epo,delta
226,-0.002199557140968334,patient10_window16s_stride1s-epo,delta
227,-0.0016606675421236227,patient10_window16s_stride1s-epo,delta
228,-0.00015164783797680536,patient10_window16s_stride1s-epo,delta
229,-0.0005962075844807537,patient10_window16s_stride1s-epo,delta
230,-0.0004985897854015113,patient10_window16s_stride1s-epo,delta
231,-0.00023410170921018351,patient10_window16s_stride1s-epo,delta
232,-0.0001772042842599598,patient10_window16s_stride1s-epo,delta
233,5.189054914733155e-05,patient10_window16s_stride1s-epo,delta
234,-0.00013939356958450605,patient10_window16s_stride1s-epo,delta
235,-0.0007055854870239933,patient10_window16s_stride1s-epo,delta
236,-0.000345367866172833,patient10_window16s_stride1s-epo,delta
237,-0.0010145764736038698,patient10_window16s_stride1s-epo,delta
238,-0.000996699870818676,patient10_window16s_stride1s-epo,delta
239,-0.0012649535946440147,patient10_window16s_stride1s-epo,delta
240,-0.0015929240280182087,patient10_window16s_stride1s-epo,delta
241,-0.0015839696412669223,patient10_window16s_stride1s-epo,delta
242,-0.0022535646726720183,patient10_window16s_stride1s-epo,delta
243,-0.0018718053070337158,patient10_window16s_stride1s-epo,delta
244,-0.001421463670910486,patient10_window16s_stride1s-epo,delta
245,-0.0013431097672276363,patient10_window16s_stride1s-epo,delta
246,-0.0005571764253982282,patient10_window16s_stride1s-epo,delta
247,-0.0006798366237278551,patient10_window16s_stride1s-epo,delta
248,-0.0003964684255893269,patient10_window16s_stride1s-epo,delta
249,-2.6021988039431365e-05,patient10_window16s_stride1s-epo,delta
250,-0.0005938847620393256,patient10_window16s_stride1s-epo,delta
251,-0.0008713485737611185,patient10_window16s_stride1s-epo,delta
252,-0.0008889596020433426,patient10_window16s_stride1s-epo,delta
253,-0.0003126133188162969,patient10_window16s_stride1s-epo,delta
254,0.00019209579598971304,patient10_window16s_stride1s-epo,delta
255,0.001057254419911045,patient10_window16s_stride1s-epo,delta
256,0.0008368757181114574,patient10_window16s_stride1s-epo,delta
257,0.0007395859477259686,patient10_window16s_stride1s-epo,delta
258,1.064210922665849e-05,patient10_window16s_stride1s-epo,delta
259,-2.823487374447593e-05,patient10_window16s_stride1s-epo,delta
260,0.000250000889952424,patient10_window16s_stride1s-epo,delta
261,0.0001757889001810162,patient10_window16s_stride1s-epo,delta
262,-0.00025770628038085966,patient10_window16s_stride1s-epo,delta
263,0.0010035644885694457,patient10_window16s_stride1s-epo,delta
264,-0.00020589230776228433,patient10_window16s_stride1s-epo,delta
265,-0.00016959222407589514,patient10_window16s_stride1s-epo,delta
266,8.502158284303074e-05,patient10_window16s_stride1s-epo,delta
267,0.0008721025765078181,patient10_window16s_stride1s-epo,delta
268,0.00046867172362193466,patient10_window16s_stride1s-epo,delta
269,0.0001019404365702187,patient10_window16s_stride1s-epo,delta
270,-0.0005132495438914745,patient10_window16s_stride1s-epo,delta
271,-0.00077295253221408,patient10_window16s_stride1s-epo,delta
272,-0.000870743425739818,patient10_window16s_stride1s-epo,delta
273,-0.0010930865940238278,patient10_window16s_stride1s-epo,delta
274,-0.0010303557653680523,patient10_window16s_stride1s-epo,delta
275,-0.0013057751716759314,patient10_window16s_stride1s-epo,delta
276,-0.0005751772277556863,patient10_window16s_stride1s-epo,delta
277,-0.00019305637944772616,patient10_window16s_stride1s-epo,delta
278,-0.0003710327822043692,patient10_window16s_stride1s-epo,delta
279,0.0001421121649864182,patient10_window16s_stride1s-epo,delta
280,0.00014246879182828085,patient10_window16s_stride1s-epo,delta
281,0.0005012375801626218,patient10_window16s_stride1s-epo,delta
282,0.0012020448066366442,patient10_window16s_stride1s-epo,delta
283,0.0005941354404167422,patient10_window16s_stride1s-epo,delta
284,-0.0005022193615647531,patient10_window16s_stride1s-epo,delta
285,-7.527695206702445e-05,patient10_window16s_stride1s-epo,delta
286,-0.00046459245708768324,patient10_window16s_stride1s-epo,delta
287,-0.0003457209016024542,patient10_window16s_stride1s-epo,delta
288,2.1082770377721714e-05,patient10_window16s_stride1s-epo,delta
289,-7.504979718291556e-05,patient10_window16s_stride1s-epo,delta
290,0.0001548550975083697,patient10_window16s_stride1s-epo,delta
291,-0.00030537437235716005,patient10_window16s_stride1s-epo,delta
292,-0.0002881895257456906,patient10_window16s_stride1s-epo,delta
293,-0.0013262707883755867,patient10_window16s_stride1s-epo,delta
294,-0.0007995474672922502,patient10_window16s_stride1s-epo,delta
295,-0.0008933757146291295,patient10_window16s_stride1s-epo,delta
296,-0.0015991175681698776,patient10_window16s_stride1s-epo,delta
297,-0.002296869369003973,patient10_window16s_stride1s-epo,delta
298,-0.0017668354559273467,patient10_window16s_stride1s-epo,delta
299,-0.0016283589648739174,patient10_window16s_stride1s-epo,delta
300,-0.0016228004902537404,patient10_window16s_stride1s-epo,delta
301,-0.002152268951602789,patient10_window16s_stride1s-epo,delta
302,-0.0011983845438709195,patient10_window16s_stride1s-epo,delta
303,-0.0015326688110374298,patient10_window16s_stride1s-epo,delta
304,-0.0017631697200953327,patient10_window16s_stride1s-epo,delta
305,-0.0012448477441365225,patient10_window16s_stride1s-epo,delta
306,-0.0011634065836153647,patient10_window16s_stride1s-epo,delta
307,-0.0016008680118709208,patient10_window16s_stride1s-epo,delta
308,-0.0008684100679480576,patient10_window16s_stride1s-epo,delta
309,-0.0003982789040341849,patient10_window16s_stride1s-epo,delta
310,-0.00018878335970125653,patient10_window16s_stride1s-epo,delta
311,-0.0008853623233981098,patient10_window16s_stride1s-epo,delta
312,-0.00019751768664366372,patient10_window16s_stride1s-epo,delta
313,0.00015629657142693525,patient10_window16s_stride1s-epo,delta
314,-0.000340340815477733,patient10_window16s_stride1s-epo,delta
315,0.00019640608399482088,patient10_window16s_stride1s-epo,delta
316,0.00024672325122212824,patient10_window16s_stride1s-epo,delta
317,0.000914053396423406,patient10_window16s_stride1s-epo,delta
318,0.0012861558634517337,patient10_window16s_stride1s-epo,delta
319,0.0010891061323059182,patient10_window16s_stride1s-epo,delta
320,-0.000275305008434235,patient10_window16s_stride1s-epo,delta
321,-0.0003136165707855434,patient10_window16s_stride1s-epo,delta
322,-0.0001708174229833437,patient10_window16s_stride1s-epo,delta
323,-0.000907705275657976,patient10_window16s_stride1s-epo,delta
324,-0.0012490411953150146,patient10_window16s_stride1s-epo,delta
325,-0.0012334313015121418,patient10_window16s_stride1s-epo,delta
326,-0.0004853704029597004,patient10_window16s_stride1s-epo,delta
327,-0.0009523698627983675,patient10_window16s_stride1s-epo,delta
328,-0.0007311585309259837,patient10_window16s_stride1s-epo,delta
329,-0.0015952078749879215,patient10_window16s_stride1s-epo,delta
330,-0.0009033469852626337,patient10_window16s_stride1s-epo,delta
331,-0.0006878781503838268,patient10_window16s_stride1s-epo,delta
332,0.0004878089670060619,patient10_window16s_stride1s-epo,delta
333,-0.00029751073686210504,patient10_window16s_stride1s-epo,delta
334,-0.0008616352825264771,patient10_window16s_stride1s-epo,delta
335,-0.00012553541632123128,patient10_window16s_stride1s-epo,delta
336,7.458971681111723e-05,patient10_window16s_stride1s-epo,delta
337,-5.8562489151098295e-05,patient10_window16s_stride1s-epo,delta
338,0.000610287068186646,patient10_window16s_stride1s-epo,delta
339,0.0009683157103431076,patient10_window16s_stride1s-epo,delta
340,0.0014070910883360029,patient10_window16s_stride1s-epo,delta
341,0.0017999515931750444,patient10_window16s_stride1s-epo,delta
342,0.001316556767455036,patient10_window16s_stride1s-epo,delta
343,0.0011161547292242767,patient10_window16s_stride1s-epo,delta
344,0.0015259699830743264,patient10_window16s_stride1s-epo,delta
345,0.0005140753232498412,patient10_window16s_stride1s-epo,delta
346,0.0014001009125795745,patient10_window16s_stride1s-epo,delta
347,0.0015351807863660104,patient10_window16s_stride1s-epo,delta
348,0.001447556928672534,patient10_window16s_stride1s-epo,delta
349,0.000391778529972729,patient10_window16s_stride1s-epo,delta
350,0.000559352590974824,patient10_window16s_stride1s-epo,delta
351,-0.00040299141033110113,patient10_window16s_stride1s-epo,delta
352,-0.0003547268048896587,patient10_window16s_stride1s-epo,delta
353,-0.0005442593438502615,patient10_window16s_stride1s-epo,delta
354,-0.000905507673339645,patient10_window16s_stride1s-epo,delta
355,-0.000923982616009423,patient10_window16s_stride1s-epo,delta
356,-9.449822496867517e-05,patient10_window16s_stride1s-epo,delta
357,0.00044034761285907827,patient10_window16s_stride1s-epo,delta
358,0.0004255709132221803,patient10_window16s_stride1s-epo,delta
359,0.0005180774019662009,patient10_window16s_stride1s-epo,delta
360,4.379663284828488e-05,patient10_window16s_stride1s-epo,delta
361,-0.00025861991660317723,patient10_window16s_stride1s-epo,delta
362,-6.39937650925999e-05,patient10_window16s_stride1s-epo,delta
363,0.0004296729896740014,patient10_window16s_stride1s-epo,delta
364,0.00039067236552872063,patient10_window16s_stride1s-epo,delta
365,0.0004151328558620845,patient10_window16s_stride1s-epo,delta
366,0.0012113354812401454,patient10_window16s_stride1s-epo,delta
367,0.0016758154846991942,patient10_window16s_stride1s-epo,delta
368,0.0023183740241532265,patient10_window16s_stride1s-epo,delta
369,0.001165574854094041,patient10_window16s_stride1s-epo,delta
370,0.0014693728874777669,patient10_window16s_stride1s-epo,delta
371,0.0016499379985438723,patient10_window16s_stride1s-epo,delta
372,0.0006715115389658144,patient10_window16s_stride1s-epo,delta
373,0.0011317505132241326,patient10_window16s_stride1s-epo,delta
374,0.0009686570494730429,patient10_window16s_stride1s-epo,delta
375,0.0013170057524001448,patient10_window16s_stride1s-epo,delta
376,0.0007452670866672576,patient10_window16s_stride1s-epo,delta
377,0.001576494516263727,patient10_window16s_stride1s-epo,delta
378,0.0004555833448935551,patient10_window16s_stride1s-epo,delta
379,-5.3674259840591326e-05,patient10_window16s_stride1s-epo,delta
380,-0.0008275312096683699,patient10_window16s_stride1s-epo,delta
381,-0.001361797175798717,patient10_window16s_stride1s-epo,delta
382,-0.0012234516815068743,patient10_window16s_stride1s-epo,delta
383,-0.0011637507866663938,patient10_window16s_stride1s-epo,delta
384,-0.0008986052724629782,patient10_window16s_stride1s-epo,delta
385,-0.001278627615386714,patient10_window16s_stride1s-epo,delta
386,-0.0012720667604321624,patient10_window16s_stride1s-epo,delta
387,-0.002303835436405226,patient10_window16s_stride1s-epo,delta
388,-0.003049260371662141,patient10_window16s_stride1s-epo,delta
389,-0.002957193206658985,patient10_window16s_stride1s-epo,delta
390,-0.0017907640338341074,patient10_window16s_stride1s-epo,delta
391,-0.0018955698379744318,patient10_window16s_stride1s-epo,delta
392,-0.002266514826507973,patient10_window16s_stride1s-epo,delta
393,-0.0019772138764660285,patient10_window16s_stride1s-epo,delta
394,-0.0012124154518912615,patient10_window16s_stride1s-epo,delta
395,-0.0009653066640432935,patient10_window16s_stride1s-epo,delta
396,-0.0016522076055325192,patient10_window16s_stride1s-epo,delta
397,-0.0008953887490231045,patient10_window16s_stride1s-epo,delta
398,-0.0010676885438543507,patient10_window16s_stride1s-epo,delta
399,-0.00036571936487351576,patient10_window16s_stride1s-epo,delta
400,-0.0006367631822579087,patient10_window16s_stride1s-epo,delta
401,-0.0011733223882727335,patient10_window16s_stride1s-epo,delta
402,-0.0012954349809786172,patient10_window16s_stride1s-epo,delta
403,-0.0009690746876680148,patient10_window16s_stride1s-epo,delta
404,-0.0017051238199199637,patient10_window16s_stride1s-epo,delta
405,-0.001459144214008673,patient10_window16s_stride1s-epo,delta
406,-0.0017958782931323325,patient10_window16s_stride1s-epo,delta
407,-0.002289324572310291,patient10_window16s_stride1s-epo,delta
408,-0.0019049761686189557,patient10_window16s_stride1s-epo,delta
409,-0.002788181210257314,patient10_window16s_stride1s-epo,delta
410,-0.0018066961357421016,patient10_window16s_stride1s-epo,delta
411,-0.0021903666222575836,patient10_window16s_stride1s-epo,delta
412,-0.0011862926779976565,patient10_window16s_stride1s-epo,delta
413,-0.0018249760169827566,patient10_window16s_stride1s-epo,delta
414,-0.0017242066336837492,patient10_window16s_stride1s-epo,delta
415,-0.0021226691200567005,patient10_window16s_stride1s-epo,delta
416,-0.0013798733417887388,patient10_window16s_stride1s-epo,delta
417,-0.001378420255894328,patient10_window16s_stride1s-epo,delta
418,-0.0006473306530002731,patient10_window16s_stride1s-epo,delta
419,-0.001867277071326922,patient10_window16s_stride1s-epo,delta
420,-0.001564513367428331,patient10_window16s_stride1s-epo,delta
421,-0.002121230369397349,patient10_window16s_stride1s-epo,delta
422,-0.0023021811590153334,patient10_window16s_stride1s-epo,delta
423,-0.00283119033786202,patient10_window16s_stride1s-epo,delta
424,-0.0014318401506894297,patient10_window16s_stride1s-epo,delta
425,-0.0008094471196855358,patient10_window16s_stride1s-epo,delta
426,-0.0018263572822363934,patient10_window16s_stride1s-epo,delta
427,-0.0016078044956284042,patient10_window16s_stride1s-epo,delta
428,-0.002192362326653343,patient10_window16s_stride1s-epo,delta
429,-0.0017197818548754576,patient10_window16s_stride1s-epo,delta
430,-0.002448496714992395,patient10_window16s_stride1s-epo,delta
431,-0.0017538696091725019,patient10_window16s_stride1s-epo,delta
432,-0.002118802447972034,patient10_window16s_stride1s-epo,delta
433,-0.0025797111935882367,patient10_window16s_stride1s-epo,delta
434,-0.002157858157504385,patient10_window16s_stride1s-epo,delta
435,-0.0016052230439361948,patient10_window16s_stride1s-epo,delta
436,-0.0014081160969623982,patient10_window16s_stride1s-epo,delta
437,-0.00046220560727611105,patient10_window16s_stride1s-epo,delta
438,-0.0005940216916521631,patient10_window16s_stride1s-epo,delta
439,-0.001130367549690202,patient10_window16s_stride1s-epo,delta
440,-0.0007016832620774859,patient10_window16s_stride1s-epo,delta
441,-0.00030657333007918375,patient10_window16s_stride1s-epo,delta
442,-0.0006808698136969291,patient10_window16s_stride1s-epo,delta
443,0.0006562031066964443,patient10_window16s_stride1s-epo,delta
444,0.0005261671271269787,patient10_window16s_stride1s-epo,delta
445,0.0006320235276198862,patient10_window16s_stride1s-epo,delta
446,-0.00039587883626352057,patient10_window16s_stride1s-epo,delta
447,-0.0002529546610690935,patient10_window16s_stride1s-epo,delta
448,0.00020919271135982247,patient10_window16s_stride1s-epo,delta
449,0.0012766980344785556,patient10_window16s_stride1s-epo,delta
450,0.0003489315791249506,patient10_window16s_stride1s-epo,delta
451,-9.095110917381207e-05,patient10_window16s_stride1s-epo,delta
452,0.0004551197742705612,patient10_window16s_stride1s-epo,delta
453,-0.0007509466011609027,patient10_window16s_stride1s-epo,delta
454,-0.00042664090099541434,patient10_window16s_stride1s-epo,delta
455,0.00022416693988091152,patient10_window16s_stride1s-epo,delta
456,-0.0005873390287242497,patient10_window16s_stride1s-epo,delta
457,-0.0009167801474088962,patient10_window16s_stride1s-epo,delta
458,-0.0013537659816917791,patient10_window16s_stride1s-epo,delta
459,-0.0012150237344794605,patient10_window16s_stride1s-epo,delta
460,-0.0006390541542499204,patient10_window16s_stride1s-epo,delta
461,-0.0008394628789265111,patient10_window16s_stride1s-epo,delta
462,-0.0008983605866413997,patient10_window16s_stride1s-epo,delta
463,-0.0006702269826693042,patient10_window16s_stride1s-epo,delta
464,-0.0020569928910650543,patient10_window16s_stride1s-epo,delta
465,-0.002067211172578283,patient10_window16s_stride1s-epo,delta
466,-0.00244454904337683,patient10_window16s_stride1s-epo,delta
467,-0.002008227560269445,patient10_window16s_stride1s-epo,delta
468,-0.0022895467197825304,patient10_window16s_stride1s-epo,delta
469,-0.002613457563977994,patient10_window16s_stride1s-epo,delta
470,-0.001982071785927244,patient10_window16s_stride1s-epo,delta
471,-0.0017506922207704827,patient10_window16s_stride1s-epo,delta
472,-0.0017790209679308486,patient10_window16s_stride1s-epo,delta
473,-0.002090990231067861,patient10_window16s_stride1s-epo,delta
474,-0.0015270458329942173,patient10_window16s_stride1s-epo,delta
475,-0.0015032382420692822,patient10_window16s_stride1s-epo,delta
476,-0.002163529191192496,patient10_window16s_stride1s-epo,delta
477,-0.0014116417159845778,patient10_window16s_stride1s-epo,delta
478,-0.0022529178625333626,patient10_window16s_stride1s-epo,delta
479,-0.0015519361870160362,patient10_window16s_stride1s-epo,delta
480,-0.0007572852905076064,patient10_window16s_stride1s-epo,delta
481,-0.0015829145242322168,patient10_window16s_stride1s-epo,delta
482,-0.0017430253319638373,patient10_window16s_stride1s-epo,delta
483,-0.0016660591663989806,patient10_window16s_stride1s-epo,delta
484,-0.0005177330977633045,patient10_window16s_stride1s-epo,delta
485,-0.0009741723997943489,patient10_window16s_stride1s-epo,delta
486,-0.0009864951465745702,patient10_window16s_stride1s-epo,delta
487,-0.000855406923942787,patient10_window16s_stride1s-epo,delta
488,-0.00027184287263673615,patient10_window16s_stride1s-epo,delta
489,0.00022456239426930385,patient10_window16s_stride1s-epo,delta
490,0.0006113377427187839,patient10_window16s_stride1s-epo,delta
491,0.0005677640824743224,patient10_window16s_stride1s-epo,delta
492,0.00022139041281598096,patient10_window16s_stride1s-epo,delta
493,-0.0005591345540936007,patient10_window16s_stride1s-epo,delta
494,0.0003303255365540108,patient10_window16s_stride1s-epo,delta
495,-0.00048090344171002514,patient10_window16s_stride1s-epo,delta
496,2.590422845208168e-05,patient10_window16s_stride1s-epo,delta
497,0.0009731399248527376,patient10_window16s_stride1s-epo,delta
498,0.001416543071662576,patient10_window16s_stride1s-epo,delta
499,0.0017386775462712794,patient10_window16s_stride1s-epo,delta
500,0.002380777972105382,patient10_window16s_stride1s-epo,delta
501,0.001746079322835845,patient10_window16s_stride1s-epo,delta
502,0.00033500681270852623,patient10_window16s_stride1s-epo,delta
503,0.0008583169672553618,patient10_window16s_stride1s-epo,delta
504,0.001348219736859397,patient10_window16s_stride1s-epo,delta
505,7.129541595039068e-05,patient10_window16s_stride1s-epo,delta
506,-6.201252391266381e-05,patient10_window16s_stride1s-epo,delta
507,0.0006414926369253788,patient10_window16s_stride1s-epo,delta
508,0.0003285355488385069,patient10_window16s_stride1s-epo,delta
509,0.00043803498926317557,patient10_window16s_stride1s-epo,delta
510,6.449658854152888e-05,patient10_window16s_stride1s-epo,delta
511,0.0005699971996646152,patient10_window16s_stride1s-epo,delta
512,0.0002926299232792195,patient10_window16s_stride1s-epo,delta
513,-1.7907901070083402e-05,patient10_window16s_stride1s-epo,delta
514,-0.0008814165121800819,patient10_window16s_stride1s-epo,delta
515,-0.0012585146861584314,patient10_window16s_stride1s-epo,delta
516,-0.0011156524352803447,patient10_window16s_stride1s-epo,delta
517,-0.0002316026145915493,patient10_window16s_stride1s-epo,delta
518,-0.0010504777713132006,patient10_window16s_stride1s-epo,delta
519,-0.0004457246516321216,patient10_window16s_stride1s-epo,delta
520,-0.0005143592647747306,patient10_window16s_stride1s-epo,delta
521,-0.0003415439684537668,patient10_window16s_stride1s-epo,delta
522,-0.0006510128669317745,patient10_window16s_stride1s-epo,delta
523,-0.00018187618979458947,patient10_window16s_stride1s-epo,delta
524,-0.00021629010252851658,patient10_window16s_stride1s-epo,delta
525,-4.625497625656923e-05,patient10_window16s_stride1s-epo,delta
526,0.00013354707214969534,patient10_window16s_stride1s-epo,delta
527,0.00022640669721148878,patient10_window16s_stride1s-epo,delta
528,-0.0006118872388082382,patient10_window16s_stride1s-epo,delta
529,-0.0007342477773799173,patient10_window16s_stride1s-epo,delta
530,-0.0007018403013322544,patient10_window16s_stride1s-epo,delta
531,-0.00028842461863935964,patient10_window16s_stride1s-epo,delta
532,-0.00033547037312277843,patient10_window16s_stride1s-epo,delta
533,-0.001154090362101719,patient10_window16s_stride1s-epo,delta
534,-0.0007185301381123306,patient10_window16s_stride1s-epo,delta
535,-0.0013974507515389911,patient10_window16s_stride1s-epo,delta
536,-0.0015247029372897419,patient10_window16s_stride1s-epo,delta
537,-0.0016050201507760797,patient10_window16s_stride1s-epo,delta
538,-0.0013076498425502782,patient10_window16s_stride1s-epo,delta
539,-0.0003817370582952337,patient10_window16s_stride1s-epo,delta
540,-0.0011475541360900022,patient10_window16s_stride1s-epo,delta
541,-0.0013037702002037237,patient10_window16s_stride1s-epo,delta
542,-0.002025569140641707,patient10_window16s_stride1s-epo,delta
543,-0.0007848847676041368,patient10_window16s_stride1s-epo,delta
544,-0.0009810495012858803,patient10_window16s_stride1s-epo,delta
545,-0.0016157705573640515,patient10_window16s_stride1s-epo,delta
546,-0.0012671855461710664,patient10_window16s_stride1s-epo,delta
547,-0.0007423284904653414,patient10_window16s_stride1s-epo,delta
548,-0.0008535281376392073,patient10_window16s_stride1s-epo,delta
549,-0.0006305510111926866,patient10_window16s_stride1s-epo,delta
550,0.0001900826918575293,patient10_window16s_stride1s-epo,delta
551,0.00022360380276922274,patient10_window16s_stride1s-epo,delta
552,-0.0007375027963885428,patient10_window16s_stride1s-epo,delta
553,-0.0003920886784937754,patient10_window16s_stride1s-epo,delta
554,-0.0004537641610898081,patient10_window16s_stride1s-epo,delta
555,-0.0010466307947263657,patient10_window16s_stride1s-epo,delta
556,-0.0007008699876065413,patient10_window16s_stride1s-epo,delta
557,-0.00015150329870343746,patient10_window16s_stride1s-epo,delta
558,5.438132166222398e-05,patient10_window16s_stride1s-epo,delta
559,-0.00032919980290997187,patient10_window16s_stride1s-epo,delta
560,-9.224836465409995e-05,patient10_window16s_stride1s-epo,delta
561,0.0007699953853160885,patient10_window16s_stride1s-epo,delta
562,0.00016406116220199046,patient10_window16s_stride1s-epo,delta
563,-0.00034846522986887947,patient10_window16s_stride1s-epo,delta
564,-0.00048240521993191604,patient10_window16s_stride1s-epo,delta
565,-0.0007536661650301206,patient10_window16s_stride1s-epo,delta
566,-0.001013691169038833,patient10_window16s_stride1s-epo,delta
567,-0.0011687407768118275,patient10_window16s_stride1s-epo,delta
568,-0.0010809439847495968,patient10_window16s_stride1s-epo,delta
569,-8.973701419759477e-05,patient10_window16s_stride1s-epo,delta
570,-0.0003981270454918411,patient10_window16s_stride1s-epo,delta
571,-0.00029169787339757583,patient10_window16s_stride1s-epo,delta
572,-5.797659753216126e-05,patient10_window16s_stride1s-epo,delta
573,-3.8481633278135084e-05,patient10_window16s_stride1s-epo,delta
574,-7.11077344386342e-05,patient10_window16s_stride1s-epo,delta
575,-0.0005974953008400265,patient10_window16s_stride1s-epo,delta
576,-0.001033674655334623,patient10_window16s_stride1s-epo,delta
577,-0.0012261435019750605,patient10_window16s_stride1s-epo,delta
578,-0.001782987436657667,patient10_window16s_stride1s-epo,delta
579,-0.0008310903368526191,patient10_window16s_stride1s-epo,delta
580,-0.0010187009508963334,patient10_window16s_stride1s-epo,delta
581,-0.0010479347320452288,patient10_window16s_stride1s-epo,delta
582,-0.000702572688306717,patient10_window16s_stride1s-epo,delta
583,-0.0020581648622207144,patient10_window16s_stride1s-epo,delta
584,-0.002433848192582949,patient10_window16s_stride1s-epo,delta
585,-0.0017959845359244704,patient10_window16s_stride1s-epo,delta
586,-0.0016640846062664898,patient10_window16s_stride1s-epo,delta
587,-0.0009346468916876496,patient10_window16s_stride1s-epo,delta
588,-0.002106168744762221,patient10_window16s_stride1s-epo,delta
589,-0.0016223207120124635,patient10_window16s_stride1s-epo,delta
590,-0.00047697678743118877,patient10_window16s_stride1s-epo,delta
591,0.00024845148079452665,patient10_window16s_stride1s-epo,delta
592,0.00012190703682831035,patient10_window16s_stride1s-epo,delta
593,0.0007564271501289469,patient10_window16s_stride1s-epo,delta
594,0.000949298012659422,patient10_window16s_stride1s-epo,delta
595,0.0003520648962561637,patient10_window16s_stride1s-epo,delta
596,-0.00039845559286247155,patient10_window16s_stride1s-epo,delta
597,-0.001392110578729,patient10_window16s_stride1s-epo,delta
598,-0.001468037409130159,patient10_window16s_stride1s-epo,delta
599,-0.0004598323410722645,patient10_window16s_stride1s-epo,delta
600,-0.0002545726890260736,patient10_window16s_stride1s-epo,delta
601,-0.0002179261354079214,patient10_window16s_stride1s-epo,delta
602,-0.0008187313680035608,patient10_window16s_stride1s-epo,delta
603,-0.0014733388093799147,patient10_window16s_stride1s-epo,delta
604,-0.0011325698518257449,patient10_window16s_stride1s-epo,delta
605,-0.000810370859436327,patient10_window16s_stride1s-epo,delta
606,-0.0012488105398540182,patient10_window16s_stride1s-epo,delta
607,-0.0015122409492975312,patient10_window16s_stride1s-epo,delta
608,-0.0008205591773996451,patient10_window16s_stride1s-epo,delta
609,7.521355592074982e-05,patient10_window16s_stride1s-epo,delta
610,0.000222583118419834,patient10_window16s_stride1s-epo,delta
611,0.0005302965771400314,patient10_window16s_stride1s-epo,delta
612,-0.0001968411089489121,patient10_window16s_stride1s-epo,delta
613,-0.0008485825596001885,patient10_window16s_stride1s-epo,delta
614,-0.0015742302691747463,patient10_window16s_stride1s-epo,delta
615,-0.0016174637249691253,patient10_window16s_stride1s-epo,delta
616,-0.0022655784296980123,patient10_window16s_stride1s-epo,delta
617,-0.002058419258698676,patient10_window16s_stride1s-epo,delta
618,-0.0020788520592303497,patient10_window16s_stride1s-epo,delta
619,-0.0021748709030737982,patient10_window16s_stride1s-epo,delta
620,-0.0021728232283711683,patient10_window16s_stride1s-epo,delta
621,-0.0026497165528583753,patient10_window16s_stride1s-epo,delta
622,-0.0023023745335141402,patient10_window16s_stride1s-epo,delta
623,-0.0017337228153976798,patient10_window16s_stride1s-epo,delta
624,-0.002337409271819923,patient10_window16s_stride1s-epo,delta
625,-0.001586178519843586,patient10_window16s_stride1s-epo,delta
626,-0.0009436933704946885,patient10_window16s_stride1s-epo,delta
627,-0.00019926438268334554,patient10_window16s_stride1s-epo,delta
628,-0.0002233353453089841,patient10_window16s_stride1s-epo,delta
629,-2.0717016441542665e-05,patient10_window16s_stride1s-epo,delta
630,6.976861628141465e-05,patient10_window16s_stride1s-epo,delta
631,-0.00028968155100609505,patient10_window16s_stride1s-epo,delta
632,-0.0006779954048737071,patient10_window16s_stride1s-epo,delta
633,-0.0004271915946649047,patient10_window16s_stride1s-epo,delta
634,-0.0010849997387845172,patient10_window16s_stride1s-epo,delta
635,-0.0010990232080893517,patient10_window16s_stride1s-epo,delta
636,-0.0006718558903546679,patient10_window16s_stride1s-epo,delta
637,-0.00079123789974139,patient10_window16s_stride1s-epo,delta
638,-0.000980509933771679,patient10_window16s_stride1s-epo,delta
639,-0.0008299619684536411,patient10_window16s_stride1s-epo,delta
640,-0.0010802435259420862,patient10_window16s_stride1s-epo,delta
641,-0.0015647461238355003,patient10_window16s_stride1s-epo,delta
642,-0.001535746583555249,patient10_window16s_stride1s-epo,delta
643,-0.00295527172580385,patient10_window16s_stride1s-epo,delta
644,-0.0032109958053420287,patient10_window16s_stride1s-epo,delta
645,-0.002372073391689606,patient10_window16s_stride1s-epo,delta
646,-0.0022023391378573633,patient10_window16s_stride1s-epo,delta
647,-0.0020270395155521427,patient10_window16s_stride1s-epo,delta
648,-0.001889603283707686,patient10_window16s_stride1s-epo,delta
649,-0.0013587017102275536,patient10_window16s_stride1s-epo,delta
650,-0.0013845995297983242,patient10_window16s_stride1s-epo,delta
651,-0.0008414975569933592,patient10_window16s_stride1s-epo,delta
652,-0.000788574573813858,patient10_window16s_stride1s-epo,delta
653,-0.0009568283566423842,patient10_window16s_stride1s-epo,delta
654,-0.0024431227580264518,patient10_window16s_stride1s-epo,delta
655,-0.0030469295807482987,patient10_window16s_stride1s-epo,delta
656,-0.003073427532456933,patient10_window16s_stride1s-epo,delta
657,-0.0032733440710113883,patient10_window16s_stride1s-epo,delta
658,-0.003318365220612975,patient10_window16s_stride1s-epo,delta
659,-0.002297035159440862,patient10_window16s_stride1s-epo,delta
660,-0.0020755674147776024,patient10_window16s_stride1s-epo,delta
661,-0.0016249302920426504,patient10_window16s_stride1s-epo,delta
662,-0.001309672053771481,patient10_window16s_stride1s-epo,delta
663,-0.0019445412247406319,patient10_window16s_stride1s-epo,delta
664,-0.001937511083699647,patient10_window16s_stride1s-epo,delta
665,-0.001906689576899874,patient10_window16s_stride1s-epo,delta
666,-0.0018970820217004097,patient10_window16s_stride1s-epo,delta
667,-0.002162578114261041,patient10_window16s_stride1s-epo,delta
668,-0.0010880649233905937,patient10_window16s_stride1s-epo,delta
669,-0.0008197641420554125,patient10_window16s_stride1s-epo,delta
670,0.00037276882690221206,patient10_window16s_stride1s-epo,delta
671,0.0005542200028434771,patient10_window16s_stride1s-epo,delta
672,0.0004944142619424158,patient10_window16s_stride1s-epo,delta
673,0.0007913500640997101,patient10_window16s_stride1s-epo,delta
674,0.00010581493110302327,patient10_window16s_stride1s-epo,delta
675,-4.239502933123218e-05,patient10_window16s_stride1s-epo,delta
676,-6.825185178551595e-05,patient10_window16s_stride1s-epo,delta
677,-0.000508970613696255,patient10_window16s_stride1s-epo,delta
678,-0.0008174108017720791,patient10_window16s_stride1s-epo,delta
679,-0.0007590486737764568,patient10_window16s_stride1s-epo,delta
680,-0.0018219929757201927,patient10_window16s_stride1s-epo,delta
681,-0.0015700697723351528,patient10_window16s_stride1s-epo,delta
682,-0.0012341021183977477,patient10_window16s_stride1s-epo,delta
683,-0.0008034747245800348,patient10_window16s_stride1s-epo,delta
684,4.568570729821253e-05,patient10_window16s_stride1s-epo,delta
685,-0.00012939861464014127,patient10_window16s_stride1s-epo,delta
686,-0.0002645945073306405,patient10_window16s_stride1s-epo,delta
687,0.00012394853651783865,patient10_window16s_stride1s-epo,delta
688,-0.0005221163187856305,patient10_window16s_stride1s-epo,delta
689,-0.001110361059974436,patient10_window16s_stride1s-epo,delta
690,-0.0007296818500625297,patient10_window16s_stride1s-epo,delta
691,-0.0004645445149842387,patient10_window16s_stride1s-epo,delta
692,-0.0004983593561725649,patient10_window16s_stride1s-epo,delta
693,0.0006113989996092598,patient10_window16s_stride1s-epo,delta
694,3.7111537886642905e-05,patient10_window16s_stride1s-epo,delta
695,0.00020325608509650706,patient10_window16s_stride1s-epo,delta
696,0.0003405595440989511,patient10_window16s_stride1s-epo,delta
697,0.00033430385603593424,patient10_window16s_stride1s-epo,delta
698,-0.0007703792543230143,patient10_window16s_stride1s-epo,delta
699,-0.0009247228346193675,patient10_window16s_stride1s-epo,delta
700,-0.0011094140417151073,patient10_window16s_stride1s-epo,delta
701,-0.0019014064137489075,patient10_window16s_stride1s-epo,delta
702,-0.002686245032435082,patient10_window16s_stride1s-epo,delta
703,-0.0020387087377395628,patient10_window16s_stride1s-epo,delta
704,-0.0016275364317155324,patient10_window16s_stride1s-epo,delta
705,-0.0020755987818980586,patient10_window16s_stride1s-epo,delta
706,-0.0011719164429259271,patient10_window16s_stride1s-epo,delta
707,-0.0012412999651564823,patient10_window16s_stride1s-epo,delta
708,-0.0007755325616356425,patient10_window16s_stride1s-epo,delta
709,-0.00037878033710045714,patient10_window16s_stride1s-epo,delta
710,0.0005160997184166001,patient10_window16s_stride1s-epo,delta
711,0.0004997353413813448,patient10_window16s_stride1s-epo,delta
712,-0.0008370046998890605,patient10_window16s_stride1s-epo,delta
713,-0.0006599081243957754,patient10_window16s_stride1s-epo,delta
714,-0.0014402473278372868,patient10_window16s_stride1s-epo,delta
715,-0.001275162849030365,patient10_window16s_stride1s-epo,delta
716,-0.0012322977972093513,patient10_window16s_stride1s-epo,delta
717,-0.0014870889370464636,patient10_window16s_stride1s-epo,delta
718,-0.001206197834150316,patient10_window16s_stride1s-epo,delta
719,-0.0009327395863005869,patient10_window16s_stride1s-epo,delta
720,0.00012057125810327009,patient10_window16s_stride1s-epo,delta
721,0.00030601514528822544,patient10_window16s_stride1s-epo,delta
722,2.0695788050226045e-06,patient10_window16s_stride1s-epo,delta
723,-0.0009553715698429004,patient10_window16s_stride1s-epo,delta
724,-0.0015685981023734097,patient10_window16s_stride1s-epo,delta
725,-0.001266075022877277,patient10_window16s_stride1s-epo,delta
726,-0.00117649103593575,patient10_window16s_stride1s-epo,delta
727,-0.0011199350722088759,patient10_window16s_stride1s-epo,delta
728,-0.0004101565983929549,patient10_window16s_stride1s-epo,delta
729,-0.00021726353897321345,patient10_window16s_stride1s-epo,delta
730,-2.713661607253691e-05,patient10_window16s_stride1s-epo,delta
731,0.000751838262594034,patient10_window16s_stride1s-epo,delta
732,0.0007477553098603974,patient10_window16s_stride1s-epo,delta
733,0.0014730380835099037,patient10_window16s_stride1s-epo,delta
734,0.0010814937639637909,patient10_window16s_stride1s-epo,delta
735,0.0010444517436052853,patient10_window16s_stride1s-epo,delta
736,0.0011950725828412969,patient10_window16s_stride1s-epo,delta
737,0.0010028715699364936,patient10_window16s_stride1s-epo,delta
738,0.0011337295141668421,patient10_window16s_stride1s-epo,delta
739,0.0022006681374137672,patient10_window16s_stride1s-epo,delta
740,0.002439281037766389,patient10_window16s_stride1s-epo,delta
741,0.0013165594967005417,patient10_window16s_stride1s-epo,delta
742,0.0012564039542198036,patient10_window16s_stride1s-epo,delta
743,0.0006665963431668274,patient10_window16s_stride1s-epo,delta
744,0.0002413973070792518,patient10_window16s_stride1s-epo,delta
745,0.00028666064254809757,patient10_window16s_stride1s-epo,delta
746,0.0005136113056615106,patient10_window16s_stride1s-epo,delta
747,0.0007357494540838958,patient10_window16s_stride1s-epo,delta
748,0.00011835216689093439,patient10_window16s_stride1s-epo,delta
749,-0.00040506947622960613,patient10_window16s_stride1s-epo,delta
750,-0.0008910470021732828,patient10_window16s_stride1s-epo,delta
751,-0.0005986971594655243,patient10_window16s_stride1s-epo,delta
752,-0.001052091214683301,patient10_window16s_stride1s-epo,delta
753,-0.001584961834885176,patient10_window16s_stride1s-epo,delta
754,-0.0022437731382093247,patient10_window16s_stride1s-epo,delta
755,-0.002933732090666712,patient10_window16s_stride1s-epo,delta
756,-0.003233636185201462,patient10_window16s_stride1s-epo,delta
757,-0.0030027450058378426,patient10_window16s_stride1s-epo,delta
758,-0.0026651417892420218,patient10_window16s_stride1s-epo,delta
759,-0.0026219159499035233,patient10_window16s_stride1s-epo,delta
760,-0.0027044960604707107,patient10_window16s_stride1s-epo,delta
761,-0.0027019026407901383,patient10_window16s_stride1s-epo,delta
762,-0.002039225957992502,patient10_window16s_stride1s-epo,delta
763,-0.002219530240946939,patient10_window16s_stride1s-epo,delta
764,-0.0017764913544388668,patient10_window16s_stride1s-epo,delta
765,-0.00121228975308892,patient10_window16s_stride1s-epo,delta
766,-0.0008309544752668117,patient10_window16s_stride1s-epo,delta
767,-0.0011498419699911553,patient10_window16s_stride1s-epo,delta
768,-0.0009474419472343102,patient10_window16s_stride1s-epo,delta
769,-0.0006501912721271753,patient10_window16s_stride1s-epo,delta
770,-0.0011021862420386563,patient10_window16s_stride1s-epo,delta
771,-0.0008462929252606578,patient10_window16s_stride1s-epo,delta
772,-0.00038459754328218565,patient10_window16s_stride1s-epo,delta
773,-4.0269100906279064e-05,patient10_window16s_stride1s-epo,delta
774,0.00025774206527110025,patient10_window16s_stride1s-epo,delta
775,-0.0007530162771458051,patient10_window16s_stride1s-epo,delta
776,-0.00010959146575722897,patient10_window16s_stride1s-epo,delta
777,0.0008691473759712689,patient10_window16s_stride1s-epo,delta
778,-0.00011288607279182022,patient10_window16s_stride1s-epo,delta
779,-0.0003723207264031106,patient10_window16s_stride1s-epo,delta
780,-9.388060973512515e-06,patient10_window16s_stride1s-epo,delta
781,0.0006843417770368072,patient10_window16s_stride1s-epo,delta
782,0.00018424934410800773,patient10_window16s_stride1s-epo,delta
783,0.0009705236232438608,patient10_window16s_stride1s-epo,delta
784,0.0003406990756334058,patient10_window16s_stride1s-epo,delta
785,0.00029644565538076094,patient10_window16s_stride1s-epo,delta
786,1.8358125813248674e-05,patient10_window16s_stride1s-epo,delta
787,-0.0002260867927936181,patient10_window16s_stride1s-epo,delta
788,0.00011731221358012185,patient10_window16s_stride1s-epo,delta
789,-0.00019880481246704662,patient10_window16s_stride1s-epo,delta
790,0.00012213119348513388,patient10_window16s_stride1s-epo,delta
791,5.942548282231032e-05,patient10_window16s_stride1s-epo,delta
792,0.000789863769869807,patient10_window16s_stride1s-epo,delta
793,0.0007996676127094408,patient10_window16s_stride1s-epo,delta
794,5.160874630597421e-05,patient10_window16s_stride1s-epo,delta
795,0.0005642053063934845,patient10_window16s_stride1s-epo,delta
796,0.0007777832502097447,patient10_window16s_stride1s-epo,delta
797,0.0002055571083397701,patient10_window16s_stride1s-epo,delta
798,9.490066615908765e-05,patient10_window16s_stride1s-epo,delta
799,6.0912195489827826e-05,patient10_window16s_stride1s-epo,delta
800,0.000884666197070708,patient10_window16s_stride1s-epo,delta
801,0.00025967604018350634,patient10_window16s_stride1s-epo,delta
802,0.0007027009691924946,patient10_window16s_stride1s-epo,delta
803,0.0007960103429580221,patient10_window16s_stride1s-epo,delta
804,0.0007364645033671926,patient10_window16s_stride1s-epo,delta
805,0.0005063222288079569,patient10_window16s_stride1s-epo,delta
806,0.0013704060747369317,patient10_window16s_stride1s-epo,delta
807,0.0014579160076607844,patient10_window16s_stride1s-epo,delta
808,0.001955484517122611,patient10_window16s_stride1s-epo,delta
809,0.0019107793495928337,patient10_window16s_stride1s-epo,delta
810,3.4066535853416356e-05,patient10_window16s_stride1s-epo,delta
811,0.0011736073611577362,patient10_window16s_stride1s-epo,delta
812,0.0012543953048544413,patient10_window16s_stride1s-epo,delta
813,0.0004701334292725829,patient10_window16s_stride1s-epo,delta
814,-0.0007990867178550954,patient10_window16s_stride1s-epo,delta
815,-0.0013377258580657267,patient10_window16s_stride1s-epo,delta
816,-0.002344704724935867,patient10_window16s_stride1s-epo,delta
817,-0.0022514669983977145,patient10_window16s_stride1s-epo,delta
818,-0.002001241873589391,patient10_window16s_stride1s-epo,delta
819,-0.0016292016553380011,patient10_window16s_stride1s-epo,delta
820,-0.0021873854564541132,patient10_window16s_stride1s-epo,delta
821,-0.00214811148151698,patient10_window16s_stride1s-epo,delta
822,-0.0032218719892047713,patient10_window16s_stride1s-epo,delta
823,-0.0034133336717680663,patient10_window16s_stride1s-epo,delta
824,-0.0033949460769740016,patient10_window16s_stride1s-epo,delta
825,-0.00230567732670182,patient10_window16s_stride1s-epo,delta
826,-0.0009809050016702087,patient10_window16s_stride1s-epo,delta
827,0.00014371386065705274,patient10_window16s_stride1s-epo,delta
828,-0.000637853813957653,patient10_window16s_stride1s-epo,delta
829,-5.185857089411332e-05,patient10_window16s_stride1s-epo,delta
830,0.0007421465045228574,patient10_window16s_stride1s-epo,delta
831,0.000654353477928775,patient10_window16s_stride1s-epo,delta
832,0.000514007979872253,patient10_window16s_stride1s-epo,delta
833,0.0005549710974588559,patient10_window16s_stride1s-epo,delta
834,0.0014808793805854465,patient10_window16s_stride1s-epo,delta
835,0.00046694364978175693,patient10_window16s_stride1s-epo,delta
836,0.0001757422324778797,patient10_window16s_stride1s-epo,delta
837,0.0006143423685785207,patient10_window16s_stride1s-epo,delta
838,-0.000312856431881792,patient10_window16s_stride1s-epo,delta
839,-0.00033724908061236885,patient10_window16s_stride1s-epo,delta
840,-0.0012907989974035514,patient10_window16s_stride1s-epo,delta
841,-0.0009147846872824138,patient10_window16s_stride1s-epo,delta
842,-0.0008234515218066402,patient10_window16s_stride1s-epo,delta
843,-0.000679156306385036,patient10_window16s_stride1s-epo,delta
844,0.0005726957061193275,patient10_window16s_stride1s-epo,delta
845,0.0007417736628843232,patient10_window16s_stride1s-epo,delta
846,0.0005401934802213252,patient10_window16s_stride1s-epo,delta
847,0.0012943907991685604,patient10_window16s_stride1s-epo,delta
848,0.0020635089221821014,patient10_window16s_stride1s-epo,delta
849,0.0017600754977970463,patient10_window16s_stride1s-epo,delta
850,0.002102036352625219,patient10_window16s_stride1s-epo,delta
851,0.0030237691237613475,patient10_window16s_stride1s-epo,delta
852,0.0023919031729854635,patient10_window16s_stride1s-epo,delta
853,0.0019079345331055395,patient10_window16s_stride1s-epo,delta
854,0.0017522554260158008,patient10_window16s_stride1s-epo,delta
855,0.002782021662789905,patient10_window16s_stride1s-epo,delta
856,0.002624522614018113,patient10_window16s_stride1s-epo,delta
857,0.002179361313218101,patient10_window16s_stride1s-epo,delta
858,0.0025713895112796205,patient10_window16s_stride1s-epo,delta
859,0.0016513389100297998,patient10_window16s_stride1s-epo,delta
860,0.0009657415260716949,patient10_window16s_stride1s-epo,delta
861,0.001543417606257549,patient10_window16s_stride1s-epo,delta
862,0.0017027370326872673,patient10_window16s_stride1s-epo,delta
863,0.0005281748802391306,patient10_window16s_stride1s-epo,delta
864,0.0008055254339107257,patient10_window16s_stride1s-epo,delta
865,0.0011292975630590796,patient10_window16s_stride1s-epo,delta
866,0.0006026169816909477,patient10_window16s_stride1s-epo,delta
867,0.0010631747090757025,patient10_window16s_stride1s-epo,delta
868,0.00037476261076381116,patient10_window16s_stride1s-epo,delta
869,0.00020836290861883037,patient10_window16s_stride1s-epo,delta
870,-0.0002946289409571788,patient10_window16s_stride1s-epo,delta
871,-0.00019061054074304354,patient10_window16s_stride1s-epo,delta
872,1.1381838435963911e-05,patient10_window16s_stride1s-epo,delta
873,-0.0005777923549369256,patient10_window16s_stride1s-epo,delta
874,-0.00040826629996509753,patient10_window16s_stride1s-epo,delta
875,0.0005047846193955972,patient10_window16s_stride1s-epo,delta
876,0.000263884490253619,patient10_window16s_stride1s-epo,delta
877,0.00021437931930902454,patient10_window16s_stride1s-epo,delta
878,0.0006606105235377757,patient10_window16s_stride1s-epo,delta
879,0.0005447539120786451,patient10_window16s_stride1s-epo,delta
880,0.0006790742046166206,patient10_window16s_stride1s-epo,delta
881,0.0011100319410296212,patient10_window16s_stride1s-epo,delta
882,0.0009626545055092276,patient10_window16s_stride1s-epo,delta
883,0.00049541048039179,patient10_window16s_stride1s-epo,delta
884,0.0004639989643114244,patient10_window16s_stride1s-epo,delta
885,0.0004628939002910337,patient10_window16s_stride1s-epo,delta
886,0.0007348622657260468,patient10_window16s_stride1s-epo,delta
887,0.0008868275446290421,patient10_window16s_stride1s-epo,delta
888,5.310488856279755e-05,patient10_window16s_stride1s-epo,delta
889,-0.0005837595184543954,patient10_window16s_stride1s-epo,delta
890,-0.0002776428120958048,patient10_window16s_stride1s-epo,delta
891,-0.0002560614636345616,patient10_window16s_stride1s-epo,delta
892,-0.0005946792163550681,patient10_window16s_stride1s-epo,delta
893,-0.0010278270865020733,patient10_window16s_stride1s-epo,delta
894,-0.0012384242269375008,patient10_window16s_stride1s-epo,delta
895,-0.0009027347358892507,patient10_window16s_stride1s-epo,delta
896,-0.0016035943941384455,patient10_window16s_stride1s-epo,delta
897,-0.000617800549526403,patient10_window16s_stride1s-epo,delta
898,-0.0014304429168082442,patient10_window16s_stride1s-epo,delta
899,-0.0023057029686032685,patient10_window16s_stride1s-epo,delta
900,-0.0016624891366560876,patient10_window16s_stride1s-epo,delta
901,-0.0013308498109361488,patient10_window16s_stride1s-epo,delta
902,-0.0014740221187213391,patient10_window16s_stride1s-epo,delta
903,-0.002016279915102701,patient10_window16s_stride1s-epo,delta
904,-0.0019790692979829052,patient10_window16s_stride1s-epo,delta
905,-0.0027192199557247373,patient10_window16s_stride1s-epo,delta
906,-0.0027752783852821503,patient10_window16s_stride1s-epo,delta
907,-0.002388279937302299,patient10_window16s_stride1s-epo,delta
908,-0.0024235204819647903,patient10_window16s_stride1s-epo,delta
909,-0.0021264418513287503,patient10_window16s_stride1s-epo,delta
910,-0.0018658948370384597,patient10_window16s_stride1s-epo,delta
911,-0.0009854866129877125,patient10_window16s_stride1s-epo,delta
912,-0.001058260594088791,patient10_window16s_stride1s-epo,delta
913,-0.001984622952275655,patient10_window16s_stride1s-epo,delta
914,-0.00032473507096840367,patient10_window16s_stride1s-epo,delta
915,-0.0003229529839555545,patient10_window16s_stride1s-epo,delta
916,0.0002882703224394749,patient10_window16s_stride1s-epo,delta
917,-0.0010355931871682126,patient10_window16s_stride1s-epo,delta
918,-0.0002121490749734574,patient10_window16s_stride1s-epo,delta
919,-0.0006651044330504472,patient10_window16s_stride1s-epo,delta
920,-0.000609756591656032,patient10_window16s_stride1s-epo,delta
921,-0.00014976440887686367,patient10_window16s_stride1s-epo,delta
922,-0.00015620827115614085,patient10_window16s_stride1s-epo,delta
923,-0.0010125450403713472,patient10_window16s_stride1s-epo,delta
924,9.375743605049052e-05,patient10_window16s_stride1s-epo,delta
925,-0.00031810112752113866,patient10_window16s_stride1s-epo,delta
926,0.00017953826770038392,patient10_window16s_stride1s-epo,delta
927,-0.0007831090122338924,patient10_window16s_stride1s-epo,delta
928,0.00019984417047927538,patient10_window16s_stride1s-epo,delta
929,-0.00010831809734720083,patient10_window16s_stride1s-epo,delta
930,0.000792935480064351,patient10_window16s_stride1s-epo,delta
931,0.00043436404177387875,patient10_window16s_stride1s-epo,delta
932,0.00021693170939793762,patient10_window16s_stride1s-epo,delta
933,0.0004913352686421313,patient10_window16s_stride1s-epo,delta
934,0.0006176465363096147,patient10_window16s_stride1s-epo,delta
935,6.074700731418677e-05,patient10_window16s_stride1s-epo,delta
936,0.0004865874474436814,patient10_window16s_stride1s-epo,delta
937,-0.00017346904819215251,patient10_window16s_stride1s-epo,delta
938,-0.0008915190845766429,patient10_window16s_stride1s-epo,delta
939,5.454260495244131e-05,patient10_window16s_stride1s-epo,delta
940,-0.000355617864500689,patient10_window16s_stride1s-epo,delta
941,-0.0008949584988481125,patient10_window16s_stride1s-epo,delta
942,-0.0005122204623210095,patient10_window16s_stride1s-epo,delta
943,0.0005271143048012631,patient10_window16s_stride1s-epo,delta
944,0.00023204236149675843,patient10_window16s_stride1s-epo,delta
945,0.0010132733951569457,patient10_window16s_stride1s-epo,delta
946,0.0017511223089882895,patient10_window16s_stride1s-epo,delta
947,0.002003249917080069,patient10_window16s_stride1s-epo,delta
948,0.00120879816490217,patient10_window16s_stride1s-epo,delta
949,0.0009080648670888093,patient10_window16s_stride1s-epo,delta
950,0.001092188869177405,patient10_window16s_stride1s-epo,delta
951,0.0009393131376883008,patient10_window16s_stride1s-epo,delta
952,0.0005929182177951675,patient10_window16s_stride1s-epo,delta
953,0.00031966381052721417,patient10_window16s_stride1s-epo,delta
954,-0.0004389222344814778,patient10_window16s_stride1s-epo,delta
955,-0.00018823617021101842,patient10_window16s_stride1s-epo,delta
956,-0.0006367514127202371,patient10_window16s_stride1s-epo,delta
957,-0.0007618629460143816,patient10_window16s_stride1s-epo,delta
958,-0.001930316258587689,patient10_window16s_stride1s-epo,delta
959,-0.002025445427885557,patient10_window16s_stride1s-epo,delta
960,-0.0016426152959288416,patient10_window16s_stride1s-epo,delta
961,-0.0017949242604605974,patient10_window16s_stride1s-epo,delta
962,-0.0018556886987160638,patient10_window16s_stride1s-epo,delta
963,-0.0007115111274519654,patient10_window16s_stride1s-epo,delta
964,-0.0001234688777057746,patient10_window16s_stride1s-epo,delta
965,-0.00025704903136673085,patient10_window16s_stride1s-epo,delta
966,-2.745953208314443e-05,patient10_window16s_stride1s-epo,delta
967,-7.226776289188572e-05,patient10_window16s_stride1s-epo,delta
968,-0.00023666299078616438,patient10_window16s_stride1s-epo,delta
969,0.00030812768565136966,patient10_window16s_stride1s-epo,delta
970,-0.0005879505262957641,patient10_window16s_stride1s-epo,delta
971,-0.000978774040077359,patient10_window16s_stride1s-epo,delta
972,0.00018467208250267503,patient10_window16s_stride1s-epo,delta
973,-0.00011348867245865073,patient10_window16s_stride1s-epo,delta
974,-0.000799123868299879,patient10_window16s_stride1s-epo,delta
975,-0.0007136203013935647,patient10_window16s_stride1s-epo,delta
976,-0.001390194655383782,patient10_window16s_stride1s-epo,delta
977,-0.001817035973514633,patient10_window16s_stride1s-epo,delta
978,-0.0023803643844327003,patient10_window16s_stride1s-epo,delta
979,-0.0014113744010431472,patient10_window16s_stride1s-epo,delta
980,-0.0010598138625071613,patient10_window16s_stride1s-epo,delta
981,-0.0010431485148275192,patient10_window16s_stride1s-epo,delta
982,-0.0016776882300097076,patient10_window16s_stride1s-epo,delta
983,-0.0014785474121339483,patient10_window16s_stride1s-epo,delta
984,-0.0010766411933898516,patient10_window16s_stride1s-epo,delta
985,-0.0010743783276834405,patient10_window16s_stride1s-epo,delta
986,-0.0006697071949239802,patient10_window16s_stride1s-epo,delta
987,-0.0007882538361938146,patient10_window16s_stride1s-epo,delta
988,-0.0011625589354362625,patient10_window16s_stride1s-epo,delta
989,-0.0010355942479498396,patient10_window16s_stride1s-epo,delta
990,-0.0006301611161969501,patient10_window16s_stride1s-epo,delta
991,-0.000133901839032626,patient10_window16s_stride1s-epo,delta
992,-0.0003747362589144891,patient10_window16s_stride1s-epo,delta
993,-0.00043256275857222955,patient10_window16s_stride1s-epo,delta
994,-0.0005665039713403475,patient10_window16s_stride1s-epo,delta
995,-0.0013674863976915366,patient10_window16s_stride1s-epo,delta
996,-0.0009820854159929512,patient10_window16s_stride1s-epo,delta
997,-0.0004939964576048204,patient10_window16s_stride1s-epo,delta
998,-0.0006072081937498364,patient10_window16s_stride1s-epo,delta
999,-0.0006707776469420474,patient10_window16s_stride1s-epo,delta
1000,-0.000977496877946968,patient10_window16s_stride1s-epo,delta
1001,-7.803308039732872e-05,patient10_window16s_stride1s-epo,delta
1002,-0.0007637882296786956,patient10_window16s_stride1s-epo,delta
1003,0.0006662518237345795,patient10_window16s_stride1s-epo,delta
1004,0.0010844904980224414,patient10_window16s_stride1s-epo,delta
1005,0.0003868939605034328,patient10_window16s_stride1s-epo,delta
1006,0.00037996495024989916,patient10_window16s_stride1s-epo,delta
1007,7.572217966057672e-05,patient10_window16s_stride1s-epo,delta
1008,0.00010708352668708269,patient10_window16s_stride1s-epo,delta
1009,-0.00033700407169238447,patient10_window16s_stride1s-epo,delta
1010,-0.0004383243074668497,patient10_window16s_stride1s-epo,delta
1011,-0.0013909539831234428,patient10_window16s_stride1s-epo,delta
1012,-0.0004242855820555069,patient10_window16s_stride1s-epo,delta
1013,-0.0020207687860880736,patient10_window16s_stride1s-epo,delta
1014,-0.001199189614219784,patient10_window16s_stride1s-epo,delta
1015,-0.001300619205305167,patient10_window16s_stride1s-epo,delta
1016,-0.0005315436545722358,patient10_window16s_stride1s-epo,delta
1017,-0.0007530147386987654,patient10_window16s_stride1s-epo,delta
1018,-0.0006895005360627538,patient10_window16s_stride1s-epo,delta
1019,-8.235890756346011e-05,patient10_window16s_stride1s-epo,delta
1020,-0.0005306410448702452,patient10_window16s_stride1s-epo,delta
1021,5.4212815246689196e-05,patient10_window16s_stride1s-epo,delta
1022,-0.0011104746595479377,patient10_window16s_stride1s-epo,delta
1023,-0.00020801026736035272,patient10_window16s_stride1s-epo,delta
1024,9.873637026545249e-05,patient10_window16s_stride1s-epo,delta
1025,0.0013060760450855666,patient10_window16s_stride1s-epo,delta
1026,0.0018317111989090615,patient10_window16s_stride1s-epo,delta
1027,0.00216200986064843,patient10_window16s_stride1s-epo,delta
1028,0.00224883593185753,patient10_window16s_stride1s-epo,delta
1029,0.002966133126496491,patient10_window16s_stride1s-epo,delta
1030,0.0035184539968420294,patient10_window16s_stride1s-epo,delta
1031,0.003689817564421177,patient10_window16s_stride1s-epo,delta
1032,0.002886372309313813,patient10_window16s_stride1s-epo,delta
1033,0.0013915314437018974,patient10_window16s_stride1s-epo,delta
1034,0.002018902512296405,patient10_window16s_stride1s-epo,delta
1035,0.0020588306286009423,patient10_window16s_stride1s-epo,delta
1036,0.0018014479848582439,patient10_window16s_stride1s-epo,delta
1037,0.0015594181933344124,patient10_window16s_stride1s-epo,delta
1038,0.0018299411530932873,patient10_window16s_stride1s-epo,delta
1039,0.001112623865967817,patient10_window16s_stride1s-epo,delta
1040,0.000516554999109239,patient10_window16s_stride1s-epo,delta
1041,-0.00036537995993578335,patient10_window16s_stride1s-epo,delta
1042,0.00011067211188845639,patient10_window16s_stride1s-epo,delta
1043,-0.000374881348674499,patient10_window16s_stride1s-epo,delta
1044,-0.00024360882590494153,patient10_window16s_stride1s-epo,delta
1045,-0.0008966640133566397,patient10_window16s_stride1s-epo,delta
1046,-0.0007574437636777776,patient10_window16s_stride1s-epo,delta
1047,-0.002367871258406129,patient10_window16s_stride1s-epo,delta
1048,-0.0010483775831582366,patient10_window16s_stride1s-epo,delta
1049,-0.0008805498996060893,patient10_window16s_stride1s-epo,delta
1050,-0.0007382183448708632,patient10_window16s_stride1s-epo,delta
1051,-0.001090581371836426,patient10_window16s_stride1s-epo,delta
1052,-0.0007735320509207901,patient10_window16s_stride1s-epo,delta
1053,-0.0009346056628775674,patient10_window16s_stride1s-epo,delta
1054,6.188913238135194e-06,patient10_window16s_stride1s-epo,delta
1055,-0.0004817167972524735,patient10_window16s_stride1s-epo,delta
1056,-0.0009230604509600666,patient10_window16s_stride1s-epo,delta
1057,-0.0003864626145888841,patient10_window16s_stride1s-epo,delta
1058,-0.0010355152785894593,patient10_window16s_stride1s-epo,delta
1059,-0.0012259183427167253,patient10_window16s_stride1s-epo,delta
1060,-0.0018163043322354138,patient10_window16s_stride1s-epo,delta
1061,-0.001097225828014411,patient10_window16s_stride1s-epo,delta
1062,-0.0014748536498181922,patient10_window16s_stride1s-epo,delta
1063,-0.0008688634807398066,patient10_window16s_stride1s-epo,delta
1064,-0.0013433704050441453,patient10_window16s_stride1s-epo,delta
1065,-0.0007928360063533528,patient10_window16s_stride1s-epo,delta
1066,-0.0016599539145473934,patient10_window16s_stride1s-epo,delta
1067,-0.0017013150390743123,patient10_window16s_stride1s-epo,delta
1068,-0.0022644643697022036,patient10_window16s_stride1s-epo,delta
1069,-0.0019396378064528773,patient10_window16s_stride1s-epo,delta
1070,-0.0017831469988308932,patient10_window16s_stride1s-epo,delta
1071,-0.001334485773376977,patient10_window16s_stride1s-epo,delta
1072,-0.0012055500066979568,patient10_window16s_stride1s-epo,delta
1073,-0.0007626812286401938,patient10_window16s_stride1s-epo,delta
1074,-0.0013357295100223183,patient10_window16s_stride1s-epo,delta
1075,-0.0008678082615931991,patient10_window16s_stride1s-epo,delta
1076,-0.001217703105827291,patient10_window16s_stride1s-epo,delta
1077,-0.0008995387017356656,patient10_window16s_stride1s-epo,delta
1078,-0.000981899011302688,patient10_window16s_stride1s-epo,delta
1079,-0.00014019964654732428,patient10_window16s_stride1s-epo,delta
1080,-0.0010772250031718719,patient10_window16s_stride1s-epo,delta
1081,-0.0013769287683524116,patient10_window16s_stride1s-epo,delta
1082,3.74001667026118e-05,patient10_window16s_stride1s-epo,delta
1083,0.00048712144301727415,patient10_window16s_stride1s-epo,delta
1084,0.00039128168870118673,patient10_window16s_stride1s-epo,delta
1085,0.0006266858108894857,patient10_window16s_stride1s-epo,delta
1086,0.0023810967212656207,patient10_window16s_stride1s-epo,delta
1087,0.002192337447401287,patient10_window16s_stride1s-epo,delta
1088,0.001726824248122825,patient10_window16s_stride1s-epo,delta
1089,0.0013756669665994363,patient10_window16s_stride1s-epo,delta
1090,0.0016565197418922286,patient10_window16s_stride1s-epo,delta
1091,0.0016600842673820434,patient10_window16s_stride1s-epo,delta
1092,0.0016656695354063998,patient10_window16s_stride1s-epo,delta
1093,0.0011928223843702672,patient10_window16s_stride1s-epo,delta
1094,0.0009491974468487453,patient10_window16s_stride1s-epo,delta
1095,0.00024121527773240627,patient10_window16s_stride1s-epo,delta
1096,0.0011104505140483514,patient10_window16s_stride1s-epo,delta
1097,0.000941023001937818,patient10_window16s_stride1s-epo,delta
1098,0.0006138886731889323,patient10_window16s_stride1s-epo,delta
1099,0.0007139272095876652,patient10_window16s_stride1s-epo,delta
1100,0.0008131886566461876,patient10_window16s_stride1s-epo,delta
1101,0.00045452803786408973,patient10_window16s_stride1s-epo,delta
1102,-0.0009643883797812669,patient10_window16s_stride1s-epo,delta
1103,-0.0003706663195465537,patient10_window16s_stride1s-epo,delta
1104,0.00022264306313183037,patient10_window16s_stride1s-epo,delta
1105,-0.0008709013108368046,patient10_window16s_stride1s-epo,delta
1106,-0.0006972846888560365,patient10_window16s_stride1s-epo,delta
1107,-0.0006697076575964685,patient10_window16s_stride1s-epo,delta
1108,-0.0016420207406447115,patient10_window16s_stride1s-epo,delta
1109,-0.0016806753842964288,patient10_window16s_stride1s-epo,delta
1110,-0.0013102019044193426,patient10_window16s_stride1s-epo,delta
1111,-0.0015067998450160923,patient10_window16s_stride1s-epo,delta
1112,-0.002136394772019401,patient10_window16s_stride1s-epo,delta
1113,-0.0011786260061223493,patient10_window16s_stride1s-epo,delta
1114,-0.0010198428411072901,patient10_window16s_stride1s-epo,delta
1115,-0.0004120719502860285,patient10_window16s_stride1s-epo,delta
1116,-0.0010753920101556644,patient10_window16s_stride1s-epo,delta
1117,-0.001271329853561568,patient10_window16s_stride1s-epo,delta
1118,-0.00030627851380079417,patient10_window16s_stride1s-epo,delta
1119,-0.0003474221866319383,patient10_window16s_stride1s-epo,delta
1120,-0.0005645812492607314,patient10_window16s_stride1s-epo,delta
1121,0.00042178991410710413,patient10_window16s_stride1s-epo,delta
1122,0.00038796026922465306,patient10_window16s_stride1s-epo,delta
1123,0.0012895328278668442,patient10_window16s_stride1s-epo,delta
1124,0.0017108852709884076,patient10_window16s_stride1s-epo,delta
1125,0.001206939298331521,patient10_window16s_stride1s-epo,delta
1126,0.0019229150188813287,patient10_window16s_stride1s-epo,delta
1127,0.0006553928496045956,patient10_window16s_stride1s-epo,delta
1128,0.0016193042356476748,patient10_window16s_stride1s-epo,delta
1129,0.0009889904150041573,patient10_window16s_stride1s-epo,delta
1130,0.0001255433913439911,patient10_window16s_stride1s-epo,delta
1131,0.0006708449241734934,patient10_window16s_stride1s-epo,delta
1132,0.0005091998447709501,patient10_window16s_stride1s-epo,delta
1133,-5.483866170856226e-05,patient10_window16s_stride1s-epo,delta
1134,0.0005299238878776922,patient10_window16s_stride1s-epo,delta
1135,0.00029141870308482,patient10_window16s_stride1s-epo,delta
1136,-0.0001389939896295776,patient10_window16s_stride1s-epo,delta
1137,-0.00035232861976509076,patient10_window16s_stride1s-epo,delta
1138,-0.00032915554196736213,patient10_window16s_stride1s-epo,delta
1139,-0.00030510998529666963,patient10_window16s_stride1s-epo,delta
1140,-0.00010674271613441186,patient10_window16s_stride1s-epo,delta
1141,-0.0004734485844950462,patient10_window16s_stride1s-epo,delta
1142,0.0008063953791854438,patient10_window16s_stride1s-epo,delta
1143,0.00033966582034293313,patient10_window16s_stride1s-epo,delta
1144,-0.0001583182290315271,patient10_window16s_stride1s-epo,delta
1145,0.00035031810723197554,patient10_window16s_stride1s-epo,delta
1146,-0.00028330683935437814,patient10_window16s_stride1s-epo,delta
1147,-0.0004551256999386071,patient10_window16s_stride1s-epo,delta
1148,-0.0007417933073707534,patient10_window16s_stride1s-epo,delta
1149,-0.001267233205634617,patient10_window16s_stride1s-epo,delta
1150,-0.0017126940534299884,patient10_window16s_stride1s-epo,delta
1151,-0.0018477934452407114,patient10_window16s_stride1s-epo,delta
1152,-0.0013808226748785858,patient10_window16s_stride1s-epo,delta
1153,-0.0006871480795363505,patient10_window16s_stride1s-epo,delta
1154,-0.000552582036090323,patient10_window16s_stride1s-epo,delta
1155,-0.0005373448514876818,patient10_window16s_stride1s-epo,delta
1156,-0.0004776739968127776,patient10_window16s_stride1s-epo,delta
1157,-3.4028891297559955e-05,patient10_window16s_stride1s-epo,delta
1158,9.87596137241535e-05,patient10_window16s_stride1s-epo,delta
1159,7.077667619846654e-05,patient10_window16s_stride1s-epo,delta
1160,0.000337782209090867,patient10_window16s_stride1s-epo,delta
1161,0.0009278026190441121,patient10_window16s_stride1s-epo,delta
1162,0.0006425659340554651,patient10_window16s_stride1s-epo,delta
1163,0.0005433143067373307,patient10_window16s_stride1s-epo,delta
1164,0.0010442070514057162,patient10_window16s_stride1s-epo,delta
1165,0.000957790196340634,patient10_window16s_stride1s-epo,delta
1166,0.001822001149321284,patient10_window16s_stride1s-epo,delta
1167,0.0021674553504305544,patient10_window16s_stride1s-epo,delta
1168,0.0028488207526433783,patient10_window16s_stride1s-epo,delta
1169,0.002204229977087531,patient10_window16s_stride1s-epo,delta
1170,0.0027873318058830084,patient10_window16s_stride1s-epo,delta
1171,0.0033183986597256536,patient10_window16s_stride1s-epo,delta
1172,0.003271112257672641,patient10_window16s_stride1s-epo,delta
1173,0.003431133814363794,patient10_window16s_stride1s-epo,delta
1174,0.0022361486844420593,patient10_window16s_stride1s-epo,delta
1175,0.0031612448683839348,patient10_window16s_stride1s-epo,delta
1176,0.0026908061495210015,patient10_window16s_stride1s-epo,delta
1177,0.00268707046145014,patient10_window16s_stride1s-epo,delta
1178,0.0023262929031592494,patient10_window16s_stride1s-epo,delta
1179,0.0030643205240624485,patient10_window16s_stride1s-epo,delta
1180,0.0023499299009439242,patient10_window16s_stride1s-epo,delta
1181,0.0024924237465884314,patient10_window16s_stride1s-epo,delta
1182,0.002007484705391129,patient10_window16s_stride1s-epo,delta
1183,0.002262346682551161,patient10_window16s_stride1s-epo,delta
1184,0.002574507833518269,patient10_window16s_stride1s-epo,delta
1185,0.0023216637195864567,patient10_window16s_stride1s-epo,delta
1186,0.0016995859304246076,patient10_window16s_stride1s-epo,delta
1187,0.00316826574542757,patient10_window16s_stride1s-epo,delta
1188,0.0035360674141048567,patient10_window16s_stride1s-epo,delta
1189,0.0028812556819800047,patient10_window16s_stride1s-epo,delta
1190,0.0031339629278199638,patient10_window16s_stride1s-epo,delta
1191,0.0017078202669547355,patient10_window16s_stride1s-epo,delta
1192,0.002581525635669698,patient10_window16s_stride1s-epo,delta
1193,0.002804710992652435,patient10_window16s_stride1s-epo,delta
1194,0.0036282975007576822,patient10_window16s_stride1s-epo,delta
1195,0.0033851345335007615,patient10_window16s_stride1s-epo,delta
1196,0.002814581750128819,patient10_window16s_stride1s-epo,delta
1197,0.0020529416769172835,patient10_window16s_stride1s-epo,delta
1198,0.0031164395353552375,patient10_window16s_stride1s-epo,delta
1199,0.0016399343055126603,patient10_window16s_stride1s-epo,delta
1200,0.000530649975111624,patient10_window16s_stride1s-epo,delta
1201,0.00010016112820232777,patient10_window16s_stride1s-epo,delta
1202,-0.0008363589483725537,patient10_window16s_stride1s-epo,delta
1203,-0.0006152240927487201,patient10_window16s_stride1s-epo,delta
1204,-0.0005211782434210037,patient10_window16s_stride1s-epo,delta
1205,-0.0004218314411127307,patient10_window16s_stride1s-epo,delta
1206,-0.001173350132072228,patient10_window16s_stride1s-epo,delta
1207,-2.13105766155362e-05,patient10_window16s_stride1s-epo,delta
1208,0.0001354460193325883,patient10_window16s_stride1s-epo,delta
1209,0.0004392609504401615,patient10_window16s_stride1s-epo,delta
1210,-0.0004894754437337966,patient10_window16s_stride1s-epo,delta
1211,0.000840037853077459,patient10_window16s_stride1s-epo,delta
1212,0.000662288304792534,patient10_window16s_stride1s-epo,delta
1213,0.0006513944101887453,patient10_window16s_stride1s-epo,delta
1214,-0.0006895855710326669,patient10_window16s_stride1s-epo,delta
1215,0.0009932553235597844,patient10_window16s_stride1s-epo,delta
1216,0.002012345048573679,patient10_window16s_stride1s-epo,delta
1217,0.0025318415323548984,patient10_window16s_stride1s-epo,delta
1218,0.0016960423687670029,patient10_window16s_stride1s-epo,delta
1219,0.0024964675586546746,patient10_window16s_stride1s-epo,delta
1220,0.002273358375967144,patient10_window16s_stride1s-epo,delta
1221,0.001728235259956353,patient10_window16s_stride1s-epo,delta
1222,0.0027566364588176495,patient10_window16s_stride1s-epo,delta
1223,0.002515425594940348,patient10_window16s_stride1s-epo,delta
1224,0.0025311090384119053,patient10_window16s_stride1s-epo,delta
1225,0.002336743547442874,patient10_window16s_stride1s-epo,delta
1226,0.0006146080456612689,patient10_window16s_stride1s-epo,delta
1227,0.0010611808585761539,patient10_window16s_stride1s-epo,delta
1228,0.0011150115022395752,patient10_window16s_stride1s-epo,delta
1229,0.001542524424952801,patient10_window16s_stride1s-epo,delta
1230,0.0006019508549190163,patient10_window16s_stride1s-epo,delta
1231,0.0008217195668460697,patient10_window16s_stride1s-epo,delta
1232,0.0012507671111709887,patient10_window16s_stride1s-epo,delta
1233,0.001095989690351324,patient10_window16s_stride1s-epo,delta
1234,8.49725649378899e-06,patient10_window16s_stride1s-epo,delta
1235,6.797676702498996e-06,patient10_window16s_stride1s-epo,delta
1236,-0.0005156099037049619,patient10_window16s_stride1s-epo,delta
1237,-0.0018456658381318682,patient10_window16s_stride1s-epo,delta
1238,-0.0016534116461036285,patient10_window16s_stride1s-epo,delta
1239,-0.0016890565881455307,patient10_window16s_stride1s-epo,delta
1240,-0.0017125691508166514,patient10_window16s_stride1s-epo,delta
1241,-0.0022560058529522177,patient10_window16s_stride1s-epo,delta
1242,-0.0018280859724592344,patient10_window16s_stride1s-epo,delta
1243,-0.0015306255047129803,patient10_window16s_stride1s-epo,delta
1244,-0.0020774559133931512,patient10_window16s_stride1s-epo,delta
1245,-0.0014331081056353295,patient10_window16s_stride1s-epo,delta
1246,-0.000983844867472921,patient10_window16s_stride1s-epo,delta
1247,-0.001769144664948369,patient10_window16s_stride1s-epo,delta
1248,-0.0011671586677265736,patient10_window16s_stride1s-epo,delta
1249,-0.002473006717373459,patient10_window16s_stride1s-epo,delta
1250,-0.0012780434755350473,patient10_window16s_stride1s-epo,delta
1251,-0.0016674898082782617,patient10_window16s_stride1s-epo,delta
1252,-0.0020211886017786887,patient10_window16s_stride1s-epo,delta
1253,-0.0016769916426323233,patient10_window16s_stride1s-epo,delta
1254,-0.001874291695934556,patient10_window16s_stride1s-epo,delta
1255,-0.0020901149416656197,patient10_window16s_stride1s-epo,delta
1256,-0.0031178984814619745,patient10_window16s_stride1s-epo,delta
1257,-0.0032475645674890784,patient10_window16s_stride1s-epo,delta
1258,-0.0034489354422012177,patient10_window16s_stride1s-epo,delta
1259,-0.003558157865420162,patient10_window16s_stride1s-epo,delta
1260,-0.0033096427659400946,patient10_window16s_stride1s-epo,delta
1261,-0.003041404615420119,patient10_window16s_stride1s-epo,delta
1262,-0.002219645424159985,patient10_window16s_stride1s-epo,delta
1263,-0.0020727911686684868,patient10_window16s_stride1s-epo,delta
1264,-0.0015303094348326357,patient10_window16s_stride1s-epo,delta
1265,-0.0011378404412323594,patient10_window16s_stride1s-epo,delta
1266,-0.0009517635866276541,patient10_window16s_stride1s-epo,delta
1267,-0.00010382262831766916,patient10_window16s_stride1s-epo,delta
1268,0.00023238385056555146,patient10_window16s_stride1s-epo,delta
1269,-1.6753293406354246e-05,patient10_window16s_stride1s-epo,delta
1270,-0.0007511198785422151,patient10_window16s_stride1s-epo,delta
1271,-9.072900502499927e-05,patient10_window16s_stride1s-epo,delta
1272,-0.0006006652040752447,patient10_window16s_stride1s-epo,delta
1273,0.00013813662487035033,patient10_window16s_stride1s-epo,delta
1274,-0.0002137254096724901,patient10_window16s_stride1s-epo,delta
1275,-0.0007620138417290815,patient10_window16s_stride1s-epo,delta
1276,-0.0004125117040663564,patient10_window16s_stride1s-epo,delta
1277,1.7419293082505206e-05,patient10_window16s_stride1s-epo,delta
1278,0.0009216845430100729,patient10_window16s_stride1s-epo,delta
1279,0.00012754603797523,patient10_window16s_stride1s-epo,delta
1280,-0.001150917862567372,patient10_window16s_stride1s-epo,delta
1281,-0.0019995151895256555,patient10_window16s_stride1s-epo,delta
1282,-0.0014972892366771368,patient10_window16s_stride1s-epo,delta
1283,-0.0010845168349117654,patient10_window16s_stride1s-epo,delta
1284,-0.0015597320482326653,patient10_window16s_stride1s-epo,delta
1285,-0.0005975189340503615,patient10_window16s_stride1s-epo,delta
1286,-0.0006995429572309024,patient10_window16s_stride1s-epo,delta
1287,-0.0003578323645600326,patient10_window16s_stride1s-epo,delta
1288,-0.0007760694599869439,patient10_window16s_stride1s-epo,delta
1289,-0.00030043885589305157,patient10_window16s_stride1s-epo,delta
1290,6.247283796870957e-06,patient10_window16s_stride1s-epo,delta
1291,-0.00011194323738288281,patient10_window16s_stride1s-epo,delta
1292,-0.0005686745149535204,patient10_window16s_stride1s-epo,delta
1293,-0.0010753597990745814,patient10_window16s_stride1s-epo,delta
1294,-0.001009110713547862,patient10_window16s_stride1s-epo,delta
1295,-0.001050068369263369,patient10_window16s_stride1s-epo,delta
1296,-0.0011077303233655172,patient10_window16s_stride1s-epo,delta
1297,-0.0015416439183133168,patient10_window16s_stride1s-epo,delta
1298,-0.0011797196931125715,patient10_window16s_stride1s-epo,delta
1299,-0.0017721778459385364,patient10_window16s_stride1s-epo,delta
1300,-0.0010718115740479793,patient10_window16s_stride1s-epo,delta
1301,-0.0012910267144805026,patient10_window16s_stride1s-epo,delta
1302,-0.0012358911886127192,patient10_window16s_stride1s-epo,delta
1303,-0.0005191441835082814,patient10_window16s_stride1s-epo,delta
1304,-0.0005631932750763181,patient10_window16s_stride1s-epo,delta
1305,-0.0008299397629408197,patient10_window16s_stride1s-epo,delta
1306,-0.0015918071628005263,patient10_window16s_stride1s-epo,delta
1307,-0.0009509692971988481,patient10_window16s_stride1s-epo,delta
1308,-7.76650781583796e-05,patient10_window16s_stride1s-epo,delta
1309,-0.0005925385314807111,patient10_window16s_stride1s-epo,delta
1310,-0.0008145150555660339,patient10_window16s_stride1s-epo,delta
1311,-0.0003753926300740047,patient10_window16s_stride1s-epo,delta
1312,0.00032552111851223074,patient10_window16s_stride1s-epo,delta
1313,0.0013059624040243408,patient10_window16s_stride1s-epo,delta
1314,0.0006802456258417157,patient10_window16s_stride1s-epo,delta
1315,0.001162438094111546,patient10_window16s_stride1s-epo,delta
1316,0.0014412924781316133,patient10_window16s_stride1s-epo,delta
1317,0.0012935276638773962,patient10_window16s_stride1s-epo,delta
1318,0.002274708004308965,patient10_window16s_stride1s-epo,delta
1319,0.003364579584330158,patient10_window16s_stride1s-epo,delta
1320,0.0036129132470257303,patient10_window16s_stride1s-epo,delta
1321,0.0030121416049942082,patient10_window16s_stride1s-epo,delta
1322,0.0024698047108510147,patient10_window16s_stride1s-epo,delta
1323,0.00044903455620617916,patient10_window16s_stride1s-epo,delta
1324,-0.0006715175623810715,patient10_window16s_stride1s-epo,delta
1325,-0.0005418497092348133,patient10_window16s_stride1s-epo,delta
1326,-0.0002575451899399698,patient10_window16s_stride1s-epo,delta
1327,-0.0008218507432361641,patient10_window16s_stride1s-epo,delta
1328,-0.00068420639319639,patient10_window16s_stride1s-epo,delta
1329,-0.0005099990521566977,patient10_window16s_stride1s-epo,delta
1330,0.00017734945310981297,patient10_window16s_stride1s-epo,delta
1331,-0.00010668998744495185,patient10_window16s_stride1s-epo,delta
1332,-0.0005983554627006375,patient10_window16s_stride1s-epo,delta
1333,-0.0005859516442663248,patient10_window16s_stride1s-epo,delta
1334,-0.0019567459447424503,patient10_window16s_stride1s-epo,delta
1335,-0.001317227449880362,patient10_window16s_stride1s-epo,delta
1336,-0.0012708388472404842,patient10_window16s_stride1s-epo,delta
1337,-0.0024537134506285208,patient10_window16s_stride1s-epo,delta
1338,-0.0016684492111403778,patient10_window16s_stride1s-epo,delta
1339,-0.0010783762488830433,patient10_window16s_stride1s-epo,delta
1340,-0.00044848886064084145,patient10_window16s_stride1s-epo,delta
1341,-0.00047470486807771025,patient10_window16s_stride1s-epo,delta
1342,-0.00017349813305798156,patient10_window16s_stride1s-epo,delta
1343,-0.0006016458939424632,patient10_window16s_stride1s-epo,delta
1344,-0.00033628175779147563,patient10_window16s_stride1s-epo,delta
1345,-0.0006119406436463075,patient10_window16s_stride1s-epo,delta
1346,-0.0008391747450652704,patient10_window16s_stride1s-epo,delta
1347,-0.001171029634201483,patient10_window16s_stride1s-epo,delta
1348,-0.0019620798149997663,patient10_window16s_stride1s-epo,delta
1349,-0.0018128232685269002,patient10_window16s_stride1s-epo,delta
1350,-0.0009474248972526124,patient10_window16s_stride1s-epo,delta
1351,-0.0003931598443151282,patient10_window16s_stride1s-epo,delta
1352,-0.0006593035135967703,patient10_window16s_stride1s-epo,delta
1353,0.00019931332345946275,patient10_window16s_stride1s-epo,delta
1354,-0.0008031040708225813,patient10_window16s_stride1s-epo,delta
1355,-0.0007663254800629818,patient10_window16s_stride1s-epo,delta
1356,-0.0015304508157885583,patient10_window16s_stride1s-epo,delta
1357,-0.0017497780147649287,patient10_window16s_stride1s-epo,delta
1358,-0.0008049016447532338,patient10_window16s_stride1s-epo,delta
1359,-0.001131451764440738,patient10_window16s_stride1s-epo,delta
1360,-0.001135353142401372,patient10_window16s_stride1s-epo,delta
1361,-0.0009813340335253968,patient10_window16s_stride1s-epo,delta
1362,-0.0010955832283974668,patient10_window16s_stride1s-epo,delta
1363,-0.0011493713251202835,patient10_window16s_stride1s-epo,delta
1364,-0.00040223152260177925,patient10_window16s_stride1s-epo,delta
1365,-0.0012105136533319598,patient10_window16s_stride1s-epo,delta
1366,-0.0013072207063456298,patient10_window16s_stride1s-epo,delta
1367,-0.0012458286694369187,patient10_window16s_stride1s-epo,delta
1368,-0.0007040829855570739,patient10_window16s_stride1s-epo,delta
1369,-6.5117904940148575e-06,patient10_window16s_stride1s-epo,delta
1370,0.0006303744872945187,patient10_window16s_stride1s-epo,delta
1371,0.00039288237871868683,patient10_window16s_stride1s-epo,delta
1372,-0.0010993526238275817,patient10_window16s_stride1s-epo,delta
1373,-0.0012100461035642067,patient10_window16s_stride1s-epo,delta
1374,-0.001019058709638411,patient10_window16s_stride1s-epo,delta
1375,-0.0009312503947436007,patient10_window16s_stride1s-epo,delta
1376,-0.0014774951530663635,patient10_window16s_stride1s-epo,delta
1377,-0.0018596721265277262,patient10_window16s_stride1s-epo,delta
1378,-0.0015410941950638264,patient10_window16s_stride1s-epo,delta
1379,-0.001073431456245868,patient10_window16s_stride1s-epo,delta
1380,-0.0007382249152351132,patient10_window16s_stride1s-epo,delta
1381,-0.0008564541775951419,patient10_window16s_stride1s-epo,delta
1382,-0.001320430331694947,patient10_window16s_stride1s-epo,delta
1383,-0.001915208302340046,patient10_window16s_stride1s-epo,delta
1384,-0.001358638449663574,patient10_window16s_stride1s-epo,delta
1385,-0.0007808940634921263,patient10_window16s_stride1s-epo,delta
1386,-0.0013581262822081328,patient10_window16s_stride1s-epo,delta
1387,-0.0008776262758048446,patient10_window16s_stride1s-epo,delta
1388,-0.0009911324584655032,patient10_window16s_stride1s-epo,delta
1389,-0.0012314715972067693,patient10_window16s_stride1s-epo,delta
1390,-0.0012689467747581296,patient10_window16s_stride1s-epo,delta
1391,-0.0009960354940651193,patient10_window16s_stride1s-epo,delta
1392,-0.0005999290478876249,patient10_window16s_stride1s-epo,delta
1393,-0.001926832106875563,patient10_window16s_stride1s-epo,delta
1394,-0.002303268886848541,patient10_window16s_stride1s-epo,delta
1395,-0.0021618282897125124,patient10_window16s_stride1s-epo,delta
1396,-0.0018670926720592113,patient10_window16s_stride1s-epo,delta
1397,-6.422263690505822e-05,patient10_window16s_stride1s-epo,delta
1398,-0.0009852055027633174,patient10_window16s_stride1s-epo,delta
1399,-0.001022143110244974,patient10_window16s_stride1s-epo,delta
1400,-0.0008950533159442128,patient10_window16s_stride1s-epo,delta
1401,-0.00046272059258564127,patient10_window16s_stride1s-epo,delta
1402,0.0007220890148758679,patient10_window16s_stride1s-epo,delta
1403,0.000624683071980406,patient10_window16s_stride1s-epo,delta
1404,-0.00011728044675526366,patient10_window16s_stride1s-epo,delta
1405,-0.00034087396109438046,patient10_window16s_stride1s-epo,delta
1406,-0.0012477690884919758,patient10_window16s_stride1s-epo,delta
1407,-0.000583849559642171,patient10_window16s_stride1s-epo,delta
1408,-0.0005883857446414089,patient10_window16s_stride1s-epo,delta
1409,0.0004014576965797607,patient10_window16s_stride1s-epo,delta
1410,0.00096660789425052,patient10_window16s_stride1s-epo,delta
1411,0.0006591470952185985,patient10_window16s_stride1s-epo,delta
1412,0.00028927306085872246,patient10_window16s_stride1s-epo,delta
1413,0.0008904091921896971,patient10_window16s_stride1s-epo,delta
1414,0.0004521409005962424,patient10_window16s_stride1s-epo,delta
1415,-0.0004106850605947551,patient10_window16s_stride1s-epo,delta
1416,-0.0004806192445557185,patient10_window16s_stride1s-epo,delta
1417,-0.0009825049044022876,patient10_window16s_stride1s-epo,delta
1418,-0.001221337321208609,patient10_window16s_stride1s-epo,delta
1419,0.0006660048615963785,patient10_window16s_stride1s-epo,delta
1420,0.0016298356209301515,patient10_window16s_stride1s-epo,delta
1421,0.0016515745086337725,patient10_window16s_stride1s-epo,delta
1422,0.0010456153475624866,patient10_window16s_stride1s-epo,delta
1423,0.0010709368798761934,patient10_window16s_stride1s-epo,delta
1424,0.0014895398034648342,patient10_window16s_stride1s-epo,delta
1425,0.0009400994857094478,patient10_window16s_stride1s-epo,delta
1426,0.0016058440115588222,patient10_window16s_stride1s-epo,delta
1427,0.0011958937333576539,patient10_window16s_stride1s-epo,delta
1428,0.0013445367026388817,patient10_window16s_stride1s-epo,delta
1429,0.001221547963993341,patient10_window16s_stride1s-epo,delta
1430,0.00036998166754314865,patient10_window16s_stride1s-epo,delta
1431,0.0005872638831310087,patient10_window16s_stride1s-epo,delta
1432,0.0006646648583531618,patient10_window16s_stride1s-epo,delta
1433,5.2881777404380207e-05,patient10_window16s_stride1s-epo,delta
1434,0.0003698447927368683,patient10_window16s_stride1s-epo,delta
1435,-0.00022701918592164756,patient10_window16s_stride1s-epo,delta
1436,-0.0010772980296270636,patient10_window16s_stride1s-epo,delta
1437,-0.00040817066079850615,patient10_window16s_stride1s-epo,delta
1438,0.0001478393085478317,patient10_window16s_stride1s-epo,delta
1439,2.3072432374580345e-05,patient10_window16s_stride1s-epo,delta
1440,0.00012061804215307682,patient10_window16s_stride1s-epo,delta
1441,0.0013178013893973487,patient10_window16s_stride1s-epo,delta
1442,0.0010270445614690923,patient10_window16s_stride1s-epo,delta
1443,0.0005654026996334016,patient10_window16s_stride1s-epo,delta
1444,-0.0001719730949774138,patient10_window16s_stride1s-epo,delta
1445,0.00013589024107632042,patient10_window16s_stride1s-epo,delta
1446,0.00023204908782652469,patient10_window16s_stride1s-epo,delta
1447,1.146548168687576e-05,patient10_window16s_stride1s-epo,delta
1448,-0.00014687610281361778,patient10_window16s_stride1s-epo,delta
1449,0.00024376175304684336,patient10_window16s_stride1s-epo,delta
1450,0.00012158731657197996,patient10_window16s_stride1s-epo,delta
1451,8.457878264350173e-05,patient10_window16s_stride1s-epo,delta
1452,0.0005172324925870937,patient10_window16s_stride1s-epo,delta
1453,8.062015107576194e-05,patient10_window16s_stride1s-epo,delta
1454,0.00033120575070401886,patient10_window16s_stride1s-epo,delta
1455,-0.0002020919256202009,patient10_window16s_stride1s-epo,delta
1456,-0.0005915158464188027,patient10_window16s_stride1s-epo,delta
1457,0.00042213496806612895,patient10_window16s_stride1s-epo,delta
1458,0.00041687129004600417,patient10_window16s_stride1s-epo,delta
1459,-0.0003914382658591938,patient10_window16s_stride1s-epo,delta
1460,-0.0005515346626617892,patient10_window16s_stride1s-epo,delta
1461,-0.0001417500088223845,patient10_window16s_stride1s-epo,delta
1462,-0.0009288732692033814,patient10_window16s_stride1s-epo,delta
1463,0.0005536094845092866,patient10_window16s_stride1s-epo,delta
1464,0.0008460185462898307,patient10_window16s_stride1s-epo,delta
1465,0.001427708247205802,patient10_window16s_stride1s-epo,delta
1466,0.0015048642561767953,patient10_window16s_stride1s-epo,delta
1467,0.001407211023558567,patient10_window16s_stride1s-epo,delta
1468,0.0018773996942620585,patient10_window16s_stride1s-epo,delta
1469,0.001086639740912817,patient10_window16s_stride1s-epo,delta
1470,0.0011703449864801025,patient10_window16s_stride1s-epo,delta
1471,0.0011903703323446187,patient10_window16s_stride1s-epo,delta
1472,0.0013318638760989796,patient10_window16s_stride1s-epo,delta
1473,0.0008660513456221174,patient10_window16s_stride1s-epo,delta
1474,0.0009688398105162986,patient10_window16s_stride1s-epo,delta
1475,0.0009196518497309132,patient10_window16s_stride1s-epo,delta
1476,0.0014978742351585675,patient10_window16s_stride1s-epo,delta
1477,0.001082152308696327,patient10_window16s_stride1s-epo,delta
1478,0.000657271818636331,patient10_window16s_stride1s-epo,delta
1479,0.0009727965888280059,patient10_window16s_stride1s-epo,delta
1480,0.0007544907166297976,patient10_window16s_stride1s-epo,delta
1481,0.0007575417156920978,patient10_window16s_stride1s-epo,delta
1482,0.00043375221297806637,patient10_window16s_stride1s-epo,delta
1483,0.00015314263290664047,patient10_window16s_stride1s-epo,delta
1484,-0.00014255954985965306,patient10_window16s_stride1s-epo,delta
1485,-0.00034225970343691953,patient10_window16s_stride1s-epo,delta
1486,0.00013583861021229646,patient10_window16s_stride1s-epo,delta
1487,0.00041897835431238935,patient10_window16s_stride1s-epo,delta
1488,0.0004081408090491475,patient10_window16s_stride1s-epo,delta
1489,-0.0011114456538778967,patient10_window16s_stride1s-epo,delta
1490,-0.0009744939933053112,patient10_window16s_stride1s-epo,delta
1491,-0.0017179439355325579,patient10_window16s_stride1s-epo,delta
1492,-0.0015879458427689394,patient10_window16s_stride1s-epo,delta
1493,-0.001067411977235928,patient10_window16s_stride1s-epo,delta
1494,-0.001332703442989541,patient10_window16s_stride1s-epo,delta
1495,-0.0008312363726257273,patient10_window16s_stride1s-epo,delta
1496,-0.0006607024547097767,patient10_window16s_stride1s-epo,delta
1497,-0.0005056514148252391,patient10_window16s_stride1s-epo,delta
1498,3.401599737322301e-05,patient10_window16s_stride1s-epo,delta
1499,-0.0009669880348256868,patient10_window16s_stride1s-epo,delta
1500,0.00010172920244752129,patient10_window16s_stride1s-epo,delta
1501,0.0008330594112552752,patient10_window16s_stride1s-epo,delta
1502,0.00016039448979193025,patient10_window16s_stride1s-epo,delta
1503,3.203748079965582e-05,patient10_window16s_stride1s-epo,delta
1504,0.00014657016867155562,patient10_window16s_stride1s-epo,delta
1505,0.002125490504637977,patient10_window16s_stride1s-epo,delta
1506,0.002532106918536144,patient10_window16s_stride1s-epo,delta
1507,0.0023185442410106815,patient10_window16s_stride1s-epo,delta
1508,0.003341859406704133,patient10_window16s_stride1s-epo,delta
1509,0.003319791779566558,patient10_window16s_stride1s-epo,delta
1510,0.0037608142129456124,patient10_window16s_stride1s-epo,delta
1511,0.00269981723888067,patient10_window16s_stride1s-epo,delta
1512,0.002994511359591249,patient10_window16s_stride1s-epo,delta
1513,0.002054988534053068,patient10_window16s_stride1s-epo,delta
1514,0.0019527524300832638,patient10_window16s_stride1s-epo,delta
1515,0.003333422964730178,patient10_window16s_stride1s-epo,delta
1516,0.0031408204080524563,patient10_window16s_stride1s-epo,delta
1517,0.002424524658791273,patient10_window16s_stride1s-epo,delta
1518,0.0014887494813453374,patient10_window16s_stride1s-epo,delta
1519,0.0013297059332299872,patient10_window16s_stride1s-epo,delta
1520,0.0015405710093436863,patient10_window16s_stride1s-epo,delta
1521,0.0019668829654656697,patient10_window16s_stride1s-epo,delta
1522,0.001667348990421452,patient10_window16s_stride1s-epo,delta
1523,0.001257195415715465,patient10_window16s_stride1s-epo,delta
1524,0.0004431119807763444,patient10_window16s_stride1s-epo,delta
1525,0.0004677640282331053,patient10_window16s_stride1s-epo,delta
1526,-0.00028441776547591814,patient10_window16s_stride1s-epo,delta
1527,-0.00046963368296779187,patient10_window16s_stride1s-epo,delta
1528,-0.0007103779195333378,patient10_window16s_stride1s-epo,delta
1529,-0.00021897574958399402,patient10_window16s_stride1s-epo,delta
1530,-0.0009098278935773308,patient10_window16s_stride1s-epo,delta
1531,-0.00026836715572990167,patient10_window16s_stride1s-epo,delta
1532,0.0011309049948294912,patient10_window16s_stride1s-epo,delta
1533,0.0006551001792496745,patient10_window16s_stride1s-epo,delta
1534,0.001034994313545392,patient10_window16s_stride1s-epo,delta
1535,0.001431840785528155,patient10_window16s_stride1s-epo,delta
1536,0.0018883173846452655,patient10_window16s_stride1s-epo,delta
1537,0.001840081698518756,patient10_window16s_stride1s-epo,delta
1538,0.0014752286766175368,patient10_window16s_stride1s-epo,delta
1539,0.0001788705378269867,patient10_window16s_stride1s-epo,delta
1540,0.0002869075441696417,patient10_window16s_stride1s-epo,delta
1541,-0.0005926598475369981,patient10_window16s_stride1s-epo,delta
1542,0.000980801226658437,patient10_window16s_stride1s-epo,delta
1543,0.000895180587831825,patient10_window16s_stride1s-epo,delta
1544,0.0003226161524419676,patient10_window16s_stride1s-epo,delta
1545,0.0003062456390826572,patient10_window16s_stride1s-epo,delta
1546,0.00047791627006510575,patient10_window16s_stride1s-epo,delta
1547,0.0010474060859199422,patient10_window16s_stride1s-epo,delta
1548,0.0003025112762637083,patient10_window16s_stride1s-epo,delta
1549,0.000580624070284562,patient10_window16s_stride1s-epo,delta
1550,0.0008766428210560127,patient10_window16s_stride1s-epo,delta
1551,0.0010736357093121492,patient10_window16s_stride1s-epo,delta
1552,0.001143418839065401,patient10_window16s_stride1s-epo,delta
1553,0.00026065599383073195,patient10_window16s_stride1s-epo,delta
1554,0.001473857844181229,patient10_window16s_stride1s-epo,delta
1555,0.0010892942679290984,patient10_window16s_stride1s-epo,delta
1556,0.000792074693855969,patient10_window16s_stride1s-epo,delta
1557,0.0019080829077115914,patient10_window16s_stride1s-epo,delta
1558,0.0015539852466047684,patient10_window16s_stride1s-epo,delta
1559,0.0018064760187003503,patient10_window16s_stride1s-epo,delta
1560,0.0012871947931523179,patient10_window16s_stride1s-epo,delta
1561,0.0014397017144359247,patient10_window16s_stride1s-epo,delta
1562,0.00037877741524893903,patient10_window16s_stride1s-epo,delta
1563,0.00023847309841739593,patient10_window16s_stride1s-epo,delta
1564,0.0009373606363891133,patient10_window16s_stride1s-epo,delta
1565,0.0006391911365064963,patient10_window16s_stride1s-epo,delta
1566,8.525964624154174e-05,patient10_window16s_stride1s-epo,delta
1567,-0.0008740718234830415,patient10_window16s_stride1s-epo,delta
1568,-0.00026112974452364106,patient10_window16s_stride1s-epo,delta
1569,-0.0012953859266271153,patient10_window16s_stride1s-epo,delta
1570,-0.0014451514235570262,patient10_window16s_stride1s-epo,delta
1571,-0.0009278291071573289,patient10_window16s_stride1s-epo,delta
1572,-0.001484970986464539,patient10_window16s_stride1s-epo,delta
1573,-0.002556864363854371,patient10_window16s_stride1s-epo,delta
1574,-0.002405490188195949,patient10_window16s_stride1s-epo,delta
1575,-0.0018014660442081329,patient10_window16s_stride1s-epo,delta
1576,-0.0008352792647184634,patient10_window16s_stride1s-epo,delta
1577,-0.0011429428225411553,patient10_window16s_stride1s-epo,delta
1578,-0.0012274964073888891,patient10_window16s_stride1s-epo,delta
1579,-0.0017095709954228894,patient10_window16s_stride1s-epo,delta
1580,-0.0017357792600105498,patient10_window16s_stride1s-epo,delta
1581,-0.0011490782285652676,patient10_window16s_stride1s-epo,delta
1582,-0.0010115646710797642,patient10_window16s_stride1s-epo,delta
1583,8.92169845489272e-05,patient10_window16s_stride1s-epo,delta
1584,0.00036912942190049473,patient10_window16s_stride1s-epo,delta
1585,-0.0003849129299794206,patient10_window16s_stride1s-epo,delta
1586,0.0005135358063516753,patient10_window16s_stride1s-epo,delta
1587,0.0005087501280503355,patient10_window16s_stride1s-epo,delta
1588,0.0009033449994562667,patient10_window16s_stride1s-epo,delta
1589,0.0012685850966412168,patient10_window16s_stride1s-epo,delta
1590,0.0013989093020008278,patient10_window16s_stride1s-epo,delta
1591,0.0014086916930462067,patient10_window16s_stride1s-epo,delta
1592,0.00019926488640993408,patient10_window16s_stride1s-epo,delta
1593,0.00042607914286230814,patient10_window16s_stride1s-epo,delta
1594,0.0010795904203513267,patient10_window16s_stride1s-epo,delta
1595,0.0005168949216311027,patient10_window16s_stride1s-epo,delta
1596,0.0001932857361101094,patient10_window16s_stride1s-epo,delta
1597,0.0010014040949411602,patient10_window16s_stride1s-epo,delta
1598,0.0007137339046463685,patient10_window16s_stride1s-epo,delta
1599,0.00025494552350174046,patient10_window16s_stride1s-epo,delta
1600,-0.0005809207411825602,patient10_window16s_stride1s-epo,delta
1601,-0.0012176666623767453,patient10_window16s_stride1s-epo,delta
1602,-0.0005947736242234129,patient10_window16s_stride1s-epo,delta
1603,-7.362494088930347e-05,patient10_window16s_stride1s-epo,delta
1604,9.845890668845576e-05,patient10_window16s_stride1s-epo,delta
1605,0.0002054746758869036,patient10_window16s_stride1s-epo,delta
1606,-0.00018735369592197323,patient10_window16s_stride1s-epo,delta
1607,0.0004779307226606782,patient10_window16s_stride1s-epo,delta
1608,0.001504818437200892,patient10_window16s_stride1s-epo,delta
1609,0.0012195189414002023,patient10_window16s_stride1s-epo,delta
1610,3.2337839527094075e-05,patient10_window16s_stride1s-epo,delta
1611,0.0004918523817078893,patient10_window16s_stride1s-epo,delta
1612,0.001060536719140567,patient10_window16s_stride1s-epo,delta
1613,0.0009387334889945174,patient10_window16s_stride1s-epo,delta
1614,0.0021877624159472556,patient10_window16s_stride1s-epo,delta
1615,0.002355405487294634,patient10_window16s_stride1s-epo,delta
1616,0.002920020489219023,patient10_window16s_stride1s-epo,delta
1617,0.0030320929816323935,patient10_window16s_stride1s-epo,delta
1618,0.0032968667528138094,patient10_window16s_stride1s-epo,delta
1619,0.0031282641880094825,patient10_window16s_stride1s-epo,delta
1620,0.0032312125305338146,patient10_window16s_stride1s-epo,delta
1621,0.003321735617081512,patient10_window16s_stride1s-epo,delta
1622,0.003955692381632567,patient10_window16s_stride1s-epo,delta
1623,0.0037341094076600635,patient10_window16s_stride1s-epo,delta
1624,0.0028598115396784468,patient10_window16s_stride1s-epo,delta
1625,0.0026898258924628517,patient10_window16s_stride1s-epo,delta
1626,0.0027090369604803083,patient10_window16s_stride1s-epo,delta
1627,0.0025357976866248644,patient10_window16s_stride1s-epo,delta
1628,0.003107377709897159,patient10_window16s_stride1s-epo,delta
1629,0.0026315641946549613,patient10_window16s_stride1s-epo,delta
1630,0.0022085967335026104,patient10_window16s_stride1s-epo,delta
1631,0.0030095210998058227,patient10_window16s_stride1s-epo,delta
1632,0.0029295379546493685,patient10_window16s_stride1s-epo,delta
1633,0.002236585315393048,patient10_window16s_stride1s-epo,delta
1634,0.0016914829354686216,patient10_window16s_stride1s-epo,delta
1635,0.0023858522108348747,patient10_window16s_stride1s-epo,delta
1636,0.0023086194932307124,patient10_window16s_stride1s-epo,delta
1637,0.002115913605518388,patient10_window16s_stride1s-epo,delta
1638,0.002773571746877439,patient10_window16s_stride1s-epo,delta
1639,0.0012548076701713083,patient10_window16s_stride1s-epo,delta
1640,0.0010419932946312694,patient10_window16s_stride1s-epo,delta
1641,0.0014685996486872202,patient10_window16s_stride1s-epo,delta
1642,0.0006654231679789027,patient10_window16s_stride1s-epo,delta
1643,6.351923805094408e-05,patient10_window16s_stride1s-epo,delta
1644,-0.00042345061872388134,patient10_window16s_stride1s-epo,delta
1645,-0.0002680098647644319,patient10_window16s_stride1s-epo,delta
1646,-5.700149467612171e-05,patient10_window16s_stride1s-epo,delta
1647,-0.0007155150111586246,patient10_window16s_stride1s-epo,delta
1648,-0.0015511390820874375,patient10_window16s_stride1s-epo,delta
1649,-0.001540695114309117,patient10_window16s_stride1s-epo,delta
1650,-0.0016649426625871622,patient10_window16s_stride1s-epo,delta
1651,-0.001077433836608164,patient10_window16s_stride1s-epo,delta
1652,-0.001509891731692331,patient10_window16s_stride1s-epo,delta
1653,-0.001213837815915186,patient10_window16s_stride1s-epo,delta
1654,-0.0014092431136199688,patient10_window16s_stride1s-epo,delta
1655,-0.0010129855991493518,patient10_window16s_stride1s-epo,delta
1656,-0.0007815413910142253,patient10_window16s_stride1s-epo,delta
1657,-0.0009780511765619517,patient10_window16s_stride1s-epo,delta
1658,-0.0011754672325464993,patient10_window16s_stride1s-epo,delta
1659,-0.0003679059667164686,patient10_window16s_stride1s-epo,delta
1660,-0.000567249728148753,patient10_window16s_stride1s-epo,delta
1661,0.000432106849096122,patient10_window16s_stride1s-epo,delta
1662,-0.00018534167281237973,patient10_window16s_stride1s-epo,delta
1663,0.0013376790395187364,patient10_window16s_stride1s-epo,delta
1664,0.0015497136965834466,patient10_window16s_stride1s-epo,delta
1665,0.0012032687152258228,patient10_window16s_stride1s-epo,delta
1666,-0.0005674718654868038,patient10_window16s_stride1s-epo,delta
1667,0.00043512319250090783,patient10_window16s_stride1s-epo,delta
1668,-0.0005469191632909362,patient10_window16s_stride1s-epo,delta
1669,-0.0008028705024592941,patient10_window16s_stride1s-epo,delta
1670,-0.00013532160290931353,patient10_window16s_stride1s-epo,delta
1671,-0.000963524755809134,patient10_window16s_stride1s-epo,delta
1672,-0.00011287991567295566,patient10_window16s_stride1s-epo,delta
1673,-0.0005336228565571904,patient10_window16s_stride1s-epo,delta
1674,5.095058206241467e-07,patient10_window16s_stride1s-epo,delta
1675,-0.00019569529906165417,patient10_window16s_stride1s-epo,delta
1676,-0.00040232682901206076,patient10_window16s_stride1s-epo,delta
1677,-0.0017565656205082976,patient10_window16s_stride1s-epo,delta
1678,-0.001304854701005254,patient10_window16s_stride1s-epo,delta
1679,-0.0014793365867435573,patient10_window16s_stride1s-epo,delta
1680,-0.0016083658744862098,patient10_window16s_stride1s-epo,delta
1681,-0.0001418242246397922,patient10_window16s_stride1s-epo,delta
1682,-0.0012300646456106375,patient10_window16s_stride1s-epo,delta
1683,-0.0004959655822560019,patient10_window16s_stride1s-epo,delta
1684,-0.0014459446244656433,patient10_window16s_stride1s-epo,delta
1685,-0.0007307421358382495,patient10_window16s_stride1s-epo,delta
1686,-0.0020153692394770874,patient10_window16s_stride1s-epo,delta
1687,-0.0021910386720301804,patient10_window16s_stride1s-epo,delta
1688,-0.002646103627446665,patient10_window16s_stride1s-epo,delta
1689,-0.0026000010893070208,patient10_window16s_stride1s-epo,delta
1690,-0.0028757425002332595,patient10_window16s_stride1s-epo,delta
1691,-0.003205281687994413,patient10_window16s_stride1s-epo,delta
1692,-0.0027188245988155803,patient10_window16s_stride1s-epo,delta
1693,-0.0031067675658405973,patient10_window16s_stride1s-epo,delta
1694,-0.002252755140436766,patient10_window16s_stride1s-epo,delta
1695,-0.0026232316846381476,patient10_window16s_stride1s-epo,delta
1696,-0.002934649491013431,patient10_window16s_stride1s-epo,delta
1697,-0.002027648881150476,patient10_window16s_stride1s-epo,delta
1698,-0.0016972558225087431,patient10_window16s_stride1s-epo,delta
1699,-0.001826515768109731,patient10_window16s_stride1s-epo,delta
1700,-0.001028293409530709,patient10_window16s_stride1s-epo,delta
1701,-0.000884013837250488,patient10_window16s_stride1s-epo,delta
1702,-0.001256777511670468,patient10_window16s_stride1s-epo,delta
1703,-0.0007027101000235959,patient10_window16s_stride1s-epo,delta
1704,-0.00045759699084388817,patient10_window16s_stride1s-epo,delta
1705,-0.00046986942091698425,patient10_window16s_stride1s-epo,delta
1706,-0.00031128289988095916,patient10_window16s_stride1s-epo,delta
1707,-4.0768348175241805e-05,patient10_window16s_stride1s-epo,delta
1708,0.0005338721762209232,patient10_window16s_stride1s-epo,delta
1709,0.0011634756465137791,patient10_window16s_stride1s-epo,delta
1710,0.0003785256275102225,patient10_window16s_stride1s-epo,delta
1711,0.001317493897929416,patient10_window16s_stride1s-epo,delta
1712,0.000962172500963775,patient10_window16s_stride1s-epo,delta
1713,0.00030046757468971266,patient10_window16s_stride1s-epo,delta
1714,0.000661938178862381,patient10_window16s_stride1s-epo,delta
1715,-0.00036944289155187675,patient10_window16s_stride1s-epo,delta
1716,8.156368516336443e-05,patient10_window16s_stride1s-epo,delta
1717,0.0010177338408186931,patient10_window16s_stride1s-epo,delta
1718,-0.0003633183298338167,patient10_window16s_stride1s-epo,delta
1719,-0.00045489935502967367,patient10_window16s_stride1s-epo,delta
1720,-0.00047011064764410727,patient10_window16s_stride1s-epo,delta
1721,0.00045111108629800566,patient10_window16s_stride1s-epo,delta
1722,0.00033077601777886564,patient10_window16s_stride1s-epo,delta
1723,0.0003048469458828831,patient10_window16s_stride1s-epo,delta
1724,0.000898353188616387,patient10_window16s_stride1s-epo,delta
1725,0.0009712970295547153,patient10_window16s_stride1s-epo,delta
1726,0.0003114401306747069,patient10_window16s_stride1s-epo,delta
1727,-0.0001752799722783664,patient10_window16s_stride1s-epo,delta
1728,0.00031216990071293116,patient10_window16s_stride1s-epo,delta
1729,0.0001238060324424689,patient10_window16s_stride1s-epo,delta
1730,0.000467358729927355,patient10_window16s_stride1s-epo,delta
1731,-0.0005159832977659455,patient10_window16s_stride1s-epo,delta
1732,-0.001160458237851917,patient10_window16s_stride1s-epo,delta
1733,-0.00046155427356064504,patient10_window16s_stride1s-epo,delta
1734,-0.0009203907707067971,patient10_window16s_stride1s-epo,delta
1735,-0.0008342780406011134,patient10_window16s_stride1s-epo,delta
1736,-0.001121523929555616,patient10_window16s_stride1s-epo,delta
1737,-0.001300622587641756,patient10_window16s_stride1s-epo,delta
1738,-0.0008518027795150659,patient10_window16s_stride1s-epo,delta
1739,-0.0016531362511758027,patient10_window16s_stride1s-epo,delta
1740,-0.0015239335398819953,patient10_window16s_stride1s-epo,delta
1741,-0.0022008214318937295,patient10_window16s_stride1s-epo,delta
1742,-0.0014003231635292771,patient10_window16s_stride1s-epo,delta
1743,-0.0012386300832828846,patient10_window16s_stride1s-epo,delta
1744,-0.0007004623110496158,patient10_window16s_stride1s-epo,delta
1745,-0.0012595570824760712,patient10_window16s_stride1s-epo,delta
1746,-0.0008137410668271749,patient10_window16s_stride1s-epo,delta
1747,-0.0003897559363137349,patient10_window16s_stride1s-epo,delta
1748,-0.0006403184008727636,patient10_window16s_stride1s-epo,delta
1749,-0.0009604916398492909,patient10_window16s_stride1s-epo,delta
1750,0.00021072442243649466,patient10_window16s_stride1s-epo,delta
1751,0.0009240248105806343,patient10_window16s_stride1s-epo,delta
1752,0.000709006033551046,patient10_window16s_stride1s-epo,delta
1753,0.0003759500062435308,patient10_window16s_stride1s-epo,delta
1754,0.0004355033992369224,patient10_window16s_stride1s-epo,delta
1755,-0.0009675928935530386,patient10_window16s_stride1s-epo,delta
1756,-0.0010517773432170974,patient10_window16s_stride1s-epo,delta
1757,-0.00017997104123876085,patient10_window16s_stride1s-epo,delta
1758,-0.00012014869210081659,patient10_window16s_stride1s-epo,delta
1759,6.360018931003033e-05,patient10_window16s_stride1s-epo,delta
1760,-0.0003896781160871208,patient10_window16s_stride1s-epo,delta
1761,-0.0003274293711593951,patient10_window16s_stride1s-epo,delta
1762,0.0005995204667175835,patient10_window16s_stride1s-epo,delta
1763,-0.000553811735648916,patient10_window16s_stride1s-epo,delta
1764,-0.0014497529413294813,patient10_window16s_stride1s-epo,delta
1765,-0.0023743314076475914,patient10_window16s_stride1s-epo,delta
1766,-0.0022805629420481017,patient10_window16s_stride1s-epo,delta
1767,-0.0022519742173264194,patient10_window16s_stride1s-epo,delta
1768,-0.0021515507837887196,patient10_window16s_stride1s-epo,delta
1769,-0.0027123230952551987,patient10_window16s_stride1s-epo,delta
1770,-0.002573193429392482,patient10_window16s_stride1s-epo,delta
1771,-0.0011450267684313055,patient10_window16s_stride1s-epo,delta
1772,-0.0011763982785247024,patient10_window16s_stride1s-epo,delta
1773,-0.002158545678690001,patient10_window16s_stride1s-epo,delta
1774,-0.0025249332812915712,patient10_window16s_stride1s-epo,delta
1775,-0.0022384607720150754,patient10_window16s_stride1s-epo,delta
1776,-0.0024187483992910643,patient10_window16s_stride1s-epo,delta
1777,-0.0013246151844667857,patient10_window16s_stride1s-epo,delta
1778,-0.0008830481326828367,patient10_window16s_stride1s-epo,delta
1779,-0.0008478830253290954,patient10_window16s_stride1s-epo,delta
1780,-0.0015599512697126092,patient10_window16s_stride1s-epo,delta
1781,-0.0005437625238238657,patient10_window16s_stride1s-epo,delta
1782,-0.0007742888105550616,patient10_window16s_stride1s-epo,delta
1783,-0.000654696758840604,patient10_window16s_stride1s-epo,delta
1784,-0.001640938536394535,patient10_window16s_stride1s-epo,delta
1785,-0.00036735312098866614,patient10_window16s_stride1s-epo,delta
1786,-0.0003204066300269413,patient10_window16s_stride1s-epo,delta
1787,-0.0010199797900454874,patient10_window16s_stride1s-epo,delta
1788,-0.0011479548906289624,patient10_window16s_stride1s-epo,delta
1789,-0.00047707859577780077,patient10_window16s_stride1s-epo,delta
1790,-0.00016571763656114203,patient10_window16s_stride1s-epo,delta
1791,-0.00023646295096417847,patient10_window16s_stride1s-epo,delta
1792,0.0011142013492286642,patient10_window16s_stride1s-epo,delta
1793,0.00012589460292244218,patient10_window16s_stride1s-epo,delta
1794,5.741757416677296e-05,patient10_window16s_stride1s-epo,delta
1795,-0.0001417998094303529,patient10_window16s_stride1s-epo,delta
1796,-4.749701138034727e-05,patient10_window16s_stride1s-epo,delta
1797,0.0007167089897381861,patient10_window16s_stride1s-epo,delta
1798,0.0017103486830945265,patient10_window16s_stride1s-epo,delta
1799,0.0014140287535003078,patient10_window16s_stride1s-epo,delta
1800,0.0015012678634113458,patient10_window16s_stride1s-epo,delta
1801,0.0005895237340932495,patient10_window16s_stride1s-epo,delta
1802,0.0009504833959053599,patient10_window16s_stride1s-epo,delta
1803,-0.00012667561525232852,patient10_window16s_stride1s-epo,delta
1804,-0.0006691780170482805,patient10_window16s_stride1s-epo,delta
1805,-0.000493035134323894,patient10_window16s_stride1s-epo,delta
1806,-4.3585478580373773e-07,patient10_window16s_stride1s-epo,delta
1807,-5.062158978055277e-05,patient10_window16s_stride1s-epo,delta
1808,-0.0005422100829438161,patient10_window16s_stride1s-epo,delta
1809,-0.0002240919289078614,patient10_window16s_stride1s-epo,delta
1810,0.0007391876707667874,patient10_window16s_stride1s-epo,delta
1811,0.0008973835855965241,patient10_window16s_stride1s-epo,delta
1812,0.0005864585444771209,patient10_window16s_stride1s-epo,delta
1813,0.00018873833075801902,patient10_window16s_stride1s-epo,delta
1814,-0.00032549277114257653,patient10_window16s_stride1s-epo,delta
1815,0.0005474707564772726,patient10_window16s_stride1s-epo,delta
1816,5.22234905202285e-05,patient10_window16s_stride1s-epo,delta
1817,0.0009397474001068192,patient10_window16s_stride1s-epo,delta
1818,0.0007168610094978715,patient10_window16s_stride1s-epo,delta
1819,0.000809271224926752,patient10_window16s_stride1s-epo,delta
1820,0.0016645212076408786,patient10_window16s_stride1s-epo,delta
1821,0.001379172034724541,patient10_window16s_stride1s-epo,delta
1822,0.0014447049575055215,patient10_window16s_stride1s-epo,delta
1823,0.0009214473431490829,patient10_window16s_stride1s-epo,delta
1824,0.0024126074645019853,patient10_window16s_stride1s-epo,delta
1825,0.0027972778322977168,patient10_window16s_stride1s-epo,delta
1826,0.0022343797956120206,patient10_window16s_stride1s-epo,delta
1827,0.002695595266869859,patient10_window16s_stride1s-epo,delta
1828,0.003248682889049505,patient10_window16s_stride1s-epo,delta
1829,0.003414240629297182,patient10_window16s_stride1s-epo,delta
1830,0.003391956805225825,patient10_window16s_stride1s-epo,delta
1831,0.0033147124160824637,patient10_window16s_stride1s-epo,delta
1832,0.0027115358188987758,patient10_window16s_stride1s-epo,delta
1833,0.0032191468605877547,patient10_window16s_stride1s-epo,delta
1834,0.0037076691555144505,patient10_window16s_stride1s-epo,delta
1835,0.0037052072540653394,patient10_window16s_stride1s-epo,delta
1836,0.003756925107240994,patient10_window16s_stride1s-epo,delta
1837,0.0033043215521829836,patient10_window16s_stride1s-epo,delta
1838,0.002821510370108027,patient10_window16s_stride1s-epo,delta
1839,0.0021009540760493256,patient10_window16s_stride1s-epo,delta
1840,0.0014883279556954902,patient10_window16s_stride1s-epo,delta
1841,0.001880485407631009,patient10_window16s_stride1s-epo,delta
1842,0.001584724703142236,patient10_window16s_stride1s-epo,delta
1843,0.00041071043509406674,patient10_window16s_stride1s-epo,delta
1844,-0.0006279553851353547,patient10_window16s_stride1s-epo,delta
1845,-0.0004071667526460832,patient10_window16s_stride1s-epo,delta
1846,-0.00048176710799452237,patient10_window16s_stride1s-epo,delta
1847,-0.0001748517962472832,patient10_window16s_stride1s-epo,delta
1848,9.228119864070896e-05,patient10_window16s_stride1s-epo,delta
1849,0.0002529958603821918,patient10_window16s_stride1s-epo,delta
1850,-0.00026636129254849726,patient10_window16s_stride1s-epo,delta
1851,-0.001249684863190494,patient10_window16s_stride1s-epo,delta
1852,-0.0007035921200292495,patient10_window16s_stride1s-epo,delta
1853,-0.0005903278996824897,patient10_window16s_stride1s-epo,delta
1854,5.3379785657887826e-05,patient10_window16s_stride1s-epo,delta
1855,0.0005980733696479006,patient10_window16s_stride1s-epo,delta
1856,0.00045336091113909964,patient10_window16s_stride1s-epo,delta
1857,0.0005205351760306528,patient10_window16s_stride1s-epo,delta
1858,0.00026618440317055324,patient10_window16s_stride1s-epo,delta
1859,0.0002467033400482918,patient10_window16s_stride1s-epo,delta
1860,0.0013787727295634543,patient10_window16s_stride1s-epo,delta
1861,0.00042834235668099617,patient10_window16s_stride1s-epo,delta
1862,-0.0003463613250115599,patient10_window16s_stride1s-epo,delta
1863,0.000648264476765167,patient10_window16s_stride1s-epo,delta
1864,-0.0003231880742677473,patient10_window16s_stride1s-epo,delta
1865,-0.0005370614240238029,patient10_window16s_stride1s-epo,delta
1866,-7.031838497701389e-05,patient10_window16s_stride1s-epo,delta
1867,0.00013471297593987285,patient10_window16s_stride1s-epo,delta
1868,6.1109140322833455e-06,patient10_window16s_stride1s-epo,delta
1869,-9.64200777080513e-05,patient10_window16s_stride1s-epo,delta
1870,-0.00017359682212658833,patient10_window16s_stride1s-epo,delta
1871,-0.000785683715217344,patient10_window16s_stride1s-epo,delta
1872,-0.00012211629491231895,patient10_window16s_stride1s-epo,delta
1873,-0.0008445896978338776,patient10_window16s_stride1s-epo,delta
1874,-0.0007646398300489331,patient10_window16s_stride1s-epo,delta
1875,-0.0008606273621302329,patient10_window16s_stride1s-epo,delta
1876,-0.0006991993422470813,patient10_window16s_stride1s-epo,delta
1877,-0.0005370336869445332,patient10_window16s_stride1s-epo,delta
1878,-0.00013686302731142974,patient10_window16s_stride1s-epo,delta
1879,2.361682722198503e-05,patient10_window16s_stride1s-epo,delta
1880,-0.0010140296184859387,patient10_window16s_stride1s-epo,delta
1881,-0.0004893240065305148,patient10_window16s_stride1s-epo,delta
1882,-0.0009021113699168426,patient10_window16s_stride1s-epo,delta
1883,-0.0014718981697008841,patient10_window16s_stride1s-epo,delta
1884,-0.0007037430744071001,patient10_window16s_stride1s-epo,delta
1885,-0.0004573278596481532,patient10_window16s_stride1s-epo,delta
1886,-0.001249334240136649,patient10_window16s_stride1s-epo,delta
1887,-0.0008411242672595258,patient10_window16s_stride1s-epo,delta
1888,5.2911091529482936e-05,patient10_window16s_stride1s-epo,delta
1889,-0.0004570172656454061,patient10_window16s_stride1s-epo,delta
1890,-0.0002202148318805218,patient10_window16s_stride1s-epo,delta
1891,-0.001602002637637327,patient10_window16s_stride1s-epo,delta
1892,-0.0017138297361149288,patient10_window16s_stride1s-epo,delta
1893,-0.002149750598598914,patient10_window16s_stride1s-epo,delta
1894,-0.002342416016980377,patient10_window16s_stride1s-epo,delta
1895,-0.002306144631590934,patient10_window16s_stride1s-epo,delta
1896,-0.001345227130214053,patient10_window16s_stride1s-epo,delta
1897,-0.000724915447714323,patient10_window16s_stride1s-epo,delta
1898,-0.00023342128716794178,patient10_window16s_stride1s-epo,delta
1899,-0.0008125289025827069,patient10_window16s_stride1s-epo,delta
1900,-0.0009169869337796145,patient10_window16s_stride1s-epo,delta
1901,-0.0009100465358965259,patient10_window16s_stride1s-epo,delta
1902,0.0004202305833924177,patient10_window16s_stride1s-epo,delta
1903,0.0001278407413122745,patient10_window16s_stride1s-epo,delta
1904,0.001008207645339888,patient10_window16s_stride1s-epo,delta
1905,0.0005989039605992594,patient10_window16s_stride1s-epo,delta
1906,1.2782648372507243e-05,patient10_window16s_stride1s-epo,delta
1907,0.0003545084812679184,patient10_window16s_stride1s-epo,delta
1908,0.0006768354870338776,patient10_window16s_stride1s-epo,delta
1909,0.00032866864381550655,patient10_window16s_stride1s-epo,delta
1910,5.895383882332219e-05,patient10_window16s_stride1s-epo,delta
1911,-0.0007994676296821421,patient10_window16s_stride1s-epo,delta
1912,-0.0007370838324176349,patient10_window16s_stride1s-epo,delta
1913,-0.0011043413014080149,patient10_window16s_stride1s-epo,delta
1914,1.222348761135875e-05,patient10_window16s_stride1s-epo,delta
1915,-0.0008624435672452195,patient10_window16s_stride1s-epo,delta
1916,-0.0006076873427793854,patient10_window16s_stride1s-epo,delta
1917,-0.0007011366661891739,patient10_window16s_stride1s-epo,delta
1918,-0.0008344064965374166,patient10_window16s_stride1s-epo,delta
1919,-0.0024541362864099994,patient10_window16s_stride1s-epo,delta
1920,-0.0012824038097303022,patient10_window16s_stride1s-epo,delta
1921,-0.00048622505049874696,patient10_window16s_stride1s-epo,delta
1922,-0.0006577295642927755,patient10_window16s_stride1s-epo,delta
1923,-0.0012413408693536451,patient10_window16s_stride1s-epo,delta
1924,-0.0013928347479159238,patient10_window16s_stride1s-epo,delta
1925,-0.0013735436073750674,patient10_window16s_stride1s-epo,delta
1926,-0.0015559185038426246,patient10_window16s_stride1s-epo,delta
1927,-0.0017641053534295321,patient10_window16s_stride1s-epo,delta
1928,-0.0019781841404064786,patient10_window16s_stride1s-epo,delta
1929,-0.0016342483983798246,patient10_window16s_stride1s-epo,delta
1930,-0.002073049822313258,patient10_window16s_stride1s-epo,delta
1931,-0.002245265732277285,patient10_window16s_stride1s-epo,delta
1932,-0.003220685512884301,patient10_window16s_stride1s-epo,delta
1933,-0.0032034078096338284,patient10_window16s_stride1s-epo,delta
1934,-0.0024272261292190016,patient10_window16s_stride1s-epo,delta
1935,-0.0017205989267510715,patient10_window16s_stride1s-epo,delta
1936,-0.00066854465676649,patient10_window16s_stride1s-epo,delta
1937,-0.0018107764051592846,patient10_window16s_stride1s-epo,delta
1938,-0.0010439876909924697,patient10_window16s_stride1s-epo,delta
1939,-0.0012582364267474274,patient10_window16s_stride1s-epo,delta
1940,-0.0007050812005633589,patient10_window16s_stride1s-epo,delta
1941,-0.0009905850923624493,patient10_window16s_stride1s-epo,delta
1942,-0.00015709506556295686,patient10_window16s_stride1s-epo,delta
1943,-0.0008262704427398616,patient10_window16s_stride1s-epo,delta
1944,-0.0013363284213880424,patient10_window16s_stride1s-epo,delta
1945,-0.001059246043101953,patient10_window16s_stride1s-epo,delta
1946,-0.0009179466817409495,patient10_window16s_stride1s-epo,delta
1947,-0.0005093509331782763,patient10_window16s_stride1s-epo,delta
1948,0.000421421452461074,patient10_window16s_stride1s-epo,delta
1949,0.0010408937326325694,patient10_window16s_stride1s-epo,delta
1950,0.000933431562511911,patient10_window16s_stride1s-epo,delta
1951,0.0014707025838838477,patient10_window16s_stride1s-epo,delta
1952,0.001296138082734689,patient10_window16s_stride1s-epo,delta
1953,0.001502546272507598,patient10_window16s_stride1s-epo,delta
1954,0.0009564233561634518,patient10_window16s_stride1s-epo,delta
1955,0.0016464324270736924,patient10_window16s_stride1s-epo,delta
1956,0.0007589663474268565,patient10_window16s_stride1s-epo,delta
1957,-0.00046243075096631117,patient10_window16s_stride1s-epo,delta
1958,0.0005108416730741391,patient10_window16s_stride1s-epo,delta
1959,0.001102574357366131,patient10_window16s_stride1s-epo,delta
1960,0.0008526422629610798,patient10_window16s_stride1s-epo,delta
1961,0.0012504887629351362,patient10_window16s_stride1s-epo,delta
1962,0.0007599669795671782,patient10_window16s_stride1s-epo,delta
1963,-0.00034481372355449,patient10_window16s_stride1s-epo,delta
1964,0.0003497869150820303,patient10_window16s_stride1s-epo,delta
1965,0.0004734304721318547,patient10_window16s_stride1s-epo,delta
1966,0.0007145965976477002,patient10_window16s_stride1s-epo,delta
1967,0.0001230005513730855,patient10_window16s_stride1s-epo,delta
1968,0.00012522144518032553,patient10_window16s_stride1s-epo,delta
1969,0.0004125203175014133,patient10_window16s_stride1s-epo,delta
1970,-0.0003915070464945586,patient10_window16s_stride1s-epo,delta
1971,-0.00034880854901242573,patient10_window16s_stride1s-epo,delta
1972,8.895151599971436e-05,patient10_window16s_stride1s-epo,delta
1973,5.746480629009365e-05,patient10_window16s_stride1s-epo,delta
1974,0.00016726460926854624,patient10_window16s_stride1s-epo,delta
1975,-0.0005695512280738648,patient10_window16s_stride1s-epo,delta
1976,-0.0016888194632826618,patient10_window16s_stride1s-epo,delta
1977,-0.0012000919431583653,patient10_window16s_stride1s-epo,delta
1978,-0.00019060646807958555,patient10_window16s_stride1s-epo,delta
1979,0.0009407316557570313,patient10_window16s_stride1s-epo,delta
1980,0.0009041166629572977,patient10_window16s_stride1s-epo,delta
1981,0.0008428098961987577,patient10_window16s_stride1s-epo,delta
1982,7.533186051109725e-05,patient10_window16s_stride1s-epo,delta
1983,0.0005378722430574125,patient10_window16s_stride1s-epo,delta
1984,0.0006757317918686732,patient10_window16s_stride1s-epo,delta
1985,4.3697074216816854e-05,patient10_window16s_stride1s-epo,delta
1986,-5.412072160435174e-05,patient10_window16s_stride1s-epo,delta
1987,0.0004503706914348533,patient10_window16s_stride1s-epo,delta
1988,0.00037557468528054476,patient10_window16s_stride1s-epo,delta
1989,0.0006366454390356195,patient10_window16s_stride1s-epo,delta
1990,0.00011739545833623916,patient10_window16s_stride1s-epo,delta
1991,0.0003745063114897187,patient10_window16s_stride1s-epo,delta
1992,0.0011136834879594834,patient10_window16s_stride1s-epo,delta
1993,0.0008251927616153332,patient10_window16s_stride1s-epo,delta
1994,0.0009682280030381795,patient10_window16s_stride1s-epo,delta
1995,0.002189374740410719,patient10_window16s_stride1s-epo,delta
1996,0.0005942505257988416,patient10_window16s_stride1s-epo,delta
1997,-0.0006353506216839878,patient10_window16s_stride1s-epo,delta
1998,-0.001709973836047563,patient10_window16s_stride1s-epo,delta
1999,-0.0007744267904504617,patient10_window16s_stride1s-epo,delta
2000,-0.0002056018436226271,patient10_window16s_stride1s-epo,delta
2001,-0.0005624313240462255,patient10_window16s_stride1s-epo,delta
2002,0.00010035384066229316,patient10_window16s_stride1s-epo,delta
2003,-0.0010818704496587176,patient10_window16s_stride1s-epo,delta
2004,-0.0011854361416678114,patient10_window16s_stride1s-epo,delta
2005,-0.0014595487436089918,patient10_window16s_stride1s-epo,delta
2006,-0.0020037131047804012,patient10_window16s_stride1s-epo,delta
2007,-0.0018689559064435945,patient10_window16s_stride1s-epo,delta
2008,-0.0013008926361129133,patient10_window16s_stride1s-epo,delta
2009,-0.00157192694369634,patient10_window16s_stride1s-epo,delta
2010,-0.002000800576281957,patient10_window16s_stride1s-epo,delta
2011,-0.001997876260185283,patient10_window16s_stride1s-epo,delta
2012,-0.0012771268606479038,patient10_window16s_stride1s-epo,delta
2013,-0.0005488677130498307,patient10_window16s_stride1s-epo,delta
2014,-0.0006247991037660122,patient10_window16s_stride1s-epo,delta
2015,0.0005458467644099644,patient10_window16s_stride1s-epo,delta
2016,0.0005409029760454743,patient10_window16s_stride1s-epo,delta
2017,0.0006433619943525381,patient10_window16s_stride1s-epo,delta
2018,0.0011315748939874604,patient10_window16s_stride1s-epo,delta
2019,0.0021279778915942182,patient10_window16s_stride1s-epo,delta
2020,0.0014333383026513317,patient10_window16s_stride1s-epo,delta
2021,0.0015873196173392032,patient10_window16s_stride1s-epo,delta
2022,0.0015586641682505235,patient10_window16s_stride1s-epo,delta
2023,0.001965338137013541,patient10_window16s_stride1s-epo,delta
2024,0.0013050005516834398,patient10_window16s_stride1s-epo,delta
2025,0.0012381769260137313,patient10_window16s_stride1s-epo,delta
2026,0.0017274258349679757,patient10_window16s_stride1s-epo,delta
2027,0.0005138405412367777,patient10_window16s_stride1s-epo,delta
2028,0.0008586118573832495,patient10_window16s_stride1s-epo,delta
2029,0.0009631241359720892,patient10_window16s_stride1s-epo,delta
2030,0.0003410595416918675,patient10_window16s_stride1s-epo,delta
2031,0.00017563372881038912,patient10_window16s_stride1s-epo,delta
2032,0.000117806526270219,patient10_window16s_stride1s-epo,delta
2033,-0.00031120044953560137,patient10_window16s_stride1s-epo,delta
2034,-0.001079299825703872,patient10_window16s_stride1s-epo,delta
2035,-0.0004474140720260394,patient10_window16s_stride1s-epo,delta
2036,-0.0010296954780439594,patient10_window16s_stride1s-epo,delta
2037,-0.0008974913940246563,patient10_window16s_stride1s-epo,delta
2038,-0.0007492303468495783,patient10_window16s_stride1s-epo,delta
2039,-0.001097273748262293,patient10_window16s_stride1s-epo,delta
2040,-0.0008257903624177889,patient10_window16s_stride1s-epo,delta
2041,-0.0008379704857092047,patient10_window16s_stride1s-epo,delta
2042,-0.0013615312647138104,patient10_window16s_stride1s-epo,delta
2043,-0.0006494357034612723,patient10_window16s_stride1s-epo,delta
2044,-0.0014509167062256552,patient10_window16s_stride1s-epo,delta
2045,-0.001285123483475641,patient10_window16s_stride1s-epo,delta
2046,-0.0006639484872219496,patient10_window16s_stride1s-epo,delta
2047,-0.0003868484473483579,patient10_window16s_stride1s-epo,delta
2048,-0.0005746286281592803,patient10_window16s_stride1s-epo,delta
2049,-0.00013000189466147363,patient10_window16s_stride1s-epo,delta
2050,0.0007951863898563339,patient10_window16s_stride1s-epo,delta
2051,0.0009354961004376795,patient10_window16s_stride1s-epo,delta
2052,0.0007382105807336941,patient10_window16s_stride1s-epo,delta
2053,2.738722390908961e-05,patient10_window16s_stride1s-epo,delta
2054,0.0005440213380239214,patient10_window16s_stride1s-epo,delta
2055,0.0005377086977883392,patient10_window16s_stride1s-epo,delta
2056,-0.00010793050215986312,patient10_window16s_stride1s-epo,delta
2057,-0.0003071680877326979,patient10_window16s_stride1s-epo,delta
2058,-0.0010021890048599025,patient10_window16s_stride1s-epo,delta
2059,-0.0008190110804854766,patient10_window16s_stride1s-epo,delta
2060,-0.0010340234398200357,patient10_window16s_stride1s-epo,delta
2061,-0.00046078086940159877,patient10_window16s_stride1s-epo,delta
2062,-0.0004061761468657541,patient10_window16s_stride1s-epo,delta
2063,-0.0011668606927822038,patient10_window16s_stride1s-epo,delta
2064,-0.0018133114651806956,patient10_window16s_stride1s-epo,delta
2065,-0.0022175995266367292,patient10_window16s_stride1s-epo,delta
2066,-0.002539415569879916,patient10_window16s_stride1s-epo,delta
2067,-0.0027504303933606864,patient10_window16s_stride1s-epo,delta
2068,-0.0016273462115338581,patient10_window16s_stride1s-epo,delta
2069,-0.0025250706161738397,patient10_window16s_stride1s-epo,delta
2070,-0.0014993885403336983,patient10_window16s_stride1s-epo,delta
2071,-0.0018435619627936793,patient10_window16s_stride1s-epo,delta
2072,-0.002168930344757297,patient10_window16s_stride1s-epo,delta
2073,-0.0004001402565917672,patient10_window16s_stride1s-epo,delta
2074,-0.0019995208978770746,patient10_window16s_stride1s-epo,delta
2075,-0.0015775741998322033,patient10_window16s_stride1s-epo,delta
2076,-0.0015433197621611064,patient10_window16s_stride1s-epo,delta
2077,-0.0014668858433247803,patient10_window16s_stride1s-epo,delta
2078,-0.0013737530476919239,patient10_window16s_stride1s-epo,delta
2079,-0.0008515088629674076,patient10_window16s_stride1s-epo,delta
2080,-0.0005138805697897462,patient10_window16s_stride1s-epo,delta
2081,-0.0003528081078419081,patient10_window16s_stride1s-epo,delta
2082,0.00040668238977086566,patient10_window16s_stride1s-epo,delta
2083,9.052980957043517e-05,patient10_window16s_stride1s-epo,delta
2084,0.00010130591061596659,patient10_window16s_stride1s-epo,delta
2085,-0.00044354907893854315,patient10_window16s_stride1s-epo,delta
2086,-8.803669297025042e-05,patient10_window16s_stride1s-epo,delta
2087,-0.00042427971990469625,patient10_window16s_stride1s-epo,delta
2088,0.0006259050263631301,patient10_window16s_stride1s-epo,delta
2089,0.000801029893865411,patient10_window16s_stride1s-epo,delta
2090,0.0009864403570809977,patient10_window16s_stride1s-epo,delta
2091,0.0007800461141878568,patient10_window16s_stride1s-epo,delta
2092,0.00024823744110534697,patient10_window16s_stride1s-epo,delta
2093,0.001031580196720905,patient10_window16s_stride1s-epo,delta
2094,0.00034154209588939697,patient10_window16s_stride1s-epo,delta
2095,0.001072253021809256,patient10_window16s_stride1s-epo,delta
2096,0.0007194505643393984,patient10_window16s_stride1s-epo,delta
2097,0.0010312093712534817,patient10_window16s_stride1s-epo,delta
2098,0.0009753123971400231,patient10_window16s_stride1s-epo,delta
2099,0.00015113838350408248,patient10_window16s_stride1s-epo,delta
2100,7.233597897461508e-05,patient10_window16s_stride1s-epo,delta
2101,-0.0005664523010466564,patient10_window16s_stride1s-epo,delta
2102,-0.00033614837480759304,patient10_window16s_stride1s-epo,delta
2103,0.0003434737437525285,patient10_window16s_stride1s-epo,delta
2104,-0.0001877731501054724,patient10_window16s_stride1s-epo,delta
2105,-0.00039763831798334616,patient10_window16s_stride1s-epo,delta
2106,0.00017289401138577867,patient10_window16s_stride1s-epo,delta
2107,5.922060898068364e-05,patient10_window16s_stride1s-epo,delta
2108,0.001121219317453955,patient10_window16s_stride1s-epo,delta
2109,-3.331894134978416e-05,patient10_window16s_stride1s-epo,delta
2110,-0.0006006670117091725,patient10_window16s_stride1s-epo,delta
2111,8.093126473905412e-06,patient10_window16s_stride1s-epo,delta
2112,-0.0005903897299054642,patient10_window16s_stride1s-epo,delta
2113,-0.0008627661350905119,patient10_window16s_stride1s-epo,delta
2114,-0.0010467563372436055,patient10_window16s_stride1s-epo,delta
2115,-0.0002676630919555863,patient10_window16s_stride1s-epo,delta
2116,-0.0008672463177117318,patient10_window16s_stride1s-epo,delta
2117,-0.0004258100142328284,patient10_window16s_stride1s-epo,delta
2118,-0.0009128149008572787,patient10_window16s_stride1s-epo,delta
2119,-0.0007476362860322378,patient10_window16s_stride1s-epo,delta
2120,-7.263877410844277e-05,patient10_window16s_stride1s-epo,delta
2121,0.00090063750004566,patient10_window16s_stride1s-epo,delta
2122,0.00024656446084958056,patient10_window16s_stride1s-epo,delta
2123,0.0002537046460621567,patient10_window16s_stride1s-epo,delta
2124,-0.0007718893732339935,patient10_window16s_stride1s-epo,delta
2125,-0.000543857968411883,patient10_window16s_stride1s-epo,delta
2126,-0.0014670810835629223,patient10_window16s_stride1s-epo,delta
2127,-0.0011543896245726664,patient10_window16s_stride1s-epo,delta
2128,0.00015843128292179407,patient10_window16s_stride1s-epo,delta
2129,-0.0015393335678201856,patient10_window16s_stride1s-epo,delta
2130,-0.0012053034870210867,patient10_window16s_stride1s-epo,delta
2131,-0.0012647729129778927,patient10_window16s_stride1s-epo,delta
2132,-0.0015908100962697702,patient10_window16s_stride1s-epo,delta
2133,-0.0016852058316494715,patient10_window16s_stride1s-epo,delta
2134,-0.0013899135581803479,patient10_window16s_stride1s-epo,delta
2135,-0.0011483195025166412,patient10_window16s_stride1s-epo,delta
2136,-0.0014098794111139209,patient10_window16s_stride1s-epo,delta
2137,-0.0012103598568269233,patient10_window16s_stride1s-epo,delta
2138,-0.0006331510236506009,patient10_window16s_stride1s-epo,delta
2139,-0.0006454685390278827,patient10_window16s_stride1s-epo,delta
2140,-6.515310128716853e-05,patient10_window16s_stride1s-epo,delta
2141,0.00014151163358549988,patient10_window16s_stride1s-epo,delta
2142,-0.00017836739440781126,patient10_window16s_stride1s-epo,delta
2143,-0.0012474972603015576,patient10_window16s_stride1s-epo,delta
2144,-0.0015744360993288446,patient10_window16s_stride1s-epo,delta
2145,-0.0008562470909205924,patient10_window16s_stride1s-epo,delta
2146,-0.0009113339108057861,patient10_window16s_stride1s-epo,delta
2147,-0.0006960061407825934,patient10_window16s_stride1s-epo,delta
2148,-2.9328900043306978e-05,patient10_window16s_stride1s-epo,delta
2149,0.0001647398967793048,patient10_window16s_stride1s-epo,delta
2150,0.0007712411810796017,patient10_window16s_stride1s-epo,delta
2151,0.0006935472754608893,patient10_window16s_stride1s-epo,delta
2152,0.0005020825065070024,patient10_window16s_stride1s-epo,delta
2153,0.0005028647544080089,patient10_window16s_stride1s-epo,delta
2154,0.0003515117136385227,patient10_window16s_stride1s-epo,delta
2155,0.0001554426978940417,patient10_window16s_stride1s-epo,delta
2156,-0.0007281980032597153,patient10_window16s_stride1s-epo,delta
2157,-0.0005717856293376307,patient10_window16s_stride1s-epo,delta
2158,0.00020440552099766507,patient10_window16s_stride1s-epo,delta
2159,-0.00021940910524315677,patient10_window16s_stride1s-epo,delta
2160,0.001964397484758832,patient10_window16s_stride1s-epo,delta
2161,0.0011661862946456213,patient10_window16s_stride1s-epo,delta
2162,0.0008113492027195347,patient10_window16s_stride1s-epo,delta
2163,0.0008172891854332382,patient10_window16s_stride1s-epo,delta
2164,0.002062503335000997,patient10_window16s_stride1s-epo,delta
2165,0.0025863195006072333,patient10_window16s_stride1s-epo,delta
2166,0.0011350588368735429,patient10_window16s_stride1s-epo,delta
2167,0.0018747820694340063,patient10_window16s_stride1s-epo,delta
2168,0.0014355996610433783,patient10_window16s_stride1s-epo,delta
2169,0.0016447802112737409,patient10_window16s_stride1s-epo,delta
2170,0.002572996451793746,patient10_window16s_stride1s-epo,delta
2171,0.001853569306144287,patient10_window16s_stride1s-epo,delta
2172,0.002033213340715418,patient10_window16s_stride1s-epo,delta
2173,0.0024359488572805363,patient10_window16s_stride1s-epo,delta
2174,0.0018523547642592811,patient10_window16s_stride1s-epo,delta
2175,0.0008658479282834586,patient10_window16s_stride1s-epo,delta
2176,0.0008872258244743004,patient10_window16s_stride1s-epo,delta
2177,-4.407339449999484e-05,patient10_window16s_stride1s-epo,delta
2178,0.0011196951634049972,patient10_window16s_stride1s-epo,delta
2179,0.0005433160550125524,patient10_window16s_stride1s-epo,delta
2180,0.00033099783234275074,patient10_window16s_stride1s-epo,delta
2181,8.491428683549715e-05,patient10_window16s_stride1s-epo,delta
2182,0.00043905009814144134,patient10_window16s_stride1s-epo,delta
2183,0.0009401726813943623,patient10_window16s_stride1s-epo,delta
2184,0.001009492793955944,patient10_window16s_stride1s-epo,delta
2185,0.0005922911109638976,patient10_window16s_stride1s-epo,delta
2186,0.0005541084759045915,patient10_window16s_stride1s-epo,delta
2187,0.0002222019358062562,patient10_window16s_stride1s-epo,delta
2188,0.0007838370431021496,patient10_window16s_stride1s-epo,delta
2189,0.0005034078951293392,patient10_window16s_stride1s-epo,delta
2190,0.0013907303159428456,patient10_window16s_stride1s-epo,delta
2191,0.0004270733214967375,patient10_window16s_stride1s-epo,delta
2192,-0.00016828610567491082,patient10_window16s_stride1s-epo,delta
2193,-0.0004836182755333691,patient10_window16s_stride1s-epo,delta
2194,-0.0007520652653059583,patient10_window16s_stride1s-epo,delta
2195,0.0003571961609383714,patient10_window16s_stride1s-epo,delta
2196,0.000279958390386932,patient10_window16s_stride1s-epo,delta
2197,-0.0004631919851434898,patient10_window16s_stride1s-epo,delta
2198,0.00016156524314925864,patient10_window16s_stride1s-epo,delta
2199,-0.000515383320779943,patient10_window16s_stride1s-epo,delta
2200,-0.00046634363057533037,patient10_window16s_stride1s-epo,delta
2201,-0.0004667635668650852,patient10_window16s_stride1s-epo,delta
2202,0.00013507433367435217,patient10_window16s_stride1s-epo,delta
2203,-0.0007621691886888414,patient10_window16s_stride1s-epo,delta
2204,-0.0005399737783420791,patient10_window16s_stride1s-epo,delta
2205,-0.0005711493717646288,patient10_window16s_stride1s-epo,delta
2206,-0.0009640800634677709,patient10_window16s_stride1s-epo,delta
2207,-0.0003187354345736424,patient10_window16s_stride1s-epo,delta
2208,0.0008465457172223503,patient10_window16s_stride1s-epo,delta
2209,0.0002796973647398762,patient10_window16s_stride1s-epo,delta
2210,-0.00021415148217956113,patient10_window16s_stride1s-epo,delta
2211,-0.0006825990866436591,patient10_window16s_stride1s-epo,delta
2212,-0.000171894958860955,patient10_window16s_stride1s-epo,delta
2213,0.00021563882768515106,patient10_window16s_stride1s-epo,delta
2214,0.00020447618036824547,patient10_window16s_stride1s-epo,delta
2215,0.000689178694826866,patient10_window16s_stride1s-epo,delta
2216,0.0007614672426035934,patient10_window16s_stride1s-epo,delta
2217,-0.0002748094525507709,patient10_window16s_stride1s-epo,delta
2218,0.0002745382097889427,patient10_window16s_stride1s-epo,delta
2219,-0.000509211660373582,patient10_window16s_stride1s-epo,delta
2220,-0.0013656372328836772,patient10_window16s_stride1s-epo,delta
2221,-0.0011455852127934527,patient10_window16s_stride1s-epo,delta
2222,-0.0013537712344122664,patient10_window16s_stride1s-epo,delta
2223,-0.0011001750349107233,patient10_window16s_stride1s-epo,delta
2224,-0.00046736058822876653,patient10_window16s_stride1s-epo,delta
2225,-0.0006861396459935817,patient10_window16s_stride1s-epo,delta
2226,-0.001188649111370257,patient10_window16s_stride1s-epo,delta
2227,-0.00101716710957904,patient10_window16s_stride1s-epo,delta
2228,-0.0009305158669365989,patient10_window16s_stride1s-epo,delta
2229,-0.001624551326224878,patient10_window16s_stride1s-epo,delta
2230,-0.0012243935522293643,patient10_window16s_stride1s-epo,delta
2231,-0.0008279630451733237,patient10_window16s_stride1s-epo,delta
2232,-0.0007244985336782824,patient10_window16s_stride1s-epo,delta
2233,-0.00021841305211192365,patient10_window16s_stride1s-epo,delta
2234,0.0007734485862093291,patient10_window16s_stride1s-epo,delta
2235,0.0021046120114071552,patient10_window16s_stride1s-epo,delta
2236,0.0009890427639534698,patient10_window16s_stride1s-epo,delta
2237,0.0010522200343393703,patient10_window16s_stride1s-epo,delta
2238,0.0011754529425289208,patient10_window16s_stride1s-epo,delta
2239,0.0011001123043287236,patient10_window16s_stride1s-epo,delta
2240,0.0007331910309472909,patient10_window16s_stride1s-epo,delta
2241,0.0008873479135125762,patient10_window16s_stride1s-epo,delta
2242,0.00027176253478234123,patient10_window16s_stride1s-epo,delta
2243,0.0007078728164426663,patient10_window16s_stride1s-epo,delta
2244,0.00040360185685472944,patient10_window16s_stride1s-epo,delta
2245,-0.000737460937484807,patient10_window16s_stride1s-epo,delta
2246,-0.0011516360356214437,patient10_window16s_stride1s-epo,delta
2247,-0.00143324604979621,patient10_window16s_stride1s-epo,delta
2248,-0.0017572057613062526,patient10_window16s_stride1s-epo,delta
2249,-0.002117172299207448,patient10_window16s_stride1s-epo,delta
2250,-0.0026410729144753856,patient10_window16s_stride1s-epo,delta
2251,-0.002167519098862621,patient10_window16s_stride1s-epo,delta
2252,-0.0009230836157553597,patient10_window16s_stride1s-epo,delta
2253,-0.0014878225017738941,patient10_window16s_stride1s-epo,delta
2254,-0.0024280783754909102,patient10_window16s_stride1s-epo,delta
2255,-0.0017421900700845597,patient10_window16s_stride1s-epo,delta
2256,-0.0021738091683324878,patient10_window16s_stride1s-epo,delta
2257,-0.0007222616455918617,patient10_window16s_stride1s-epo,delta
2258,-0.0013258832876069996,patient10_window16s_stride1s-epo,delta
2259,-0.0012293296786890617,patient10_window16s_stride1s-epo,delta
2260,-0.0017746779781216038,patient10_window16s_stride1s-epo,delta
2261,-0.0006152582302341446,patient10_window16s_stride1s-epo,delta
2262,-0.0007890261479964606,patient10_window16s_stride1s-epo,delta
2263,-0.0013110238253695246,patient10_window16s_stride1s-epo,delta
2264,-0.0007102385081931413,patient10_window16s_stride1s-epo,delta
2265,0.0006106965863151421,patient10_window16s_stride1s-epo,delta
2266,-0.00013499377629622638,patient10_window16s_stride1s-epo,delta
2267,0.0008769447903186025,patient10_window16s_stride1s-epo,delta
2268,7.643101669757605e-05,patient10_window16s_stride1s-epo,delta
2269,0.0007294585140488841,patient10_window16s_stride1s-epo,delta
2270,0.00123357252455623,patient10_window16s_stride1s-epo,delta
2271,-0.00016568600668910845,patient10_window16s_stride1s-epo,delta
2272,-2.0888285453127323e-05,patient10_window16s_stride1s-epo,delta
2273,0.00016447020826510368,patient10_window16s_stride1s-epo,delta
2274,0.0010713946414627883,patient10_window16s_stride1s-epo,delta
2275,0.0011661720288734362,patient10_window16s_stride1s-epo,delta
2276,0.0015252934121293992,patient10_window16s_stride1s-epo,delta
2277,0.0011389923740833575,patient10_window16s_stride1s-epo,delta
2278,0.0011446435069733273,patient10_window16s_stride1s-epo,delta
2279,0.0012826664349571773,patient10_window16s_stride1s-epo,delta
2280,0.0013532192122186234,patient10_window16s_stride1s-epo,delta
2281,0.0018165989115778325,patient10_window16s_stride1s-epo,delta
2282,0.002216338297926667,patient10_window16s_stride1s-epo,delta
2283,0.0018176193613996627,patient10_window16s_stride1s-epo,delta
2284,0.0013001842192921697,patient10_window16s_stride1s-epo,delta
2285,0.0014074954497798353,patient10_window16s_stride1s-epo,delta
2286,0.0014339006501362414,patient10_window16s_stride1s-epo,delta
2287,0.0017991662399966884,patient10_window16s_stride1s-epo,delta
2288,0.0008469133173823244,patient10_window16s_stride1s-epo,delta
2289,0.0013977451550659568,patient10_window16s_stride1s-epo,delta
2290,0.0008862915104204763,patient10_window16s_stride1s-epo,delta
2291,0.0007373017721056389,patient10_window16s_stride1s-epo,delta
2292,-0.0005342380522808971,patient10_window16s_stride1s-epo,delta
2293,-7.464167100915952e-06,patient10_window16s_stride1s-epo,delta
2294,-0.00029630549040184225,patient10_window16s_stride1s-epo,delta
2295,-0.00014782586995304477,patient10_window16s_stride1s-epo,delta
2296,-0.0006666966396059272,patient10_window16s_stride1s-epo,delta
2297,-0.0004102486517482276,patient10_window16s_stride1s-epo,delta
2298,-0.001217247707444507,patient10_window16s_stride1s-epo,delta
2299,-0.0009601283904072584,patient10_window16s_stride1s-epo,delta
2300,-0.0013643180084756234,patient10_window16s_stride1s-epo,delta
2301,-0.0008887452385376817,patient10_window16s_stride1s-epo,delta
2302,-0.0009294334240538034,patient10_window16s_stride1s-epo,delta
2303,-0.0025257812762134193,patient10_window16s_stride1s-epo,delta
2304,-0.0020239867224918482,patient10_window16s_stride1s-epo,delta
2305,-0.0009394149097738602,patient10_window16s_stride1s-epo,delta
2306,-0.0013457622166634909,patient10_window16s_stride1s-epo,delta
2307,-0.001007910640939305,patient10_window16s_stride1s-epo,delta
2308,-0.0010254473416677534,patient10_window16s_stride1s-epo,delta
2309,-0.0006071489962475978,patient10_window16s_stride1s-epo,delta
2310,-0.0004809558483357758,patient10_window16s_stride1s-epo,delta
2311,-6.261063585519902e-05,patient10_window16s_stride1s-epo,delta
2312,-0.00029186631967786225,patient10_window16s_stride1s-epo,delta
2313,-6.131968040220758e-05,patient10_window16s_stride1s-epo,delta
2314,-0.0004560159316402711,patient10_window16s_stride1s-epo,delta
2315,-0.00120088445878251,patient10_window16s_stride1s-epo,delta
2316,-0.0007546175377428718,patient10_window16s_stride1s-epo,delta
2317,-0.0015994070141163402,patient10_window16s_stride1s-epo,delta
2318,-0.0013138947347028516,patient10_window16s_stride1s-epo,delta
2319,-0.0016858067442765633,patient10_window16s_stride1s-epo,delta
2320,-0.0020299485816102896,patient10_window16s_stride1s-epo,delta
2321,-0.0027590431002224654,patient10_window16s_stride1s-epo,delta
2322,-0.0025342468581147676,patient10_window16s_stride1s-epo,delta
2323,-0.0026135739749330337,patient10_window16s_stride1s-epo,delta
2324,-0.0025774000270692215,patient10_window16s_stride1s-epo,delta
2325,-0.0025818805474999837,patient10_window16s_stride1s-epo,delta
2326,-0.0023794246683271976,patient10_window16s_stride1s-epo,delta
2327,-0.0024236492344308857,patient10_window16s_stride1s-epo,delta
2328,-0.0019401501882162285,patient10_window16s_stride1s-epo,delta
2329,-0.0013475773572529618,patient10_window16s_stride1s-epo,delta
2330,-0.001476274789871415,patient10_window16s_stride1s-epo,delta
2331,-0.0007648354705737173,patient10_window16s_stride1s-epo,delta
2332,-0.0008496852083782443,patient10_window16s_stride1s-epo,delta
2333,-0.0007808350721559596,patient10_window16s_stride1s-epo,delta
2334,-0.000818288782562574,patient10_window16s_stride1s-epo,delta
2335,-0.00046886517144305865,patient10_window16s_stride1s-epo,delta
2336,-0.0006090141522785121,patient10_window16s_stride1s-epo,delta
2337,-0.0008286468021136646,patient10_window16s_stride1s-epo,delta
2338,-0.000735308250256885,patient10_window16s_stride1s-epo,delta
2339,-0.0007469840901401926,patient10_window16s_stride1s-epo,delta
2340,-0.0016340146564890851,patient10_window16s_stride1s-epo,delta
2341,-0.00178488490113869,patient10_window16s_stride1s-epo,delta
2342,-0.0005670338183570915,patient10_window16s_stride1s-epo,delta
2343,-0.0006580545099035135,patient10_window16s_stride1s-epo,delta
2344,-3.040000453005205e-05,patient10_window16s_stride1s-epo,delta
2345,0.00033242311354910874,patient10_window16s_stride1s-epo,delta
2346,-0.00034314127543404833,patient10_window16s_stride1s-epo,delta
2347,-0.0013696431813583925,patient10_window16s_stride1s-epo,delta
2348,-0.0009038700657867962,patient10_window16s_stride1s-epo,delta
2349,-0.0011496899813589836,patient10_window16s_stride1s-epo,delta
2350,-0.001215060250595308,patient10_window16s_stride1s-epo,delta
2351,-0.002187340330708271,patient10_window16s_stride1s-epo,delta
2352,-0.0018276811589909914,patient10_window16s_stride1s-epo,delta
2353,-0.0024811350094638834,patient10_window16s_stride1s-epo,delta
2354,-0.0026986161329279664,patient10_window16s_stride1s-epo,delta
2355,-0.0023863575442971442,patient10_window16s_stride1s-epo,delta
2356,-0.002442421677958959,patient10_window16s_stride1s-epo,delta
2357,-0.0021587267577899095,patient10_window16s_stride1s-epo,delta
2358,-0.0020839837339725665,patient10_window16s_stride1s-epo,delta
2359,-0.0019835938714801472,patient10_window16s_stride1s-epo,delta
2360,-0.0031269180224105524,patient10_window16s_stride1s-epo,delta
2361,-0.0031427388135846297,patient10_window16s_stride1s-epo,delta
2362,-0.0031416698038220017,patient10_window16s_stride1s-epo,delta
2363,-0.0027431531721331484,patient10_window16s_stride1s-epo,delta
2364,-0.0022745664126070857,patient10_window16s_stride1s-epo,delta
2365,-0.0022591554925557077,patient10_window16s_stride1s-epo,delta
2366,-0.002002304748967426,patient10_window16s_stride1s-epo,delta
2367,-0.0015257460541988628,patient10_window16s_stride1s-epo,delta
2368,-0.0008126867522502346,patient10_window16s_stride1s-epo,delta
2369,-0.00032556264613994835,patient10_window16s_stride1s-epo,delta
2370,-3.130380627337174e-05,patient10_window16s_stride1s-epo,delta
2371,0.00019720239262889814,patient10_window16s_stride1s-epo,delta
2372,0.001998731129400675,patient10_window16s_stride1s-epo,delta
2373,-8.324383488575603e-05,patient10_window16s_stride1s-epo,delta
2374,-0.0007277296846983176,patient10_window16s_stride1s-epo,delta
2375,0.00037015882728961793,patient10_window16s_stride1s-epo,delta
2376,0.001089841746436656,patient10_window16s_stride1s-epo,delta
2377,0.0008129427587963864,patient10_window16s_stride1s-epo,delta
2378,0.0017516649678284404,patient10_window16s_stride1s-epo,delta
2379,0.001191079291909153,patient10_window16s_stride1s-epo,delta
2380,0.0010856464939730888,patient10_window16s_stride1s-epo,delta
2381,0.0023600144729613226,patient10_window16s_stride1s-epo,delta
2382,0.0017885256007196238,patient10_window16s_stride1s-epo,delta
2383,0.0015692407090278039,patient10_window16s_stride1s-epo,delta
2384,0.0012179013723645571,patient10_window16s_stride1s-epo,delta
2385,0.0010748774242784907,patient10_window16s_stride1s-epo,delta
2386,0.0008934544298518819,patient10_window16s_stride1s-epo,delta
2387,-0.00027834194033550904,patient10_window16s_stride1s-epo,delta
2388,-0.0002934812707341582,patient10_window16s_stride1s-epo,delta
2389,0.00011561620605498124,patient10_window16s_stride1s-epo,delta
2390,0.0006166370076866092,patient10_window16s_stride1s-epo,delta
2391,0.0011080615449390247,patient10_window16s_stride1s-epo,delta
2392,0.0005589776627619149,patient10_window16s_stride1s-epo,delta
2393,-0.00027059107570282,patient10_window16s_stride1s-epo,delta
2394,-0.0007167157138729424,patient10_window16s_stride1s-epo,delta
2395,-2.660297512271376e-05,patient10_window16s_stride1s-epo,delta
2396,-0.0009269442987626137,patient10_window16s_stride1s-epo,delta
2397,-0.001170801505325781,patient10_window16s_stride1s-epo,delta
2398,-0.0013056993238510202,patient10_window16s_stride1s-epo,delta
2399,-0.001159920226994326,patient10_window16s_stride1s-epo,delta
2400,-0.0010921624245875947,patient10_window16s_stride1s-epo,delta
2401,-0.0018428345785254721,patient10_window16s_stride1s-epo,delta
2402,-0.0020332087512362827,patient10_window16s_stride1s-epo,delta
2403,-0.0018080982224696772,patient10_window16s_stride1s-epo,delta
2404,-0.0017244703914452255,patient10_window16s_stride1s-epo,delta
2405,-0.0013328551019475084,patient10_window16s_stride1s-epo,delta
2406,-0.0018747622537817648,patient10_window16s_stride1s-epo,delta
2407,-0.0019803170355667866,patient10_window16s_stride1s-epo,delta
2408,-0.0017397855757999162,patient10_window16s_stride1s-epo,delta
2409,0.0003070059276425956,patient10_window16s_stride1s-epo,delta
2410,0.0006470848701943926,patient10_window16s_stride1s-epo,delta
2411,0.0003220742678174461,patient10_window16s_stride1s-epo,delta
2412,-1.0205398497855292e-05,patient10_window16s_stride1s-epo,delta
2413,0.0012718313142327119,patient10_window16s_stride1s-epo,delta
2414,0.0007125282572138889,patient10_window16s_stride1s-epo,delta
2415,0.0015894262078158389,patient10_window16s_stride1s-epo,delta
2416,0.0005495027653327804,patient10_window16s_stride1s-epo,delta
2417,0.0004933896164036512,patient10_window16s_stride1s-epo,delta
2418,0.001728218732045281,patient10_window16s_stride1s-epo,delta
2419,0.002090188777664127,patient10_window16s_stride1s-epo,delta
2420,0.0016151720851511567,patient10_window16s_stride1s-epo,delta
2421,-0.00030825096365731176,patient10_window16s_stride1s-epo,delta
2422,-2.9468981740708134e-05,patient10_window16s_stride1s-epo,delta
2423,0.00026419897244099805,patient10_window16s_stride1s-epo,delta
2424,-0.00030828329607994394,patient10_window16s_stride1s-epo,delta
2425,-0.00012258306567355598,patient10_window16s_stride1s-epo,delta
2426,2.6595191016951854e-05,patient10_window16s_stride1s-epo,delta
2427,-0.00085097919887377,patient10_window16s_stride1s-epo,delta
2428,-0.0011109823816841692,patient10_window16s_stride1s-epo,delta
2429,-0.0010433839740087779,patient10_window16s_stride1s-epo,delta
2430,-0.0007719575246889712,patient10_window16s_stride1s-epo,delta
2431,-0.00142009415902988,patient10_window16s_stride1s-epo,delta
2432,-0.0008334070328127543,patient10_window16s_stride1s-epo,delta
2433,0.00044149828087182235,patient10_window16s_stride1s-epo,delta
2434,-0.0007316903818764938,patient10_window16s_stride1s-epo,delta
2435,-0.001108215305186879,patient10_window16s_stride1s-epo,delta
2436,-0.0007654544521036738,patient10_window16s_stride1s-epo,delta
2437,0.00035735657114021794,patient10_window16s_stride1s-epo,delta
2438,0.0005431794887930872,patient10_window16s_stride1s-epo,delta
2439,0.0004942108361443539,patient10_window16s_stride1s-epo,delta
2440,-0.0002867299534995466,patient10_window16s_stride1s-epo,delta
2441,-0.0014094223702782115,patient10_window16s_stride1s-epo,delta
2442,-0.0008837598175835025,patient10_window16s_stride1s-epo,delta
2443,6.209450887149711e-05,patient10_window16s_stride1s-epo,delta
2444,0.00029234531168256757,patient10_window16s_stride1s-epo,delta
2445,-0.0005644488282429112,patient10_window16s_stride1s-epo,delta
2446,-0.00029319730114098403,patient10_window16s_stride1s-epo,delta
2447,-0.00023609004162436137,patient10_window16s_stride1s-epo,delta
2448,-0.0001537487678979384,patient10_window16s_stride1s-epo,delta
2449,-0.0017066694424157564,patient10_window16s_stride1s-epo,delta
2450,-0.001045736418751985,patient10_window16s_stride1s-epo,delta
2451,-0.0013577791735759,patient10_window16s_stride1s-epo,delta
2452,-0.0009567935933556127,patient10_window16s_stride1s-epo,delta
2453,-0.0008982911214350478,patient10_window16s_stride1s-epo,delta
2454,-0.0011970322906585827,patient10_window16s_stride1s-epo,delta
2455,-0.0011066893825171572,patient10_window16s_stride1s-epo,delta
2456,-0.0012271366025094527,patient10_window16s_stride1s-epo,delta
2457,0.00022147217966442793,patient10_window16s_stride1s-epo,delta
2458,-0.00021525326769065146,patient10_window16s_stride1s-epo,delta
2459,-4.804724692681435e-05,patient10_window16s_stride1s-epo,delta
2460,0.00033347610290798235,patient10_window16s_stride1s-epo,delta
2461,0.001506619218311153,patient10_window16s_stride1s-epo,delta
2462,0.001500925457353116,patient10_window16s_stride1s-epo,delta
2463,0.0023946510814022446,patient10_window16s_stride1s-epo,delta
2464,0.0020496274314399667,patient10_window16s_stride1s-epo,delta
2465,0.0019986210769618643,patient10_window16s_stride1s-epo,delta
2466,0.0011168278509952926,patient10_window16s_stride1s-epo,delta
2467,0.001175678148637599,patient10_window16s_stride1s-epo,delta
2468,0.0017284232766273501,patient10_window16s_stride1s-epo,delta
2469,0.0018606492274220526,patient10_window16s_stride1s-epo,delta
2470,0.0014895198115587203,patient10_window16s_stride1s-epo,delta
2471,0.0005857205814628089,patient10_window16s_stride1s-epo,delta
2472,0.0015625424979116272,patient10_window16s_stride1s-epo,delta
2473,0.0012084966646974137,patient10_window16s_stride1s-epo,delta
2474,0.0016297069505481544,patient10_window16s_stride1s-epo,delta
2475,0.00047931981198935094,patient10_window16s_stride1s-epo,delta
2476,0.0008599145436134153,patient10_window16s_stride1s-epo,delta
2477,0.0018776650282684038,patient10_window16s_stride1s-epo,delta
2478,0.0018756867052888036,patient10_window16s_stride1s-epo,delta
2479,0.0017869825282536473,patient10_window16s_stride1s-epo,delta
2480,0.0011799647691170673,patient10_window16s_stride1s-epo,delta
2481,0.0015477720519208628,patient10_window16s_stride1s-epo,delta
2482,0.0028386858884749196,patient10_window16s_stride1s-epo,delta
2483,0.003507121003229672,patient10_window16s_stride1s-epo,delta
2484,0.00315772598607806,patient10_window16s_stride1s-epo,delta
2485,0.0021716683924724017,patient10_window16s_stride1s-epo,delta
2486,0.003451106370457338,patient10_window16s_stride1s-epo,delta
2487,0.003901497908568652,patient10_window16s_stride1s-epo,delta
2488,0.0031186331105079084,patient10_window16s_stride1s-epo,delta
2489,0.0035736423241202533,patient10_window16s_stride1s-epo,delta
2490,0.003176835465393663,patient10_window16s_stride1s-epo,delta
2491,0.00224276056485678,patient10_window16s_stride1s-epo,delta
2492,0.0024320128738744393,patient10_window16s_stride1s-epo,delta
2493,0.0001393843887492231,patient10_window16s_stride1s-epo,delta
2494,0.0011872340739308774,patient10_window16s_stride1s-epo,delta
2495,0.0022573150483567736,patient10_window16s_stride1s-epo,delta
2496,0.0017941046962206557,patient10_window16s_stride1s-epo,delta
2497,0.002025414163173631,patient10_window16s_stride1s-epo,delta
2498,0.0024200722406163737,patient10_window16s_stride1s-epo,delta
2499,0.001796068821427297,patient10_window16s_stride1s-epo,delta
2500,0.0019486148313568488,patient10_window16s_stride1s-epo,delta
2501,0.0035753995041861255,patient10_window16s_stride1s-epo,delta
2502,0.0032952256958686736,patient10_window16s_stride1s-epo,delta
2503,0.0025156745373106386,patient10_window16s_stride1s-epo,delta
2504,0.002609401125356129,patient10_window16s_stride1s-epo,delta
2505,0.0036887715876013955,patient10_window16s_stride1s-epo,delta
2506,0.0036696670572517634,patient10_window16s_stride1s-epo,delta
2507,0.0036488210954238034,patient10_window16s_stride1s-epo,delta
2508,0.002663897348879071,patient10_window16s_stride1s-epo,delta
2509,0.003451175757322727,patient10_window16s_stride1s-epo,delta
2510,0.0030981726216490835,patient10_window16s_stride1s-epo,delta
2511,0.002889257645837547,patient10_window16s_stride1s-epo,delta
2512,0.001582803643645635,patient10_window16s_stride1s-epo,delta
2513,0.0020847415181589586,patient10_window16s_stride1s-epo,delta
2514,0.0007216066653165842,patient10_window16s_stride1s-epo,delta
2515,0.0005047720793780416,patient10_window16s_stride1s-epo,delta
2516,0.0012758420811357627,patient10_window16s_stride1s-epo,delta
2517,0.0009566512242641735,patient10_window16s_stride1s-epo,delta
2518,0.000841445895759112,patient10_window16s_stride1s-epo,delta
2519,0.000967605568590884,patient10_window16s_stride1s-epo,delta
2520,0.0009766222035830676,patient10_window16s_stride1s-epo,delta
2521,0.001532469918707461,patient10_window16s_stride1s-epo,delta
2522,0.0012545436606719391,patient10_window16s_stride1s-epo,delta
2523,4.415816776851204e-05,patient10_window16s_stride1s-epo,delta
2524,0.0002246621590306822,patient10_window16s_stride1s-epo,delta
2525,0.0007769315099733033,patient10_window16s_stride1s-epo,delta
2526,0.0008649575042127466,patient10_window16s_stride1s-epo,delta
2527,0.0009557130944933394,patient10_window16s_stride1s-epo,delta
2528,0.0014499061814913733,patient10_window16s_stride1s-epo,delta
2529,0.0008929743490821856,patient10_window16s_stride1s-epo,delta
2530,0.0008969200607847297,patient10_window16s_stride1s-epo,delta
2531,0.00014055985412829073,patient10_window16s_stride1s-epo,delta
2532,0.00014591103894791532,patient10_window16s_stride1s-epo,delta
2533,0.0008337958945399109,patient10_window16s_stride1s-epo,delta
2534,0.0005262555192751451,patient10_window16s_stride1s-epo,delta
2535,0.002078716503416729,patient10_window16s_stride1s-epo,delta
2536,0.0009097272747424492,patient10_window16s_stride1s-epo,delta
2537,0.000709518372677714,patient10_window16s_stride1s-epo,delta
2538,0.0005427423397128217,patient10_window16s_stride1s-epo,delta
2539,0.00016185201412592562,patient10_window16s_stride1s-epo,delta
2540,0.0015505188524691201,patient10_window16s_stride1s-epo,delta
2541,0.0007156925683931863,patient10_window16s_stride1s-epo,delta
2542,0.0002686435838242846,patient10_window16s_stride1s-epo,delta
2543,0.00012029475472223729,patient10_window16s_stride1s-epo,delta
2544,3.592933376664704e-06,patient10_window16s_stride1s-epo,delta
2545,-0.00029196039313595767,patient10_window16s_stride1s-epo,delta
2546,-0.0001787801750840792,patient10_window16s_stride1s-epo,delta
2547,-0.0001944404556700008,patient10_window16s_stride1s-epo,delta
2548,-0.0023469822579360584,patient10_window16s_stride1s-epo,delta
2549,-0.001469816936000342,patient10_window16s_stride1s-epo,delta
2550,-0.0016482626769014496,patient10_window16s_stride1s-epo,delta
2551,-0.0006681155964535662,patient10_window16s_stride1s-epo,delta
2552,-0.0006735573202997334,patient10_window16s_stride1s-epo,delta
2553,-0.001360390346555259,patient10_window16s_stride1s-epo,delta
2554,-0.001415875340107601,patient10_window16s_stride1s-epo,delta
2555,-0.0013475433763248106,patient10_window16s_stride1s-epo,delta
2556,-0.0007376170434646456,patient10_window16s_stride1s-epo,delta
2557,-0.000466861253545488,patient10_window16s_stride1s-epo,delta
2558,-0.00011988459783754086,patient10_window16s_stride1s-epo,delta
2559,-0.00013922603823288818,patient10_window16s_stride1s-epo,delta
2560,-1.647725286475093e-05,patient10_window16s_stride1s-epo,delta
2561,-0.00017873658309367009,patient10_window16s_stride1s-epo,delta
2562,0.0013255768649526889,patient10_window16s_stride1s-epo,delta
2563,0.0007750435421220175,patient10_window16s_stride1s-epo,delta
2564,0.0023755974749399707,patient10_window16s_stride1s-epo,delta
2565,0.0012168230085649627,patient10_window16s_stride1s-epo,delta
2566,0.0013243066005760853,patient10_window16s_stride1s-epo,delta
2567,0.0007436797937704864,patient10_window16s_stride1s-epo,delta
2568,0.00022928914044765164,patient10_window16s_stride1s-epo,delta
2569,-0.0005593783846527112,patient10_window16s_stride1s-epo,delta
2570,0.0002703044514420571,patient10_window16s_stride1s-epo,delta
2571,0.00036438323009886924,patient10_window16s_stride1s-epo,delta
2572,0.000401065408896837,patient10_window16s_stride1s-epo,delta
2573,-0.00016796259320695222,patient10_window16s_stride1s-epo,delta
2574,-0.0005233979281173819,patient10_window16s_stride1s-epo,delta
2575,-0.0004556609579794615,patient10_window16s_stride1s-epo,delta
2576,-0.0008743887584110128,patient10_window16s_stride1s-epo,delta
2577,-0.0006107919210349742,patient10_window16s_stride1s-epo,delta
2578,-0.0001138977328193997,patient10_window16s_stride1s-epo,delta
2579,-7.078770010160947e-06,patient10_window16s_stride1s-epo,delta
2580,-0.0003617368759525833,patient10_window16s_stride1s-epo,delta
2581,0.0010560685398204213,patient10_window16s_stride1s-epo,delta
2582,0.0008022189328631644,patient10_window16s_stride1s-epo,delta
2583,0.0012372614955382703,patient10_window16s_stride1s-epo,delta
2584,0.001573302824142745,patient10_window16s_stride1s-epo,delta
2585,0.0007552327302222276,patient10_window16s_stride1s-epo,delta
2586,6.106387851425523e-05,patient10_window16s_stride1s-epo,delta
2587,0.00044626136326464703,patient10_window16s_stride1s-epo,delta
2588,-1.2728700354550018e-05,patient10_window16s_stride1s-epo,delta
2589,-0.00013333110742132513,patient10_window16s_stride1s-epo,delta
2590,0.00045607949985840697,patient10_window16s_stride1s-epo,delta
2591,0.00044608149860817816,patient10_window16s_stride1s-epo,delta
2592,0.00043340605679390536,patient10_window16s_stride1s-epo,delta
2593,0.0010304174182549188,patient10_window16s_stride1s-epo,delta
2594,-5.3591245525116435e-05,patient10_window16s_stride1s-epo,delta
2595,-0.0005121400866196915,patient10_window16s_stride1s-epo,delta
2596,-0.0005260487583198315,patient10_window16s_stride1s-epo,delta
2597,-0.0006524315892643412,patient10_window16s_stride1s-epo,delta
2598,0.00037638049664309107,patient10_window16s_stride1s-epo,delta
2599,-0.00022938703000168782,patient10_window16s_stride1s-epo,delta
2600,-0.0005975572645905393,patient10_window16s_stride1s-epo,delta
2601,-0.0007224962822245163,patient10_window16s_stride1s-epo,delta
2602,-0.0004312791167759064,patient10_window16s_stride1s-epo,delta
2603,-9.379445496472245e-05,patient10_window16s_stride1s-epo,delta
2604,-0.0005216914178188596,patient10_window16s_stride1s-epo,delta
2605,-0.0010093496362538804,patient10_window16s_stride1s-epo,delta
2606,-0.0008075939558325723,patient10_window16s_stride1s-epo,delta
2607,-0.000869752421762254,patient10_window16s_stride1s-epo,delta
2608,-0.0016634499166854346,patient10_window16s_stride1s-epo,delta
2609,-0.0014323280145611603,patient10_window16s_stride1s-epo,delta
2610,-0.0007118441442645206,patient10_window16s_stride1s-epo,delta
2611,-0.0010491556885964366,patient10_window16s_stride1s-epo,delta
2612,-0.0011836403891452045,patient10_window16s_stride1s-epo,delta
2613,-0.0019519723412253962,patient10_window16s_stride1s-epo,delta
2614,-0.0016743497155295192,patient10_window16s_stride1s-epo,delta
2615,-0.0010597725030485337,patient10_window16s_stride1s-epo,delta
2616,-0.0004501696386573334,patient10_window16s_stride1s-epo,delta
2617,0.00020533359962650872,patient10_window16s_stride1s-epo,delta
2618,-0.00034737885007041924,patient10_window16s_stride1s-epo,delta
2619,-7.378949323717365e-05,patient10_window16s_stride1s-epo,delta
2620,1.9843324408784805e-05,patient10_window16s_stride1s-epo,delta
2621,0.00018778875849868244,patient10_window16s_stride1s-epo,delta
2622,-5.600957085153527e-05,patient10_window16s_stride1s-epo,delta
2623,-0.0011329727818257642,patient10_window16s_stride1s-epo,delta
2624,9.196906944457848e-05,patient10_window16s_stride1s-epo,delta
2625,0.0002644409875934907,patient10_window16s_stride1s-epo,delta
2626,0.0008651781720719424,patient10_window16s_stride1s-epo,delta
2627,0.00042040952030445496,patient10_window16s_stride1s-epo,delta
2628,-0.0006637653350115721,patient10_window16s_stride1s-epo,delta
2629,-0.0011891982498066214,patient10_window16s_stride1s-epo,delta
2630,-0.000706461059274944,patient10_window16s_stride1s-epo,delta
2631,-0.0011311122625609349,patient10_window16s_stride1s-epo,delta
2632,-0.001050938892344044,patient10_window16s_stride1s-epo,delta
2633,-0.0011989510217644938,patient10_window16s_stride1s-epo,delta
2634,-0.0009569554786251016,patient10_window16s_stride1s-epo,delta
2635,-0.0010410951462466792,patient10_window16s_stride1s-epo,delta
2636,-0.0009349852829046025,patient10_window16s_stride1s-epo,delta
2637,-0.00040714261838311933,patient10_window16s_stride1s-epo,delta
2638,-0.00031329340624994923,patient10_window16s_stride1s-epo,delta
2639,1.1357534439918529e-05,patient10_window16s_stride1s-epo,delta
2640,8.779394278523728e-05,patient10_window16s_stride1s-epo,delta
2641,0.0003578433880709993,patient10_window16s_stride1s-epo,delta
2642,0.0009559271666782938,patient10_window16s_stride1s-epo,delta
2643,0.0009284221879287933,patient10_window16s_stride1s-epo,delta
2644,0.0011750329559131333,patient10_window16s_stride1s-epo,delta
2645,0.001203875717561504,patient10_window16s_stride1s-epo,delta
2646,0.0005544396064129417,patient10_window16s_stride1s-epo,delta
2647,0.0005229901270886493,patient10_window16s_stride1s-epo,delta
2648,0.0007315977755546103,patient10_window16s_stride1s-epo,delta
2649,0.0014711623171905163,patient10_window16s_stride1s-epo,delta
2650,0.001639058786734225,patient10_window16s_stride1s-epo,delta
2651,0.0016854831511339053,patient10_window16s_stride1s-epo,delta
2652,0.0027950114231554395,patient10_window16s_stride1s-epo,delta
2653,0.0026882452891475463,patient10_window16s_stride1s-epo,delta
2654,0.003767308291799871,patient10_window16s_stride1s-epo,delta
2655,0.004007147470437555,patient10_window16s_stride1s-epo,delta
2656,0.0036266869453954785,patient10_window16s_stride1s-epo,delta
2657,0.0016743124465029469,patient10_window16s_stride1s-epo,delta
2658,0.0012973786860712077,patient10_window16s_stride1s-epo,delta
2659,0.0010980118351482267,patient10_window16s_stride1s-epo,delta
2660,2.3452328071295616e-05,patient10_window16s_stride1s-epo,delta
2661,1.670828551081267e-05,patient10_window16s_stride1s-epo,delta
2662,0.000607005216872559,patient10_window16s_stride1s-epo,delta
2663,0.0005185324789191884,patient10_window16s_stride1s-epo,delta
2664,4.037947272978676e-05,patient10_window16s_stride1s-epo,delta
2665,-5.6990188960575494e-05,patient10_window16s_stride1s-epo,delta
2666,-0.0001228893450730964,patient10_window16s_stride1s-epo,delta
2667,-0.0004297004631614648,patient10_window16s_stride1s-epo,delta
2668,-0.001619127891668172,patient10_window16s_stride1s-epo,delta
2669,-0.0014844539441367368,patient10_window16s_stride1s-epo,delta
2670,-0.0011460808927328463,patient10_window16s_stride1s-epo,delta
2671,-0.0019385822955189113,patient10_window16s_stride1s-epo,delta
2672,-0.0012799035192104726,patient10_window16s_stride1s-epo,delta
2673,-0.0015731422962925875,patient10_window16s_stride1s-epo,delta
2674,-0.0015803948391358656,patient10_window16s_stride1s-epo,delta
2675,-0.0018059641758919876,patient10_window16s_stride1s-epo,delta
2676,-0.001059514672301449,patient10_window16s_stride1s-epo,delta
2677,-0.0014104937079564425,patient10_window16s_stride1s-epo,delta
2678,-0.0011513091798957024,patient10_window16s_stride1s-epo,delta
2679,-0.0011022761009096584,patient10_window16s_stride1s-epo,delta
2680,-0.00035189026612233125,patient10_window16s_stride1s-epo,delta
2681,-6.0330673522400714e-05,patient10_window16s_stride1s-epo,delta
2682,-0.0002128895771722864,patient10_window16s_stride1s-epo,delta
2683,-0.0011002567455063843,patient10_window16s_stride1s-epo,delta
2684,-0.0006120987221554715,patient10_window16s_stride1s-epo,delta
2685,-0.0015524730002475142,patient10_window16s_stride1s-epo,delta
2686,-8.508592212217185e-05,patient10_window16s_stride1s-epo,delta
2687,-0.0009586863712098618,patient10_window16s_stride1s-epo,delta
2688,-0.0004122341772682264,patient10_window16s_stride1s-epo,delta
2689,-0.0006347321688942544,patient10_window16s_stride1s-epo,delta
2690,-0.0015071241728822262,patient10_window16s_stride1s-epo,delta
2691,-0.0006037863516653592,patient10_window16s_stride1s-epo,delta
2692,-0.0013515321407157612,patient10_window16s_stride1s-epo,delta
2693,-0.0007262128307045655,patient10_window16s_stride1s-epo,delta
2694,-0.002225907848950429,patient10_window16s_stride1s-epo,delta
2695,-0.0023141410648717963,patient10_window16s_stride1s-epo,delta
2696,-0.0017054465755279996,patient10_window16s_stride1s-epo,delta
2697,-0.0027013849962336535,patient10_window16s_stride1s-epo,delta
2698,-0.001634672456505531,patient10_window16s_stride1s-epo,delta
2699,-0.0016679433573446195,patient10_window16s_stride1s-epo,delta
2700,-0.001924340809738373,patient10_window16s_stride1s-epo,delta
2701,-0.0017772283556599414,patient10_window16s_stride1s-epo,delta
2702,-0.001983494497338195,patient10_window16s_stride1s-epo,delta
2703,-0.0016547394502531574,patient10_window16s_stride1s-epo,delta
2704,-0.0021027583703343037,patient10_window16s_stride1s-epo,delta
2705,-0.0013953109092709377,patient10_window16s_stride1s-epo,delta
2706,-0.0013467782621275055,patient10_window16s_stride1s-epo,delta
2707,-0.0017021459861127648,patient10_window16s_stride1s-epo,delta
2708,-0.00207696489668965,patient10_window16s_stride1s-epo,delta
2709,-0.0007737224297509573,patient10_window16s_stride1s-epo,delta
2710,-0.00019511772130979973,patient10_window16s_stride1s-epo,delta
2711,-0.0012761514401992272,patient10_window16s_stride1s-epo,delta
2712,-0.0010584230195610264,patient10_window16s_stride1s-epo,delta
2713,-0.0002637786169681622,patient10_window16s_stride1s-epo,delta
2714,0.00031876783507893923,patient10_window16s_stride1s-epo,delta
2715,-3.398968912799593e-05,patient10_window16s_stride1s-epo,delta
2716,-0.0006445803669245015,patient10_window16s_stride1s-epo,delta
2717,-0.0005975368327625483,patient10_window16s_stride1s-epo,delta
2718,-0.0006466304828315674,patient10_window16s_stride1s-epo,delta
2719,-0.0005269940970294577,patient10_window16s_stride1s-epo,delta
2720,-0.0012488281357246344,patient10_window16s_stride1s-epo,delta
2721,-0.002392982686210822,patient10_window16s_stride1s-epo,delta
2722,-0.002172352566393596,patient10_window16s_stride1s-epo,delta
2723,-0.002082294732710806,patient10_window16s_stride1s-epo,delta
2724,-0.0007743004154344847,patient10_window16s_stride1s-epo,delta
2725,-0.0019960731309147627,patient10_window16s_stride1s-epo,delta
2726,-0.0023817866823995725,patient10_window16s_stride1s-epo,delta
2727,-0.002516204107283744,patient10_window16s_stride1s-epo,delta
2728,-0.0022422129255261353,patient10_window16s_stride1s-epo,delta
2729,-0.0024282085321669757,patient10_window16s_stride1s-epo,delta
2730,-0.002213999249837583,patient10_window16s_stride1s-epo,delta
2731,-0.0022925677988880912,patient10_window16s_stride1s-epo,delta
2732,-0.0021813929608645163,patient10_window16s_stride1s-epo,delta
2733,-0.002000414379181507,patient10_window16s_stride1s-epo,delta
2734,-0.0011183371719114261,patient10_window16s_stride1s-epo,delta
2735,-0.0007237629577268855,patient10_window16s_stride1s-epo,delta
2736,-0.0010257667491570055,patient10_window16s_stride1s-epo,delta
2737,-0.0009474710777956814,patient10_window16s_stride1s-epo,delta
2738,-0.0007810759290714749,patient10_window16s_stride1s-epo,delta
2739,-0.0012701112553669834,patient10_window16s_stride1s-epo,delta
2740,-0.0008491480565816483,patient10_window16s_stride1s-epo,delta
2741,-0.00015948324516168788,patient10_window16s_stride1s-epo,delta
2742,-0.0002392388128780096,patient10_window16s_stride1s-epo,delta
2743,-0.0002708245095562719,patient10_window16s_stride1s-epo,delta
2744,0.0012924365654603301,patient10_window16s_stride1s-epo,delta
2745,0.0011606989945875967,patient10_window16s_stride1s-epo,delta
2746,-0.00028172463026015175,patient10_window16s_stride1s-epo,delta
2747,0.0006085345430367749,patient10_window16s_stride1s-epo,delta
2748,0.0010048559082144293,patient10_window16s_stride1s-epo,delta
2749,0.0006400213630496627,patient10_window16s_stride1s-epo,delta
2750,0.0002938265570675654,patient10_window16s_stride1s-epo,delta
2751,0.00027792388256279033,patient10_window16s_stride1s-epo,delta
2752,4.0159422100794204e-05,patient10_window16s_stride1s-epo,delta
2753,0.0006539795360982501,patient10_window16s_stride1s-epo,delta
2754,0.001518385682627334,patient10_window16s_stride1s-epo,delta
2755,0.0009193012723190265,patient10_window16s_stride1s-epo,delta
2756,0.0005872744001377939,patient10_window16s_stride1s-epo,delta
2757,-1.8150874674830645e-06,patient10_window16s_stride1s-epo,delta
2758,-0.0006242084915822396,patient10_window16s_stride1s-epo,delta
2759,-0.0002961347701422649,patient10_window16s_stride1s-epo,delta
2760,-0.000750760476100518,patient10_window16s_stride1s-epo,delta
2761,-6.901312093723305e-05,patient10_window16s_stride1s-epo,delta
2762,-0.0010242979892424416,patient10_window16s_stride1s-epo,delta
2763,-0.0011914438135243578,patient10_window16s_stride1s-epo,delta
2764,-0.0021901768537391075,patient10_window16s_stride1s-epo,delta
2765,-0.002829848502529064,patient10_window16s_stride1s-epo,delta
2766,-0.00304535669402136,patient10_window16s_stride1s-epo,delta
2767,-0.0031067696657474417,patient10_window16s_stride1s-epo,delta
2768,-0.002292696761406283,patient10_window16s_stride1s-epo,delta
2769,-0.0025175381058851636,patient10_window16s_stride1s-epo,delta
2770,-0.0033823783844407814,patient10_window16s_stride1s-epo,delta
2771,-0.0033631161609604097,patient10_window16s_stride1s-epo,delta
2772,-0.0030646563942682077,patient10_window16s_stride1s-epo,delta
2773,-0.0021388375984919866,patient10_window16s_stride1s-epo,delta
2774,-0.0021615152333294514,patient10_window16s_stride1s-epo,delta
2775,-0.001426415340051686,patient10_window16s_stride1s-epo,delta
2776,-0.0019662441943224867,patient10_window16s_stride1s-epo,delta
2777,-0.002201939394432638,patient10_window16s_stride1s-epo,delta
2778,-0.001218317096172814,patient10_window16s_stride1s-epo,delta
2779,-0.000524777315014831,patient10_window16s_stride1s-epo,delta
2780,-0.0007717773246078077,patient10_window16s_stride1s-epo,delta
2781,-0.00046906707783579037,patient10_window16s_stride1s-epo,delta
2782,0.00078105596430063,patient10_window16s_stride1s-epo,delta
2783,0.0002726832095349358,patient10_window16s_stride1s-epo,delta
2784,-0.00017459465903175202,patient10_window16s_stride1s-epo,delta
2785,-1.1745047733564616e-05,patient10_window16s_stride1s-epo,delta
2786,0.0002367495888684391,patient10_window16s_stride1s-epo,delta
2787,0.0007504279557737108,patient10_window16s_stride1s-epo,delta
2788,0.000738861069666791,patient10_window16s_stride1s-epo,delta
2789,0.0004751251102986555,patient10_window16s_stride1s-epo,delta
2790,9.660074979923665e-05,patient10_window16s_stride1s-epo,delta
2791,0.0005893040544292864,patient10_window16s_stride1s-epo,delta
2792,0.0019012193275832407,patient10_window16s_stride1s-epo,delta
2793,0.0024664783537243725,patient10_window16s_stride1s-epo,delta
2794,0.0018023161211316962,patient10_window16s_stride1s-epo,delta
2795,0.002265403978564993,patient10_window16s_stride1s-epo,delta
2796,0.0012074757918493484,patient10_window16s_stride1s-epo,delta
2797,0.0005766757671174419,patient10_window16s_stride1s-epo,delta
2798,-0.0002777846701228059,patient10_window16s_stride1s-epo,delta
2799,-0.0013285523772973951,patient10_window16s_stride1s-epo,delta
2800,-0.0008164231181404695,patient10_window16s_stride1s-epo,delta
2801,-0.001185928026669568,patient10_window16s_stride1s-epo,delta
2802,-0.0023371140001113267,patient10_window16s_stride1s-epo,delta
2803,-0.002596273682812741,patient10_window16s_stride1s-epo,delta
2804,-0.002083403335125793,patient10_window16s_stride1s-epo,delta
2805,-0.0015528579466700266,patient10_window16s_stride1s-epo,delta
2806,-0.0018847494236460226,patient10_window16s_stride1s-epo,delta
2807,-0.002133593601830284,patient10_window16s_stride1s-epo,delta
2808,-0.0025680632769434822,patient10_window16s_stride1s-epo,delta
2809,-0.0033754571567257904,patient10_window16s_stride1s-epo,delta
2810,-0.0033909385008906155,patient10_window16s_stride1s-epo,delta
2811,-0.0024078262508591035,patient10_window16s_stride1s-epo,delta
2812,-0.002468337595541322,patient10_window16s_stride1s-epo,delta
2813,-0.0025846881225632767,patient10_window16s_stride1s-epo,delta
2814,-0.002149749182948207,patient10_window16s_stride1s-epo,delta
2815,-0.0020057386269754117,patient10_window16s_stride1s-epo,delta
2816,-0.0012758412289132378,patient10_window16s_stride1s-epo,delta
2817,-0.00020748892003069803,patient10_window16s_stride1s-epo,delta
2818,2.275339792364093e-05,patient10_window16s_stride1s-epo,delta
2819,0.0002769482475923847,patient10_window16s_stride1s-epo,delta
2820,0.0013183822188344433,patient10_window16s_stride1s-epo,delta
2821,0.00037174466692874674,patient10_window16s_stride1s-epo,delta
2822,0.0013475724919430575,patient10_window16s_stride1s-epo,delta
2823,0.0027814701652871076,patient10_window16s_stride1s-epo,delta
2824,0.002729323362602958,patient10_window16s_stride1s-epo,delta
2825,0.003699497282962337,patient10_window16s_stride1s-epo,delta
2826,0.0034453494184006066,patient10_window16s_stride1s-epo,delta
2827,0.004467721293033861,patient10_window16s_stride1s-epo,delta
2828,0.0050725058479660886,patient10_window16s_stride1s-epo,delta
2829,0.006536084355545894,patient10_window16s_stride1s-epo,delta
2830,0.00615361856537231,patient10_window16s_stride1s-epo,delta
2831,0.0067826079302415136,patient10_window16s_stride1s-epo,delta
2832,0.005910500462273463,patient10_window16s_stride1s-epo,delta
2833,0.003799652656064102,patient10_window16s_stride1s-epo,delta
2834,0.0037060854075876533,patient10_window16s_stride1s-epo,delta
2835,0.002894074777255046,patient10_window16s_stride1s-epo,delta
2836,0.003955709109392986,patient10_window16s_stride1s-epo,delta
2837,0.0036029664018900013,patient10_window16s_stride1s-epo,delta
2838,0.004720201578019921,patient10_window16s_stride1s-epo,delta
2839,0.002821555797854823,patient10_window16s_stride1s-epo,delta
2840,0.00323185469281999,patient10_window16s_stride1s-epo,delta
2841,0.0016599904277649431,patient10_window16s_stride1s-epo,delta
2842,0.002190115802005936,patient10_window16s_stride1s-epo,delta
2843,0.0013978098382527006,patient10_window16s_stride1s-epo,delta
2844,0.0005374558582638757,patient10_window16s_stride1s-epo,delta
2845,0.0011738104623485977,patient10_window16s_stride1s-epo,delta
2846,0.0006091290889660315,patient10_window16s_stride1s-epo,delta
2847,-0.0004003175451754266,patient10_window16s_stride1s-epo,delta
2848,-0.0006956122000130379,patient10_window16s_stride1s-epo,delta
2849,0.0003890342168381271,patient10_window16s_stride1s-epo,delta
2850,0.001126829858579735,patient10_window16s_stride1s-epo,delta
2851,0.0014331664462137754,patient10_window16s_stride1s-epo,delta
2852,0.0005363658405323785,patient10_window16s_stride1s-epo,delta
2853,-0.000502234161975774,patient10_window16s_stride1s-epo,delta
2854,-0.0003729225516894012,patient10_window16s_stride1s-epo,delta
2855,-0.0002735031810084251,patient10_window16s_stride1s-epo,delta
2856,-0.001287180385782936,patient10_window16s_stride1s-epo,delta
2857,0.0005706504679013119,patient10_window16s_stride1s-epo,delta
2858,0.0003406677021499642,patient10_window16s_stride1s-epo,delta
2859,0.0008524503724845169,patient10_window16s_stride1s-epo,delta
2860,0.000784023280252919,patient10_window16s_stride1s-epo,delta
2861,0.00020550348472024918,patient10_window16s_stride1s-epo,delta
2862,0.0009876238643050656,patient10_window16s_stride1s-epo,delta
2863,0.0016809805060264908,patient10_window16s_stride1s-epo,delta
2864,0.0024464033877144094,patient10_window16s_stride1s-epo,delta
2865,0.002314939359934529,patient10_window16s_stride1s-epo,delta
2866,0.0014655938290555333,patient10_window16s_stride1s-epo,delta
2867,0.0013956121225408482,patient10_window16s_stride1s-epo,delta
2868,0.0018088144256713933,patient10_window16s_stride1s-epo,delta
2869,0.0016102467124416784,patient10_window16s_stride1s-epo,delta
2870,0.0017394201373545659,patient10_window16s_stride1s-epo,delta
2871,0.00208799695553354,patient10_window16s_stride1s-epo,delta
2872,0.00225903814200377,patient10_window16s_stride1s-epo,delta
2873,0.0014621333528803632,patient10_window16s_stride1s-epo,delta
2874,0.001573944970251157,patient10_window16s_stride1s-epo,delta
2875,0.0018182999826960465,patient10_window16s_stride1s-epo,delta
2876,0.0020273256213864726,patient10_window16s_stride1s-epo,delta
2877,0.0008109856497094013,patient10_window16s_stride1s-epo,delta
2878,0.001087719075866642,patient10_window16s_stride1s-epo,delta
2879,0.0013724887569688047,patient10_window16s_stride1s-epo,delta
2880,0.0010437003932395315,patient10_window16s_stride1s-epo,delta
2881,0.0007652099414288174,patient10_window16s_stride1s-epo,delta
2882,0.001637354731192917,patient10_window16s_stride1s-epo,delta
2883,0.0012710906413630739,patient10_window16s_stride1s-epo,delta
2884,0.0025256166781307625,patient10_window16s_stride1s-epo,delta
2885,0.00311013410088822,patient10_window16s_stride1s-epo,delta
2886,0.0030056246693428244,patient10_window16s_stride1s-epo,delta
2887,0.0033486022407375796,patient10_window16s_stride1s-epo,delta
2888,0.003131868570845596,patient10_window16s_stride1s-epo,delta
2889,0.0020841151648134442,patient10_window16s_stride1s-epo,delta
2890,0.001972595986432792,patient10_window16s_stride1s-epo,delta
2891,0.0006946131161554512,patient10_window16s_stride1s-epo,delta
2892,0.0012004705544492356,patient10_window16s_stride1s-epo,delta
2893,0.0012649658586957576,patient10_window16s_stride1s-epo,delta
2894,0.0006219948237356262,patient10_window16s_stride1s-epo,delta
2895,-0.0010568169636465446,patient10_window16s_stride1s-epo,delta
2896,-0.0006985325442994962,patient10_window16s_stride1s-epo,delta
2897,0.00016519918848793364,patient10_window16s_stride1s-epo,delta
2898,0.0004151214388995544,patient10_window16s_stride1s-epo,delta
2899,-0.00011132713905869932,patient10_window16s_stride1s-epo,delta
2900,-0.000637405931277809,patient10_window16s_stride1s-epo,delta
2901,-0.0004881860926867207,patient10_window16s_stride1s-epo,delta
2902,-0.0007137314266944261,patient10_window16s_stride1s-epo,delta
2903,0.00041416829557415854,patient10_window16s_stride1s-epo,delta
2904,0.0003729650478462084,patient10_window16s_stride1s-epo,delta
2905,0.0009804012452085914,patient10_window16s_stride1s-epo,delta
2906,0.00011343335034368146,patient10_window16s_stride1s-epo,delta
2907,-0.0004406624530649524,patient10_window16s_stride1s-epo,delta
2908,-0.0003437915292881006,patient10_window16s_stride1s-epo,delta
2909,7.514999935865758e-05,patient10_window16s_stride1s-epo,delta
2910,0.0002621110781553028,patient10_window16s_stride1s-epo,delta
2911,0.0014424840296857057,patient10_window16s_stride1s-epo,delta
2912,0.0013838283379130473,patient10_window16s_stride1s-epo,delta
2913,0.00011230036868647296,patient10_window16s_stride1s-epo,delta
2914,0.0003606925191554372,patient10_window16s_stride1s-epo,delta
2915,0.00048182487639879566,patient10_window16s_stride1s-epo,delta
2916,0.0007450709063977148,patient10_window16s_stride1s-epo,delta
2917,0.0005683722483034872,patient10_window16s_stride1s-epo,delta
2918,0.0003763532769705502,patient10_window16s_stride1s-epo,delta
2919,0.00030717750888169763,patient10_window16s_stride1s-epo,delta
2920,0.00014970938920522058,patient10_window16s_stride1s-epo,delta
2921,0.0005400788394121179,patient10_window16s_stride1s-epo,delta
2922,0.00021498755048621104,patient10_window16s_stride1s-epo,delta
2923,9.898855006777919e-05,patient10_window16s_stride1s-epo,delta
2924,-0.0003215609114324677,patient10_window16s_stride1s-epo,delta
2925,-0.0010133886627849893,patient10_window16s_stride1s-epo,delta
2926,-0.0004464289433701778,patient10_window16s_stride1s-epo,delta
2927,-0.0010145806517012738,patient10_window16s_stride1s-epo,delta
2928,-0.0013505806216954372,patient10_window16s_stride1s-epo,delta
2929,-0.0002274794944304194,patient10_window16s_stride1s-epo,delta
2930,-0.00042355072026793955,patient10_window16s_stride1s-epo,delta
2931,-0.0007225771555473539,patient10_window16s_stride1s-epo,delta
2932,-0.000691304506311592,patient10_window16s_stride1s-epo,delta
2933,-0.00014203075872597413,patient10_window16s_stride1s-epo,delta
2934,-0.00014797580200446764,patient10_window16s_stride1s-epo,delta
2935,-0.0009581811341386373,patient10_window16s_stride1s-epo,delta
2936,-0.0008708691578615505,patient10_window16s_stride1s-epo,delta
2937,-0.000930070176422041,patient10_window16s_stride1s-epo,delta
2938,0.00034010307235738996,patient10_window16s_stride1s-epo,delta
2939,0.00020609078009245062,patient10_window16s_stride1s-epo,delta
2940,0.0005785886106203418,patient10_window16s_stride1s-epo,delta
2941,0.0011705121613374185,patient10_window16s_stride1s-epo,delta
2942,0.002090568441603191,patient10_window16s_stride1s-epo,delta
2943,0.0018958445540924475,patient10_window16s_stride1s-epo,delta
2944,0.002719349678460131,patient10_window16s_stride1s-epo,delta
2945,0.00230667773279116,patient10_window16s_stride1s-epo,delta
2946,0.001834466537113998,patient10_window16s_stride1s-epo,delta
2947,0.0020896309807002995,patient10_window16s_stride1s-epo,delta
2948,0.0012986920425038003,patient10_window16s_stride1s-epo,delta
2949,0.0007508058249378404,patient10_window16s_stride1s-epo,delta
2950,-0.0006902170633120439,patient10_window16s_stride1s-epo,delta
2951,-0.0021669355825762334,patient10_window16s_stride1s-epo,delta
2952,-0.0014672454664730829,patient10_window16s_stride1s-epo,delta
2953,-0.0008837650415675429,patient10_window16s_stride1s-epo,delta
2954,-0.0015233096977484944,patient10_window16s_stride1s-epo,delta
2955,-0.0012677545647650336,patient10_window16s_stride1s-epo,delta
2956,-0.0021659103989678232,patient10_window16s_stride1s-epo,delta
2957,-0.0015902785858243717,patient10_window16s_stride1s-epo,delta
2958,-0.0015532098488278854,patient10_window16s_stride1s-epo,delta
2959,-0.00163549581445912,patient10_window16s_stride1s-epo,delta
2960,-0.0015550187185552995,patient10_window16s_stride1s-epo,delta
2961,-0.0016598661554507689,patient10_window16s_stride1s-epo,delta
2962,-0.0015908905753204226,patient10_window16s_stride1s-epo,delta
2963,-0.00122792727964507,patient10_window16s_stride1s-epo,delta
2964,-0.0006407967029403156,patient10_window16s_stride1s-epo,delta
2965,6.793651770813726e-05,patient10_window16s_stride1s-epo,delta
2966,7.292539707880503e-05,patient10_window16s_stride1s-epo,delta
2967,0.0014578190127770242,patient10_window16s_stride1s-epo,delta
2968,0.0018696503597661089,patient10_window16s_stride1s-epo,delta
2969,0.0007679048230127483,patient10_window16s_stride1s-epo,delta
2970,0.0006006953346844141,patient10_window16s_stride1s-epo,delta
2971,0.0007199066103331193,patient10_window16s_stride1s-epo,delta
2972,0.0008383441962121865,patient10_window16s_stride1s-epo,delta
2973,0.0013915248406634372,patient10_window16s_stride1s-epo,delta
2974,0.001448824773537308,patient10_window16s_stride1s-epo,delta
2975,0.0014028305756156542,patient10_window16s_stride1s-epo,delta
2976,0.0018710302396140464,patient10_window16s_stride1s-epo,delta
2977,0.001503898844567013,patient10_window16s_stride1s-epo,delta
2978,0.001954317276642134,patient10_window16s_stride1s-epo,delta
2979,0.0020485779556295037,patient10_window16s_stride1s-epo,delta
2980,0.0017275703614604958,patient10_window16s_stride1s-epo,delta
2981,0.002625986042614466,patient10_window16s_stride1s-epo,delta
2982,0.0020095242662495814,patient10_window16s_stride1s-epo,delta
2983,0.0019415116150289873,patient10_window16s_stride1s-epo,delta
2984,0.0017829237728817652,patient10_window16s_stride1s-epo,delta
2985,0.0018710891327197944,patient10_window16s_stride1s-epo,delta
2986,0.0011363860140976524,patient10_window16s_stride1s-epo,delta
2987,0.0020270796998864233,patient10_window16s_stride1s-epo,delta
2988,0.0007937059069503781,patient10_window16s_stride1s-epo,delta
2989,0.0024876822794026613,patient10_window16s_stride1s-epo,delta
2990,0.002022307156185468,patient10_window16s_stride1s-epo,delta
2991,0.0012232324337480274,patient10_window16s_stride1s-epo,delta
2992,0.000305106156715374,patient10_window16s_stride1s-epo,delta
2993,0.0013595455007624543,patient10_window16s_stride1s-epo,delta
2994,0.0009997149147100415,patient10_window16s_stride1s-epo,delta
2995,0.0008597106038177728,patient10_window16s_stride1s-epo,delta
2996,0.0011373943144980163,patient10_window16s_stride1s-epo,delta
2997,0.0007539343728505675,patient10_window16s_stride1s-epo,delta
2998,0.000954956045092438,patient10_window16s_stride1s-epo,delta
2999,0.0004442239089357634,patient10_window16s_stride1s-epo,delta
3000,0.0006303746369593335,patient10_window16s_stride1s-epo,delta
3001,0.0007107918853981375,patient10_window16s_stride1s-epo,delta
3002,0.0006444593484018779,patient10_window16s_stride1s-epo,delta
3003,-0.0006961341527521669,patient10_window16s_stride1s-epo,delta
3004,-0.0012482326149139474,patient10_window16s_stride1s-epo,delta
3005,-0.001113185174594354,patient10_window16s_stride1s-epo,delta
3006,-0.0022522727077457605,patient10_window16s_stride1s-epo,delta
3007,-0.003534568715593956,patient10_window16s_stride1s-epo,delta
3008,-0.002495348220215997,patient10_window16s_stride1s-epo,delta
3009,-0.002718127938846327,patient10_window16s_stride1s-epo,delta
3010,-0.0024383673772510636,patient10_window16s_stride1s-epo,delta
3011,-0.0021988264457376444,patient10_window16s_stride1s-epo,delta
3012,-0.0027767004138521023,patient10_window16s_stride1s-epo,delta
3013,-0.0029268543671343962,patient10_window16s_stride1s-epo,delta
3014,-0.0027581854447143207,patient10_window16s_stride1s-epo,delta
3015,-0.0022797403570549548,patient10_window16s_stride1s-epo,delta
3016,-0.0017972909150357872,patient10_window16s_stride1s-epo,delta
3017,-0.001472011174328184,patient10_window16s_stride1s-epo,delta
3018,-0.001381746849943545,patient10_window16s_stride1s-epo,delta
3019,-0.0012798161610709775,patient10_window16s_stride1s-epo,delta
3020,-0.0008717918859721053,patient10_window16s_stride1s-epo,delta
3021,-0.000324492463597376,patient10_window16s_stride1s-epo,delta
3022,0.0011714521710928895,patient10_window16s_stride1s-epo,delta
3023,0.0017834808402434027,patient10_window16s_stride1s-epo,delta
3024,0.0016382710636885034,patient10_window16s_stride1s-epo,delta
3025,0.001716418071504449,patient10_window16s_stride1s-epo,delta
3026,0.0019004423328222656,patient10_window16s_stride1s-epo,delta
3027,0.0027345280631590483,patient10_window16s_stride1s-epo,delta
3028,0.0031468760313853755,patient10_window16s_stride1s-epo,delta
3029,0.0033737011309907233,patient10_window16s_stride1s-epo,delta
3030,0.0032472250175216736,patient10_window16s_stride1s-epo,delta
3031,0.0033610761904951467,patient10_window16s_stride1s-epo,delta
3032,0.004128808450332348,patient10_window16s_stride1s-epo,delta
3033,0.0037181212476856485,patient10_window16s_stride1s-epo,delta
3034,0.003546095720381997,patient10_window16s_stride1s-epo,delta
3035,0.004120330164901311,patient10_window16s_stride1s-epo,delta
3036,0.0040311571904259645,patient10_window16s_stride1s-epo,delta
3037,0.003964385228417162,patient10_window16s_stride1s-epo,delta
3038,0.003859499680962985,patient10_window16s_stride1s-epo,delta
3039,0.003885199446859384,patient10_window16s_stride1s-epo,delta
3040,0.00392260881649642,patient10_window16s_stride1s-epo,delta
3041,0.003967211073863553,patient10_window16s_stride1s-epo,delta
3042,0.0039052182135690294,patient10_window16s_stride1s-epo,delta
3043,0.002136540359761708,patient10_window16s_stride1s-epo,delta
3044,0.002570375325561978,patient10_window16s_stride1s-epo,delta
3045,0.0024198209210698272,patient10_window16s_stride1s-epo,delta
3046,0.0024161598349755763,patient10_window16s_stride1s-epo,delta
3047,0.0019807191796096736,patient10_window16s_stride1s-epo,delta
3048,0.0018347168526239694,patient10_window16s_stride1s-epo,delta
3049,0.0020640221955060068,patient10_window16s_stride1s-epo,delta
3050,0.0017521696827063353,patient10_window16s_stride1s-epo,delta
3051,0.0009305860944692416,patient10_window16s_stride1s-epo,delta
3052,0.0007253640979049779,patient10_window16s_stride1s-epo,delta
3053,-9.685333639730578e-05,patient10_window16s_stride1s-epo,delta
3054,-0.0004267810930148245,patient10_window16s_stride1s-epo,delta
3055,-0.0005712488858867933,patient10_window16s_stride1s-epo,delta
3056,-0.0008724571678434034,patient10_window16s_stride1s-epo,delta
3057,-0.0007617514384256034,patient10_window16s_stride1s-epo,delta
3058,-0.0006646930389489648,patient10_window16s_stride1s-epo,delta
3059,-0.0006800054926774838,patient10_window16s_stride1s-epo,delta
3060,-0.001424558633680273,patient10_window16s_stride1s-epo,delta
3061,-0.0013047517773537528,patient10_window16s_stride1s-epo,delta
3062,-0.001746197792241482,patient10_window16s_stride1s-epo,delta
3063,-0.0019336096772715676,patient10_window16s_stride1s-epo,delta
3064,-0.0016358434404471073,patient10_window16s_stride1s-epo,delta
3065,-8.326243746269631e-06,patient10_window16s_stride1s-epo,delta
3066,0.00011865070220115406,patient10_window16s_stride1s-epo,delta
3067,0.0012820821954186827,patient10_window16s_stride1s-epo,delta
3068,0.0010267068461614793,patient10_window16s_stride1s-epo,delta
3069,0.0015237747953948146,patient10_window16s_stride1s-epo,delta
3070,0.002442471961557496,patient10_window16s_stride1s-epo,delta
3071,0.0013922132957781665,patient10_window16s_stride1s-epo,delta
3072,0.002025281184076171,patient10_window16s_stride1s-epo,delta
3073,0.001538335850068125,patient10_window16s_stride1s-epo,delta
3074,0.0014431372485652083,patient10_window16s_stride1s-epo,delta
3075,0.0008235860693572976,patient10_window16s_stride1s-epo,delta
3076,0.002413303505221539,patient10_window16s_stride1s-epo,delta
3077,0.0018018919459667998,patient10_window16s_stride1s-epo,delta
3078,0.0006951577531779036,patient10_window16s_stride1s-epo,delta
3079,0.0011837135121908063,patient10_window16s_stride1s-epo,delta
3080,0.00041881098379019203,patient10_window16s_stride1s-epo,delta
3081,0.0003405054092147407,patient10_window16s_stride1s-epo,delta
3082,0.0013098105365180782,patient10_window16s_stride1s-epo,delta
3083,0.0002007251218899158,patient10_window16s_stride1s-epo,delta
3084,0.0005814190069107147,patient10_window16s_stride1s-epo,delta
3085,0.0002857944181595649,patient10_window16s_stride1s-epo,delta
3086,-3.71930250731677e-05,patient10_window16s_stride1s-epo,delta
3087,0.0007260451616012464,patient10_window16s_stride1s-epo,delta
3088,0.00025630876270486754,patient10_window16s_stride1s-epo,delta
3089,-0.00032410699873143106,patient10_window16s_stride1s-epo,delta
3090,0.00019999848016181065,patient10_window16s_stride1s-epo,delta
3091,0.00020916425256897172,patient10_window16s_stride1s-epo,delta
3092,0.0004087299746129289,patient10_window16s_stride1s-epo,delta
3093,0.0008232103050870387,patient10_window16s_stride1s-epo,delta
3094,0.0006001134770100215,patient10_window16s_stride1s-epo,delta
3095,0.0014651410462909644,patient10_window16s_stride1s-epo,delta
3096,0.00011040477614786644,patient10_window16s_stride1s-epo,delta
3097,-0.0003133044091040296,patient10_window16s_stride1s-epo,delta
3098,-0.001062559753799136,patient10_window16s_stride1s-epo,delta
3099,1.6486486538810129e-07,patient10_window16s_stride1s-epo,delta
3100,0.00043990975763776773,patient10_window16s_stride1s-epo,delta
3101,-0.000497162298100084,patient10_window16s_stride1s-epo,delta
3102,0.0006499715210637877,patient10_window16s_stride1s-epo,delta
3103,0.00016522416900415432,patient10_window16s_stride1s-epo,delta
3104,-2.6047899891314707e-05,patient10_window16s_stride1s-epo,delta
3105,-0.0009657962193359051,patient10_window16s_stride1s-epo,delta
3106,-0.00022972724938647232,patient10_window16s_stride1s-epo,delta
3107,-0.0007997067780734753,patient10_window16s_stride1s-epo,delta
3108,-0.0007634083021191878,patient10_window16s_stride1s-epo,delta
3109,-0.001235970128034221,patient10_window16s_stride1s-epo,delta
3110,-0.0004012054683006476,patient10_window16s_stride1s-epo,delta
3111,-0.0012013497399032385,patient10_window16s_stride1s-epo,delta
3112,-0.0009733144718441556,patient10_window16s_stride1s-epo,delta
3113,-0.0005536758087348068,patient10_window16s_stride1s-epo,delta
3114,-0.0008367128826296961,patient10_window16s_stride1s-epo,delta
3115,-0.0006439311658551891,patient10_window16s_stride1s-epo,delta
3116,-0.0017797806213782903,patient10_window16s_stride1s-epo,delta
3117,-0.0017987998535478494,patient10_window16s_stride1s-epo,delta
3118,-0.001374147760710051,patient10_window16s_stride1s-epo,delta
3119,-0.001537163543471514,patient10_window16s_stride1s-epo,delta
3120,-0.0015880901382274942,patient10_window16s_stride1s-epo,delta
3121,-0.0010101104259320887,patient10_window16s_stride1s-epo,delta
3122,-0.0003039585159206083,patient10_window16s_stride1s-epo,delta
3123,-0.0012066891732171693,patient10_window16s_stride1s-epo,delta
3124,-0.0013848263147900133,patient10_window16s_stride1s-epo,delta
3125,-0.0014322767408112356,patient10_window16s_stride1s-epo,delta
3126,-0.0011029553348285849,patient10_window16s_stride1s-epo,delta
3127,-0.0010827778225980741,patient10_window16s_stride1s-epo,delta
3128,-0.002122804990545003,patient10_window16s_stride1s-epo,delta
3129,-0.0020259949607110113,patient10_window16s_stride1s-epo,delta
3130,-0.0017247460769657902,patient10_window16s_stride1s-epo,delta
3131,-0.0018916128585569876,patient10_window16s_stride1s-epo,delta
3132,-0.00030574548171435976,patient10_window16s_stride1s-epo,delta
3133,-0.0008792686689690104,patient10_window16s_stride1s-epo,delta
3134,-0.0011561795204426207,patient10_window16s_stride1s-epo,delta
3135,-0.0007929212988240004,patient10_window16s_stride1s-epo,delta
3136,-0.0026100072167014377,patient10_window16s_stride1s-epo,delta
3137,-0.002692187139036248,patient10_window16s_stride1s-epo,delta
3138,-0.0023040385056317413,patient10_window16s_stride1s-epo,delta
3139,-0.0016693362886262626,patient10_window16s_stride1s-epo,delta
3140,-0.0016175827659966968,patient10_window16s_stride1s-epo,delta
3141,-0.0008800732900127576,patient10_window16s_stride1s-epo,delta
3142,-0.0008189725182945002,patient10_window16s_stride1s-epo,delta
3143,-0.0013325418659049322,patient10_window16s_stride1s-epo,delta
3144,-5.881832718985685e-06,patient10_window16s_stride1s-epo,delta
3145,8.631356302351502e-05,patient10_window16s_stride1s-epo,delta
3146,-0.0006731300409130749,patient10_window16s_stride1s-epo,delta
3147,-0.0008914456230936886,patient10_window16s_stride1s-epo,delta
3148,0.0004704204383997851,patient10_window16s_stride1s-epo,delta
3149,0.0006805870212124749,patient10_window16s_stride1s-epo,delta
3150,0.00030186368398267473,patient10_window16s_stride1s-epo,delta
3151,0.001140724542675272,patient10_window16s_stride1s-epo,delta
3152,0.0024616046693446757,patient10_window16s_stride1s-epo,delta
3153,0.001544655345995185,patient10_window16s_stride1s-epo,delta
3154,0.0014259304727087631,patient10_window16s_stride1s-epo,delta
3155,0.000990077593514034,patient10_window16s_stride1s-epo,delta
3156,0.0019685361273203607,patient10_window16s_stride1s-epo,delta
3157,0.0024269937237551987,patient10_window16s_stride1s-epo,delta
3158,0.0020472959674125778,patient10_window16s_stride1s-epo,delta
3159,0.0027640238817828447,patient10_window16s_stride1s-epo,delta
3160,0.002757929466276607,patient10_window16s_stride1s-epo,delta
3161,0.0026853865228000976,patient10_window16s_stride1s-epo,delta
3162,0.0029401498869962802,patient10_window16s_stride1s-epo,delta
3163,0.002897884605471699,patient10_window16s_stride1s-epo,delta
3164,0.0014483374019346191,patient10_window16s_stride1s-epo,delta
3165,0.0017254299588278703,patient10_window16s_stride1s-epo,delta
3166,0.0024053666831196207,patient10_window16s_stride1s-epo,delta
3167,0.002224836681306889,patient10_window16s_stride1s-epo,delta
3168,0.0017245791489734043,patient10_window16s_stride1s-epo,delta
3169,0.002191997701256624,patient10_window16s_stride1s-epo,delta
3170,0.0019399750466102704,patient10_window16s_stride1s-epo,delta
3171,0.0017735772322443743,patient10_window16s_stride1s-epo,delta
3172,0.0008087870553135251,patient10_window16s_stride1s-epo,delta
3173,0.0012598212691332666,patient10_window16s_stride1s-epo,delta
3174,0.0012823123888386228,patient10_window16s_stride1s-epo,delta
3175,0.0010665907931796804,patient10_window16s_stride1s-epo,delta
3176,0.0006659231182167282,patient10_window16s_stride1s-epo,delta
3177,0.00040006336682462117,patient10_window16s_stride1s-epo,delta
3178,0.0007498401178454795,patient10_window16s_stride1s-epo,delta
3179,0.0008197633121583908,patient10_window16s_stride1s-epo,delta
3180,0.00021759793295293557,patient10_window16s_stride1s-epo,delta
3181,-0.0005014307006482412,patient10_window16s_stride1s-epo,delta
3182,-0.0008376362128313731,patient10_window16s_stride1s-epo,delta
3183,-0.0008568733598657089,patient10_window16s_stride1s-epo,delta
3184,-0.0007215535319119353,patient10_window16s_stride1s-epo,delta
3185,-0.000114336556447696,patient10_window16s_stride1s-epo,delta
3186,-0.00039101855183451843,patient10_window16s_stride1s-epo,delta
3187,2.6038146830464573e-05,patient10_window16s_stride1s-epo,delta
3188,8.897048224662897e-06,patient10_window16s_stride1s-epo,delta
3189,8.466173170378528e-05,patient10_window16s_stride1s-epo,delta
3190,-0.00038517002447432366,patient10_window16s_stride1s-epo,delta
3191,-0.0008240157383325333,patient10_window16s_stride1s-epo,delta
3192,-0.0005525594654019157,patient10_window16s_stride1s-epo,delta
3193,-0.0007766295113354457,patient10_window16s_stride1s-epo,delta
3194,-0.001204997493898743,patient10_window16s_stride1s-epo,delta
3195,-0.0006678007089198711,patient10_window16s_stride1s-epo,delta
3196,0.0001881856238559119,patient10_window16s_stride1s-epo,delta
3197,0.0007474056025599924,patient10_window16s_stride1s-epo,delta
3198,0.0009419542940996694,patient10_window16s_stride1s-epo,delta
3199,0.002095556066698681,patient10_window16s_stride1s-epo,delta
3200,0.0021670903509224465,patient10_window16s_stride1s-epo,delta
3201,0.0016115222824491166,patient10_window16s_stride1s-epo,delta
3202,0.0012198964857454387,patient10_window16s_stride1s-epo,delta
3203,0.0006278675911482498,patient10_window16s_stride1s-epo,delta
3204,-0.00030750739890311567,patient10_window16s_stride1s-epo,delta
3205,0.0010391438077414258,patient10_window16s_stride1s-epo,delta
3206,0.0009105925355725416,patient10_window16s_stride1s-epo,delta
3207,-0.00016600996197774014,patient10_window16s_stride1s-epo,delta
3208,0.0006333042139121672,patient10_window16s_stride1s-epo,delta
3209,0.00010229242809357855,patient10_window16s_stride1s-epo,delta
3210,0.0005359173951479023,patient10_window16s_stride1s-epo,delta
3211,0.0009707919627705566,patient10_window16s_stride1s-epo,delta
3212,0.0002428564459223687,patient10_window16s_stride1s-epo,delta
3213,0.0006614623873606592,patient10_window16s_stride1s-epo,delta
3214,0.0005884044333006876,patient10_window16s_stride1s-epo,delta
3215,0.0009932842222834283,patient10_window16s_stride1s-epo,delta
3216,0.001660882683189158,patient10_window16s_stride1s-epo,delta
3217,0.0017719600049828288,patient10_window16s_stride1s-epo,delta
3218,0.0024739851612879758,patient10_window16s_stride1s-epo,delta
3219,0.0009920923067619986,patient10_window16s_stride1s-epo,delta
3220,0.0005396594693532429,patient10_window16s_stride1s-epo,delta
3221,-2.4515302648677036e-05,patient10_window16s_stride1s-epo,delta
3222,-0.00014713572098718096,patient10_window16s_stride1s-epo,delta
3223,0.0007107078946320552,patient10_window16s_stride1s-epo,delta
3224,0.0012366078034468113,patient10_window16s_stride1s-epo,delta
3225,0.001194126053417858,patient10_window16s_stride1s-epo,delta
3226,0.0005049992627509218,patient10_window16s_stride1s-epo,delta
3227,0.0009304733247644895,patient10_window16s_stride1s-epo,delta
3228,0.001512798214573588,patient10_window16s_stride1s-epo,delta
3229,0.0016777823371976266,patient10_window16s_stride1s-epo,delta
3230,0.0010659822939789035,patient10_window16s_stride1s-epo,delta
3231,0.00026698145561084377,patient10_window16s_stride1s-epo,delta
3232,0.0008680063957139774,patient10_window16s_stride1s-epo,delta
3233,0.00023164002777926524,patient10_window16s_stride1s-epo,delta
3234,0.0006298895385104482,patient10_window16s_stride1s-epo,delta
3235,0.0007995268594350247,patient10_window16s_stride1s-epo,delta
3236,0.0010617903688901653,patient10_window16s_stride1s-epo,delta
3237,0.0014168925842540587,patient10_window16s_stride1s-epo,delta
3238,0.0015920796073978188,patient10_window16s_stride1s-epo,delta
3239,0.0012415125816206526,patient10_window16s_stride1s-epo,delta
3240,0.00035618308523009825,patient10_window16s_stride1s-epo,delta
3241,0.0014463528852772481,patient10_window16s_stride1s-epo,delta
3242,0.0008941057398480415,patient10_window16s_stride1s-epo,delta
3243,-9.187757675764521e-05,patient10_window16s_stride1s-epo,delta
3244,0.00020629816619221632,patient10_window16s_stride1s-epo,delta
3245,7.2276173030664665e-06,patient10_window16s_stride1s-epo,delta
3246,-0.00028631649931065467,patient10_window16s_stride1s-epo,delta
3247,-0.00032457238556703015,patient10_window16s_stride1s-epo,delta
3248,-0.0007732151021243639,patient10_window16s_stride1s-epo,delta
3249,-6.891684689174045e-05,patient10_window16s_stride1s-epo,delta
3250,0.00010964941284582994,patient10_window16s_stride1s-epo,delta
3251,0.0026078818761504268,patient10_window16s_stride1s-epo,delta
3252,0.0022810198579893744,patient10_window16s_stride1s-epo,delta
3253,0.0029546860897294185,patient10_window16s_stride1s-epo,delta
3254,0.002916297358431033,patient10_window16s_stride1s-epo,delta
3255,0.0012320801522868936,patient10_window16s_stride1s-epo,delta
3256,0.002036316907414316,patient10_window16s_stride1s-epo,delta
3257,0.001183471292828735,patient10_window16s_stride1s-epo,delta
3258,0.0012634286225876447,patient10_window16s_stride1s-epo,delta
3259,0.0011277140681144058,patient10_window16s_stride1s-epo,delta
3260,0.0014700307421327368,patient10_window16s_stride1s-epo,delta
3261,0.0013949488923080075,patient10_window16s_stride1s-epo,delta
3262,0.0019107555634399341,patient10_window16s_stride1s-epo,delta
3263,0.0009813411866663856,patient10_window16s_stride1s-epo,delta
3264,0.001119276144159661,patient10_window16s_stride1s-epo,delta
3265,-5.708873140147389e-05,patient10_window16s_stride1s-epo,delta
3266,-0.0011251917434781339,patient10_window16s_stride1s-epo,delta
3267,-0.0010828602089341423,patient10_window16s_stride1s-epo,delta
3268,-0.0003594797361361405,patient10_window16s_stride1s-epo,delta
3269,-0.001060054771433682,patient10_window16s_stride1s-epo,delta
3270,-0.0006746325843622481,patient10_window16s_stride1s-epo,delta
3271,-0.001315471846903749,patient10_window16s_stride1s-epo,delta
3272,-0.001421167136868336,patient10_window16s_stride1s-epo,delta
3273,-0.00220321539897351,patient10_window16s_stride1s-epo,delta
3274,-0.001787819812926417,patient10_window16s_stride1s-epo,delta
3275,-0.0010747936808092144,patient10_window16s_stride1s-epo,delta
3276,-0.0008065626556408065,patient10_window16s_stride1s-epo,delta
3277,-0.0006841456855699694,patient10_window16s_stride1s-epo,delta
3278,-0.0002309596552837114,patient10_window16s_stride1s-epo,delta
3279,-0.0006403384898555107,patient10_window16s_stride1s-epo,delta
3280,4.632037876040325e-05,patient10_window16s_stride1s-epo,delta
3281,-0.0011435240249160834,patient10_window16s_stride1s-epo,delta
3282,-0.0008385747484362324,patient10_window16s_stride1s-epo,delta
3283,-0.0009967979325224718,patient10_window16s_stride1s-epo,delta
3284,-0.0016277679156177479,patient10_window16s_stride1s-epo,delta
3285,-0.0015363051712122728,patient10_window16s_stride1s-epo,delta
3286,-0.0017657325547854668,patient10_window16s_stride1s-epo,delta
3287,-0.0013264486161448904,patient10_window16s_stride1s-epo,delta
3288,-0.002096056780525952,patient10_window16s_stride1s-epo,delta
3289,-0.003335051180552842,patient10_window16s_stride1s-epo,delta
3290,-0.00393681506105614,patient10_window16s_stride1s-epo,delta
3291,-0.004297868152332501,patient10_window16s_stride1s-epo,delta
3292,-0.0029205783034215067,patient10_window16s_stride1s-epo,delta
3293,-0.0026585677896631636,patient10_window16s_stride1s-epo,delta
3294,-0.002666827834353581,patient10_window16s_stride1s-epo,delta
3295,-0.0030853429294171444,patient10_window16s_stride1s-epo,delta
3296,-0.0026493005480633706,patient10_window16s_stride1s-epo,delta
3297,-0.0019372556741330672,patient10_window16s_stride1s-epo,delta
3298,-0.002086417227187875,patient10_window16s_stride1s-epo,delta
3299,-0.003948931239278818,patient10_window16s_stride1s-epo,delta
3300,-0.0023187700119512576,patient10_window16s_stride1s-epo,delta
3301,-0.0024481705589091372,patient10_window16s_stride1s-epo,delta
3302,-0.0013398998888406108,patient10_window16s_stride1s-epo,delta
3303,-0.0020810883591059564,patient10_window16s_stride1s-epo,delta
3304,-0.002417799855992158,patient10_window16s_stride1s-epo,delta
3305,-0.0020974640774972285,patient10_window16s_stride1s-epo,delta
3306,-0.001845439308668685,patient10_window16s_stride1s-epo,delta
3307,-0.0018565942380552112,patient10_window16s_stride1s-epo,delta
3308,-0.0022441792330556553,patient10_window16s_stride1s-epo,delta
3309,-0.001969091411583665,patient10_window16s_stride1s-epo,delta
3310,-0.001833590014808169,patient10_window16s_stride1s-epo,delta
3311,-0.001606449083626626,patient10_window16s_stride1s-epo,delta
3312,-0.0017901316197627814,patient10_window16s_stride1s-epo,delta
3313,-0.0018604748244449732,patient10_window16s_stride1s-epo,delta
3314,-0.0015022286389485564,patient10_window16s_stride1s-epo,delta
3315,-0.0014354989858390164,patient10_window16s_stride1s-epo,delta
3316,-0.0011935846599722421,patient10_window16s_stride1s-epo,delta
3317,-0.0011928656897353298,patient10_window16s_stride1s-epo,delta
3318,-0.00020825416818114458,patient10_window16s_stride1s-epo,delta
3319,0.0011860066715463028,patient10_window16s_stride1s-epo,delta
3320,0.0014197385205425503,patient10_window16s_stride1s-epo,delta
3321,0.0006921775725859407,patient10_window16s_stride1s-epo,delta
3322,0.0009955371553975398,patient10_window16s_stride1s-epo,delta
3323,-0.0004956170681270452,patient10_window16s_stride1s-epo,delta
3324,-4.590081421840865e-05,patient10_window16s_stride1s-epo,delta
3325,-0.0016368336450253709,patient10_window16s_stride1s-epo,delta
3326,-0.0016903168946139704,patient10_window16s_stride1s-epo,delta
3327,-0.0022855929848735576,patient10_window16s_stride1s-epo,delta
3328,-0.0028566597173381334,patient10_window16s_stride1s-epo,delta
3329,-0.002667065015380203,patient10_window16s_stride1s-epo,delta
3330,-0.003097806856033352,patient10_window16s_stride1s-epo,delta
3331,-0.0004065148582620899,patient10_window16s_stride1s-epo,delta
3332,-0.00034205730589230866,patient10_window16s_stride1s-epo,delta
3333,-0.00020656197267994656,patient10_window16s_stride1s-epo,delta
3334,3.9652741262478535e-05,patient10_window16s_stride1s-epo,delta
3335,-0.0005270100747621174,patient10_window16s_stride1s-epo,delta
3336,-0.00044720615254252756,patient10_window16s_stride1s-epo,delta
3337,-0.0026003531473353116,patient10_window16s_stride1s-epo,delta
3338,-0.0023070197606386,patient10_window16s_stride1s-epo,delta
3339,-0.001805618939398012,patient10_window16s_stride1s-epo,delta
3340,-0.002209981575528447,patient10_window16s_stride1s-epo,delta
3341,-0.001013883360149648,patient10_window16s_stride1s-epo,delta
3342,-0.001453367672897207,patient10_window16s_stride1s-epo,delta
3343,0.0005103720759135141,patient10_window16s_stride1s-epo,delta
3344,0.00017506141132264157,patient10_window16s_stride1s-epo,delta
3345,-0.0002456955661594423,patient10_window16s_stride1s-epo,delta
3346,-0.0003282433337900111,patient10_window16s_stride1s-epo,delta
3347,-0.001395266181240278,patient10_window16s_stride1s-epo,delta
3348,-0.001222424907843613,patient10_window16s_stride1s-epo,delta
3349,-0.001261644465503002,patient10_window16s_stride1s-epo,delta
3350,-0.0018453663087294294,patient10_window16s_stride1s-epo,delta
3351,-0.001850295197946043,patient10_window16s_stride1s-epo,delta
3352,-0.0028076997252428036,patient10_window16s_stride1s-epo,delta
3353,-0.0022303793756272405,patient10_window16s_stride1s-epo,delta
3354,-0.0020368288985826224,patient10_window16s_stride1s-epo,delta
3355,-0.0017488151595406961,patient10_window16s_stride1s-epo,delta
3356,-0.0018458755130501057,patient10_window16s_stride1s-epo,delta
3357,-0.002339687958122077,patient10_window16s_stride1s-epo,delta
3358,-0.002113167278493711,patient10_window16s_stride1s-epo,delta
3359,-0.00169215925196873,patient10_window16s_stride1s-epo,delta
3360,-0.0010836191812540804,patient10_window16s_stride1s-epo,delta
3361,-0.0010367995482543713,patient10_window16s_stride1s-epo,delta
3362,-0.00039375806015616344,patient10_window16s_stride1s-epo,delta
3363,-0.00019239615879734626,patient10_window16s_stride1s-epo,delta
3364,0.0016202742113378909,patient10_window16s_stride1s-epo,delta
3365,0.0005508752458679197,patient10_window16s_stride1s-epo,delta
3366,-0.0008949096524414873,patient10_window16s_stride1s-epo,delta
3367,0.00012062908683354024,patient10_window16s_stride1s-epo,delta
3368,0.001165972705832273,patient10_window16s_stride1s-epo,delta
3369,0.0020354496938095852,patient10_window16s_stride1s-epo,delta
3370,0.002355180725423379,patient10_window16s_stride1s-epo,delta
3371,0.001305867538721686,patient10_window16s_stride1s-epo,delta
3372,0.0012927379154166934,patient10_window16s_stride1s-epo,delta
3373,0.0017417474182718897,patient10_window16s_stride1s-epo,delta
3374,0.0021419479001449156,patient10_window16s_stride1s-epo,delta
3375,0.0007085053054449015,patient10_window16s_stride1s-epo,delta
3376,0.000543340232612934,patient10_window16s_stride1s-epo,delta
3377,0.0002816797175239721,patient10_window16s_stride1s-epo,delta
3378,0.0008686675668088421,patient10_window16s_stride1s-epo,delta
3379,0.0006854698957750034,patient10_window16s_stride1s-epo,delta
3380,-0.0010019728258290083,patient10_window16s_stride1s-epo,delta
3381,0.000547832746384542,patient10_window16s_stride1s-epo,delta
3382,-0.00011127813755264933,patient10_window16s_stride1s-epo,delta
3383,-0.0005574662931014071,patient10_window16s_stride1s-epo,delta
3384,-0.0007627649133962267,patient10_window16s_stride1s-epo,delta
3385,-0.0007558542893201728,patient10_window16s_stride1s-epo,delta
3386,-0.001219997062280087,patient10_window16s_stride1s-epo,delta
3387,-0.0016676267729065625,patient10_window16s_stride1s-epo,delta
3388,-0.0017770131347593237,patient10_window16s_stride1s-epo,delta
3389,-0.002023986546848472,patient10_window16s_stride1s-epo,delta
3390,-0.0016907621630051339,patient10_window16s_stride1s-epo,delta
3391,-0.002149042591937869,patient10_window16s_stride1s-epo,delta
3392,-0.0017921027161083973,patient10_window16s_stride1s-epo,delta
3393,-0.001238874771109558,patient10_window16s_stride1s-epo,delta
3394,-0.0015440933846216592,patient10_window16s_stride1s-epo,delta
3395,-0.002042145328966206,patient10_window16s_stride1s-epo,delta
3396,-0.0024778685770018394,patient10_window16s_stride1s-epo,delta
3397,-0.0020513239592945976,patient10_window16s_stride1s-epo,delta
3398,-0.001049531096434523,patient10_window16s_stride1s-epo,delta
3399,-0.001033046995739585,patient10_window16s_stride1s-epo,delta
3400,-0.0018976570937733821,patient10_window16s_stride1s-epo,delta
3401,-0.0020636774904818534,patient10_window16s_stride1s-epo,delta
3402,-0.002889853367275718,patient10_window16s_stride1s-epo,delta
3403,-0.0029821211302778587,patient10_window16s_stride1s-epo,delta
3404,-0.003027609473465441,patient10_window16s_stride1s-epo,delta
3405,-0.002533538123235539,patient10_window16s_stride1s-epo,delta
3406,-0.001931350417286608,patient10_window16s_stride1s-epo,delta
3407,-0.0025024402361858394,patient10_window16s_stride1s-epo,delta
3408,-0.0019090018793582672,patient10_window16s_stride1s-epo,delta
3409,-0.0019639763618646135,patient10_window16s_stride1s-epo,delta
3410,-0.0022144408909118107,patient10_window16s_stride1s-epo,delta
3411,-0.0020115682753668344,patient10_window16s_stride1s-epo,delta
3412,-0.0019479058733894823,patient10_window16s_stride1s-epo,delta
3413,-0.0014375114223257235,patient10_window16s_stride1s-epo,delta
3414,6.519946759749086e-05,patient10_window16s_stride1s-epo,delta
3415,-0.0005484170974443227,patient10_window16s_stride1s-epo,delta
3416,0.00016123842111733904,patient10_window16s_stride1s-epo,delta
3417,0.0003929799009142946,patient10_window16s_stride1s-epo,delta
3418,0.0012610696474595199,patient10_window16s_stride1s-epo,delta
3419,0.0009371322051265659,patient10_window16s_stride1s-epo,delta
3420,0.0001747875234278374,patient10_window16s_stride1s-epo,delta
3421,-0.0005338576242481274,patient10_window16s_stride1s-epo,delta
3422,-0.0008273633570385347,patient10_window16s_stride1s-epo,delta
3423,-0.0006827859542758114,patient10_window16s_stride1s-epo,delta
3424,-0.001653862015676313,patient10_window16s_stride1s-epo,delta
3425,-0.0008078077440064024,patient10_window16s_stride1s-epo,delta
3426,-0.0021259202218712027,patient10_window16s_stride1s-epo,delta
3427,-0.001324804514103122,patient10_window16s_stride1s-epo,delta
3428,-0.0025311723748314744,patient10_window16s_stride1s-epo,delta
3429,-0.003787440484452597,patient10_window16s_stride1s-epo,delta
3430,-0.003634614191562601,patient10_window16s_stride1s-epo,delta
3431,-0.0023146833563117983,patient10_window16s_stride1s-epo,delta
3432,-0.0026409636359262263,patient10_window16s_stride1s-epo,delta
3433,-0.00230976097878762,patient10_window16s_stride1s-epo,delta
3434,-0.001516665760017837,patient10_window16s_stride1s-epo,delta
3435,-0.0006084086760225153,patient10_window16s_stride1s-epo,delta
3436,-0.0006767912905503123,patient10_window16s_stride1s-epo,delta
3437,0.00010133102096750415,patient10_window16s_stride1s-epo,delta
3438,0.0007416304713949342,patient10_window16s_stride1s-epo,delta
3439,0.0007156653874197987,patient10_window16s_stride1s-epo,delta
3440,0.0016608495207439005,patient10_window16s_stride1s-epo,delta
3441,0.0011248005390351304,patient10_window16s_stride1s-epo,delta
3442,0.001649651708977579,patient10_window16s_stride1s-epo,delta
3443,0.002093537435378999,patient10_window16s_stride1s-epo,delta
3444,0.002717729303002804,patient10_window16s_stride1s-epo,delta
3445,0.002175847955520355,patient10_window16s_stride1s-epo,delta
3446,0.002766975615723112,patient10_window16s_stride1s-epo,delta
3447,0.0028180979100498886,patient10_window16s_stride1s-epo,delta
3448,0.0015022734200458255,patient10_window16s_stride1s-epo,delta
3449,0.0008496698196849385,patient10_window16s_stride1s-epo,delta
3450,0.000457304796997319,patient10_window16s_stride1s-epo,delta
3451,-0.0005523400522907943,patient10_window16s_stride1s-epo,delta
3452,-0.00017465008208714724,patient10_window16s_stride1s-epo,delta
3453,0.00018237438626828148,patient10_window16s_stride1s-epo,delta
3454,0.0009400322714161322,patient10_window16s_stride1s-epo,delta
3455,0.0006199497738368561,patient10_window16s_stride1s-epo,delta
3456,0.0012696285573813642,patient10_window16s_stride1s-epo,delta
3457,0.0009923331556202365,patient10_window16s_stride1s-epo,delta
3458,0.0023366807837156734,patient10_window16s_stride1s-epo,delta
3459,0.0018198613655288642,patient10_window16s_stride1s-epo,delta
3460,0.0018305013653184797,patient10_window16s_stride1s-epo,delta
3461,0.0026883413464759602,patient10_window16s_stride1s-epo,delta
3462,0.002136274211355236,patient10_window16s_stride1s-epo,delta
3463,0.0013270663268654043,patient10_window16s_stride1s-epo,delta
3464,0.001994342812057096,patient10_window16s_stride1s-epo,delta
3465,0.0006725606962443763,patient10_window16s_stride1s-epo,delta
3466,0.000781577253019235,patient10_window16s_stride1s-epo,delta
3467,0.0017399375700268848,patient10_window16s_stride1s-epo,delta
3468,0.0020970124170418053,patient10_window16s_stride1s-epo,delta
3469,0.0015265547119167329,patient10_window16s_stride1s-epo,delta
3470,0.001405951935421367,patient10_window16s_stride1s-epo,delta
3471,0.0011028275807102783,patient10_window16s_stride1s-epo,delta
3472,-0.00032692098521352596,patient10_window16s_stride1s-epo,delta
3473,-1.526118387415983e-05,patient10_window16s_stride1s-epo,delta
3474,-0.0015049572112339757,patient10_window16s_stride1s-epo,delta
3475,-0.0025563193826669828,patient10_window16s_stride1s-epo,delta
3476,-0.002722193073745619,patient10_window16s_stride1s-epo,delta
3477,-0.0024713644225666954,patient10_window16s_stride1s-epo,delta
3478,-0.0024670071740382485,patient10_window16s_stride1s-epo,delta
3479,-0.002242120631109094,patient10_window16s_stride1s-epo,delta
3480,-0.0028413823919963763,patient10_window16s_stride1s-epo,delta
3481,-0.0030171038427927693,patient10_window16s_stride1s-epo,delta
3482,-0.0030956243934251925,patient10_window16s_stride1s-epo,delta
3483,-0.0028192376792241917,patient10_window16s_stride1s-epo,delta
3484,-0.003492072853296135,patient10_window16s_stride1s-epo,delta
3485,-0.0027398039220002924,patient10_window16s_stride1s-epo,delta
3486,-0.002859683021422192,patient10_window16s_stride1s-epo,delta
3487,-0.002988732467024547,patient10_window16s_stride1s-epo,delta
3488,-0.0032440059290164314,patient10_window16s_stride1s-epo,delta
3489,-0.0022771977976223942,patient10_window16s_stride1s-epo,delta
3490,-0.0020420833572733304,patient10_window16s_stride1s-epo,delta
3491,-0.00018064679351836974,patient10_window16s_stride1s-epo,delta
3492,7.883793556692907e-05,patient10_window16s_stride1s-epo,delta
3493,0.0005288113830805871,patient10_window16s_stride1s-epo,delta
3494,0.0009986101272123366,patient10_window16s_stride1s-epo,delta
3495,0.0010161298386027386,patient10_window16s_stride1s-epo,delta
3496,0.0008441026183545358,patient10_window16s_stride1s-epo,delta
3497,0.0010273899463554737,patient10_window16s_stride1s-epo,delta
3498,0.0007562797674479638,patient10_window16s_stride1s-epo,delta
3499,0.0002983770643062894,patient10_window16s_stride1s-epo,delta
3500,0.0006385440835611224,patient10_window16s_stride1s-epo,delta
3501,0.0012706675871483727,patient10_window16s_stride1s-epo,delta
3502,0.0009026949134595952,patient10_window16s_stride1s-epo,delta
3503,0.0008202298057338443,patient10_window16s_stride1s-epo,delta
3504,0.0007599597467272262,patient10_window16s_stride1s-epo,delta
3505,0.0008228110211269741,patient10_window16s_stride1s-epo,delta
3506,0.0015735767520690456,patient10_window16s_stride1s-epo,delta
3507,0.0005121291959884165,patient10_window16s_stride1s-epo,delta
3508,-0.0002941009696622404,patient10_window16s_stride1s-epo,delta
3509,-0.0001666419953634473,patient10_window16s_stride1s-epo,delta
3510,-0.001678285347161993,patient10_window16s_stride1s-epo,delta
3511,-0.0018252596702382062,patient10_window16s_stride1s-epo,delta
3512,-0.0029328622507949808,patient10_window16s_stride1s-epo,delta
3513,-0.001967378954999039,patient10_window16s_stride1s-epo,delta
3514,-0.0016761831818344287,patient10_window16s_stride1s-epo,delta
3515,-0.0021855098268902195,patient10_window16s_stride1s-epo,delta
3516,-0.002201454418777115,patient10_window16s_stride1s-epo,delta
3517,-0.00222169758695687,patient10_window16s_stride1s-epo,delta
3518,-0.0020617767761564186,patient10_window16s_stride1s-epo,delta
3519,-0.0017351561823068054,patient10_window16s_stride1s-epo,delta
3520,-0.002294432470563431,patient10_window16s_stride1s-epo,delta
3521,-0.002058953246875325,patient10_window16s_stride1s-epo,delta
3522,-0.0024904388304657498,patient10_window16s_stride1s-epo,delta
3523,-0.0021133636330889927,patient10_window16s_stride1s-epo,delta
3524,-0.0020103505371735888,patient10_window16s_stride1s-epo,delta
3525,-0.0016507760145439958,patient10_window16s_stride1s-epo,delta
3526,-0.001778739504682595,patient10_window16s_stride1s-epo,delta
3527,-0.0014371428064088598,patient10_window16s_stride1s-epo,delta
3528,-0.0007643686149006211,patient10_window16s_stride1s-epo,delta
3529,-0.0004896564348126982,patient10_window16s_stride1s-epo,delta
3530,-0.0013205985076660065,patient10_window16s_stride1s-epo,delta
3531,-0.0008098495177368671,patient10_window16s_stride1s-epo,delta
3532,-0.001128416798911028,patient10_window16s_stride1s-epo,delta
3533,-0.0011377695553750034,patient10_window16s_stride1s-epo,delta
3534,-0.0013475910237673988,patient10_window16s_stride1s-epo,delta
3535,-0.001110994956754656,patient10_window16s_stride1s-epo,delta
3536,-0.000995618243913828,patient10_window16s_stride1s-epo,delta
3537,-0.0017721582554523138,patient10_window16s_stride1s-epo,delta
3538,-0.0008196515124173084,patient10_window16s_stride1s-epo,delta
3539,-0.0006415542987121901,patient10_window16s_stride1s-epo,delta
3540,-0.0011307008823500805,patient10_window16s_stride1s-epo,delta
3541,-0.0014254746296716793,patient10_window16s_stride1s-epo,delta
3542,-0.0006890688265355516,patient10_window16s_stride1s-epo,delta
3543,-0.0002879382857149932,patient10_window16s_stride1s-epo,delta
3544,0.00046188530319396894,patient10_window16s_stride1s-epo,delta
3545,0.0005281294341948355,patient10_window16s_stride1s-epo,delta
3546,-0.0005496352349439319,patient10_window16s_stride1s-epo,delta
3547,0.0004251709451208579,patient10_window16s_stride1s-epo,delta
3548,0.000249697871319192,patient10_window16s_stride1s-epo,delta
3549,0.0005546184688869876,patient10_window16s_stride1s-epo,delta
3550,0.0007206621263037664,patient10_window16s_stride1s-epo,delta
3551,0.001180161770072133,patient10_window16s_stride1s-epo,delta
3552,0.0006237274893254874,patient10_window16s_stride1s-epo,delta
3553,0.0009125653027553659,patient10_window16s_stride1s-epo,delta
3554,0.0016032123555022044,patient10_window16s_stride1s-epo,delta
3555,0.0012417595971322298,patient10_window16s_stride1s-epo,delta
3556,0.0008150331268525111,patient10_window16s_stride1s-epo,delta
3557,0.0007132482430468135,patient10_window16s_stride1s-epo,delta
3558,0.0006750053174936676,patient10_window16s_stride1s-epo,delta
3559,0.0010345890305782685,patient10_window16s_stride1s-epo,delta
3560,0.0011626334880066084,patient10_window16s_stride1s-epo,delta
3561,0.001239876717777199,patient10_window16s_stride1s-epo,delta
3562,0.001565700491649322,patient10_window16s_stride1s-epo,delta
3563,0.001147889125811733,patient10_window16s_stride1s-epo,delta
3564,0.0002067219286819803,patient10_window16s_stride1s-epo,delta
3565,-0.00030522321989802717,patient10_window16s_stride1s-epo,delta
3566,9.425143384564694e-05,patient10_window16s_stride1s-epo,delta
3567,8.668427473779873e-05,patient10_window16s_stride1s-epo,delta
3568,0.00010468600421314454,patient10_window16s_stride1s-epo,delta
3569,-0.0006496898541279945,patient10_window16s_stride1s-epo,delta
3570,-0.0010636396816069015,patient10_window16s_stride1s-epo,delta
3571,-0.001338218892434862,patient10_window16s_stride1s-epo,delta
3572,-0.0006714454232159605,patient10_window16s_stride1s-epo,delta
3573,-0.00039413555354761415,patient10_window16s_stride1s-epo,delta
3574,-0.0006339135029773332,patient10_window16s_stride1s-epo,delta
3575,-0.001023892342124696,patient10_window16s_stride1s-epo,delta
3576,-0.001778645075812936,patient10_window16s_stride1s-epo,delta
3577,-0.0012879762721062801,patient10_window16s_stride1s-epo,delta
3578,-0.0007876993399877578,patient10_window16s_stride1s-epo,delta
3579,-0.0012528103358368137,patient10_window16s_stride1s-epo,delta
3580,-0.00044911861391232216,patient10_window16s_stride1s-epo,delta
3581,-0.0017893365159256346,patient10_window16s_stride1s-epo,delta
3582,-0.0005223865873872496,patient10_window16s_stride1s-epo,delta
3583,6.0144603672795446e-05,patient10_window16s_stride1s-epo,delta
3584,-0.00019200313320988534,patient10_window16s_stride1s-epo,delta
3585,-0.0010015264824872314,patient10_window16s_stride1s-epo,delta
3586,-0.0003073850327147242,patient10_window16s_stride1s-epo,delta
3587,-0.0004424487955647652,patient10_window16s_stride1s-epo,delta
3588,-0.0008573184896787814,patient10_window16s_stride1s-epo,delta
3589,-0.0010556866249697254,patient10_window16s_stride1s-epo,delta
3590,-0.0010848631840526582,patient10_window16s_stride1s-epo,delta
3591,0.0005270506282306727,patient10_window16s_stride1s-epo,delta
3592,0.0009659844968974722,patient10_window16s_stride1s-epo,delta
3593,0.0004158781727682823,patient10_window16s_stride1s-epo,delta
3594,-0.00046391289142183405,patient10_window16s_stride1s-epo,delta
3595,-0.00023407501632764384,patient10_window16s_stride1s-epo,delta
3596,0.001054521815964778,patient10_window16s_stride1s-epo,delta
3597,0.0011400618441933855,patient10_window16s_stride1s-epo,delta
3598,-0.00028224398077819016,patient10_window16s_stride1s-epo,delta
3599,3.405327441683915e-05,patient10_window16s_stride1s-epo,delta
3600,0.0002481239453442256,patient10_window16s_stride1s-epo,delta
3601,0.0005939112482555147,patient10_window16s_stride1s-epo,delta
3602,0.0006052506265819789,patient10_window16s_stride1s-epo,delta
3603,0.0004884982566202594,patient10_window16s_stride1s-epo,delta
3604,-0.0004539941081773097,patient10_window16s_stride1s-epo,delta
3605,-0.00028767380432063907,patient10_window16s_stride1s-epo,delta
3606,-0.0007219536312578269,patient10_window16s_stride1s-epo,delta
3607,-0.0006373354560638331,patient10_window16s_stride1s-epo,delta
3608,0.00024359653411319516,patient10_window16s_stride1s-epo,delta
3609,-1.86367516666361e-05,patient10_window16s_stride1s-epo,delta
3610,-0.00021742663873399606,patient10_window16s_stride1s-epo,delta
3611,-1.39874528567109e-05,patient10_window16s_stride1s-epo,delta
3612,0.0008507362312304033,patient10_window16s_stride1s-epo,delta
3613,-4.25596225359357e-05,patient10_window16s_stride1s-epo,delta
3614,0.0006372700628344558,patient10_window16s_stride1s-epo,delta
3615,-0.00031066901372570706,patient10_window16s_stride1s-epo,delta
3616,-0.00011935378881308033,patient10_window16s_stride1s-epo,delta
3617,8.840119134264444e-05,patient10_window16s_stride1s-epo,delta
3618,0.0002677239163405165,patient10_window16s_stride1s-epo,delta
3619,-0.00033486537669646704,patient10_window16s_stride1s-epo,delta
3620,0.0002581274951273785,patient10_window16s_stride1s-epo,delta
3621,-0.00011794062147453523,patient10_window16s_stride1s-epo,delta
3622,0.000746483097760291,patient10_window16s_stride1s-epo,delta
3623,-0.00024006398111066086,patient10_window16s_stride1s-epo,delta
3624,-0.00021556435501344097,patient10_window16s_stride1s-epo,delta
3625,0.0004945558893834559,patient10_window16s_stride1s-epo,delta
3626,0.0003845694888519242,patient10_window16s_stride1s-epo,delta
3627,-0.0005507563254118189,patient10_window16s_stride1s-epo,delta
3628,-0.0015824915045829532,patient10_window16s_stride1s-epo,delta
3629,-0.0012889048651468554,patient10_window16s_stride1s-epo,delta
3630,-0.0004779009082970574,patient10_window16s_stride1s-epo,delta
3631,-0.0003241338921145436,patient10_window16s_stride1s-epo,delta
3632,0.0004990925963272073,patient10_window16s_stride1s-epo,delta
3633,0.0004916420207420714,patient10_window16s_stride1s-epo,delta
3634,0.00025480284932223384,patient10_window16s_stride1s-epo,delta
3635,0.0007394075244649785,patient10_window16s_stride1s-epo,delta
3636,0.00039463373076530756,patient10_window16s_stride1s-epo,delta
3637,0.00037029811168599555,patient10_window16s_stride1s-epo,delta
3638,0.0005998700251421435,patient10_window16s_stride1s-epo,delta
3639,0.00010690734084396687,patient10_window16s_stride1s-epo,delta
3640,0.0009289610216585814,patient10_window16s_stride1s-epo,delta
3641,0.001049820229764641,patient10_window16s_stride1s-epo,delta
3642,0.0005761152157792068,patient10_window16s_stride1s-epo,delta
3643,0.0016513103593511636,patient10_window16s_stride1s-epo,delta
3644,0.0012260032841293765,patient10_window16s_stride1s-epo,delta
3645,0.0008411470781732171,patient10_window16s_stride1s-epo,delta
3646,0.0008290090234334707,patient10_window16s_stride1s-epo,delta
3647,0.0011352810942045282,patient10_window16s_stride1s-epo,delta
3648,0.0009918945578783827,patient10_window16s_stride1s-epo,delta
3649,-0.00022111665030136757,patient10_window16s_stride1s-epo,delta
3650,0.0001421952202511363,patient10_window16s_stride1s-epo,delta
3651,3.563802272726408e-05,patient10_window16s_stride1s-epo,delta
3652,-0.00014764489656398717,patient10_window16s_stride1s-epo,delta
3653,-0.00015737505068994689,patient10_window16s_stride1s-epo,delta
3654,-0.001153986893948613,patient10_window16s_stride1s-epo,delta
3655,-0.00032566522833764143,patient10_window16s_stride1s-epo,delta
3656,0.0003208656741440215,patient10_window16s_stride1s-epo,delta
3657,-0.0006941932398720145,patient10_window16s_stride1s-epo,delta
3658,-6.275360809049998e-05,patient10_window16s_stride1s-epo,delta
3659,0.0002963569540085341,patient10_window16s_stride1s-epo,delta
3660,-0.00024184265098410905,patient10_window16s_stride1s-epo,delta
3661,0.00011947812130879248,patient10_window16s_stride1s-epo,delta
3662,-0.00037569676520414404,patient10_window16s_stride1s-epo,delta
3663,-0.0012643358230172627,patient10_window16s_stride1s-epo,delta
3664,-0.0004363009748882706,patient10_window16s_stride1s-epo,delta
3665,-0.0006465036806708664,patient10_window16s_stride1s-epo,delta
3666,-0.0006660719944433078,patient10_window16s_stride1s-epo,delta
3667,-0.0003946237588337609,patient10_window16s_stride1s-epo,delta
3668,-0.001133270830694522,patient10_window16s_stride1s-epo,delta
3669,0.00015307799993951904,patient10_window16s_stride1s-epo,delta
3670,0.0006377780346756704,patient10_window16s_stride1s-epo,delta
3671,0.00010080184996149012,patient10_window16s_stride1s-epo,delta
3672,0.0006430962300626252,patient10_window16s_stride1s-epo,delta
3673,-0.0003249463116355477,patient10_window16s_stride1s-epo,delta
3674,-0.00046498778120832414,patient10_window16s_stride1s-epo,delta
3675,-0.0007822078441084082,patient10_window16s_stride1s-epo,delta
3676,-0.0006704279922150787,patient10_window16s_stride1s-epo,delta
3677,-0.0007783330514083854,patient10_window16s_stride1s-epo,delta
3678,-0.0007694142354329635,patient10_window16s_stride1s-epo,delta
3679,-0.0003746230108913605,patient10_window16s_stride1s-epo,delta
3680,-3.30542112893887e-05,patient10_window16s_stride1s-epo,delta
3681,-0.00040361971643936077,patient10_window16s_stride1s-epo,delta
3682,-0.000508554648744527,patient10_window16s_stride1s-epo,delta
3683,0.0005052999917733539,patient10_window16s_stride1s-epo,delta
3684,0.0008698264767327727,patient10_window16s_stride1s-epo,delta
3685,-0.001056927648923609,patient10_window16s_stride1s-epo,delta
3686,-0.0003418948582235473,patient10_window16s_stride1s-epo,delta
3687,-0.00048100218082261845,patient10_window16s_stride1s-epo,delta
3688,-0.0014187563211782279,patient10_window16s_stride1s-epo,delta
3689,-0.0002508698380869517,patient10_window16s_stride1s-epo,delta
3690,0.0005842989566436134,patient10_window16s_stride1s-epo,delta
3691,0.0011267030679903331,patient10_window16s_stride1s-epo,delta
3692,0.0018925352879671092,patient10_window16s_stride1s-epo,delta
3693,0.0022616314521985933,patient10_window16s_stride1s-epo,delta
3694,0.002092765244905051,patient10_window16s_stride1s-epo,delta
3695,0.0010176292559422714,patient10_window16s_stride1s-epo,delta
3696,-0.001042743135233559,patient10_window16s_stride1s-epo,delta
3697,-0.0006962196998332922,patient10_window16s_stride1s-epo,delta
3698,8.527957577287142e-05,patient10_window16s_stride1s-epo,delta
3699,-0.0009228297293063704,patient10_window16s_stride1s-epo,delta
3700,-0.0017635952577484057,patient10_window16s_stride1s-epo,delta
3701,-0.0013507918652020112,patient10_window16s_stride1s-epo,delta
3702,-0.0024053106772747267,patient10_window16s_stride1s-epo,delta
3703,-0.0023729302762503226,patient10_window16s_stride1s-epo,delta
3704,-0.0032858692282095414,patient10_window16s_stride1s-epo,delta
3705,-0.004516948295516311,patient10_window16s_stride1s-epo,delta
3706,-0.0038100914515559843,patient10_window16s_stride1s-epo,delta
3707,-0.004301695601847012,patient10_window16s_stride1s-epo,delta
3708,-0.003500490570212404,patient10_window16s_stride1s-epo,delta
3709,-0.004290021069767646,patient10_window16s_stride1s-epo,delta
3710,-0.004134072319747122,patient10_window16s_stride1s-epo,delta
3711,-0.0028300888833703297,patient10_window16s_stride1s-epo,delta
3712,-0.0019237357449935941,patient10_window16s_stride1s-epo,delta
3713,-0.0023440374499309274,patient10_window16s_stride1s-epo,delta
3714,-0.002313468739627497,patient10_window16s_stride1s-epo,delta
3715,-0.001607066895843981,patient10_window16s_stride1s-epo,delta
3716,-0.0002368089196053778,patient10_window16s_stride1s-epo,delta
3717,0.00061990695176466,patient10_window16s_stride1s-epo,delta
3718,0.0007402041907223375,patient10_window16s_stride1s-epo,delta
3719,0.0006223266412898568,patient10_window16s_stride1s-epo,delta
3720,0.000343491475280481,patient10_window16s_stride1s-epo,delta
3721,0.000956071932690273,patient10_window16s_stride1s-epo,delta
3722,-3.6750389914587236e-05,patient10_window16s_stride1s-epo,delta
3723,-0.00014644151162010558,patient10_window16s_stride1s-epo,delta
3724,0.0003859741199680132,patient10_window16s_stride1s-epo,delta
3725,0.000576149829481283,patient10_window16s_stride1s-epo,delta
3726,0.001162256830093813,patient10_window16s_stride1s-epo,delta
3727,0.0010483763488879781,patient10_window16s_stride1s-epo,delta
3728,0.0009526918235601001,patient10_window16s_stride1s-epo,delta
3729,0.0014945498827069967,patient10_window16s_stride1s-epo,delta
3730,0.001945799351776456,patient10_window16s_stride1s-epo,delta
3731,0.0019295354915167076,patient10_window16s_stride1s-epo,delta
3732,0.0012880340026525752,patient10_window16s_stride1s-epo,delta
3733,0.00025896366489774767,patient10_window16s_stride1s-epo,delta
3734,-0.00025640250263671456,patient10_window16s_stride1s-epo,delta
3735,-0.0008122123780222142,patient10_window16s_stride1s-epo,delta
3736,-0.0011629593700093943,patient10_window16s_stride1s-epo,delta
3737,-0.001265937022317075,patient10_window16s_stride1s-epo,delta
3738,-0.0019158865638861562,patient10_window16s_stride1s-epo,delta
3739,-0.002116544389070778,patient10_window16s_stride1s-epo,delta
3740,-0.0014529111116821497,patient10_window16s_stride1s-epo,delta
3741,-0.0014057788063183963,patient10_window16s_stride1s-epo,delta
3742,-0.0022806910164844176,patient10_window16s_stride1s-epo,delta
3743,-0.0013837282764028746,patient10_window16s_stride1s-epo,delta
3744,-0.001245904200920878,patient10_window16s_stride1s-epo,delta
3745,-0.000953909892569248,patient10_window16s_stride1s-epo,delta
3746,-0.0016487522238547508,patient10_window16s_stride1s-epo,delta
3747,-0.0017386781338884676,patient10_window16s_stride1s-epo,delta
3748,-0.0008708513179087841,patient10_window16s_stride1s-epo,delta
3749,-0.0010460797228193529,patient10_window16s_stride1s-epo,delta
3750,-0.0002898742007783664,patient10_window16s_stride1s-epo,delta
3751,-0.00055674555776136,patient10_window16s_stride1s-epo,delta
3752,-0.0007936156257234573,patient10_window16s_stride1s-epo,delta
3753,-0.0007422665732358713,patient10_window16s_stride1s-epo,delta
3754,-0.001169118772803614,patient10_window16s_stride1s-epo,delta
3755,-0.0008754184764979095,patient10_window16s_stride1s-epo,delta
3756,-0.00038464249337715487,patient10_window16s_stride1s-epo,delta
3757,-0.000442946653862793,patient10_window16s_stride1s-epo,delta
3758,-0.0001559458845232681,patient10_window16s_stride1s-epo,delta
3759,-0.0008267753519672093,patient10_window16s_stride1s-epo,delta
3760,-0.001748119058631671,patient10_window16s_stride1s-epo,delta
3761,-0.0012732378663452323,patient10_window16s_stride1s-epo,delta
3762,-0.0013481914878994564,patient10_window16s_stride1s-epo,delta
3763,-0.0012774610980660006,patient10_window16s_stride1s-epo,delta
3764,-0.002529459414605177,patient10_window16s_stride1s-epo,delta
3765,-0.0030010373095033464,patient10_window16s_stride1s-epo,delta
3766,-0.002439028281649281,patient10_window16s_stride1s-epo,delta
3767,-0.0018709285736307943,patient10_window16s_stride1s-epo,delta
3768,-0.0012612510162444731,patient10_window16s_stride1s-epo,delta
3769,-0.0008069521025767828,patient10_window16s_stride1s-epo,delta
3770,0.00043048435597057926,patient10_window16s_stride1s-epo,delta
3771,-3.068462859590403e-05,patient10_window16s_stride1s-epo,delta
3772,-0.00048788492473991583,patient10_window16s_stride1s-epo,delta
3773,-3.886598218367316e-05,patient10_window16s_stride1s-epo,delta
3774,-0.0006765265873853741,patient10_window16s_stride1s-epo,delta
3775,-0.00028546464068789567,patient10_window16s_stride1s-epo,delta
3776,-5.8155471031859196e-05,patient10_window16s_stride1s-epo,delta
3777,0.0003864774325185936,patient10_window16s_stride1s-epo,delta
3778,0.0010227805661715884,patient10_window16s_stride1s-epo,delta
3779,0.0014601450172969438,patient10_window16s_stride1s-epo,delta
3780,0.0018353312550197579,patient10_window16s_stride1s-epo,delta
3781,0.0017093345818923532,patient10_window16s_stride1s-epo,delta
3782,0.0012765632423978514,patient10_window16s_stride1s-epo,delta
3783,0.001380932433530046,patient10_window16s_stride1s-epo,delta
3784,0.0013411140936109075,patient10_window16s_stride1s-epo,delta
3785,0.0008284202523324526,patient10_window16s_stride1s-epo,delta
3786,0.0008339365525813482,patient10_window16s_stride1s-epo,delta
3787,0.00011402600456864257,patient10_window16s_stride1s-epo,delta
3788,0.0005902070389517063,patient10_window16s_stride1s-epo,delta
3789,-0.0002804215325971576,patient10_window16s_stride1s-epo,delta
3790,-8.705914233411595e-05,patient10_window16s_stride1s-epo,delta
3791,0.000553044132396624,patient10_window16s_stride1s-epo,delta
3792,-0.0004979125749120049,patient10_window16s_stride1s-epo,delta
3793,-0.00041132926011202224,patient10_window16s_stride1s-epo,delta
3794,0.0004413309988244898,patient10_window16s_stride1s-epo,delta
3795,-0.0007081840822497512,patient10_window16s_stride1s-epo,delta
3796,-0.0002383943482889408,patient10_window16s_stride1s-epo,delta
3797,-0.001526886207431464,patient10_window16s_stride1s-epo,delta
3798,-0.00143361499128451,patient10_window16s_stride1s-epo,delta
3799,-0.0014457978181100692,patient10_window16s_stride1s-epo,delta
3800,-0.0013153929146602847,patient10_window16s_stride1s-epo,delta
3801,-0.001880042158070168,patient10_window16s_stride1s-epo,delta
3802,-0.000668748423753999,patient10_window16s_stride1s-epo,delta
3803,9.800101284579778e-05,patient10_window16s_stride1s-epo,delta
3804,-0.0012544738240533604,patient10_window16s_stride1s-epo,delta
3805,-0.0017632579597731558,patient10_window16s_stride1s-epo,delta
3806,-0.00184343587503707,patient10_window16s_stride1s-epo,delta
3807,-0.001983199346841466,patient10_window16s_stride1s-epo,delta
3808,-0.0024186548735689217,patient10_window16s_stride1s-epo,delta
3809,-0.0018209812366445346,patient10_window16s_stride1s-epo,delta
3810,-0.0022532723620553087,patient10_window16s_stride1s-epo,delta
3811,-0.00146253121196242,patient10_window16s_stride1s-epo,delta
3812,-0.001841242108363213,patient10_window16s_stride1s-epo,delta
3813,-0.0021731823364560944,patient10_window16s_stride1s-epo,delta
3814,-0.0014051920684920185,patient10_window16s_stride1s-epo,delta
3815,-0.001966279132653714,patient10_window16s_stride1s-epo,delta
3816,-0.001952098029057688,patient10_window16s_stride1s-epo,delta
3817,-0.0023334203238592685,patient10_window16s_stride1s-epo,delta
3818,-0.002141499643919047,patient10_window16s_stride1s-epo,delta
3819,-0.0020421529513752015,patient10_window16s_stride1s-epo,delta
3820,-0.0006409443268415143,patient10_window16s_stride1s-epo,delta
3821,-0.00023937585093599292,patient10_window16s_stride1s-epo,delta
3822,-0.0004023952522961249,patient10_window16s_stride1s-epo,delta
3823,0.00029060025323051454,patient10_window16s_stride1s-epo,delta
3824,0.000793766865673394,patient10_window16s_stride1s-epo,delta
3825,0.0007507701140757537,patient10_window16s_stride1s-epo,delta
3826,0.000581500196616231,patient10_window16s_stride1s-epo,delta
3827,-0.0003511957952836678,patient10_window16s_stride1s-epo,delta
3828,0.00022326531396992718,patient10_window16s_stride1s-epo,delta
3829,0.0005015008187246635,patient10_window16s_stride1s-epo,delta
3830,-5.938344998050466e-05,patient10_window16s_stride1s-epo,delta
3831,-0.00020061802443105392,patient10_window16s_stride1s-epo,delta
3832,-0.00024479667110266035,patient10_window16s_stride1s-epo,delta
3833,0.0009944229720186834,patient10_window16s_stride1s-epo,delta
3834,0.0016122097596473707,patient10_window16s_stride1s-epo,delta
3835,0.002189617076838908,patient10_window16s_stride1s-epo,delta
3836,0.00331385876994561,patient10_window16s_stride1s-epo,delta
3837,0.002640745240861702,patient10_window16s_stride1s-epo,delta
3838,0.0028287357974014654,patient10_window16s_stride1s-epo,delta
3839,0.0029158810037509405,patient10_window16s_stride1s-epo,delta
3840,0.0027914598980189912,patient10_window16s_stride1s-epo,delta
3841,0.002331340767312461,patient10_window16s_stride1s-epo,delta
3842,0.0015349553316249393,patient10_window16s_stride1s-epo,delta
3843,0.0005215001987200973,patient10_window16s_stride1s-epo,delta
3844,0.000324640593142951,patient10_window16s_stride1s-epo,delta
3845,0.00035385136626077824,patient10_window16s_stride1s-epo,delta
3846,0.0008271560407531916,patient10_window16s_stride1s-epo,delta
3847,-9.119692723703128e-05,patient10_window16s_stride1s-epo,delta
3848,-0.0007983157772318227,patient10_window16s_stride1s-epo,delta
3849,-0.00018245859730763131,patient10_window16s_stride1s-epo,delta
3850,0.00029180551791365534,patient10_window16s_stride1s-epo,delta
3851,5.4781693595131785e-05,patient10_window16s_stride1s-epo,delta
3852,-0.0002478814319250705,patient10_window16s_stride1s-epo,delta
3853,-0.0006287685627962213,patient10_window16s_stride1s-epo,delta
3854,-0.0008856109040890033,patient10_window16s_stride1s-epo,delta
3855,-0.0007556765458419167,patient10_window16s_stride1s-epo,delta
3856,-0.000449588782648554,patient10_window16s_stride1s-epo,delta
3857,0.00021204378957577643,patient10_window16s_stride1s-epo,delta
3858,0.0002177245090909999,patient10_window16s_stride1s-epo,delta
3859,0.0017960949406288086,patient10_window16s_stride1s-epo,delta
3860,0.0019685513854220222,patient10_window16s_stride1s-epo,delta
3861,0.0012697225605456924,patient10_window16s_stride1s-epo,delta
3862,0.00197212677267128,patient10_window16s_stride1s-epo,delta
3863,0.002033221094825222,patient10_window16s_stride1s-epo,delta
3864,0.0022781240629015857,patient10_window16s_stride1s-epo,delta
3865,0.0021630610915428362,patient10_window16s_stride1s-epo,delta
3866,0.002480063995354431,patient10_window16s_stride1s-epo,delta
3867,0.0013379566777726496,patient10_window16s_stride1s-epo,delta
3868,0.0012679057024188901,patient10_window16s_stride1s-epo,delta
3869,0.0008711134286168041,patient10_window16s_stride1s-epo,delta
3870,0.0020717233216805174,patient10_window16s_stride1s-epo,delta
3871,0.0017781252293059538,patient10_window16s_stride1s-epo,delta
3872,0.0011241065574671568,patient10_window16s_stride1s-epo,delta
3873,0.0008915791763765113,patient10_window16s_stride1s-epo,delta
3874,0.0012074813617030486,patient10_window16s_stride1s-epo,delta
3875,0.0005998652476287131,patient10_window16s_stride1s-epo,delta
3876,0.0019857158347199714,patient10_window16s_stride1s-epo,delta
3877,0.002990852229309653,patient10_window16s_stride1s-epo,delta
3878,0.0020241481535023804,patient10_window16s_stride1s-epo,delta
3879,0.0030680783879450686,patient10_window16s_stride1s-epo,delta
3880,0.00233330127245762,patient10_window16s_stride1s-epo,delta
3881,0.002454993631393136,patient10_window16s_stride1s-epo,delta
3882,0.0014766240164328327,patient10_window16s_stride1s-epo,delta
3883,0.0031470542499985547,patient10_window16s_stride1s-epo,delta
3884,0.002857386352721859,patient10_window16s_stride1s-epo,delta
3885,0.0017942662975617696,patient10_window16s_stride1s-epo,delta
3886,3.853842634080755e-05,patient10_window16s_stride1s-epo,delta
3887,0.0010180156833757622,patient10_window16s_stride1s-epo,delta
3888,0.001273747412155437,patient10_window16s_stride1s-epo,delta
3889,0.00030610810916265404,patient10_window16s_stride1s-epo,delta
3890,-0.00020415694325501824,patient10_window16s_stride1s-epo,delta
3891,-0.0011940108627629962,patient10_window16s_stride1s-epo,delta
3892,-0.0005470619408374996,patient10_window16s_stride1s-epo,delta
3893,-0.0012037049369935937,patient10_window16s_stride1s-epo,delta
3894,-0.0007480505768615617,patient10_window16s_stride1s-epo,delta
3895,-0.0004356018248679517,patient10_window16s_stride1s-epo,delta
3896,-0.0008470171159924878,patient10_window16s_stride1s-epo,delta
3897,6.553990092176762e-05,patient10_window16s_stride1s-epo,delta
3898,0.0002982504235374637,patient10_window16s_stride1s-epo,delta
3899,3.567612043602187e-05,patient10_window16s_stride1s-epo,delta
3900,-0.00043615267698377674,patient10_window16s_stride1s-epo,delta
3901,-0.00021069641957320898,patient10_window16s_stride1s-epo,delta
3902,1.0667165142918916e-05,patient10_window16s_stride1s-epo,delta
3903,-0.0008167174403319107,patient10_window16s_stride1s-epo,delta
3904,-0.0008765124811974753,patient10_window16s_stride1s-epo,delta
3905,0.00015162222588406554,patient10_window16s_stride1s-epo,delta
3906,0.0013210082184074573,patient10_window16s_stride1s-epo,delta
3907,0.0006596423220989826,patient10_window16s_stride1s-epo,delta
3908,2.411032934215229e-05,patient10_window16s_stride1s-epo,delta
3909,0.0003800260786167806,patient10_window16s_stride1s-epo,delta
3910,-1.2734594181311683e-06,patient10_window16s_stride1s-epo,delta
3911,0.0005869678821552659,patient10_window16s_stride1s-epo,delta
3912,0.0008053997542962571,patient10_window16s_stride1s-epo,delta
3913,-0.00016338180795149457,patient10_window16s_stride1s-epo,delta
3914,-0.00016976702810909361,patient10_window16s_stride1s-epo,delta
3915,0.00034130470087758997,patient10_window16s_stride1s-epo,delta
3916,0.0002462448679310705,patient10_window16s_stride1s-epo,delta
3917,0.0009636211709678698,patient10_window16s_stride1s-epo,delta
3918,0.0017395497827713713,patient10_window16s_stride1s-epo,delta
3919,0.0012305594636329274,patient10_window16s_stride1s-epo,delta
3920,0.0012346737759620196,patient10_window16s_stride1s-epo,delta
3921,0.0013971623967977797,patient10_window16s_stride1s-epo,delta
3922,0.0003568631818548816,patient10_window16s_stride1s-epo,delta
3923,0.0011094181204987234,patient10_window16s_stride1s-epo,delta
3924,0.0015896234996747919,patient10_window16s_stride1s-epo,delta
3925,0.0010624694874946368,patient10_window16s_stride1s-epo,delta
3926,0.0009393992645639366,patient10_window16s_stride1s-epo,delta
3927,0.002056885543926903,patient10_window16s_stride1s-epo,delta
3928,0.0009522136465508602,patient10_window16s_stride1s-epo,delta
3929,0.0006513176116258201,patient10_window16s_stride1s-epo,delta
3930,0.00025745323313615344,patient10_window16s_stride1s-epo,delta
3931,0.00037433852924247926,patient10_window16s_stride1s-epo,delta
3932,-0.0008959653074100937,patient10_window16s_stride1s-epo,delta
3933,-0.0008768401373561407,patient10_window16s_stride1s-epo,delta
3934,-0.00016230294499027263,patient10_window16s_stride1s-epo,delta
3935,-0.0006019108489433622,patient10_window16s_stride1s-epo,delta
3936,-0.0011550756187512503,patient10_window16s_stride1s-epo,delta
3937,-0.0010259255112235067,patient10_window16s_stride1s-epo,delta
3938,-0.001323754968367607,patient10_window16s_stride1s-epo,delta
3939,-0.0017404441572032863,patient10_window16s_stride1s-epo,delta
3940,-0.0022752618236232588,patient10_window16s_stride1s-epo,delta
3941,-0.0020245196586444994,patient10_window16s_stride1s-epo,delta
3942,-0.0022024451582408257,patient10_window16s_stride1s-epo,delta
3943,-0.00286476798768519,patient10_window16s_stride1s-epo,delta
3944,-0.003010586843860071,patient10_window16s_stride1s-epo,delta
3945,-0.003083721446033949,patient10_window16s_stride1s-epo,delta
3946,-0.003792425602633319,patient10_window16s_stride1s-epo,delta
3947,-0.0027877869455907576,patient10_window16s_stride1s-epo,delta
3948,-0.0028459155102489022,patient10_window16s_stride1s-epo,delta
3949,-0.002644250803646968,patient10_window16s_stride1s-epo,delta
3950,-0.0021340772098617294,patient10_window16s_stride1s-epo,delta
3951,-0.001775062566769555,patient10_window16s_stride1s-epo,delta
3952,-0.0013484548597585257,patient10_window16s_stride1s-epo,delta
3953,-0.0010874698368220296,patient10_window16s_stride1s-epo,delta
3954,-0.0015535258565575918,patient10_window16s_stride1s-epo,delta
3955,-0.0014717698794020873,patient10_window16s_stride1s-epo,delta
3956,-0.0005622772558843062,patient10_window16s_stride1s-epo,delta
3957,-0.0003604221564591561,patient10_window16s_stride1s-epo,delta
3958,-0.00024705858712138203,patient10_window16s_stride1s-epo,delta
3959,-0.0013653518323667514,patient10_window16s_stride1s-epo,delta
3960,-0.0008649678877651408,patient10_window16s_stride1s-epo,delta
3961,-0.0017956841376585494,patient10_window16s_stride1s-epo,delta
3962,-0.001499513904535033,patient10_window16s_stride1s-epo,delta
3963,-0.001850395355405943,patient10_window16s_stride1s-epo,delta
3964,-0.0020546142865618504,patient10_window16s_stride1s-epo,delta
3965,-0.002196343206874887,patient10_window16s_stride1s-epo,delta
3966,-0.0016399680788330242,patient10_window16s_stride1s-epo,delta
3967,-0.001957322430643937,patient10_window16s_stride1s-epo,delta
3968,-0.0027521942096475475,patient10_window16s_stride1s-epo,delta
3969,-0.002340629966562122,patient10_window16s_stride1s-epo,delta
3970,-0.0023399816539620647,patient10_window16s_stride1s-epo,delta
3971,-0.0025954579204704163,patient10_window16s_stride1s-epo,delta
3972,-0.002992591867022637,patient10_window16s_stride1s-epo,delta
3973,-0.0021165213796307814,patient10_window16s_stride1s-epo,delta
3974,-0.002767034427347047,patient10_window16s_stride1s-epo,delta
3975,-0.0017924781382775222,patient10_window16s_stride1s-epo,delta
3976,-0.0014759672412517349,patient10_window16s_stride1s-epo,delta
3977,-0.0007560962586480671,patient10_window16s_stride1s-epo,delta
3978,-0.0011722562556359729,patient10_window16s_stride1s-epo,delta
3979,-0.0009577043912866569,patient10_window16s_stride1s-epo,delta
3980,-0.0012011704665308386,patient10_window16s_stride1s-epo,delta
3981,-0.0014822011483325056,patient10_window16s_stride1s-epo,delta
3982,-0.002427229089130345,patient10_window16s_stride1s-epo,delta
3983,-0.0026468131007697957,patient10_window16s_stride1s-epo,delta
3984,-0.0017974463386683228,patient10_window16s_stride1s-epo,delta
3985,-0.0021521499137803234,patient10_window16s_stride1s-epo,delta
3986,-0.0017912662688187204,patient10_window16s_stride1s-epo,delta
3987,-0.0011255119857267728,patient10_window16s_stride1s-epo,delta
3988,-0.0014123287903683554,patient10_window16s_stride1s-epo,delta
3989,-0.0015493890513032778,patient10_window16s_stride1s-epo,delta
3990,-0.0018913729472727265,patient10_window16s_stride1s-epo,delta
3991,-0.00014375985311201674,patient10_window16s_stride1s-epo,delta
3992,0.0008393582505865526,patient10_window16s_stride1s-epo,delta
3993,0.0017526048054730087,patient10_window16s_stride1s-epo,delta
3994,0.0018422876114013954,patient10_window16s_stride1s-epo,delta
3995,0.0021785990331627514,patient10_window16s_stride1s-epo,delta
3996,0.0025844283478595126,patient10_window16s_stride1s-epo,delta
3997,0.002092556901951536,patient10_window16s_stride1s-epo,delta
3998,0.002658425208401304,patient10_window16s_stride1s-epo,delta
3999,0.001784059158516454,patient10_window16s_stride1s-epo,delta
4000,0.001925880335143367,patient10_window16s_stride1s-epo,delta
4001,0.001834478162282431,patient10_window16s_stride1s-epo,delta
4002,0.0013786055260276316,patient10_window16s_stride1s-epo,delta
4003,0.0013400769633747699,patient10_window16s_stride1s-epo,delta
4004,0.001974162289842538,patient10_window16s_stride1s-epo,delta
4005,0.0011515417566725689,patient10_window16s_stride1s-epo,delta
4006,3.829236421738739e-05,patient10_window16s_stride1s-epo,delta
4007,-0.0007079277206018433,patient10_window16s_stride1s-epo,delta
4008,-0.0015461914850460434,patient10_window16s_stride1s-epo,delta
4009,-0.0010930200323750283,patient10_window16s_stride1s-epo,delta
4010,-0.00104967475531986,patient10_window16s_stride1s-epo,delta
4011,-0.001360909525519452,patient10_window16s_stride1s-epo,delta
4012,-0.0011463823278012148,patient10_window16s_stride1s-epo,delta
4013,-0.0010599784470497278,patient10_window16s_stride1s-epo,delta
4014,-0.0014203178808850528,patient10_window16s_stride1s-epo,delta
4015,-0.0012458531719678958,patient10_window16s_stride1s-epo,delta
4016,-0.0020379439837032347,patient10_window16s_stride1s-epo,delta
4017,-0.00236128315601481,patient10_window16s_stride1s-epo,delta
4018,-0.0031808583935492405,patient10_window16s_stride1s-epo,delta
4019,-0.0010181894226646408,patient10_window16s_stride1s-epo,delta
4020,-0.001786729413841799,patient10_window16s_stride1s-epo,delta
4021,-0.0016129192910575888,patient10_window16s_stride1s-epo,delta
4022,-0.0008608708970073093,patient10_window16s_stride1s-epo,delta
4023,-0.0006035216826939482,patient10_window16s_stride1s-epo,delta
4024,-0.0014733478961577477,patient10_window16s_stride1s-epo,delta
4025,-0.00017325701384152082,patient10_window16s_stride1s-epo,delta
4026,-0.000596402785292205,patient10_window16s_stride1s-epo,delta
4027,-0.001146463282589318,patient10_window16s_stride1s-epo,delta
4028,-0.0008816203557641199,patient10_window16s_stride1s-epo,delta
4029,-0.0008931557619596239,patient10_window16s_stride1s-epo,delta
4030,-0.0003379514137851489,patient10_window16s_stride1s-epo,delta
4031,-0.0008352740998763767,patient10_window16s_stride1s-epo,delta
4032,-0.0005679231646379413,patient10_window16s_stride1s-epo,delta
4033,-0.001060723840142604,patient10_window16s_stride1s-epo,delta
4034,-0.0006373684924916358,patient10_window16s_stride1s-epo,delta
4035,-0.0005672126857580239,patient10_window16s_stride1s-epo,delta
4036,-0.0005331395908609601,patient10_window16s_stride1s-epo,delta
4037,-0.0016058894370885783,patient10_window16s_stride1s-epo,delta
4038,-0.00127240291570208,patient10_window16s_stride1s-epo,delta
4039,-0.002082851103411382,patient10_window16s_stride1s-epo,delta
4040,-0.0007794740549998328,patient10_window16s_stride1s-epo,delta
4041,-0.0014776858262707817,patient10_window16s_stride1s-epo,delta
4042,-0.0009106514799241433,patient10_window16s_stride1s-epo,delta
4043,4.302700836039468e-05,patient10_window16s_stride1s-epo,delta
4044,-0.0002944366712950933,patient10_window16s_stride1s-epo,delta
4045,-0.000573864559629311,patient10_window16s_stride1s-epo,delta
4046,-0.0003105264782289846,patient10_window16s_stride1s-epo,delta
4047,-5.20202965810111e-05,patient10_window16s_stride1s-epo,delta
4048,-3.8285941430994397e-05,patient10_window16s_stride1s-epo,delta
4049,0.0009807216852978924,patient10_window16s_stride1s-epo,delta
4050,-0.0004202646559252344,patient10_window16s_stride1s-epo,delta
4051,0.0009473753147630696,patient10_window16s_stride1s-epo,delta
4052,0.0003754712925387513,patient10_window16s_stride1s-epo,delta
4053,0.0018698248510403295,patient10_window16s_stride1s-epo,delta
4054,0.0022157960066479074,patient10_window16s_stride1s-epo,delta
4055,0.0013514797503451422,patient10_window16s_stride1s-epo,delta
4056,0.0010697537184609451,patient10_window16s_stride1s-epo,delta
4057,3.1827216258272166e-05,patient10_window16s_stride1s-epo,delta
4058,8.894164602850794e-05,patient10_window16s_stride1s-epo,delta
4059,-0.0002578508644426963,patient10_window16s_stride1s-epo,delta
4060,-0.0010294222402435428,patient10_window16s_stride1s-epo,delta
4061,-0.001651140457245714,patient10_window16s_stride1s-epo,delta
4062,-0.0011640609383477328,patient10_window16s_stride1s-epo,delta
4063,-0.0007706995744808343,patient10_window16s_stride1s-epo,delta
4064,-0.0014856444675783963,patient10_window16s_stride1s-epo,delta
4065,-0.0011283718137574457,patient10_window16s_stride1s-epo,delta
4066,-0.0015087046747438426,patient10_window16s_stride1s-epo,delta
4067,-0.0011344068507253718,patient10_window16s_stride1s-epo,delta
4068,-0.000890244942398662,patient10_window16s_stride1s-epo,delta
4069,-0.0010952918563485608,patient10_window16s_stride1s-epo,delta
4070,-0.0010907302422065125,patient10_window16s_stride1s-epo,delta
4071,-0.0016494402474572624,patient10_window16s_stride1s-epo,delta
4072,-0.0010349454134431961,patient10_window16s_stride1s-epo,delta
4073,-0.001219799161910912,patient10_window16s_stride1s-epo,delta
4074,-0.0019279960123147642,patient10_window16s_stride1s-epo,delta
4075,-0.0009485517956878021,patient10_window16s_stride1s-epo,delta
4076,-0.0014628619127239702,patient10_window16s_stride1s-epo,delta
4077,-0.0013675753893245626,patient10_window16s_stride1s-epo,delta
4078,-0.002563130102265574,patient10_window16s_stride1s-epo,delta
4079,-0.0028713461929353312,patient10_window16s_stride1s-epo,delta
4080,-0.002089617449453117,patient10_window16s_stride1s-epo,delta
4081,-0.00232262723612513,patient10_window16s_stride1s-epo,delta
4082,-0.003038157862560017,patient10_window16s_stride1s-epo,delta
4083,-0.002833822173787412,patient10_window16s_stride1s-epo,delta
4084,-0.0024421921794033374,patient10_window16s_stride1s-epo,delta
4085,-0.0013026539382896677,patient10_window16s_stride1s-epo,delta
4086,-0.0026125385478485744,patient10_window16s_stride1s-epo,delta
4087,-0.002651208985033333,patient10_window16s_stride1s-epo,delta
4088,-0.0020136552146416066,patient10_window16s_stride1s-epo,delta
4089,-0.0009125301473580271,patient10_window16s_stride1s-epo,delta
4090,-0.0014516744463797522,patient10_window16s_stride1s-epo,delta
4091,-0.0017605256955149982,patient10_window16s_stride1s-epo,delta
4092,-0.0015672635501303071,patient10_window16s_stride1s-epo,delta
4093,-0.0021665635243257957,patient10_window16s_stride1s-epo,delta
4094,-0.0011391845742520787,patient10_window16s_stride1s-epo,delta
4095,-0.0013643635971838498,patient10_window16s_stride1s-epo,delta
4096,-0.00219034274269843,patient10_window16s_stride1s-epo,delta
4097,-0.0016187442429027813,patient10_window16s_stride1s-epo,delta
4098,-0.0012289786106026651,patient10_window16s_stride1s-epo,delta
4099,-0.0017059223734085475,patient10_window16s_stride1s-epo,delta
4100,-0.001462883603882173,patient10_window16s_stride1s-epo,delta
4101,-0.0011997373663194895,patient10_window16s_stride1s-epo,delta
4102,-0.001436439970209581,patient10_window16s_stride1s-epo,delta
4103,-0.00126048397796329,patient10_window16s_stride1s-epo,delta
4104,-0.0009010564112048812,patient10_window16s_stride1s-epo,delta
4105,-0.0009293327832103568,patient10_window16s_stride1s-epo,delta
4106,-0.00145369943115597,patient10_window16s_stride1s-epo,delta
4107,-0.0008759103127986993,patient10_window16s_stride1s-epo,delta
4108,-0.0008632495276432979,patient10_window16s_stride1s-epo,delta
4109,-0.0005728713006573353,patient10_window16s_stride1s-epo,delta
4110,-0.00036749616363530223,patient10_window16s_stride1s-epo,delta
4111,-0.00016018046620401455,patient10_window16s_stride1s-epo,delta
4112,-0.00046271150416822256,patient10_window16s_stride1s-epo,delta
4113,7.114342598724967e-05,patient10_window16s_stride1s-epo,delta
4114,-0.0007514247130886753,patient10_window16s_stride1s-epo,delta
4115,-0.0017213785508683349,patient10_window16s_stride1s-epo,delta
4116,-0.0005088878723568803,patient10_window16s_stride1s-epo,delta
4117,-0.0007808715346328638,patient10_window16s_stride1s-epo,delta
4118,-0.0005401482572286058,patient10_window16s_stride1s-epo,delta
4119,-0.0001046659106774262,patient10_window16s_stride1s-epo,delta
4120,0.00017937986886557025,patient10_window16s_stride1s-epo,delta
4121,0.0007467472063054094,patient10_window16s_stride1s-epo,delta
4122,0.000617875408867533,patient10_window16s_stride1s-epo,delta
4123,0.00013198259922815996,patient10_window16s_stride1s-epo,delta
4124,-0.00021354037149374082,patient10_window16s_stride1s-epo,delta
4125,-0.0004024707450807489,patient10_window16s_stride1s-epo,delta
4126,-0.0016225881601408176,patient10_window16s_stride1s-epo,delta
4127,-0.0016147876480755504,patient10_window16s_stride1s-epo,delta
4128,-0.001720890281488506,patient10_window16s_stride1s-epo,delta
4129,-0.000631982933103961,patient10_window16s_stride1s-epo,delta
4130,-0.00046759450792467893,patient10_window16s_stride1s-epo,delta
4131,-0.00017266823818535795,patient10_window16s_stride1s-epo,delta
4132,-0.0012688832666488037,patient10_window16s_stride1s-epo,delta
4133,-0.0006198232637285079,patient10_window16s_stride1s-epo,delta
4134,-0.0019286600113010944,patient10_window16s_stride1s-epo,delta
4135,-0.0022498610405998574,patient10_window16s_stride1s-epo,delta
4136,-0.002235429314210129,patient10_window16s_stride1s-epo,delta
4137,-0.0015797625841687782,patient10_window16s_stride1s-epo,delta
4138,-0.0020548602184157928,patient10_window16s_stride1s-epo,delta
4139,-0.0009194199350964859,patient10_window16s_stride1s-epo,delta
4140,-0.0019267710146484034,patient10_window16s_stride1s-epo,delta
4141,-0.00248228306261064,patient10_window16s_stride1s-epo,delta
4142,-0.001539736371279758,patient10_window16s_stride1s-epo,delta
4143,-0.0010575563539793767,patient10_window16s_stride1s-epo,delta
4144,-0.0006644028629241524,patient10_window16s_stride1s-epo,delta
4145,-0.0009944951355122453,patient10_window16s_stride1s-epo,delta
4146,-0.0008327015136057083,patient10_window16s_stride1s-epo,delta
4147,0.0007042487017358911,patient10_window16s_stride1s-epo,delta
4148,0.0006357283263236005,patient10_window16s_stride1s-epo,delta
4149,0.0013248103929263276,patient10_window16s_stride1s-epo,delta
4150,0.0012844096239451458,patient10_window16s_stride1s-epo,delta
4151,0.0008351812399693417,patient10_window16s_stride1s-epo,delta
4152,0.0011319752293584317,patient10_window16s_stride1s-epo,delta
4153,0.0012192402430074582,patient10_window16s_stride1s-epo,delta
4154,0.0012747022683167477,patient10_window16s_stride1s-epo,delta
4155,-0.0002521336223150143,patient10_window16s_stride1s-epo,delta
4156,0.0001671497065220948,patient10_window16s_stride1s-epo,delta
4157,-0.001146144125389206,patient10_window16s_stride1s-epo,delta
4158,-0.0004467511970905575,patient10_window16s_stride1s-epo,delta
4159,-0.0011005911129345527,patient10_window16s_stride1s-epo,delta
4160,-0.000820908338612818,patient10_window16s_stride1s-epo,delta
4161,-0.0009004772071467733,patient10_window16s_stride1s-epo,delta
4162,-0.00022971727301804743,patient10_window16s_stride1s-epo,delta
4163,-0.001127418537157412,patient10_window16s_stride1s-epo,delta
4164,-0.00169626922079701,patient10_window16s_stride1s-epo,delta
4165,-0.002353536954537539,patient10_window16s_stride1s-epo,delta
4166,-0.0023765160670439506,patient10_window16s_stride1s-epo,delta
4167,-0.0008377529658197771,patient10_window16s_stride1s-epo,delta
4168,-0.001412533329980277,patient10_window16s_stride1s-epo,delta
4169,-0.002020899604533873,patient10_window16s_stride1s-epo,delta
4170,-0.0013337522783979307,patient10_window16s_stride1s-epo,delta
4171,0.00010656441190271558,patient10_window16s_stride1s-epo,delta
4172,-0.00019157396868492888,patient10_window16s_stride1s-epo,delta
4173,-8.561269954922842e-05,patient10_window16s_stride1s-epo,delta
4174,6.996337016720084e-05,patient10_window16s_stride1s-epo,delta
4175,-0.00020106982835065744,patient10_window16s_stride1s-epo,delta
4176,-5.880723607086776e-05,patient10_window16s_stride1s-epo,delta
4177,0.0008432880186792863,patient10_window16s_stride1s-epo,delta
4178,-0.00038197801519427275,patient10_window16s_stride1s-epo,delta
4179,-6.343356729247312e-05,patient10_window16s_stride1s-epo,delta
4180,-0.0010853366752385084,patient10_window16s_stride1s-epo,delta
4181,-0.0004767553622485339,patient10_window16s_stride1s-epo,delta
4182,-0.0005903494965439165,patient10_window16s_stride1s-epo,delta
4183,-0.0004905596004926089,patient10_window16s_stride1s-epo,delta
4184,0.0001404327170635094,patient10_window16s_stride1s-epo,delta
4185,-0.0002623414129115225,patient10_window16s_stride1s-epo,delta
4186,-0.0007172288330113687,patient10_window16s_stride1s-epo,delta
4187,-0.00018289335729258923,patient10_window16s_stride1s-epo,delta
4188,-0.001018400404675153,patient10_window16s_stride1s-epo,delta
4189,-0.0003030929690068778,patient10_window16s_stride1s-epo,delta
4190,0.0001882760234109502,patient10_window16s_stride1s-epo,delta
4191,-0.00057421670601989,patient10_window16s_stride1s-epo,delta
4192,-0.0005322195284295481,patient10_window16s_stride1s-epo,delta
4193,-0.00039861361270213634,patient10_window16s_stride1s-epo,delta
4194,-0.0003044161580222452,patient10_window16s_stride1s-epo,delta
4195,0.0005829014283311547,patient10_window16s_stride1s-epo,delta
4196,0.0010136266288485643,patient10_window16s_stride1s-epo,delta
4197,0.0003324930777329374,patient10_window16s_stride1s-epo,delta
4198,0.00044134777623188164,patient10_window16s_stride1s-epo,delta
4199,-0.00022015029017248024,patient10_window16s_stride1s-epo,delta
4200,0.0005218142303424646,patient10_window16s_stride1s-epo,delta
4201,-0.0003806004425189605,patient10_window16s_stride1s-epo,delta
4202,0.0003312547853124173,patient10_window16s_stride1s-epo,delta
4203,-0.0002572967192131717,patient10_window16s_stride1s-epo,delta
4204,0.000825852650305918,patient10_window16s_stride1s-epo,delta
4205,-0.0005787907162996953,patient10_window16s_stride1s-epo,delta
4206,-0.00025271991148571816,patient10_window16s_stride1s-epo,delta
4207,0.0015576727960389567,patient10_window16s_stride1s-epo,delta
4208,0.003375732791637053,patient10_window16s_stride1s-epo,delta
4209,0.003948182378643739,patient10_window16s_stride1s-epo,delta
4210,0.004223434239402194,patient10_window16s_stride1s-epo,delta
4211,0.0037545665009846543,patient10_window16s_stride1s-epo,delta
4212,0.0014142345286522436,patient10_window16s_stride1s-epo,delta
4213,0.001535625037734565,patient10_window16s_stride1s-epo,delta
4214,0.0009092833310248303,patient10_window16s_stride1s-epo,delta
4215,0.0002308012720144889,patient10_window16s_stride1s-epo,delta
4216,-0.0007000371521559425,patient10_window16s_stride1s-epo,delta
4217,-0.0006324093479366873,patient10_window16s_stride1s-epo,delta
4218,-0.0016499983045807191,patient10_window16s_stride1s-epo,delta
4219,-0.0009020554109434284,patient10_window16s_stride1s-epo,delta
4220,-0.00013846066202452025,patient10_window16s_stride1s-epo,delta
4221,-0.00015967072246670316,patient10_window16s_stride1s-epo,delta
4222,-0.0002817458159126565,patient10_window16s_stride1s-epo,delta
4223,-0.000915673366824641,patient10_window16s_stride1s-epo,delta
4224,-0.0004945998861010101,patient10_window16s_stride1s-epo,delta
4225,-0.0012157247606575112,patient10_window16s_stride1s-epo,delta
4226,-0.0006046903168767682,patient10_window16s_stride1s-epo,delta
4227,-0.0004570364466112123,patient10_window16s_stride1s-epo,delta
4228,-0.00012962595355734587,patient10_window16s_stride1s-epo,delta
4229,0.0001543183450318139,patient10_window16s_stride1s-epo,delta
4230,0.0009082726959312048,patient10_window16s_stride1s-epo,delta
4231,0.0005870939751059139,patient10_window16s_stride1s-epo,delta
4232,0.00013485725905717429,patient10_window16s_stride1s-epo,delta
4233,0.0005017021414372105,patient10_window16s_stride1s-epo,delta
4234,0.0009790425258663497,patient10_window16s_stride1s-epo,delta
4235,0.0006736592263445116,patient10_window16s_stride1s-epo,delta
4236,0.0005454141565225432,patient10_window16s_stride1s-epo,delta
4237,-0.0002500015262765498,patient10_window16s_stride1s-epo,delta
4238,-0.0005212739506762034,patient10_window16s_stride1s-epo,delta
4239,-0.00013311162459405873,patient10_window16s_stride1s-epo,delta
4240,-0.00023439326020797775,patient10_window16s_stride1s-epo,delta
4241,-0.0006569911506853412,patient10_window16s_stride1s-epo,delta
4242,-0.0003744384797973348,patient10_window16s_stride1s-epo,delta
4243,-0.0011518171552292382,patient10_window16s_stride1s-epo,delta
4244,-0.001286767603877417,patient10_window16s_stride1s-epo,delta
4245,-0.0019537649966730086,patient10_window16s_stride1s-epo,delta
4246,-0.002616802254204068,patient10_window16s_stride1s-epo,delta
4247,-0.002629819602420272,patient10_window16s_stride1s-epo,delta
4248,-0.0022481340724352246,patient10_window16s_stride1s-epo,delta
4249,-0.002799359764821531,patient10_window16s_stride1s-epo,delta
4250,-0.0033368513027775613,patient10_window16s_stride1s-epo,delta
4251,-0.002214641540127751,patient10_window16s_stride1s-epo,delta
4252,-0.003809221375785924,patient10_window16s_stride1s-epo,delta
4253,-0.0028090327183547645,patient10_window16s_stride1s-epo,delta
4254,-0.0026862026981892095,patient10_window16s_stride1s-epo,delta
4255,-0.002943492634851268,patient10_window16s_stride1s-epo,delta
4256,-0.0034411814291017643,patient10_window16s_stride1s-epo,delta
4257,-0.0021667935563005414,patient10_window16s_stride1s-epo,delta
4258,-0.0020242427244607044,patient10_window16s_stride1s-epo,delta
4259,-0.00245926025535953,patient10_window16s_stride1s-epo,delta
4260,-0.002603045540732104,patient10_window16s_stride1s-epo,delta
4261,-0.0014570528800134513,patient10_window16s_stride1s-epo,delta
4262,-0.001134002616889902,patient10_window16s_stride1s-epo,delta
4263,-0.00016168076091699435,patient10_window16s_stride1s-epo,delta
4264,-0.0010397100979623317,patient10_window16s_stride1s-epo,delta
4265,0.000477159478333514,patient10_window16s_stride1s-epo,delta
4266,-0.0002879291298442285,patient10_window16s_stride1s-epo,delta
4267,0.0002416695266473767,patient10_window16s_stride1s-epo,delta
4268,0.0005782093466474045,patient10_window16s_stride1s-epo,delta
4269,0.0007056527679515775,patient10_window16s_stride1s-epo,delta
4270,0.0003152086835654407,patient10_window16s_stride1s-epo,delta
4271,0.0001731712729480914,patient10_window16s_stride1s-epo,delta
4272,0.0010434112865794268,patient10_window16s_stride1s-epo,delta
4273,0.0009332245521260537,patient10_window16s_stride1s-epo,delta
4274,0.0006908936108902212,patient10_window16s_stride1s-epo,delta
4275,0.0007136350874012159,patient10_window16s_stride1s-epo,delta
4276,0.0013890386481703054,patient10_window16s_stride1s-epo,delta
4277,0.0013942508946279538,patient10_window16s_stride1s-epo,delta
4278,0.0006322090034111226,patient10_window16s_stride1s-epo,delta
4279,0.0016077082719356984,patient10_window16s_stride1s-epo,delta
4280,0.001408165283437913,patient10_window16s_stride1s-epo,delta
4281,0.0011472802466816286,patient10_window16s_stride1s-epo,delta
4282,0.00046877117914937783,patient10_window16s_stride1s-epo,delta
4283,0.0007653184406182204,patient10_window16s_stride1s-epo,delta
4284,0.000583858207170291,patient10_window16s_stride1s-epo,delta
4285,0.000944499858989294,patient10_window16s_stride1s-epo,delta
4286,0.0002672802273514242,patient10_window16s_stride1s-epo,delta
4287,-0.00016884934828673373,patient10_window16s_stride1s-epo,delta
4288,-0.000531947207444496,patient10_window16s_stride1s-epo,delta
4289,-0.001145497775494332,patient10_window16s_stride1s-epo,delta
4290,-0.0010761212620529921,patient10_window16s_stride1s-epo,delta
4291,-0.0019259433622464007,patient10_window16s_stride1s-epo,delta
4292,-0.003127095083407158,patient10_window16s_stride1s-epo,delta
4293,-0.0028785073377612267,patient10_window16s_stride1s-epo,delta
4294,-0.0035208224802094922,patient10_window16s_stride1s-epo,delta
4295,-0.0033187375986916106,patient10_window16s_stride1s-epo,delta
4296,-0.003948267810273156,patient10_window16s_stride1s-epo,delta
4297,-0.002557449856513589,patient10_window16s_stride1s-epo,delta
4298,-0.0027369807056803817,patient10_window16s_stride1s-epo,delta
4299,-0.002937580505275912,patient10_window16s_stride1s-epo,delta
4300,-0.0029856373325969254,patient10_window16s_stride1s-epo,delta
4301,-0.00231786842522637,patient10_window16s_stride1s-epo,delta
4302,-0.002420733271749833,patient10_window16s_stride1s-epo,delta
4303,-0.001998507190659013,patient10_window16s_stride1s-epo,delta
4304,-0.0028506788410027194,patient10_window16s_stride1s-epo,delta
4305,-0.0036302474403089643,patient10_window16s_stride1s-epo,delta
4306,-0.003365309112681175,patient10_window16s_stride1s-epo,delta
4307,-0.0033890297564874183,patient10_window16s_stride1s-epo,delta
4308,-0.003049215733841142,patient10_window16s_stride1s-epo,delta
4309,-0.0030360658564593935,patient10_window16s_stride1s-epo,delta
4310,-0.0028128725055890608,patient10_window16s_stride1s-epo,delta
4311,-0.0028515551483962527,patient10_window16s_stride1s-epo,delta
4312,-0.0032752587105095163,patient10_window16s_stride1s-epo,delta
4313,-0.003055019139316135,patient10_window16s_stride1s-epo,delta
4314,-0.0035052095607193304,patient10_window16s_stride1s-epo,delta
4315,-0.0026452436074733353,patient10_window16s_stride1s-epo,delta
4316,-0.00195911737479863,patient10_window16s_stride1s-epo,delta
4317,-0.0018409764778708313,patient10_window16s_stride1s-epo,delta
4318,-0.0013217691418110611,patient10_window16s_stride1s-epo,delta
4319,-0.0012945413277722568,patient10_window16s_stride1s-epo,delta
4320,-0.0013383973149176955,patient10_window16s_stride1s-epo,delta
4321,-0.0004439413956240064,patient10_window16s_stride1s-epo,delta
4322,-0.00035027434101277073,patient10_window16s_stride1s-epo,delta
4323,0.00034633463632472073,patient10_window16s_stride1s-epo,delta
4324,-0.00013329982628227743,patient10_window16s_stride1s-epo,delta
4325,0.000565321573095462,patient10_window16s_stride1s-epo,delta
4326,0.0013909267743470698,patient10_window16s_stride1s-epo,delta
4327,0.0003830864688758893,patient10_window16s_stride1s-epo,delta
4328,0.0008029662748721137,patient10_window16s_stride1s-epo,delta
4329,0.0004469806467512965,patient10_window16s_stride1s-epo,delta
4330,0.0007214951234049904,patient10_window16s_stride1s-epo,delta
4331,0.0010352128001280341,patient10_window16s_stride1s-epo,delta
4332,0.001270699158624296,patient10_window16s_stride1s-epo,delta
4333,0.0002570833140145434,patient10_window16s_stride1s-epo,delta
4334,0.00020189461564543374,patient10_window16s_stride1s-epo,delta
4335,0.0002004938527239778,patient10_window16s_stride1s-epo,delta
4336,4.4614375444127845e-07,patient10_window16s_stride1s-epo,delta
4337,0.0005805356331588647,patient10_window16s_stride1s-epo,delta
4338,0.00023906372126344556,patient10_window16s_stride1s-epo,delta
4339,-0.00013625235958529403,patient10_window16s_stride1s-epo,delta
4340,-7.01512424209344e-05,patient10_window16s_stride1s-epo,delta
4341,0.00010797882817275474,patient10_window16s_stride1s-epo,delta
4342,-0.0004121634046776109,patient10_window16s_stride1s-epo,delta
4343,0.0005678350786180343,patient10_window16s_stride1s-epo,delta
4344,0.0007223006725034118,patient10_window16s_stride1s-epo,delta
4345,0.002077060105231601,patient10_window16s_stride1s-epo,delta
4346,0.0015932574327385245,patient10_window16s_stride1s-epo,delta
4347,0.0018468915702527307,patient10_window16s_stride1s-epo,delta
4348,0.0023526161755690078,patient10_window16s_stride1s-epo,delta
4349,0.0024294009364739526,patient10_window16s_stride1s-epo,delta
4350,0.002393182513313764,patient10_window16s_stride1s-epo,delta
4351,0.001790296224245128,patient10_window16s_stride1s-epo,delta
4352,0.0027656756189370266,patient10_window16s_stride1s-epo,delta
4353,0.0029822625813461664,patient10_window16s_stride1s-epo,delta
4354,0.002820101549518577,patient10_window16s_stride1s-epo,delta
4355,0.0022992383352400457,patient10_window16s_stride1s-epo,delta
4356,0.0034221756808319047,patient10_window16s_stride1s-epo,delta
4357,0.0021068536644406857,patient10_window16s_stride1s-epo,delta
4358,0.0015592259297226398,patient10_window16s_stride1s-epo,delta
4359,0.0004005248558231942,patient10_window16s_stride1s-epo,delta
4360,0.0005949037461708324,patient10_window16s_stride1s-epo,delta
4361,0.00012282816324517563,patient10_window16s_stride1s-epo,delta
4362,-0.00022375437134522012,patient10_window16s_stride1s-epo,delta
4363,-0.001166629022623627,patient10_window16s_stride1s-epo,delta
4364,-0.0006733832110327278,patient10_window16s_stride1s-epo,delta
4365,-0.0007239338355934129,patient10_window16s_stride1s-epo,delta
4366,0.0005056755285100661,patient10_window16s_stride1s-epo,delta
4367,-0.0006566976843856725,patient10_window16s_stride1s-epo,delta
4368,3.362883119317081e-05,patient10_window16s_stride1s-epo,delta
4369,-0.0005188647141101329,patient10_window16s_stride1s-epo,delta
4370,-0.0003338333578633125,patient10_window16s_stride1s-epo,delta
4371,-0.0008153582418561628,patient10_window16s_stride1s-epo,delta
4372,-0.0008366198627948854,patient10_window16s_stride1s-epo,delta
4373,0.0009469586556628703,patient10_window16s_stride1s-epo,delta
4374,0.0007334339766753631,patient10_window16s_stride1s-epo,delta
4375,0.0002051296166184327,patient10_window16s_stride1s-epo,delta
4376,-3.009516504662701e-05,patient10_window16s_stride1s-epo,delta
4377,-0.0002634704243416874,patient10_window16s_stride1s-epo,delta
4378,-0.000407050266939564,patient10_window16s_stride1s-epo,delta
4379,-0.0005921910649748851,patient10_window16s_stride1s-epo,delta
4380,-0.0005563205122862686,patient10_window16s_stride1s-epo,delta
4381,-0.00019106196336323084,patient10_window16s_stride1s-epo,delta
4382,-0.0007160698317474903,patient10_window16s_stride1s-epo,delta
4383,-0.0008165195608532498,patient10_window16s_stride1s-epo,delta
4384,0.0001911449437888591,patient10_window16s_stride1s-epo,delta
4385,0.00010036336186560553,patient10_window16s_stride1s-epo,delta
4386,0.0003177790241796125,patient10_window16s_stride1s-epo,delta
4387,0.0005828756136288891,patient10_window16s_stride1s-epo,delta
4388,0.0004697407268253287,patient10_window16s_stride1s-epo,delta
4389,0.00044271488590209737,patient10_window16s_stride1s-epo,delta
4390,0.0006873088903707183,patient10_window16s_stride1s-epo,delta
4391,0.00029400503221676616,patient10_window16s_stride1s-epo,delta
4392,0.0007771378337168744,patient10_window16s_stride1s-epo,delta
4393,0.0009158049618617631,patient10_window16s_stride1s-epo,delta
4394,0.0006300366927754676,patient10_window16s_stride1s-epo,delta
4395,0.0007531285317727631,patient10_window16s_stride1s-epo,delta
4396,0.0005231260956837065,patient10_window16s_stride1s-epo,delta
4397,0.0006337052415074072,patient10_window16s_stride1s-epo,delta
4398,-0.00014462868110941084,patient10_window16s_stride1s-epo,delta
4399,0.0004449967126002978,patient10_window16s_stride1s-epo,delta
4400,0.0004930193908597433,patient10_window16s_stride1s-epo,delta
4401,-1.4587620037846854e-05,patient10_window16s_stride1s-epo,delta
4402,-0.00035648864043802327,patient10_window16s_stride1s-epo,delta
4403,-6.327660294978868e-05,patient10_window16s_stride1s-epo,delta
4404,-0.0009827153334283636,patient10_window16s_stride1s-epo,delta
4405,-0.00038026201531613174,patient10_window16s_stride1s-epo,delta
4406,-0.0005793353261423523,patient10_window16s_stride1s-epo,delta
4407,-0.0006309669947199361,patient10_window16s_stride1s-epo,delta
4408,-0.0007746209406577375,patient10_window16s_stride1s-epo,delta
4409,-0.0018898730978331134,patient10_window16s_stride1s-epo,delta
4410,-0.0023554461734648538,patient10_window16s_stride1s-epo,delta
4411,-0.0022775719579506016,patient10_window16s_stride1s-epo,delta
4412,-0.0016536920460525704,patient10_window16s_stride1s-epo,delta
4413,-0.0016296521419342717,patient10_window16s_stride1s-epo,delta
4414,-0.0016301856923867629,patient10_window16s_stride1s-epo,delta
4415,-0.0009239063022773699,patient10_window16s_stride1s-epo,delta
4416,-0.001887200875400228,patient10_window16s_stride1s-epo,delta
4417,-0.0018589195619483463,patient10_window16s_stride1s-epo,delta
4418,-0.0025501887241599357,patient10_window16s_stride1s-epo,delta
4419,-0.003084202028811167,patient10_window16s_stride1s-epo,delta
4420,-0.002601570203665023,patient10_window16s_stride1s-epo,delta
4421,-0.002964905831679512,patient10_window16s_stride1s-epo,delta
4422,-0.002753405158583381,patient10_window16s_stride1s-epo,delta
4423,-0.0022003557747559493,patient10_window16s_stride1s-epo,delta
4424,-0.0025615873940628676,patient10_window16s_stride1s-epo,delta
4425,-0.0020873520838804558,patient10_window16s_stride1s-epo,delta
4426,-0.0022754623703371522,patient10_window16s_stride1s-epo,delta
4427,-0.0020981771074976775,patient10_window16s_stride1s-epo,delta
4428,-0.0023819375292260317,patient10_window16s_stride1s-epo,delta
4429,-0.0029239577703721355,patient10_window16s_stride1s-epo,delta
4430,-0.002989889698793274,patient10_window16s_stride1s-epo,delta
4431,-0.0031444567154358142,patient10_window16s_stride1s-epo,delta
4432,-0.00269669339828438,patient10_window16s_stride1s-epo,delta
4433,-0.0028885500130747892,patient10_window16s_stride1s-epo,delta
4434,-0.0021996248115650633,patient10_window16s_stride1s-epo,delta
4435,-0.001427853753049454,patient10_window16s_stride1s-epo,delta
4436,-0.0014484202255073484,patient10_window16s_stride1s-epo,delta
4437,-0.0013299759106758016,patient10_window16s_stride1s-epo,delta
4438,-0.0008348877833826768,patient10_window16s_stride1s-epo,delta
4439,-0.0007642450652411222,patient10_window16s_stride1s-epo,delta
4440,-0.00043725856050647407,patient10_window16s_stride1s-epo,delta
4441,-0.00023340296430305674,patient10_window16s_stride1s-epo,delta
4442,-0.0003006932487422313,patient10_window16s_stride1s-epo,delta
4443,-0.00027494028898127895,patient10_window16s_stride1s-epo,delta
4444,-0.000495523484327364,patient10_window16s_stride1s-epo,delta
4445,-0.0003078631706029052,patient10_window16s_stride1s-epo,delta
4446,0.0002333772094736983,patient10_window16s_stride1s-epo,delta
4447,-0.0005794477196202197,patient10_window16s_stride1s-epo,delta
4448,-7.360561453367784e-05,patient10_window16s_stride1s-epo,delta
4449,-0.00014031121314501922,patient10_window16s_stride1s-epo,delta
4450,-0.0009674254457721668,patient10_window16s_stride1s-epo,delta
4451,-0.0003425088505233032,patient10_window16s_stride1s-epo,delta
4452,-0.0011621207453801807,patient10_window16s_stride1s-epo,delta
4453,-0.0009369057807492986,patient10_window16s_stride1s-epo,delta
4454,-0.0010203522824220295,patient10_window16s_stride1s-epo,delta
4455,-0.0011696576324772764,patient10_window16s_stride1s-epo,delta
4456,-0.0008815007643046134,patient10_window16s_stride1s-epo,delta
4457,-0.000534647222662748,patient10_window16s_stride1s-epo,delta
4458,-0.0014714191608066983,patient10_window16s_stride1s-epo,delta
4459,-0.0007326148794632282,patient10_window16s_stride1s-epo,delta
4460,-0.0007400148309335083,patient10_window16s_stride1s-epo,delta
4461,-9.465455479123814e-05,patient10_window16s_stride1s-epo,delta
4462,-0.0004559614658750792,patient10_window16s_stride1s-epo,delta
4463,-0.000191630216861744,patient10_window16s_stride1s-epo,delta
4464,-7.102680446612339e-05,patient10_window16s_stride1s-epo,delta
4465,0.0012946449731623387,patient10_window16s_stride1s-epo,delta
4466,0.0006784578445170472,patient10_window16s_stride1s-epo,delta
4467,5.21919177310445e-05,patient10_window16s_stride1s-epo,delta
4468,-0.0004829617753607329,patient10_window16s_stride1s-epo,delta
4469,-0.00034430366247623084,patient10_window16s_stride1s-epo,delta
4470,-0.0007519932962666459,patient10_window16s_stride1s-epo,delta
4471,1.91104421359551e-05,patient10_window16s_stride1s-epo,delta
4472,-0.0005226868196366848,patient10_window16s_stride1s-epo,delta
4473,-0.000774835398735443,patient10_window16s_stride1s-epo,delta
4474,-0.0006691781665101609,patient10_window16s_stride1s-epo,delta
4475,-0.0014242779169330113,patient10_window16s_stride1s-epo,delta
4476,-0.0003518397734665578,patient10_window16s_stride1s-epo,delta
4477,-0.0004895958966200638,patient10_window16s_stride1s-epo,delta
4478,9.366946109696022e-05,patient10_window16s_stride1s-epo,delta
4479,0.0012504139331641186,patient10_window16s_stride1s-epo,delta
4480,-0.00024162011648041674,patient10_window16s_stride1s-epo,delta
4481,-0.0002424909833253084,patient10_window16s_stride1s-epo,delta
4482,0.00021337838806431946,patient10_window16s_stride1s-epo,delta
4483,-0.0005409274643699747,patient10_window16s_stride1s-epo,delta
4484,0.00046064975311404496,patient10_window16s_stride1s-epo,delta
4485,-0.00040522806798237563,patient10_window16s_stride1s-epo,delta
4486,0.0009957056687265125,patient10_window16s_stride1s-epo,delta
4487,0.00036340415071258624,patient10_window16s_stride1s-epo,delta
4488,0.000783761127863984,patient10_window16s_stride1s-epo,delta
4489,0.00039010941917610445,patient10_window16s_stride1s-epo,delta
4490,-0.0008390870066863602,patient10_window16s_stride1s-epo,delta
4491,-0.0012741293122567837,patient10_window16s_stride1s-epo,delta
4492,-0.0012177770853901801,patient10_window16s_stride1s-epo,delta
4493,-0.0016570032165774875,patient10_window16s_stride1s-epo,delta
4494,-0.0017251489826001888,patient10_window16s_stride1s-epo,delta
4495,-0.0019922134182791392,patient10_window16s_stride1s-epo,delta
4496,-0.0017189498538342225,patient10_window16s_stride1s-epo,delta
4497,-0.0027453127556207276,patient10_window16s_stride1s-epo,delta
4498,-0.0024251044878860956,patient10_window16s_stride1s-epo,delta
4499,-0.0028861189610862184,patient10_window16s_stride1s-epo,delta
4500,-0.001236112486746171,patient10_window16s_stride1s-epo,delta
4501,-0.00115477246259992,patient10_window16s_stride1s-epo,delta
4502,-0.002081636743395236,patient10_window16s_stride1s-epo,delta
4503,-0.0017772260755042919,patient10_window16s_stride1s-epo,delta
4504,-0.0012727134970537336,patient10_window16s_stride1s-epo,delta
4505,-0.0002484563318301214,patient10_window16s_stride1s-epo,delta
4506,-6.203355358388234e-05,patient10_window16s_stride1s-epo,delta
4507,0.00036605771413763025,patient10_window16s_stride1s-epo,delta
4508,4.372112389413572e-05,patient10_window16s_stride1s-epo,delta
4509,0.0003056793226599233,patient10_window16s_stride1s-epo,delta
4510,-3.4751499618557585e-05,patient10_window16s_stride1s-epo,delta
4511,-0.000562945396616802,patient10_window16s_stride1s-epo,delta
4512,1.897303010622039e-05,patient10_window16s_stride1s-epo,delta
4513,0.0004110744263870427,patient10_window16s_stride1s-epo,delta
4514,0.000735697012324994,patient10_window16s_stride1s-epo,delta
4515,-0.00014256180000805072,patient10_window16s_stride1s-epo,delta
4516,-9.680766855770622e-05,patient10_window16s_stride1s-epo,delta
4517,-0.0007174926348562331,patient10_window16s_stride1s-epo,delta
4518,-0.0003714917910519042,patient10_window16s_stride1s-epo,delta
4519,-0.001230811585003058,patient10_window16s_stride1s-epo,delta
4520,-0.00046240318059243853,patient10_window16s_stride1s-epo,delta
4521,-0.000604146222155287,patient10_window16s_stride1s-epo,delta
4522,-0.0009954690149442866,patient10_window16s_stride1s-epo,delta
4523,6.46059421343755e-05,patient10_window16s_stride1s-epo,delta
4524,0.00048323099230063003,patient10_window16s_stride1s-epo,delta
4525,0.0008409202227601341,patient10_window16s_stride1s-epo,delta
4526,0.0013941386672665604,patient10_window16s_stride1s-epo,delta
4527,0.0013011677867543858,patient10_window16s_stride1s-epo,delta
4528,0.001265773125857787,patient10_window16s_stride1s-epo,delta
4529,0.002065759730839233,patient10_window16s_stride1s-epo,delta
4530,0.00047079166141310996,patient10_window16s_stride1s-epo,delta
4531,-0.0003999332580536467,patient10_window16s_stride1s-epo,delta
4532,-0.0007598295266940066,patient10_window16s_stride1s-epo,delta
4533,-0.0017691312201090527,patient10_window16s_stride1s-epo,delta
4534,-0.0014109257939153416,patient10_window16s_stride1s-epo,delta
4535,-0.001324151584904976,patient10_window16s_stride1s-epo,delta
4536,-0.0032723950254888294,patient10_window16s_stride1s-epo,delta
4537,-0.0026319386036178167,patient10_window16s_stride1s-epo,delta
4538,-0.0025165301418417683,patient10_window16s_stride1s-epo,delta
4539,-0.003132791763203406,patient10_window16s_stride1s-epo,delta
4540,-0.003636442652333849,patient10_window16s_stride1s-epo,delta
4541,-0.0044245980086624346,patient10_window16s_stride1s-epo,delta
4542,-0.00461480905361094,patient10_window16s_stride1s-epo,delta
4543,-0.0038626218557031157,patient10_window16s_stride1s-epo,delta
4544,-0.0037215910940661956,patient10_window16s_stride1s-epo,delta
4545,-0.0037521906405352723,patient10_window16s_stride1s-epo,delta
4546,-0.0031568818094546472,patient10_window16s_stride1s-epo,delta
4547,-0.002051112779548578,patient10_window16s_stride1s-epo,delta
4548,-0.0010724995432815274,patient10_window16s_stride1s-epo,delta
4549,-0.0007565986352522945,patient10_window16s_stride1s-epo,delta
4550,-0.0007667205432685736,patient10_window16s_stride1s-epo,delta
4551,-0.0021188009178506346,patient10_window16s_stride1s-epo,delta
4552,-0.002432033265770413,patient10_window16s_stride1s-epo,delta
4553,-0.001107232882551386,patient10_window16s_stride1s-epo,delta
4554,-0.0012872043785019365,patient10_window16s_stride1s-epo,delta
4555,-0.0018184379586345155,patient10_window16s_stride1s-epo,delta
4556,-0.002254870080892736,patient10_window16s_stride1s-epo,delta
4557,-0.0019271106946409404,patient10_window16s_stride1s-epo,delta
4558,-0.000992645516844167,patient10_window16s_stride1s-epo,delta
4559,-0.0007545054179050465,patient10_window16s_stride1s-epo,delta
4560,-0.0009509609581622916,patient10_window16s_stride1s-epo,delta
4561,-0.0008219321628428105,patient10_window16s_stride1s-epo,delta
4562,-0.0009912918929272524,patient10_window16s_stride1s-epo,delta
4563,7.336582257456615e-05,patient10_window16s_stride1s-epo,delta
4564,-0.00018313970597647744,patient10_window16s_stride1s-epo,delta
4565,-0.0006570450792593623,patient10_window16s_stride1s-epo,delta
4566,2.087181646390925e-05,patient10_window16s_stride1s-epo,delta
4567,-0.0005752864482282908,patient10_window16s_stride1s-epo,delta
4568,9.736838036457667e-05,patient10_window16s_stride1s-epo,delta
4569,0.0005887374741855576,patient10_window16s_stride1s-epo,delta
4570,-0.0003863239737777382,patient10_window16s_stride1s-epo,delta
4571,0.00015847052835961254,patient10_window16s_stride1s-epo,delta
4572,0.00026186623189089123,patient10_window16s_stride1s-epo,delta
4573,4.258655061879969e-05,patient10_window16s_stride1s-epo,delta
4574,0.00030926425184019395,patient10_window16s_stride1s-epo,delta
4575,0.000321679343507508,patient10_window16s_stride1s-epo,delta
4576,-0.00029047656627220346,patient10_window16s_stride1s-epo,delta
4577,-0.00062761384292916,patient10_window16s_stride1s-epo,delta
4578,-0.000890635656688491,patient10_window16s_stride1s-epo,delta
4579,-0.0007644569260145403,patient10_window16s_stride1s-epo,delta
4580,-0.00033869485074920904,patient10_window16s_stride1s-epo,delta
4581,-0.0006215438349483994,patient10_window16s_stride1s-epo,delta
4582,-0.000978118767770826,patient10_window16s_stride1s-epo,delta
4583,0.00043457021185271783,patient10_window16s_stride1s-epo,delta
4584,0.00027222471484631496,patient10_window16s_stride1s-epo,delta
4585,-0.0003016776386203158,patient10_window16s_stride1s-epo,delta
4586,-0.00010706763527130988,patient10_window16s_stride1s-epo,delta
4587,-0.00038092698002794786,patient10_window16s_stride1s-epo,delta
4588,-0.0009368813495543879,patient10_window16s_stride1s-epo,delta
4589,-0.0006727872397654698,patient10_window16s_stride1s-epo,delta
4590,-0.0010133525227553045,patient10_window16s_stride1s-epo,delta
4591,-0.0006235738120940662,patient10_window16s_stride1s-epo,delta
4592,-0.0016558280646973515,patient10_window16s_stride1s-epo,delta
4593,-0.0009374896067144919,patient10_window16s_stride1s-epo,delta
4594,0.00039951363213075176,patient10_window16s_stride1s-epo,delta
4595,-7.463640246399402e-05,patient10_window16s_stride1s-epo,delta
4596,-0.0006882167015117178,patient10_window16s_stride1s-epo,delta
4597,-0.0003585541724562164,patient10_window16s_stride1s-epo,delta
4598,0.000220412148044223,patient10_window16s_stride1s-epo,delta
4599,0.000737803067658837,patient10_window16s_stride1s-epo,delta
4600,0.0006024869872016219,patient10_window16s_stride1s-epo,delta
4601,0.0007580138772910785,patient10_window16s_stride1s-epo,delta
4602,0.001282920960107934,patient10_window16s_stride1s-epo,delta
4603,0.0007047129515167544,patient10_window16s_stride1s-epo,delta
4604,0.0005394418048339296,patient10_window16s_stride1s-epo,delta
4605,-9.61191135892216e-05,patient10_window16s_stride1s-epo,delta
4606,-0.0012026496453525954,patient10_window16s_stride1s-epo,delta
4607,-2.649762953619038e-08,patient10_window16s_stride1s-epo,delta
4608,-0.0001837596053414278,patient10_window16s_stride1s-epo,delta
4609,-0.0001605167329070596,patient10_window16s_stride1s-epo,delta
4610,-0.0012464571604486393,patient10_window16s_stride1s-epo,delta
4611,-0.0004968886369484675,patient10_window16s_stride1s-epo,delta
4612,-0.0004986522189310428,patient10_window16s_stride1s-epo,delta
4613,-0.0004802664133908756,patient10_window16s_stride1s-epo,delta
4614,-0.0009365838085406445,patient10_window16s_stride1s-epo,delta
4615,-0.0004285612405771459,patient10_window16s_stride1s-epo,delta
4616,-0.0007648008395214733,patient10_window16s_stride1s-epo,delta
4617,-0.00032114541268860036,patient10_window16s_stride1s-epo,delta
4618,0.00022882950227429749,patient10_window16s_stride1s-epo,delta
4619,0.0004619559756617333,patient10_window16s_stride1s-epo,delta
4620,8.517368225640497e-05,patient10_window16s_stride1s-epo,delta
4621,8.012660834497237e-06,patient10_window16s_stride1s-epo,delta
4622,0.00033185962005228035,patient10_window16s_stride1s-epo,delta
4623,0.00010223066616678177,patient10_window16s_stride1s-epo,delta
4624,0.0004572983681835063,patient10_window16s_stride1s-epo,delta
4625,0.00029068479322635215,patient10_window16s_stride1s-epo,delta
4626,0.0008954753478621281,patient10_window16s_stride1s-epo,delta
4627,7.707957061705918e-05,patient10_window16s_stride1s-epo,delta
4628,0.00046342573647411526,patient10_window16s_stride1s-epo,delta
4629,0.00034798372539594444,patient10_window16s_stride1s-epo,delta
4630,-0.00023861301801459222,patient10_window16s_stride1s-epo,delta
4631,0.00017736038681028435,patient10_window16s_stride1s-epo,delta
4632,-3.974622909944961e-05,patient10_window16s_stride1s-epo,delta
4633,0.00040669494633366744,patient10_window16s_stride1s-epo,delta
4634,0.0005261893485697904,patient10_window16s_stride1s-epo,delta
4635,0.0005669790116324384,patient10_window16s_stride1s-epo,delta
4636,0.0007651481909161493,patient10_window16s_stride1s-epo,delta
4637,0.0014797373963060564,patient10_window16s_stride1s-epo,delta
4638,0.0008506321338330088,patient10_window16s_stride1s-epo,delta
4639,0.0010304134169059154,patient10_window16s_stride1s-epo,delta
4640,-0.0002330535717717433,patient10_window16s_stride1s-epo,delta
4641,0.0005838357920212383,patient10_window16s_stride1s-epo,delta
4642,0.0007556356664494644,patient10_window16s_stride1s-epo,delta
4643,6.84901064993648e-06,patient10_window16s_stride1s-epo,delta
4644,-0.0002780437637582806,patient10_window16s_stride1s-epo,delta
4645,-0.0015719374240653527,patient10_window16s_stride1s-epo,delta
4646,-0.0008201462134548312,patient10_window16s_stride1s-epo,delta
4647,-0.0005439760642203872,patient10_window16s_stride1s-epo,delta
4648,0.0007976905873535894,patient10_window16s_stride1s-epo,delta
4649,0.0007082647575766412,patient10_window16s_stride1s-epo,delta
4650,1.438099740224774e-05,patient10_window16s_stride1s-epo,delta
4651,0.0005815741151086463,patient10_window16s_stride1s-epo,delta
4652,-0.000496879029694072,patient10_window16s_stride1s-epo,delta
4653,-0.000968716963756386,patient10_window16s_stride1s-epo,delta
4654,-0.0008419565133924902,patient10_window16s_stride1s-epo,delta
4655,-0.0006293879226017908,patient10_window16s_stride1s-epo,delta
4656,-0.0001618286909819739,patient10_window16s_stride1s-epo,delta
4657,-0.0002658031732376195,patient10_window16s_stride1s-epo,delta
4658,-0.0008903862713308239,patient10_window16s_stride1s-epo,delta
4659,-0.0010606155617621895,patient10_window16s_stride1s-epo,delta
4660,-0.00022149112532749243,patient10_window16s_stride1s-epo,delta
4661,-2.185802889299765e-06,patient10_window16s_stride1s-epo,delta
4662,-0.00022487551343356327,patient10_window16s_stride1s-epo,delta
4663,-0.000773217139871644,patient10_window16s_stride1s-epo,delta
4664,-0.0007559322469263949,patient10_window16s_stride1s-epo,delta
4665,-0.0010072478484018793,patient10_window16s_stride1s-epo,delta
4666,-0.001362605266420043,patient10_window16s_stride1s-epo,delta
4667,-0.0022029176032694027,patient10_window16s_stride1s-epo,delta
4668,-0.0021000978973341423,patient10_window16s_stride1s-epo,delta
4669,-0.001237395978947988,patient10_window16s_stride1s-epo,delta
4670,-0.0008098303109921861,patient10_window16s_stride1s-epo,delta
4671,-0.0007517075579647823,patient10_window16s_stride1s-epo,delta
4672,-0.0008696138232567796,patient10_window16s_stride1s-epo,delta
4673,-0.0012255291145591234,patient10_window16s_stride1s-epo,delta
4674,0.00042327540425155267,patient10_window16s_stride1s-epo,delta
4675,-0.000815843846744966,patient10_window16s_stride1s-epo,delta
4676,-0.0005252676675310626,patient10_window16s_stride1s-epo,delta
4677,-0.0008045976239881588,patient10_window16s_stride1s-epo,delta
4678,-0.00031356893480719364,patient10_window16s_stride1s-epo,delta
4679,0.0005861437232533773,patient10_window16s_stride1s-epo,delta
4680,0.0014326014083961456,patient10_window16s_stride1s-epo,delta
4681,0.0009557369952224665,patient10_window16s_stride1s-epo,delta
4682,0.0006756807334914879,patient10_window16s_stride1s-epo,delta
4683,0.0035432784425481396,patient10_window16s_stride1s-epo,delta
4684,0.00353675897077182,patient10_window16s_stride1s-epo,delta
4685,0.0033149277227234697,patient10_window16s_stride1s-epo,delta
4686,0.0028445162269832517,patient10_window16s_stride1s-epo,delta
4687,0.003500828307276356,patient10_window16s_stride1s-epo,delta
4688,0.0021592178078702093,patient10_window16s_stride1s-epo,delta
4689,0.001822434770742531,patient10_window16s_stride1s-epo,delta
4690,0.001849008591360314,patient10_window16s_stride1s-epo,delta
4691,0.0010109007400969324,patient10_window16s_stride1s-epo,delta
4692,0.0015229295844959262,patient10_window16s_stride1s-epo,delta
4693,0.000955913662133922,patient10_window16s_stride1s-epo,delta
4694,0.0008919923509780655,patient10_window16s_stride1s-epo,delta
4695,0.0006020970230739743,patient10_window16s_stride1s-epo,delta
4696,0.0007708675297740394,patient10_window16s_stride1s-epo,delta
4697,0.0007611008516558982,patient10_window16s_stride1s-epo,delta
4698,0.0006589703677769122,patient10_window16s_stride1s-epo,delta
4699,-3.219281492600416e-05,patient10_window16s_stride1s-epo,delta
4700,-0.000530256622094727,patient10_window16s_stride1s-epo,delta
4701,-7.80793554705897e-05,patient10_window16s_stride1s-epo,delta
4702,-0.0011375288037730504,patient10_window16s_stride1s-epo,delta
4703,-0.0017863415208766462,patient10_window16s_stride1s-epo,delta
4704,-0.0011048069560749114,patient10_window16s_stride1s-epo,delta
4705,-0.0012545532974835032,patient10_window16s_stride1s-epo,delta
4706,-0.001418470422880801,patient10_window16s_stride1s-epo,delta
4707,-0.0011806269147963456,patient10_window16s_stride1s-epo,delta
4708,-0.0014439805130676345,patient10_window16s_stride1s-epo,delta
4709,-0.001151777454078268,patient10_window16s_stride1s-epo,delta
4710,-0.0013459175483024935,patient10_window16s_stride1s-epo,delta
4711,-0.0004217302345120357,patient10_window16s_stride1s-epo,delta
4712,-0.001225625039524533,patient10_window16s_stride1s-epo,delta
4713,-0.0015389451170611612,patient10_window16s_stride1s-epo,delta
4714,-0.0014909910217616674,patient10_window16s_stride1s-epo,delta
4715,-0.0003951532628917497,patient10_window16s_stride1s-epo,delta
4716,-0.0012869284903683606,patient10_window16s_stride1s-epo,delta
4717,-0.0011264096916026275,patient10_window16s_stride1s-epo,delta
4718,-0.0015173666564286068,patient10_window16s_stride1s-epo,delta
4719,-0.0011725608686519572,patient10_window16s_stride1s-epo,delta
4720,-0.0010881067476643056,patient10_window16s_stride1s-epo,delta
4721,-0.001227359733683013,patient10_window16s_stride1s-epo,delta
4722,-0.0015075258025481317,patient10_window16s_stride1s-epo,delta
4723,-0.0014021959563533517,patient10_window16s_stride1s-epo,delta
4724,-0.0013413850996956806,patient10_window16s_stride1s-epo,delta
4725,-0.0009835762542547831,patient10_window16s_stride1s-epo,delta
4726,-0.001601595087887576,patient10_window16s_stride1s-epo,delta
4727,-0.0015022233016908808,patient10_window16s_stride1s-epo,delta
4728,-0.0017748638063503851,patient10_window16s_stride1s-epo,delta
4729,-0.0012081768702723258,patient10_window16s_stride1s-epo,delta
4730,-0.0008000955034397964,patient10_window16s_stride1s-epo,delta
4731,-0.0006947741438889558,patient10_window16s_stride1s-epo,delta
4732,-0.0011038572680488557,patient10_window16s_stride1s-epo,delta
4733,-0.0009348011782614481,patient10_window16s_stride1s-epo,delta
4734,2.4919563219102734e-05,patient10_window16s_stride1s-epo,delta
4735,0.0003653623450040516,patient10_window16s_stride1s-epo,delta
4736,0.001456888511834184,patient10_window16s_stride1s-epo,delta
4737,0.0014339882845024986,patient10_window16s_stride1s-epo,delta
4738,0.0008173185673459053,patient10_window16s_stride1s-epo,delta
4739,0.0004629231073712735,patient10_window16s_stride1s-epo,delta
4740,0.0002955665929426121,patient10_window16s_stride1s-epo,delta
4741,0.0001612146599585924,patient10_window16s_stride1s-epo,delta
4742,4.4543313295949076e-05,patient10_window16s_stride1s-epo,delta
4743,0.0005585945827719558,patient10_window16s_stride1s-epo,delta
4744,0.0007182834690176139,patient10_window16s_stride1s-epo,delta
4745,0.0005797534284279316,patient10_window16s_stride1s-epo,delta
4746,0.0003195261431223955,patient10_window16s_stride1s-epo,delta
4747,0.00029820413170068193,patient10_window16s_stride1s-epo,delta
4748,0.0006876875670177698,patient10_window16s_stride1s-epo,delta
4749,0.00012857120687611394,patient10_window16s_stride1s-epo,delta
4750,-0.000887370613958826,patient10_window16s_stride1s-epo,delta
4751,-0.0004019350480211346,patient10_window16s_stride1s-epo,delta
4752,-0.0008814552707394081,patient10_window16s_stride1s-epo,delta
4753,-0.0006404598404295204,patient10_window16s_stride1s-epo,delta
4754,-0.0001630599636816583,patient10_window16s_stride1s-epo,delta
4755,0.0007454082851519472,patient10_window16s_stride1s-epo,delta
4756,0.001047436072270579,patient10_window16s_stride1s-epo,delta
4757,0.0007809035165108215,patient10_window16s_stride1s-epo,delta
4758,-0.00039318548794393455,patient10_window16s_stride1s-epo,delta
4759,4.3063951469063284e-05,patient10_window16s_stride1s-epo,delta
4760,-0.0009534289144600226,patient10_window16s_stride1s-epo,delta
4761,-0.00041149443139453504,patient10_window16s_stride1s-epo,delta
4762,-0.0006259524856570639,patient10_window16s_stride1s-epo,delta
4763,0.00024718939543909963,patient10_window16s_stride1s-epo,delta
4764,-0.0008263104974921608,patient10_window16s_stride1s-epo,delta
4765,-0.00028206954400704495,patient10_window16s_stride1s-epo,delta
4766,0.00037808445050182816,patient10_window16s_stride1s-epo,delta
4767,0.00020445409485637483,patient10_window16s_stride1s-epo,delta
4768,0.00013080068449433776,patient10_window16s_stride1s-epo,delta
4769,-0.0007486763011825513,patient10_window16s_stride1s-epo,delta
4770,-0.0010284655440400742,patient10_window16s_stride1s-epo,delta
4771,-0.0006263242910988323,patient10_window16s_stride1s-epo,delta
4772,-0.001756332882000687,patient10_window16s_stride1s-epo,delta
4773,-0.0007972339674447773,patient10_window16s_stride1s-epo,delta
4774,-0.00038826301345418077,patient10_window16s_stride1s-epo,delta
4775,-2.6238263890581775e-05,patient10_window16s_stride1s-epo,delta
4776,-0.00018679635974702384,patient10_window16s_stride1s-epo,delta
4777,-0.0006600816369042975,patient10_window16s_stride1s-epo,delta
4778,-0.0007505590922850107,patient10_window16s_stride1s-epo,delta
4779,-0.0013983411650044682,patient10_window16s_stride1s-epo,delta
4780,-0.001671973460192291,patient10_window16s_stride1s-epo,delta
4781,-0.0013945810762914254,patient10_window16s_stride1s-epo,delta
4782,-0.0010301044208921525,patient10_window16s_stride1s-epo,delta
4783,-0.0012342182986190711,patient10_window16s_stride1s-epo,delta
4784,-0.0013314783008795566,patient10_window16s_stride1s-epo,delta
4785,-0.0009753102796239889,patient10_window16s_stride1s-epo,delta
4786,-0.0008666586997859189,patient10_window16s_stride1s-epo,delta
4787,-0.0005329258151201026,patient10_window16s_stride1s-epo,delta
4788,-0.0009355215365551894,patient10_window16s_stride1s-epo,delta
4789,-0.0009260391573755988,patient10_window16s_stride1s-epo,delta
4790,0.000621822899380818,patient10_window16s_stride1s-epo,delta
4791,0.00011748150448212678,patient10_window16s_stride1s-epo,delta
4792,0.0009551593282244811,patient10_window16s_stride1s-epo,delta
4793,0.0009721880169185326,patient10_window16s_stride1s-epo,delta
4794,0.0007900677823195252,patient10_window16s_stride1s-epo,delta
4795,0.00016076598489428768,patient10_window16s_stride1s-epo,delta
4796,0.00012530290306250085,patient10_window16s_stride1s-epo,delta
4797,0.0003453754976156374,patient10_window16s_stride1s-epo,delta
4798,-0.00017158897045290513,patient10_window16s_stride1s-epo,delta
4799,-0.00027946196818393043,patient10_window16s_stride1s-epo,delta
4800,-7.564447700146915e-05,patient10_window16s_stride1s-epo,delta
4801,0.0004169364388427532,patient10_window16s_stride1s-epo,delta
4802,0.0003905084283602981,patient10_window16s_stride1s-epo,delta
4803,-0.0001007077250365649,patient10_window16s_stride1s-epo,delta
4804,-0.0005398663234266822,patient10_window16s_stride1s-epo,delta
4805,0.00033024083363222584,patient10_window16s_stride1s-epo,delta
4806,-0.0002722902567737738,patient10_window16s_stride1s-epo,delta
4807,0.00017011346973155875,patient10_window16s_stride1s-epo,delta
4808,0.00047952403773056455,patient10_window16s_stride1s-epo,delta
4809,7.810196809934685e-05,patient10_window16s_stride1s-epo,delta
4810,0.0006198856175811324,patient10_window16s_stride1s-epo,delta
4811,0.0003448227184565921,patient10_window16s_stride1s-epo,delta
4812,0.000769056389495874,patient10_window16s_stride1s-epo,delta
4813,0.0007360742184369418,patient10_window16s_stride1s-epo,delta
4814,-0.00017446548604370147,patient10_window16s_stride1s-epo,delta
4815,-0.00010587969212849158,patient10_window16s_stride1s-epo,delta
4816,-2.1955220359976084e-05,patient10_window16s_stride1s-epo,delta
4817,-0.0007674944317558244,patient10_window16s_stride1s-epo,delta
4818,-0.0009264098507517911,patient10_window16s_stride1s-epo,delta
4819,-0.0002441502735202168,patient10_window16s_stride1s-epo,delta
4820,0.0005104354729531534,patient10_window16s_stride1s-epo,delta
4821,0.0007427952304806044,patient10_window16s_stride1s-epo,delta
4822,0.0011995364865231043,patient10_window16s_stride1s-epo,delta
4823,0.001207194595184803,patient10_window16s_stride1s-epo,delta
4824,0.0012300368624375269,patient10_window16s_stride1s-epo,delta
4825,0.0007928729622438174,patient10_window16s_stride1s-epo,delta
4826,3.532027668039749e-05,patient10_window16s_stride1s-epo,delta
4827,-0.0002702366582993583,patient10_window16s_stride1s-epo,delta
4828,-0.0007820286432829892,patient10_window16s_stride1s-epo,delta
4829,-0.0014407047827896518,patient10_window16s_stride1s-epo,delta
4830,-9.221426632098376e-05,patient10_window16s_stride1s-epo,delta
4831,-0.0004817112206619014,patient10_window16s_stride1s-epo,delta
4832,-0.0007643882039370953,patient10_window16s_stride1s-epo,delta
4833,-0.0010926279310358455,patient10_window16s_stride1s-epo,delta
4834,6.538208803866161e-05,patient10_window16s_stride1s-epo,delta
4835,-0.00040216233686051395,patient10_window16s_stride1s-epo,delta
4836,-0.0005455686328631421,patient10_window16s_stride1s-epo,delta
4837,-0.0004073752240551823,patient10_window16s_stride1s-epo,delta
4838,-0.0012647812618383355,patient10_window16s_stride1s-epo,delta
4839,8.697603370830981e-05,patient10_window16s_stride1s-epo,delta
4840,0.0001286266511296442,patient10_window16s_stride1s-epo,delta
4841,-0.00034507029140951414,patient10_window16s_stride1s-epo,delta
4842,-0.00039835530084473484,patient10_window16s_stride1s-epo,delta
4843,-0.0012487199871852198,patient10_window16s_stride1s-epo,delta
4844,-0.0005146950461278381,patient10_window16s_stride1s-epo,delta
4845,-0.0010696679930144485,patient10_window16s_stride1s-epo,delta
4846,-0.0009749174115996288,patient10_window16s_stride1s-epo,delta
4847,-0.0007441598575130233,patient10_window16s_stride1s-epo,delta
4848,0.00017060426752434524,patient10_window16s_stride1s-epo,delta
4849,-4.510824523006412e-05,patient10_window16s_stride1s-epo,delta
4850,-0.0005373694380790176,patient10_window16s_stride1s-epo,delta
4851,-0.0005537965101854651,patient10_window16s_stride1s-epo,delta
4852,-0.001679989739291283,patient10_window16s_stride1s-epo,delta
4853,-0.0019447619059374949,patient10_window16s_stride1s-epo,delta
4854,-0.002258641731420803,patient10_window16s_stride1s-epo,delta
4855,-0.003568925077851448,patient10_window16s_stride1s-epo,delta
4856,-0.0027524985487058463,patient10_window16s_stride1s-epo,delta
4857,-0.002082731257861841,patient10_window16s_stride1s-epo,delta
4858,-0.0009110139677550515,patient10_window16s_stride1s-epo,delta
4859,-0.0006862117166037377,patient10_window16s_stride1s-epo,delta
4860,-0.00023140184771680694,patient10_window16s_stride1s-epo,delta
4861,-0.00030998214335441437,patient10_window16s_stride1s-epo,delta
4862,-0.001363479591295829,patient10_window16s_stride1s-epo,delta
4863,-0.0017115308113263177,patient10_window16s_stride1s-epo,delta
4864,-0.0022439102637476,patient10_window16s_stride1s-epo,delta
4865,-0.0016672747765233184,patient10_window16s_stride1s-epo,delta
4866,-0.002184295531808852,patient10_window16s_stride1s-epo,delta
4867,-0.0018290628534713077,patient10_window16s_stride1s-epo,delta
4868,-0.0006585703634115757,patient10_window16s_stride1s-epo,delta
4869,-0.0007703052893002166,patient10_window16s_stride1s-epo,delta
4870,-0.00032843579579290073,patient10_window16s_stride1s-epo,delta
4871,-0.0008044543365088661,patient10_window16s_stride1s-epo,delta
4872,-0.001777481220037323,patient10_window16s_stride1s-epo,delta
4873,-0.0017792760259514738,patient10_window16s_stride1s-epo,delta
4874,-0.0013368280559026978,patient10_window16s_stride1s-epo,delta
4875,-0.0016076502593547672,patient10_window16s_stride1s-epo,delta
4876,-0.001677333326959196,patient10_window16s_stride1s-epo,delta
4877,-0.001601212710013401,patient10_window16s_stride1s-epo,delta
4878,-0.0013883960772241187,patient10_window16s_stride1s-epo,delta
4879,-0.001348811717027222,patient10_window16s_stride1s-epo,delta
4880,-0.0013668604814629033,patient10_window16s_stride1s-epo,delta
4881,-0.0016330011507449983,patient10_window16s_stride1s-epo,delta
4882,-0.0017292164091529416,patient10_window16s_stride1s-epo,delta
4883,-0.0012552514929739863,patient10_window16s_stride1s-epo,delta
4884,-0.0016241253485983688,patient10_window16s_stride1s-epo,delta
4885,-0.0019143035609642117,patient10_window16s_stride1s-epo,delta
4886,-0.0014036753984613135,patient10_window16s_stride1s-epo,delta
4887,-0.00018211131900195746,patient10_window16s_stride1s-epo,delta
4888,-0.0008561059793039667,patient10_window16s_stride1s-epo,delta
4889,-0.0005385765747705749,patient10_window16s_stride1s-epo,delta
4890,-0.0003294359387375986,patient10_window16s_stride1s-epo,delta
4891,-0.00141828789969984,patient10_window16s_stride1s-epo,delta
4892,-0.0008047103535998246,patient10_window16s_stride1s-epo,delta
4893,-0.000664229206302704,patient10_window16s_stride1s-epo,delta
4894,0.000488544321541442,patient10_window16s_stride1s-epo,delta
4895,8.648566355269116e-06,patient10_window16s_stride1s-epo,delta
4896,7.64794027074318e-05,patient10_window16s_stride1s-epo,delta
4897,-0.00013019410212089153,patient10_window16s_stride1s-epo,delta
4898,0.0003226761851096897,patient10_window16s_stride1s-epo,delta
4899,0.0007416910708948644,patient10_window16s_stride1s-epo,delta
4900,0.001285805132168288,patient10_window16s_stride1s-epo,delta
4901,0.0003170875800132254,patient10_window16s_stride1s-epo,delta
4902,6.710933680122703e-05,patient10_window16s_stride1s-epo,delta
4903,0.00025896115743944764,patient10_window16s_stride1s-epo,delta
4904,0.0010534920001303897,patient10_window16s_stride1s-epo,delta
4905,0.00047986149829250583,patient10_window16s_stride1s-epo,delta
4906,3.629039019263789e-05,patient10_window16s_stride1s-epo,delta
4907,7.818382772451966e-05,patient10_window16s_stride1s-epo,delta
4908,0.000680616377782672,patient10_window16s_stride1s-epo,delta
4909,0.000846807114590131,patient10_window16s_stride1s-epo,delta
4910,0.0009708789183392379,patient10_window16s_stride1s-epo,delta
4911,0.00048016963577135783,patient10_window16s_stride1s-epo,delta
4912,0.00018321169765310268,patient10_window16s_stride1s-epo,delta
4913,0.0007957373779144258,patient10_window16s_stride1s-epo,delta
4914,0.00023888076737674355,patient10_window16s_stride1s-epo,delta
4915,-0.000526881536761877,patient10_window16s_stride1s-epo,delta
4916,-0.0011242844961726038,patient10_window16s_stride1s-epo,delta
4917,-0.001618406059452879,patient10_window16s_stride1s-epo,delta
4918,-0.0014777951437528226,patient10_window16s_stride1s-epo,delta
4919,-0.002108795907253044,patient10_window16s_stride1s-epo,delta
4920,-0.002189171965432968,patient10_window16s_stride1s-epo,delta
4921,-0.0017840586485784217,patient10_window16s_stride1s-epo,delta
4922,-0.0016559871806776495,patient10_window16s_stride1s-epo,delta
4923,-0.002095158471131646,patient10_window16s_stride1s-epo,delta
4924,-0.0018831429138834416,patient10_window16s_stride1s-epo,delta
4925,-0.0021089267333680123,patient10_window16s_stride1s-epo,delta
4926,-0.0022640487808264134,patient10_window16s_stride1s-epo,delta
4927,-0.002530933960020235,patient10_window16s_stride1s-epo,delta
4928,-0.0029835864982021127,patient10_window16s_stride1s-epo,delta
4929,-0.0029527395678111933,patient10_window16s_stride1s-epo,delta
4930,-0.002570791080466341,patient10_window16s_stride1s-epo,delta
4931,-0.0016606582547402137,patient10_window16s_stride1s-epo,delta
4932,-0.0007466555122929006,patient10_window16s_stride1s-epo,delta
4933,-0.0006001856700044607,patient10_window16s_stride1s-epo,delta
4934,0.00020363972887771733,patient10_window16s_stride1s-epo,delta
4935,-0.0010035728529223368,patient10_window16s_stride1s-epo,delta
4936,-0.0006947926849019886,patient10_window16s_stride1s-epo,delta
4937,-0.0008954043213235504,patient10_window16s_stride1s-epo,delta
4938,-0.0006773702339369199,patient10_window16s_stride1s-epo,delta
4939,-0.0005752388136397175,patient10_window16s_stride1s-epo,delta
4940,-0.0015873512604841005,patient10_window16s_stride1s-epo,delta
4941,-0.0012036823424729354,patient10_window16s_stride1s-epo,delta
4942,0.0003081061789987769,patient10_window16s_stride1s-epo,delta
4943,0.0006849549830524697,patient10_window16s_stride1s-epo,delta
4944,0.0010534095502113523,patient10_window16s_stride1s-epo,delta
4945,0.000900276510525563,patient10_window16s_stride1s-epo,delta
4946,0.0002077411838743434,patient10_window16s_stride1s-epo,delta
4947,0.0005054433474447584,patient10_window16s_stride1s-epo,delta
4948,0.0003547755925611005,patient10_window16s_stride1s-epo,delta
4949,0.00042705050590907494,patient10_window16s_stride1s-epo,delta
4950,0.0007584706873515189,patient10_window16s_stride1s-epo,delta
4951,0.001625295210192068,patient10_window16s_stride1s-epo,delta
4952,0.0013601174127018476,patient10_window16s_stride1s-epo,delta
4953,0.0013322334839387373,patient10_window16s_stride1s-epo,delta
4954,0.002381692878049442,patient10_window16s_stride1s-epo,delta
4955,0.001554295168480338,patient10_window16s_stride1s-epo,delta
4956,0.002016476882908886,patient10_window16s_stride1s-epo,delta
4957,0.001979277390199819,patient10_window16s_stride1s-epo,delta
4958,0.002684266145195723,patient10_window16s_stride1s-epo,delta
4959,0.0019313666094292051,patient10_window16s_stride1s-epo,delta
4960,0.0025711139385984657,patient10_window16s_stride1s-epo,delta
4961,0.0023511611885481025,patient10_window16s_stride1s-epo,delta
4962,0.0011138352649966302,patient10_window16s_stride1s-epo,delta
4963,0.0012175350604896665,patient10_window16s_stride1s-epo,delta
4964,0.0011054789210615033,patient10_window16s_stride1s-epo,delta
4965,0.0013196522559229893,patient10_window16s_stride1s-epo,delta
4966,0.0003342385434564097,patient10_window16s_stride1s-epo,delta
4967,-0.00034098078556998185,patient10_window16s_stride1s-epo,delta
4968,0.0007332401479356422,patient10_window16s_stride1s-epo,delta
4969,-0.0001716670929472931,patient10_window16s_stride1s-epo,delta
4970,-0.00016974966211277706,patient10_window16s_stride1s-epo,delta
4971,-2.1403621186911678e-05,patient10_window16s_stride1s-epo,delta
