epoch_index,wsmi_scalar,subject_id,band
0,-0.006560147102191348,patient11_window16s_stride1s-epo,beta
1,-0.006295477899990261,patient11_window16s_stride1s-epo,beta
2,-0.006085174807071477,patient11_window16s_stride1s-epo,beta
3,-0.006161735124196814,patient11_window16s_stride1s-epo,beta
4,-0.005389507571469004,patient11_window16s_stride1s-epo,beta
5,-0.005909393115254102,patient11_window16s_stride1s-epo,beta
6,-0.005385592496440919,patient11_window16s_stride1s-epo,beta
7,-0.00538264872020723,patient11_window16s_stride1s-epo,beta
8,-0.0030235771130206475,patient11_window16s_stride1s-epo,beta
9,-0.0025026782133614335,patient11_window16s_stride1s-epo,beta
10,-0.0031127829572443716,patient11_window16s_stride1s-epo,beta
11,-0.0034771554857009833,patient11_window16s_stride1s-epo,beta
12,-0.0034620677312447562,patient11_window16s_stride1s-epo,beta
13,-0.00280524367356332,patient11_window16s_stride1s-epo,beta
14,-0.004519718975826763,patient11_window16s_stride1s-epo,beta
15,-0.004335182927935594,patient11_window16s_stride1s-epo,beta
16,-0.004579255614309745,patient11_window16s_stride1s-epo,beta
17,-0.002997971112587534,patient11_window16s_stride1s-epo,beta
18,-0.003098090150441679,patient11_window16s_stride1s-epo,beta
19,-0.0031054366168459797,patient11_window16s_stride1s-epo,beta
20,-0.003704222222984125,patient11_window16s_stride1s-epo,beta
21,-0.0032109444471492853,patient11_window16s_stride1s-epo,beta
22,-0.0034946583527019136,patient11_window16s_stride1s-epo,beta
23,-0.0030955573374122683,patient11_window16s_stride1s-epo,beta
24,-0.004065755924257362,patient11_window16s_stride1s-epo,beta
25,-0.00400029049353578,patient11_window16s_stride1s-epo,beta
26,-0.003974169107170949,patient11_window16s_stride1s-epo,beta
27,-0.0026257721805371306,patient11_window16s_stride1s-epo,beta
28,-0.0034979114123868203,patient11_window16s_stride1s-epo,beta
29,-0.004427540649342692,patient11_window16s_stride1s-epo,beta
30,-0.003296257118935183,patient11_window16s_stride1s-epo,beta
31,-0.003846289341490607,patient11_window16s_stride1s-epo,beta
32,-0.004961327136200102,patient11_window16s_stride1s-epo,beta
33,-0.006274832401709057,patient11_window16s_stride1s-epo,beta
34,-0.005614986483569326,patient11_window16s_stride1s-epo,beta
35,-0.005378121714137989,patient11_window16s_stride1s-epo,beta
36,-0.007043162439693113,patient11_window16s_stride1s-epo,beta
37,-0.006810766475533017,patient11_window16s_stride1s-epo,beta
38,-0.006583576365153204,patient11_window16s_stride1s-epo,beta
39,-0.006508503996918158,patient11_window16s_stride1s-epo,beta
40,-0.006990324550483936,patient11_window16s_stride1s-epo,beta
41,-0.007255202053586177,patient11_window16s_stride1s-epo,beta
42,-0.007387786290997201,patient11_window16s_stride1s-epo,beta
43,-0.009310724691926744,patient11_window16s_stride1s-epo,beta
44,-0.007915894175783908,patient11_window16s_stride1s-epo,beta
45,-0.007328880926187662,patient11_window16s_stride1s-epo,beta
46,-0.006271068686937926,patient11_window16s_stride1s-epo,beta
47,-0.005480984352194375,patient11_window16s_stride1s-epo,beta
48,-0.004482673487627013,patient11_window16s_stride1s-epo,beta
49,-0.004459518309207173,patient11_window16s_stride1s-epo,beta
50,-0.004678150723592527,patient11_window16s_stride1s-epo,beta
51,-0.005465445653003056,patient11_window16s_stride1s-epo,beta
52,-0.0042327658751472015,patient11_window16s_stride1s-epo,beta
53,-0.004492871816227667,patient11_window16s_stride1s-epo,beta
54,-0.004750195871006857,patient11_window16s_stride1s-epo,beta
55,-0.005034794611187043,patient11_window16s_stride1s-epo,beta
56,-0.005602779059175284,patient11_window16s_stride1s-epo,beta
57,-0.0050555776799926025,patient11_window16s_stride1s-epo,beta
58,-0.005386902659175372,patient11_window16s_stride1s-epo,beta
59,-0.005290900095075064,patient11_window16s_stride1s-epo,beta
60,-0.00471695979418443,patient11_window16s_stride1s-epo,beta
61,-0.006775241761568804,patient11_window16s_stride1s-epo,beta
62,-0.005884964256004927,patient11_window16s_stride1s-epo,beta
63,-0.007080175593832816,patient11_window16s_stride1s-epo,beta
64,-0.006705783913502073,patient11_window16s_stride1s-epo,beta
65,-0.008685449153745093,patient11_window16s_stride1s-epo,beta
66,-0.008051144242361257,patient11_window16s_stride1s-epo,beta
67,-0.008103341375781642,patient11_window16s_stride1s-epo,beta
68,-0.007910770130972057,patient11_window16s_stride1s-epo,beta
69,-0.007393305820809565,patient11_window16s_stride1s-epo,beta
70,-0.006256717002475125,patient11_window16s_stride1s-epo,beta
71,-0.005773759129275461,patient11_window16s_stride1s-epo,beta
72,-0.0052200095097067675,patient11_window16s_stride1s-epo,beta
73,-0.0033699300911730133,patient11_window16s_stride1s-epo,beta
74,-0.002885773677751812,patient11_window16s_stride1s-epo,beta
75,-0.002911017492971659,patient11_window16s_stride1s-epo,beta
76,-0.0026818548362649735,patient11_window16s_stride1s-epo,beta
77,-0.0025763449476454365,patient11_window16s_stride1s-epo,beta
78,-0.0032069478340652166,patient11_window16s_stride1s-epo,beta
79,-0.003310086661775898,patient11_window16s_stride1s-epo,beta
80,-0.00431451101131498,patient11_window16s_stride1s-epo,beta
81,-0.0036656638249461487,patient11_window16s_stride1s-epo,beta
82,-0.004206596180974385,patient11_window16s_stride1s-epo,beta
83,-0.0030646796426305927,patient11_window16s_stride1s-epo,beta
84,-0.004097097768530335,patient11_window16s_stride1s-epo,beta
85,-0.0028934037663871995,patient11_window16s_stride1s-epo,beta
86,-0.0034373796940983794,patient11_window16s_stride1s-epo,beta
87,-0.003287842238730236,patient11_window16s_stride1s-epo,beta
88,-0.004395487265390423,patient11_window16s_stride1s-epo,beta
89,-0.0054952874022096134,patient11_window16s_stride1s-epo,beta
90,-0.004930384121753454,patient11_window16s_stride1s-epo,beta
91,-0.004887814476153174,patient11_window16s_stride1s-epo,beta
92,-0.004275918319474106,patient11_window16s_stride1s-epo,beta
93,-0.004844277739848872,patient11_window16s_stride1s-epo,beta
94,-0.005171697583521364,patient11_window16s_stride1s-epo,beta
95,-0.005322149712162653,patient11_window16s_stride1s-epo,beta
96,-0.004099603117272562,patient11_window16s_stride1s-epo,beta
97,-0.004827609674733409,patient11_window16s_stride1s-epo,beta
98,-0.003020409640688107,patient11_window16s_stride1s-epo,beta
99,-0.005799945388499149,patient11_window16s_stride1s-epo,beta
100,-0.004408640803611052,patient11_window16s_stride1s-epo,beta
101,-0.00480688127678632,patient11_window16s_stride1s-epo,beta
102,-0.004623067733998557,patient11_window16s_stride1s-epo,beta
103,-0.004259962741592699,patient11_window16s_stride1s-epo,beta
104,-0.00424134209815241,patient11_window16s_stride1s-epo,beta
105,-0.004591672055252509,patient11_window16s_stride1s-epo,beta
106,-0.00491247200737347,patient11_window16s_stride1s-epo,beta
107,-0.004913749737329598,patient11_window16s_stride1s-epo,beta
108,-0.005323690820703691,patient11_window16s_stride1s-epo,beta
109,-0.00451120901304078,patient11_window16s_stride1s-epo,beta
110,-0.0034211523813686157,patient11_window16s_stride1s-epo,beta
111,-0.0024229481792622594,patient11_window16s_stride1s-epo,beta
112,-0.002303352438560059,patient11_window16s_stride1s-epo,beta
113,-0.0032146484515666635,patient11_window16s_stride1s-epo,beta
114,-0.004037383502879344,patient11_window16s_stride1s-epo,beta
115,-0.002541058226402404,patient11_window16s_stride1s-epo,beta
116,-0.0035557289397641365,patient11_window16s_stride1s-epo,beta
117,-0.003131296572396112,patient11_window16s_stride1s-epo,beta
118,-0.004482399190020144,patient11_window16s_stride1s-epo,beta
119,-0.004976165104220956,patient11_window16s_stride1s-epo,beta
120,-0.0037101458129499567,patient11_window16s_stride1s-epo,beta
121,-0.004268889353503015,patient11_window16s_stride1s-epo,beta
122,-0.005173532719071919,patient11_window16s_stride1s-epo,beta
123,-0.0058129416924924855,patient11_window16s_stride1s-epo,beta
124,-0.005875335095871324,patient11_window16s_stride1s-epo,beta
125,-0.0062469101037874175,patient11_window16s_stride1s-epo,beta
126,-0.0066569747587239825,patient11_window16s_stride1s-epo,beta
127,-0.00708040683613224,patient11_window16s_stride1s-epo,beta
128,-0.007035358197883935,patient11_window16s_stride1s-epo,beta
129,-0.006593548688580041,patient11_window16s_stride1s-epo,beta
130,-0.005080509849724236,patient11_window16s_stride1s-epo,beta
131,-0.005657865318438004,patient11_window16s_stride1s-epo,beta
132,-0.0056729459673852635,patient11_window16s_stride1s-epo,beta
133,-0.005777932911554962,patient11_window16s_stride1s-epo,beta
134,-0.0063018284622806875,patient11_window16s_stride1s-epo,beta
135,-0.005965003183245763,patient11_window16s_stride1s-epo,beta
136,-0.005875162113712541,patient11_window16s_stride1s-epo,beta
137,-0.006483415341134999,patient11_window16s_stride1s-epo,beta
138,-0.0064903231514905875,patient11_window16s_stride1s-epo,beta
139,-0.007400644397690656,patient11_window16s_stride1s-epo,beta
140,-0.0075518829087597205,patient11_window16s_stride1s-epo,beta
141,-0.008122473467619053,patient11_window16s_stride1s-epo,beta
142,-0.008751919695622558,patient11_window16s_stride1s-epo,beta
143,-0.007938133247677418,patient11_window16s_stride1s-epo,beta
144,-0.006661632618566256,patient11_window16s_stride1s-epo,beta
145,-0.007197515790627734,patient11_window16s_stride1s-epo,beta
146,-0.007533061066734615,patient11_window16s_stride1s-epo,beta
147,-0.007223094478043153,patient11_window16s_stride1s-epo,beta
148,-0.006459563573242779,patient11_window16s_stride1s-epo,beta
149,-0.006479257915421419,patient11_window16s_stride1s-epo,beta
150,-0.0057242785309623775,patient11_window16s_stride1s-epo,beta
151,-0.006340636168291664,patient11_window16s_stride1s-epo,beta
152,-0.004660180053565644,patient11_window16s_stride1s-epo,beta
153,-0.004344028349674601,patient11_window16s_stride1s-epo,beta
154,-0.003937875775212643,patient11_window16s_stride1s-epo,beta
155,-0.0023898544832021066,patient11_window16s_stride1s-epo,beta
156,-0.003726270914530468,patient11_window16s_stride1s-epo,beta
157,-0.0031885006773057275,patient11_window16s_stride1s-epo,beta
158,-0.0030780485362246032,patient11_window16s_stride1s-epo,beta
159,-0.004178481744199287,patient11_window16s_stride1s-epo,beta
160,-0.004259187535694997,patient11_window16s_stride1s-epo,beta
161,-0.004531813071409724,patient11_window16s_stride1s-epo,beta
162,-0.004406671671942961,patient11_window16s_stride1s-epo,beta
163,-0.004408727541065334,patient11_window16s_stride1s-epo,beta
164,-0.00526500368125477,patient11_window16s_stride1s-epo,beta
165,-0.005319581595266416,patient11_window16s_stride1s-epo,beta
166,-0.0059698009721040005,patient11_window16s_stride1s-epo,beta
167,-0.005469352393522114,patient11_window16s_stride1s-epo,beta
168,-0.005344783366961485,patient11_window16s_stride1s-epo,beta
169,-0.006462860614429563,patient11_window16s_stride1s-epo,beta
170,-0.0055107263388137,patient11_window16s_stride1s-epo,beta
171,-0.004779436828428613,patient11_window16s_stride1s-epo,beta
172,-0.0041136665841836895,patient11_window16s_stride1s-epo,beta
173,-0.003252410482724442,patient11_window16s_stride1s-epo,beta
174,-0.004716546734857459,patient11_window16s_stride1s-epo,beta
175,-0.006621872827250255,patient11_window16s_stride1s-epo,beta
176,-0.007464828587899511,patient11_window16s_stride1s-epo,beta
177,-0.007821835152132712,patient11_window16s_stride1s-epo,beta
178,-0.007280085652418439,patient11_window16s_stride1s-epo,beta
179,-0.007704053698287201,patient11_window16s_stride1s-epo,beta
180,-0.007015385146031986,patient11_window16s_stride1s-epo,beta
181,-0.006869026399583465,patient11_window16s_stride1s-epo,beta
182,-0.006874699835565046,patient11_window16s_stride1s-epo,beta
183,-0.006500901178275828,patient11_window16s_stride1s-epo,beta
184,-0.005446362064271616,patient11_window16s_stride1s-epo,beta
185,-0.005801722010759726,patient11_window16s_stride1s-epo,beta
186,-0.004890335091753499,patient11_window16s_stride1s-epo,beta
187,-0.005130986363544509,patient11_window16s_stride1s-epo,beta
188,-0.005335510994383384,patient11_window16s_stride1s-epo,beta
189,-0.005633188228080785,patient11_window16s_stride1s-epo,beta
190,-0.00470653301575396,patient11_window16s_stride1s-epo,beta
191,-0.0036087574408501908,patient11_window16s_stride1s-epo,beta
192,-0.0025980622158201495,patient11_window16s_stride1s-epo,beta
193,-0.0023373434383455807,patient11_window16s_stride1s-epo,beta
194,-0.0017714572346469292,patient11_window16s_stride1s-epo,beta
195,-0.0013818291765954902,patient11_window16s_stride1s-epo,beta
196,-0.0019187311330399134,patient11_window16s_stride1s-epo,beta
197,-0.00272808011615419,patient11_window16s_stride1s-epo,beta
198,-0.0025082096817697977,patient11_window16s_stride1s-epo,beta
199,-0.002739992128886736,patient11_window16s_stride1s-epo,beta
200,-0.0023319665268148387,patient11_window16s_stride1s-epo,beta
201,-0.002775441587279677,patient11_window16s_stride1s-epo,beta
202,-0.003525718298489453,patient11_window16s_stride1s-epo,beta
203,-0.0017187290425209377,patient11_window16s_stride1s-epo,beta
204,-0.0025233918829060263,patient11_window16s_stride1s-epo,beta
205,-0.0023613895743404556,patient11_window16s_stride1s-epo,beta
206,-0.0017207771603592967,patient11_window16s_stride1s-epo,beta
207,-0.0023047911419833886,patient11_window16s_stride1s-epo,beta
208,-0.002872143443142929,patient11_window16s_stride1s-epo,beta
209,-0.0026079670983329287,patient11_window16s_stride1s-epo,beta
210,-0.003716747470513426,patient11_window16s_stride1s-epo,beta
211,-0.004432989226451443,patient11_window16s_stride1s-epo,beta
212,-0.0048283853632916495,patient11_window16s_stride1s-epo,beta
213,-0.00444796179695635,patient11_window16s_stride1s-epo,beta
214,-0.003814524991846544,patient11_window16s_stride1s-epo,beta
215,-0.003826489384158114,patient11_window16s_stride1s-epo,beta
216,-0.0041605748422144494,patient11_window16s_stride1s-epo,beta
217,-0.004235620190976847,patient11_window16s_stride1s-epo,beta
218,-0.003802584554866092,patient11_window16s_stride1s-epo,beta
219,-0.005127597283072632,patient11_window16s_stride1s-epo,beta
220,-0.005256384067541039,patient11_window16s_stride1s-epo,beta
221,-0.006405386117097576,patient11_window16s_stride1s-epo,beta
222,-0.006311823146508679,patient11_window16s_stride1s-epo,beta
223,-0.005555067815892074,patient11_window16s_stride1s-epo,beta
224,-0.005803660007853047,patient11_window16s_stride1s-epo,beta
225,-0.00551868404772164,patient11_window16s_stride1s-epo,beta
226,-0.004821929840113474,patient11_window16s_stride1s-epo,beta
227,-0.004991933192232856,patient11_window16s_stride1s-epo,beta
228,-0.004868449462940906,patient11_window16s_stride1s-epo,beta
229,-0.005320911087845764,patient11_window16s_stride1s-epo,beta
230,-0.005450511633863792,patient11_window16s_stride1s-epo,beta
231,-0.0048761935113586785,patient11_window16s_stride1s-epo,beta
232,-0.005071398037393638,patient11_window16s_stride1s-epo,beta
233,-0.005707779860672105,patient11_window16s_stride1s-epo,beta
234,-0.0058327328416819665,patient11_window16s_stride1s-epo,beta
235,-0.003651205099116456,patient11_window16s_stride1s-epo,beta
236,-0.0029194275837936324,patient11_window16s_stride1s-epo,beta
237,-0.0032220822338384428,patient11_window16s_stride1s-epo,beta
238,-0.0024114511140001936,patient11_window16s_stride1s-epo,beta
239,-0.0026553096988284155,patient11_window16s_stride1s-epo,beta
240,-0.001782352772424948,patient11_window16s_stride1s-epo,beta
241,-0.0026942867957023002,patient11_window16s_stride1s-epo,beta
242,-0.004473051870006007,patient11_window16s_stride1s-epo,beta
243,-0.004780566157154733,patient11_window16s_stride1s-epo,beta
244,-0.005139220557152332,patient11_window16s_stride1s-epo,beta
245,-0.00428426178234385,patient11_window16s_stride1s-epo,beta
246,-0.0037329296081267233,patient11_window16s_stride1s-epo,beta
247,-0.0035271521698331874,patient11_window16s_stride1s-epo,beta
248,-0.003824528083975776,patient11_window16s_stride1s-epo,beta
249,-0.004075310142115469,patient11_window16s_stride1s-epo,beta
250,-0.0037521012188211043,patient11_window16s_stride1s-epo,beta
251,-0.004811125861542816,patient11_window16s_stride1s-epo,beta
252,-0.004642672506375275,patient11_window16s_stride1s-epo,beta
253,-0.0038825090814405775,patient11_window16s_stride1s-epo,beta
254,-0.0046605998636702764,patient11_window16s_stride1s-epo,beta
255,-0.004883957845395863,patient11_window16s_stride1s-epo,beta
256,-0.005531026289361801,patient11_window16s_stride1s-epo,beta
257,-0.005056220070485668,patient11_window16s_stride1s-epo,beta
258,-0.0049351591171276875,patient11_window16s_stride1s-epo,beta
259,-0.005065919609670819,patient11_window16s_stride1s-epo,beta
260,-0.004412627313430713,patient11_window16s_stride1s-epo,beta
261,-0.005095522745098269,patient11_window16s_stride1s-epo,beta
262,-0.005541709831891216,patient11_window16s_stride1s-epo,beta
263,-0.006516071625993671,patient11_window16s_stride1s-epo,beta
264,-0.006510224900576531,patient11_window16s_stride1s-epo,beta
265,-0.007240928311768941,patient11_window16s_stride1s-epo,beta
266,-0.006926590161259996,patient11_window16s_stride1s-epo,beta
267,-0.0062062689510211985,patient11_window16s_stride1s-epo,beta
268,-0.006562863483000818,patient11_window16s_stride1s-epo,beta
269,-0.006700187789080324,patient11_window16s_stride1s-epo,beta
270,-0.00722687768751632,patient11_window16s_stride1s-epo,beta
271,-0.007531184757127441,patient11_window16s_stride1s-epo,beta
272,-0.0074447791582339185,patient11_window16s_stride1s-epo,beta
273,-0.006721258453600802,patient11_window16s_stride1s-epo,beta
274,-0.0060436628400997155,patient11_window16s_stride1s-epo,beta
275,-0.005696442694767056,patient11_window16s_stride1s-epo,beta
276,-0.005396120010151581,patient11_window16s_stride1s-epo,beta
277,-0.006033495227506475,patient11_window16s_stride1s-epo,beta
278,-0.006802665429480607,patient11_window16s_stride1s-epo,beta
279,-0.005731572503976704,patient11_window16s_stride1s-epo,beta
280,-0.005919156345933266,patient11_window16s_stride1s-epo,beta
281,-0.006480121444740827,patient11_window16s_stride1s-epo,beta
282,-0.006329253926256721,patient11_window16s_stride1s-epo,beta
283,-0.006386526068518646,patient11_window16s_stride1s-epo,beta
284,-0.006947857657526932,patient11_window16s_stride1s-epo,beta
285,-0.00742204335839795,patient11_window16s_stride1s-epo,beta
286,-0.0078109323352011295,patient11_window16s_stride1s-epo,beta
287,-0.006429673968462455,patient11_window16s_stride1s-epo,beta
288,-0.0051309639448651745,patient11_window16s_stride1s-epo,beta
289,-0.0061390497495790305,patient11_window16s_stride1s-epo,beta
290,-0.007079448546648179,patient11_window16s_stride1s-epo,beta
291,-0.008688425310268064,patient11_window16s_stride1s-epo,beta
292,-0.008787242914107185,patient11_window16s_stride1s-epo,beta
293,-0.007700217098568769,patient11_window16s_stride1s-epo,beta
294,-0.0075710747970508885,patient11_window16s_stride1s-epo,beta
295,-0.007191675606174111,patient11_window16s_stride1s-epo,beta
296,-0.008146825399961704,patient11_window16s_stride1s-epo,beta
297,-0.0074239278612621105,patient11_window16s_stride1s-epo,beta
298,-0.005897817848273886,patient11_window16s_stride1s-epo,beta
299,-0.006638976847705277,patient11_window16s_stride1s-epo,beta
300,-0.006423973015422026,patient11_window16s_stride1s-epo,beta
301,-0.006111170019060023,patient11_window16s_stride1s-epo,beta
302,-0.004551952930391967,patient11_window16s_stride1s-epo,beta
303,-0.004924447500788974,patient11_window16s_stride1s-epo,beta
304,-0.00563775632423671,patient11_window16s_stride1s-epo,beta
305,-0.004603177188737609,patient11_window16s_stride1s-epo,beta
306,-0.0033478372541652333,patient11_window16s_stride1s-epo,beta
307,-0.002065593136178608,patient11_window16s_stride1s-epo,beta
308,-0.003162258715747946,patient11_window16s_stride1s-epo,beta
309,-0.0035308179091797353,patient11_window16s_stride1s-epo,beta
310,-0.004127081114630256,patient11_window16s_stride1s-epo,beta
311,-0.004086116358156002,patient11_window16s_stride1s-epo,beta
312,-0.004342966748334671,patient11_window16s_stride1s-epo,beta
313,-0.003875064110683312,patient11_window16s_stride1s-epo,beta
314,-0.0026768401160667935,patient11_window16s_stride1s-epo,beta
315,-0.0039009467384378623,patient11_window16s_stride1s-epo,beta
316,-0.0037244525164307424,patient11_window16s_stride1s-epo,beta
317,-0.0038422834834466006,patient11_window16s_stride1s-epo,beta
318,-0.00428125038858126,patient11_window16s_stride1s-epo,beta
319,-0.004899323763972009,patient11_window16s_stride1s-epo,beta
320,-0.005251458120537288,patient11_window16s_stride1s-epo,beta
321,-0.006292712032347249,patient11_window16s_stride1s-epo,beta
322,-0.007565624825333117,patient11_window16s_stride1s-epo,beta
323,-0.009009153568416346,patient11_window16s_stride1s-epo,beta
324,-0.00853722668586269,patient11_window16s_stride1s-epo,beta
325,-0.00843876069822581,patient11_window16s_stride1s-epo,beta
326,-0.00806645657008177,patient11_window16s_stride1s-epo,beta
327,-0.008110309455682571,patient11_window16s_stride1s-epo,beta
328,-0.008217544270584687,patient11_window16s_stride1s-epo,beta
329,-0.006790689946903859,patient11_window16s_stride1s-epo,beta
330,-0.007480495139254927,patient11_window16s_stride1s-epo,beta
331,-0.006940670274844683,patient11_window16s_stride1s-epo,beta
332,-0.007055000523860384,patient11_window16s_stride1s-epo,beta
333,-0.007864018766491395,patient11_window16s_stride1s-epo,beta
334,-0.00740528194677116,patient11_window16s_stride1s-epo,beta
335,-0.007114270351419043,patient11_window16s_stride1s-epo,beta
336,-0.006980074205451551,patient11_window16s_stride1s-epo,beta
337,-0.004979787437533723,patient11_window16s_stride1s-epo,beta
338,-0.0032254067329739356,patient11_window16s_stride1s-epo,beta
339,-0.0050044217968976895,patient11_window16s_stride1s-epo,beta
340,-0.004094710063476331,patient11_window16s_stride1s-epo,beta
341,-0.006059711387609349,patient11_window16s_stride1s-epo,beta
342,-0.008129474712567109,patient11_window16s_stride1s-epo,beta
343,-0.008225181320271828,patient11_window16s_stride1s-epo,beta
344,-0.0067858147084244366,patient11_window16s_stride1s-epo,beta
345,-0.006249638084454558,patient11_window16s_stride1s-epo,beta
346,-0.006578627805517971,patient11_window16s_stride1s-epo,beta
347,-0.00635220678187831,patient11_window16s_stride1s-epo,beta
348,-0.007720687109547275,patient11_window16s_stride1s-epo,beta
349,-0.006986819064462374,patient11_window16s_stride1s-epo,beta
350,-0.006119334852607141,patient11_window16s_stride1s-epo,beta
351,-0.003937778700687772,patient11_window16s_stride1s-epo,beta
352,-0.005643654894793889,patient11_window16s_stride1s-epo,beta
353,-0.004866676912308987,patient11_window16s_stride1s-epo,beta
354,-0.004653689124155693,patient11_window16s_stride1s-epo,beta
355,-0.005105233622036712,patient11_window16s_stride1s-epo,beta
356,-0.006697226325885285,patient11_window16s_stride1s-epo,beta
357,-0.006168123654854503,patient11_window16s_stride1s-epo,beta
358,-0.0038265652569709698,patient11_window16s_stride1s-epo,beta
359,-0.004123210588922976,patient11_window16s_stride1s-epo,beta
360,-0.004930405194930664,patient11_window16s_stride1s-epo,beta
361,-0.006149769602504558,patient11_window16s_stride1s-epo,beta
362,-0.0063194626150589435,patient11_window16s_stride1s-epo,beta
363,-0.0070507598752025825,patient11_window16s_stride1s-epo,beta
364,-0.007455076016799974,patient11_window16s_stride1s-epo,beta
365,-0.009610187780352185,patient11_window16s_stride1s-epo,beta
366,-0.01029959950142104,patient11_window16s_stride1s-epo,beta
367,-0.009427527533667827,patient11_window16s_stride1s-epo,beta
368,-0.009302515184826722,patient11_window16s_stride1s-epo,beta
369,-0.008994462260777835,patient11_window16s_stride1s-epo,beta
370,-0.008037283790422903,patient11_window16s_stride1s-epo,beta
371,-0.007900069333573444,patient11_window16s_stride1s-epo,beta
372,-0.007220913086268817,patient11_window16s_stride1s-epo,beta
373,-0.006358176542799554,patient11_window16s_stride1s-epo,beta
374,-0.005912432624954092,patient11_window16s_stride1s-epo,beta
375,-0.006641675617298022,patient11_window16s_stride1s-epo,beta
376,-0.00459601225080148,patient11_window16s_stride1s-epo,beta
377,-0.005345786975136817,patient11_window16s_stride1s-epo,beta
378,-0.004382003227026496,patient11_window16s_stride1s-epo,beta
379,-0.0028023661545333485,patient11_window16s_stride1s-epo,beta
380,-0.003432045356110829,patient11_window16s_stride1s-epo,beta
381,-0.0031408963975383345,patient11_window16s_stride1s-epo,beta
382,-0.002027337412222471,patient11_window16s_stride1s-epo,beta
383,-0.0021545157630961944,patient11_window16s_stride1s-epo,beta
384,-0.001960541670262435,patient11_window16s_stride1s-epo,beta
385,-0.003261319580217731,patient11_window16s_stride1s-epo,beta
386,-0.0027399511788772615,patient11_window16s_stride1s-epo,beta
387,-0.0038041835152784627,patient11_window16s_stride1s-epo,beta
388,-0.003081561660122236,patient11_window16s_stride1s-epo,beta
389,-0.00412198890847138,patient11_window16s_stride1s-epo,beta
390,-0.003510574343551578,patient11_window16s_stride1s-epo,beta
391,-0.003948037444579439,patient11_window16s_stride1s-epo,beta
392,-0.0044017258761427725,patient11_window16s_stride1s-epo,beta
393,-0.004481191732378109,patient11_window16s_stride1s-epo,beta
394,-0.003929267189137367,patient11_window16s_stride1s-epo,beta
395,-0.002895918593542932,patient11_window16s_stride1s-epo,beta
396,-0.00322668818810669,patient11_window16s_stride1s-epo,beta
397,-0.0037948021901957163,patient11_window16s_stride1s-epo,beta
398,-0.004419871936180184,patient11_window16s_stride1s-epo,beta
399,-0.004271017213129709,patient11_window16s_stride1s-epo,beta
400,-0.0052260591530485555,patient11_window16s_stride1s-epo,beta
401,-0.005149951611079502,patient11_window16s_stride1s-epo,beta
402,-0.004057444083567406,patient11_window16s_stride1s-epo,beta
403,-0.004187969941776545,patient11_window16s_stride1s-epo,beta
404,-0.004182957693341295,patient11_window16s_stride1s-epo,beta
405,-0.004892451807054053,patient11_window16s_stride1s-epo,beta
406,-0.0053782624990166,patient11_window16s_stride1s-epo,beta
407,-0.004704346470451102,patient11_window16s_stride1s-epo,beta
408,-0.004661829803150601,patient11_window16s_stride1s-epo,beta
409,-0.004662805587757353,patient11_window16s_stride1s-epo,beta
410,-0.004644334621453397,patient11_window16s_stride1s-epo,beta
411,-0.005648774416963845,patient11_window16s_stride1s-epo,beta
412,-0.00624559994770668,patient11_window16s_stride1s-epo,beta
413,-0.006262353801143527,patient11_window16s_stride1s-epo,beta
414,-0.007191296184545549,patient11_window16s_stride1s-epo,beta
415,-0.007827318982351074,patient11_window16s_stride1s-epo,beta
416,-0.006197145768429974,patient11_window16s_stride1s-epo,beta
417,-0.00591814867387746,patient11_window16s_stride1s-epo,beta
418,-0.005840392769817022,patient11_window16s_stride1s-epo,beta
419,-0.004337090494355069,patient11_window16s_stride1s-epo,beta
420,-0.0048502323151205055,patient11_window16s_stride1s-epo,beta
421,-0.004417118360852446,patient11_window16s_stride1s-epo,beta
422,-0.004574303490356772,patient11_window16s_stride1s-epo,beta
423,-0.004366220831975075,patient11_window16s_stride1s-epo,beta
424,-0.004585193212088366,patient11_window16s_stride1s-epo,beta
425,-0.003867041272917538,patient11_window16s_stride1s-epo,beta
426,-0.0036939981397507626,patient11_window16s_stride1s-epo,beta
427,-0.0033110589293910892,patient11_window16s_stride1s-epo,beta
428,-0.002500828277490055,patient11_window16s_stride1s-epo,beta
429,-0.0020163076008111523,patient11_window16s_stride1s-epo,beta
430,-0.0021058396802794274,patient11_window16s_stride1s-epo,beta
431,-0.0031106955016548584,patient11_window16s_stride1s-epo,beta
432,-0.0033272091599503735,patient11_window16s_stride1s-epo,beta
433,-0.002873517933557059,patient11_window16s_stride1s-epo,beta
434,-0.0038270233184484214,patient11_window16s_stride1s-epo,beta
435,-0.004897865895756553,patient11_window16s_stride1s-epo,beta
436,-0.004793069894854421,patient11_window16s_stride1s-epo,beta
437,-0.0054057208318912826,patient11_window16s_stride1s-epo,beta
438,-0.006088246477964179,patient11_window16s_stride1s-epo,beta
439,-0.005301293991260205,patient11_window16s_stride1s-epo,beta
440,-0.006174413857097759,patient11_window16s_stride1s-epo,beta
441,-0.008360297009871018,patient11_window16s_stride1s-epo,beta
442,-0.007715762591465557,patient11_window16s_stride1s-epo,beta
443,-0.008261200090604782,patient11_window16s_stride1s-epo,beta
444,-0.008278463435473202,patient11_window16s_stride1s-epo,beta
445,-0.009020343628315431,patient11_window16s_stride1s-epo,beta
446,-0.0069190660258468956,patient11_window16s_stride1s-epo,beta
447,-0.007480213912431079,patient11_window16s_stride1s-epo,beta
448,-0.008176920744518444,patient11_window16s_stride1s-epo,beta
449,-0.00692083977587448,patient11_window16s_stride1s-epo,beta
450,-0.006449127925079818,patient11_window16s_stride1s-epo,beta
451,-0.0064166061947357675,patient11_window16s_stride1s-epo,beta
452,-0.007933987528899584,patient11_window16s_stride1s-epo,beta
453,-0.006316190014161657,patient11_window16s_stride1s-epo,beta
454,-0.0051050317821587,patient11_window16s_stride1s-epo,beta
455,-0.005161722121073199,patient11_window16s_stride1s-epo,beta
456,-0.004742285700338125,patient11_window16s_stride1s-epo,beta
457,-0.004833441240210712,patient11_window16s_stride1s-epo,beta
458,-0.005145283790503391,patient11_window16s_stride1s-epo,beta
459,-0.004974664501007657,patient11_window16s_stride1s-epo,beta
460,-0.004845652229511368,patient11_window16s_stride1s-epo,beta
461,-0.004948410569467566,patient11_window16s_stride1s-epo,beta
462,-0.004887942106477278,patient11_window16s_stride1s-epo,beta
463,-0.006323383048001008,patient11_window16s_stride1s-epo,beta
464,-0.005476294319216636,patient11_window16s_stride1s-epo,beta
465,-0.0063293490318738835,patient11_window16s_stride1s-epo,beta
466,-0.005670070166320425,patient11_window16s_stride1s-epo,beta
467,-0.006173418199710308,patient11_window16s_stride1s-epo,beta
468,-0.0061053657651694085,patient11_window16s_stride1s-epo,beta
469,-0.0050373078371073795,patient11_window16s_stride1s-epo,beta
470,-0.005614443506946338,patient11_window16s_stride1s-epo,beta
471,-0.006040456554146561,patient11_window16s_stride1s-epo,beta
472,-0.005725369315725622,patient11_window16s_stride1s-epo,beta
473,-0.01238829809875643,patient11_window16s_stride1s-epo,beta
474,-0.028061343446264445,patient11_window16s_stride1s-epo,beta
475,-0.033623101361499125,patient11_window16s_stride1s-epo,beta
476,-0.03409104418192379,patient11_window16s_stride1s-epo,beta
477,-0.03484705784795152,patient11_window16s_stride1s-epo,beta
478,-0.03521290590598465,patient11_window16s_stride1s-epo,beta
479,-0.03462831340447294,patient11_window16s_stride1s-epo,beta
480,-0.03431239933576527,patient11_window16s_stride1s-epo,beta
481,-0.03338345022897544,patient11_window16s_stride1s-epo,beta
482,-0.03404092129418342,patient11_window16s_stride1s-epo,beta
483,-0.033688779103826595,patient11_window16s_stride1s-epo,beta
484,-0.03408970914945986,patient11_window16s_stride1s-epo,beta
485,-0.03336206912909474,patient11_window16s_stride1s-epo,beta
486,-0.035398019458372745,patient11_window16s_stride1s-epo,beta
487,-0.03458861682725724,patient11_window16s_stride1s-epo,beta
488,-0.03500261129206199,patient11_window16s_stride1s-epo,beta
489,-0.028027016755083504,patient11_window16s_stride1s-epo,beta
490,-0.013103189529861937,patient11_window16s_stride1s-epo,beta
491,-0.007595409675300988,patient11_window16s_stride1s-epo,beta
492,-0.007570112185511864,patient11_window16s_stride1s-epo,beta
493,-0.0071683883188261716,patient11_window16s_stride1s-epo,beta
494,-0.006148743353207974,patient11_window16s_stride1s-epo,beta
495,-0.006963835857289777,patient11_window16s_stride1s-epo,beta
496,-0.0062919088693607775,patient11_window16s_stride1s-epo,beta
497,-0.005385773698792717,patient11_window16s_stride1s-epo,beta
498,-0.005858744745503074,patient11_window16s_stride1s-epo,beta
499,-0.006434011597822538,patient11_window16s_stride1s-epo,beta
500,-0.005518974163092898,patient11_window16s_stride1s-epo,beta
501,-0.006564475709076441,patient11_window16s_stride1s-epo,beta
502,-0.005718133952933029,patient11_window16s_stride1s-epo,beta
503,-0.005599439215255508,patient11_window16s_stride1s-epo,beta
504,-0.006954476857414587,patient11_window16s_stride1s-epo,beta
505,-0.007293819772580891,patient11_window16s_stride1s-epo,beta
506,-0.008215441210638167,patient11_window16s_stride1s-epo,beta
507,-0.00788195984749732,patient11_window16s_stride1s-epo,beta
508,-0.00854738050164922,patient11_window16s_stride1s-epo,beta
509,-0.006960624870189196,patient11_window16s_stride1s-epo,beta
510,-0.00695750189030027,patient11_window16s_stride1s-epo,beta
511,-0.0056277603194974345,patient11_window16s_stride1s-epo,beta
512,-0.005548706994816269,patient11_window16s_stride1s-epo,beta
513,-0.006456277477297162,patient11_window16s_stride1s-epo,beta
514,-0.007063771324567808,patient11_window16s_stride1s-epo,beta
515,-0.007180429006242107,patient11_window16s_stride1s-epo,beta
516,-0.007768999261087161,patient11_window16s_stride1s-epo,beta
517,-0.008930517567016747,patient11_window16s_stride1s-epo,beta
518,-0.008950594891674057,patient11_window16s_stride1s-epo,beta
519,-0.009347811961910736,patient11_window16s_stride1s-epo,beta
520,-0.00982375788464326,patient11_window16s_stride1s-epo,beta
521,-0.008546817731595614,patient11_window16s_stride1s-epo,beta
522,-0.008491060363817743,patient11_window16s_stride1s-epo,beta
523,-0.008835031254370431,patient11_window16s_stride1s-epo,beta
524,-0.008417637711539002,patient11_window16s_stride1s-epo,beta
525,-0.008712590706018822,patient11_window16s_stride1s-epo,beta
526,-0.008652852401163176,patient11_window16s_stride1s-epo,beta
527,-0.009643611390525582,patient11_window16s_stride1s-epo,beta
528,-0.010382982305592963,patient11_window16s_stride1s-epo,beta
529,-0.009706963253797007,patient11_window16s_stride1s-epo,beta
530,-0.009073829180933942,patient11_window16s_stride1s-epo,beta
531,-0.008691371436924972,patient11_window16s_stride1s-epo,beta
532,-0.007450819967667642,patient11_window16s_stride1s-epo,beta
533,-0.007350213329121846,patient11_window16s_stride1s-epo,beta
534,-0.006927998013964831,patient11_window16s_stride1s-epo,beta
535,-0.006993371306269987,patient11_window16s_stride1s-epo,beta
536,-0.006135488258065299,patient11_window16s_stride1s-epo,beta
537,-0.007104991049436268,patient11_window16s_stride1s-epo,beta
538,-0.006992798090440267,patient11_window16s_stride1s-epo,beta
539,-0.005409685681898406,patient11_window16s_stride1s-epo,beta
540,-0.005859332749448646,patient11_window16s_stride1s-epo,beta
541,-0.006553675794153639,patient11_window16s_stride1s-epo,beta
542,-0.006732574885787947,patient11_window16s_stride1s-epo,beta
543,-0.005974164958289467,patient11_window16s_stride1s-epo,beta
544,-0.005451014373873211,patient11_window16s_stride1s-epo,beta
545,-0.004631381648488713,patient11_window16s_stride1s-epo,beta
546,-0.0051467312846978355,patient11_window16s_stride1s-epo,beta
547,-0.004290872003283695,patient11_window16s_stride1s-epo,beta
548,-0.004142803734791368,patient11_window16s_stride1s-epo,beta
549,-0.004174935650681137,patient11_window16s_stride1s-epo,beta
550,-0.003332691523872226,patient11_window16s_stride1s-epo,beta
551,-0.003381874436294871,patient11_window16s_stride1s-epo,beta
552,-0.002461851138690649,patient11_window16s_stride1s-epo,beta
553,-0.0032586887827688697,patient11_window16s_stride1s-epo,beta
554,-0.0035549806122311986,patient11_window16s_stride1s-epo,beta
555,-0.003989622210320383,patient11_window16s_stride1s-epo,beta
556,-0.003925982646028511,patient11_window16s_stride1s-epo,beta
557,-0.0055616647763444575,patient11_window16s_stride1s-epo,beta
558,-0.00577994907239713,patient11_window16s_stride1s-epo,beta
559,-0.005864895082545126,patient11_window16s_stride1s-epo,beta
560,-0.0055947610253325635,patient11_window16s_stride1s-epo,beta
561,-0.006275517955237156,patient11_window16s_stride1s-epo,beta
562,-0.006231327077142419,patient11_window16s_stride1s-epo,beta
563,-0.00681781312218587,patient11_window16s_stride1s-epo,beta
564,-0.006626970740426677,patient11_window16s_stride1s-epo,beta
565,-0.006281799627116379,patient11_window16s_stride1s-epo,beta
566,-0.005493748078409762,patient11_window16s_stride1s-epo,beta
567,-0.004369480307549415,patient11_window16s_stride1s-epo,beta
568,-0.004328592559037415,patient11_window16s_stride1s-epo,beta
569,-0.0032501103623385043,patient11_window16s_stride1s-epo,beta
570,-0.004588435963698372,patient11_window16s_stride1s-epo,beta
571,-0.004896523076547708,patient11_window16s_stride1s-epo,beta
572,-0.0057375829779200745,patient11_window16s_stride1s-epo,beta
573,-0.005698881337701067,patient11_window16s_stride1s-epo,beta
574,-0.005167731954624247,patient11_window16s_stride1s-epo,beta
575,-0.005296014188744949,patient11_window16s_stride1s-epo,beta
576,-0.0036495918567115157,patient11_window16s_stride1s-epo,beta
577,-0.0044357564095043114,patient11_window16s_stride1s-epo,beta
578,-0.005616645998666703,patient11_window16s_stride1s-epo,beta
579,-0.005234610814348865,patient11_window16s_stride1s-epo,beta
580,-0.005125037966499322,patient11_window16s_stride1s-epo,beta
581,-0.006179256046024804,patient11_window16s_stride1s-epo,beta
582,-0.006891666836823561,patient11_window16s_stride1s-epo,beta
583,-0.007462090436261129,patient11_window16s_stride1s-epo,beta
584,-0.0071249485605728415,patient11_window16s_stride1s-epo,beta
585,-0.007338523931457746,patient11_window16s_stride1s-epo,beta
586,-0.007036136297630557,patient11_window16s_stride1s-epo,beta
587,-0.00622316713093056,patient11_window16s_stride1s-epo,beta
588,-0.006580654424814877,patient11_window16s_stride1s-epo,beta
589,-0.006261251488655234,patient11_window16s_stride1s-epo,beta
590,-0.006917877724178461,patient11_window16s_stride1s-epo,beta
591,-0.007785868513522061,patient11_window16s_stride1s-epo,beta
592,-0.007666316693234105,patient11_window16s_stride1s-epo,beta
593,-0.007854740016813608,patient11_window16s_stride1s-epo,beta
594,-0.006615680652758413,patient11_window16s_stride1s-epo,beta
595,-0.006979621824038778,patient11_window16s_stride1s-epo,beta
596,-0.007591420711116315,patient11_window16s_stride1s-epo,beta
597,-0.0068730776426940135,patient11_window16s_stride1s-epo,beta
598,-0.00506746661600825,patient11_window16s_stride1s-epo,beta
599,-0.0072608386704091366,patient11_window16s_stride1s-epo,beta
600,-0.006537495194664099,patient11_window16s_stride1s-epo,beta
601,-0.005333800029114765,patient11_window16s_stride1s-epo,beta
602,-0.0065756936752599405,patient11_window16s_stride1s-epo,beta
603,-0.006893673159031897,patient11_window16s_stride1s-epo,beta
604,-0.0054065900681841035,patient11_window16s_stride1s-epo,beta
605,-0.005340476020180672,patient11_window16s_stride1s-epo,beta
606,-0.004805408965300089,patient11_window16s_stride1s-epo,beta
607,-0.004560246295339422,patient11_window16s_stride1s-epo,beta
608,-0.003236228150985239,patient11_window16s_stride1s-epo,beta
609,-0.0023419041731640522,patient11_window16s_stride1s-epo,beta
610,-0.0023425389506519035,patient11_window16s_stride1s-epo,beta
611,-0.0038557556321254013,patient11_window16s_stride1s-epo,beta
612,-0.004823411540896465,patient11_window16s_stride1s-epo,beta
613,-0.004443933508984326,patient11_window16s_stride1s-epo,beta
614,-0.002384870274459837,patient11_window16s_stride1s-epo,beta
615,-0.0024348798839566093,patient11_window16s_stride1s-epo,beta
616,-0.004614664287781289,patient11_window16s_stride1s-epo,beta
617,-0.0033725013722461063,patient11_window16s_stride1s-epo,beta
618,-0.002924241562894052,patient11_window16s_stride1s-epo,beta
619,-0.0028132180633200395,patient11_window16s_stride1s-epo,beta
620,-0.0032611847425650193,patient11_window16s_stride1s-epo,beta
621,-0.00215407489312835,patient11_window16s_stride1s-epo,beta
622,-0.0032771168464659126,patient11_window16s_stride1s-epo,beta
623,-0.004147445562770062,patient11_window16s_stride1s-epo,beta
624,-0.0025805974094046265,patient11_window16s_stride1s-epo,beta
625,-0.002595620444598046,patient11_window16s_stride1s-epo,beta
626,-0.003256612077358304,patient11_window16s_stride1s-epo,beta
627,-0.0021744147288175696,patient11_window16s_stride1s-epo,beta
628,-0.0030312984163778675,patient11_window16s_stride1s-epo,beta
629,-0.002899051828209468,patient11_window16s_stride1s-epo,beta
630,-0.0042310653978653275,patient11_window16s_stride1s-epo,beta
631,-0.004566026658464177,patient11_window16s_stride1s-epo,beta
632,-0.00568813872447439,patient11_window16s_stride1s-epo,beta
633,-0.006616605468914593,patient11_window16s_stride1s-epo,beta
634,-0.006453492653862746,patient11_window16s_stride1s-epo,beta
635,-0.006789382714280893,patient11_window16s_stride1s-epo,beta
636,-0.00618322907396651,patient11_window16s_stride1s-epo,beta
637,-0.007300910919056737,patient11_window16s_stride1s-epo,beta
638,-0.006979925096707153,patient11_window16s_stride1s-epo,beta
639,-0.005656147556046814,patient11_window16s_stride1s-epo,beta
640,-0.005458703263921271,patient11_window16s_stride1s-epo,beta
641,-0.006773009918530703,patient11_window16s_stride1s-epo,beta
642,-0.006357772169552283,patient11_window16s_stride1s-epo,beta
643,-0.005918173500147585,patient11_window16s_stride1s-epo,beta
644,-0.0055544002121190525,patient11_window16s_stride1s-epo,beta
645,-0.006311613972605283,patient11_window16s_stride1s-epo,beta
646,-0.005361488280359454,patient11_window16s_stride1s-epo,beta
647,-0.0054070912443486534,patient11_window16s_stride1s-epo,beta
648,-0.005285507342357667,patient11_window16s_stride1s-epo,beta
649,-0.0055559322366200824,patient11_window16s_stride1s-epo,beta
650,-0.005391119423508947,patient11_window16s_stride1s-epo,beta
651,-0.005927780511058649,patient11_window16s_stride1s-epo,beta
652,-0.006150277291113624,patient11_window16s_stride1s-epo,beta
653,-0.0067818309828315,patient11_window16s_stride1s-epo,beta
654,-0.007370588098217903,patient11_window16s_stride1s-epo,beta
655,-0.008644973549771113,patient11_window16s_stride1s-epo,beta
656,-0.009088460010500402,patient11_window16s_stride1s-epo,beta
657,-0.007950232130061576,patient11_window16s_stride1s-epo,beta
658,-0.009119308832800216,patient11_window16s_stride1s-epo,beta
659,-0.007751434859973044,patient11_window16s_stride1s-epo,beta
660,-0.0076113316040146185,patient11_window16s_stride1s-epo,beta
661,-0.0074606790305309575,patient11_window16s_stride1s-epo,beta
662,-0.007328977865949961,patient11_window16s_stride1s-epo,beta
663,-0.00548772824220955,patient11_window16s_stride1s-epo,beta
664,-0.0069541462793947535,patient11_window16s_stride1s-epo,beta
665,-0.006311547019860677,patient11_window16s_stride1s-epo,beta
666,-0.006806232872662729,patient11_window16s_stride1s-epo,beta
667,-0.006492561306399449,patient11_window16s_stride1s-epo,beta
668,-0.005607276479288087,patient11_window16s_stride1s-epo,beta
669,-0.005068759719508386,patient11_window16s_stride1s-epo,beta
670,-0.005095856003635021,patient11_window16s_stride1s-epo,beta
671,-0.005892666375059666,patient11_window16s_stride1s-epo,beta
672,-0.004910546345291431,patient11_window16s_stride1s-epo,beta
673,-0.005308202465062976,patient11_window16s_stride1s-epo,beta
674,-0.005204948413830466,patient11_window16s_stride1s-epo,beta
675,-0.005352156789416102,patient11_window16s_stride1s-epo,beta
676,-0.004425457890656482,patient11_window16s_stride1s-epo,beta
677,-0.004703260846140969,patient11_window16s_stride1s-epo,beta
678,-0.003936683561637732,patient11_window16s_stride1s-epo,beta
679,-0.003944334528022881,patient11_window16s_stride1s-epo,beta
680,-0.005264597202578092,patient11_window16s_stride1s-epo,beta
681,-0.005309594164610838,patient11_window16s_stride1s-epo,beta
682,-0.005489834056841427,patient11_window16s_stride1s-epo,beta
683,-0.004715511457322366,patient11_window16s_stride1s-epo,beta
684,-0.0034839921564124624,patient11_window16s_stride1s-epo,beta
685,-0.0033634688578540353,patient11_window16s_stride1s-epo,beta
686,-0.00402351207799675,patient11_window16s_stride1s-epo,beta
687,-0.003168971951997293,patient11_window16s_stride1s-epo,beta
688,-0.003242679486498717,patient11_window16s_stride1s-epo,beta
689,-0.004289358510277183,patient11_window16s_stride1s-epo,beta
690,-0.004076951044818021,patient11_window16s_stride1s-epo,beta
691,-0.003882646684795628,patient11_window16s_stride1s-epo,beta
692,-0.003669691898115273,patient11_window16s_stride1s-epo,beta
693,-0.006843059889115662,patient11_window16s_stride1s-epo,beta
694,-0.004862446831633247,patient11_window16s_stride1s-epo,beta
695,-0.004034875266249158,patient11_window16s_stride1s-epo,beta
696,-0.004238379866124503,patient11_window16s_stride1s-epo,beta
697,-0.004012860192792244,patient11_window16s_stride1s-epo,beta
698,-0.003856727451440427,patient11_window16s_stride1s-epo,beta
699,-0.004473960980266768,patient11_window16s_stride1s-epo,beta
700,-0.004894682619839401,patient11_window16s_stride1s-epo,beta
701,-0.004480516030753501,patient11_window16s_stride1s-epo,beta
702,-0.0033029730582405806,patient11_window16s_stride1s-epo,beta
703,-0.0029778157181055294,patient11_window16s_stride1s-epo,beta
704,-0.0027533874797832066,patient11_window16s_stride1s-epo,beta
705,-0.0028250694108519067,patient11_window16s_stride1s-epo,beta
706,-0.002692640215543035,patient11_window16s_stride1s-epo,beta
707,-0.0024445051304995144,patient11_window16s_stride1s-epo,beta
708,-0.0020831831358748103,patient11_window16s_stride1s-epo,beta
709,-0.0022886888073269268,patient11_window16s_stride1s-epo,beta
710,-0.0021112771529435974,patient11_window16s_stride1s-epo,beta
711,-0.003765033954461284,patient11_window16s_stride1s-epo,beta
712,-0.0034683879495720406,patient11_window16s_stride1s-epo,beta
713,-0.0031676330264614446,patient11_window16s_stride1s-epo,beta
714,-0.0035818053100173603,patient11_window16s_stride1s-epo,beta
715,-0.004556177448806887,patient11_window16s_stride1s-epo,beta
716,-0.005219341540027031,patient11_window16s_stride1s-epo,beta
717,-0.005211102291682298,patient11_window16s_stride1s-epo,beta
718,-0.005690866576151911,patient11_window16s_stride1s-epo,beta
719,-0.007105464876960481,patient11_window16s_stride1s-epo,beta
720,-0.008639376440805799,patient11_window16s_stride1s-epo,beta
721,-0.009116826409118964,patient11_window16s_stride1s-epo,beta
722,-0.00905735002739065,patient11_window16s_stride1s-epo,beta
723,-0.009499068156408602,patient11_window16s_stride1s-epo,beta
724,-0.008909401012977483,patient11_window16s_stride1s-epo,beta
725,-0.008173631762956667,patient11_window16s_stride1s-epo,beta
726,-0.007271537407941553,patient11_window16s_stride1s-epo,beta
727,-0.0076163816887913705,patient11_window16s_stride1s-epo,beta
728,-0.00685248116372158,patient11_window16s_stride1s-epo,beta
729,-0.007345882721997054,patient11_window16s_stride1s-epo,beta
730,-0.006627056572279355,patient11_window16s_stride1s-epo,beta
731,-0.006416259639394212,patient11_window16s_stride1s-epo,beta
732,-0.006740051444226839,patient11_window16s_stride1s-epo,beta
733,-0.007268269139467298,patient11_window16s_stride1s-epo,beta
734,-0.006710768828244268,patient11_window16s_stride1s-epo,beta
735,-0.006006092305548825,patient11_window16s_stride1s-epo,beta
736,-0.00586746443631523,patient11_window16s_stride1s-epo,beta
737,-0.005046429173596161,patient11_window16s_stride1s-epo,beta
738,-0.005372319559167976,patient11_window16s_stride1s-epo,beta
739,-0.005817465901171057,patient11_window16s_stride1s-epo,beta
740,-0.0056645205850663904,patient11_window16s_stride1s-epo,beta
741,-0.004781340565265435,patient11_window16s_stride1s-epo,beta
742,-0.005963066739353635,patient11_window16s_stride1s-epo,beta
743,-0.006965348566305454,patient11_window16s_stride1s-epo,beta
744,-0.0067215382283290145,patient11_window16s_stride1s-epo,beta
745,-0.005778330642566424,patient11_window16s_stride1s-epo,beta
746,-0.005756764510657204,patient11_window16s_stride1s-epo,beta
747,-0.005242487624255953,patient11_window16s_stride1s-epo,beta
748,-0.004587121416000976,patient11_window16s_stride1s-epo,beta
749,-0.005113364357973792,patient11_window16s_stride1s-epo,beta
750,-0.005726664547483155,patient11_window16s_stride1s-epo,beta
751,-0.005311569920732512,patient11_window16s_stride1s-epo,beta
752,-0.0061780838417148974,patient11_window16s_stride1s-epo,beta
753,-0.007882593729914565,patient11_window16s_stride1s-epo,beta
754,-0.007637839997554383,patient11_window16s_stride1s-epo,beta
755,-0.00800870847455788,patient11_window16s_stride1s-epo,beta
756,-0.00871869611544413,patient11_window16s_stride1s-epo,beta
757,-0.009138020569314948,patient11_window16s_stride1s-epo,beta
758,-0.008104139756760519,patient11_window16s_stride1s-epo,beta
759,-0.008596156757111692,patient11_window16s_stride1s-epo,beta
760,-0.00852600436574146,patient11_window16s_stride1s-epo,beta
761,-0.008587979556651231,patient11_window16s_stride1s-epo,beta
762,-0.011026163782916725,patient11_window16s_stride1s-epo,beta
763,-0.011410947814993378,patient11_window16s_stride1s-epo,beta
764,-0.011735113346594897,patient11_window16s_stride1s-epo,beta
765,-0.0106025468483952,patient11_window16s_stride1s-epo,beta
766,-0.010981516033019771,patient11_window16s_stride1s-epo,beta
767,-0.011332499057827091,patient11_window16s_stride1s-epo,beta
768,-0.009628771828881869,patient11_window16s_stride1s-epo,beta
769,-0.0077849131201085005,patient11_window16s_stride1s-epo,beta
770,-0.00892898059475983,patient11_window16s_stride1s-epo,beta
771,-0.00832983409432879,patient11_window16s_stride1s-epo,beta
772,-0.00811601142959184,patient11_window16s_stride1s-epo,beta
773,-0.00830565894277638,patient11_window16s_stride1s-epo,beta
774,-0.010095943661114612,patient11_window16s_stride1s-epo,beta
775,-0.00986035854813829,patient11_window16s_stride1s-epo,beta
776,-0.008336890349532042,patient11_window16s_stride1s-epo,beta
777,-0.008261637071463544,patient11_window16s_stride1s-epo,beta
778,-0.006399344349472136,patient11_window16s_stride1s-epo,beta
779,-0.007764488711840188,patient11_window16s_stride1s-epo,beta
780,-0.006911523053890244,patient11_window16s_stride1s-epo,beta
781,-0.009616119953415827,patient11_window16s_stride1s-epo,beta
782,-0.007964665319360015,patient11_window16s_stride1s-epo,beta
783,-0.008136978959534273,patient11_window16s_stride1s-epo,beta
784,-0.008315628167554625,patient11_window16s_stride1s-epo,beta
785,-0.007723156448758833,patient11_window16s_stride1s-epo,beta
786,-0.007886573546532077,patient11_window16s_stride1s-epo,beta
787,-0.007729331483035469,patient11_window16s_stride1s-epo,beta
788,-0.00749120973869548,patient11_window16s_stride1s-epo,beta
789,-0.007373773278327811,patient11_window16s_stride1s-epo,beta
790,-0.007698708203730601,patient11_window16s_stride1s-epo,beta
791,-0.007562955363079186,patient11_window16s_stride1s-epo,beta
792,-0.007709461058903054,patient11_window16s_stride1s-epo,beta
793,-0.007814998228200443,patient11_window16s_stride1s-epo,beta
794,-0.008418571496208963,patient11_window16s_stride1s-epo,beta
795,-0.008134396429757867,patient11_window16s_stride1s-epo,beta
796,-0.0078113558791061775,patient11_window16s_stride1s-epo,beta
797,-0.007740868942103101,patient11_window16s_stride1s-epo,beta
798,-0.007735161303107245,patient11_window16s_stride1s-epo,beta
799,-0.008623016405706977,patient11_window16s_stride1s-epo,beta
800,-0.006713968667278945,patient11_window16s_stride1s-epo,beta
801,-0.007023412307954999,patient11_window16s_stride1s-epo,beta
802,-0.005807642433975038,patient11_window16s_stride1s-epo,beta
803,-0.0055286292964332245,patient11_window16s_stride1s-epo,beta
804,-0.006283200001354487,patient11_window16s_stride1s-epo,beta
805,-0.007847502663434223,patient11_window16s_stride1s-epo,beta
806,-0.006372296083870287,patient11_window16s_stride1s-epo,beta
807,-0.006213354370193087,patient11_window16s_stride1s-epo,beta
808,-0.006163304547673348,patient11_window16s_stride1s-epo,beta
809,-0.005913236799746084,patient11_window16s_stride1s-epo,beta
810,-0.005299320794589931,patient11_window16s_stride1s-epo,beta
811,-0.004273301619574068,patient11_window16s_stride1s-epo,beta
812,-0.005579714238309793,patient11_window16s_stride1s-epo,beta
813,-0.005807410469816227,patient11_window16s_stride1s-epo,beta
814,-0.006800644020771099,patient11_window16s_stride1s-epo,beta
815,-0.006041409629215293,patient11_window16s_stride1s-epo,beta
816,-0.0063416001773492995,patient11_window16s_stride1s-epo,beta
817,-0.006646971474637955,patient11_window16s_stride1s-epo,beta
818,-0.007931671354113655,patient11_window16s_stride1s-epo,beta
819,-0.006715929956183458,patient11_window16s_stride1s-epo,beta
820,-0.005330779647675727,patient11_window16s_stride1s-epo,beta
821,-0.005703028517919512,patient11_window16s_stride1s-epo,beta
822,-0.006667530560660379,patient11_window16s_stride1s-epo,beta
823,-0.006297970333033527,patient11_window16s_stride1s-epo,beta
824,-0.007142157877036959,patient11_window16s_stride1s-epo,beta
825,-0.0056226548026558545,patient11_window16s_stride1s-epo,beta
826,-0.005843575378637289,patient11_window16s_stride1s-epo,beta
827,-0.006743749330198216,patient11_window16s_stride1s-epo,beta
828,-0.007765861489242361,patient11_window16s_stride1s-epo,beta
829,-0.008081463490672233,patient11_window16s_stride1s-epo,beta
830,-0.007877595624552687,patient11_window16s_stride1s-epo,beta
831,-0.0067890135202345854,patient11_window16s_stride1s-epo,beta
832,-0.006728595841550162,patient11_window16s_stride1s-epo,beta
833,-0.006465743684983731,patient11_window16s_stride1s-epo,beta
834,-0.0051632342563313885,patient11_window16s_stride1s-epo,beta
835,-0.005309349146867905,patient11_window16s_stride1s-epo,beta
836,-0.005816738722259858,patient11_window16s_stride1s-epo,beta
837,-0.00672353778717746,patient11_window16s_stride1s-epo,beta
838,-0.0061937371338250755,patient11_window16s_stride1s-epo,beta
839,-0.007509225155545157,patient11_window16s_stride1s-epo,beta
840,-0.007862881597706385,patient11_window16s_stride1s-epo,beta
841,-0.008512146847139222,patient11_window16s_stride1s-epo,beta
842,-0.008336035757777213,patient11_window16s_stride1s-epo,beta
843,-0.009848126007855375,patient11_window16s_stride1s-epo,beta
844,-0.009550333659277746,patient11_window16s_stride1s-epo,beta
845,-0.008280268359765794,patient11_window16s_stride1s-epo,beta
846,-0.00957105742215969,patient11_window16s_stride1s-epo,beta
847,-0.009996950109241889,patient11_window16s_stride1s-epo,beta
848,-0.01098466388790455,patient11_window16s_stride1s-epo,beta
849,-0.012089117793695703,patient11_window16s_stride1s-epo,beta
850,-0.011882049404454633,patient11_window16s_stride1s-epo,beta
851,-0.011559288518105528,patient11_window16s_stride1s-epo,beta
852,-0.012249131620966268,patient11_window16s_stride1s-epo,beta
853,-0.01141023963363372,patient11_window16s_stride1s-epo,beta
854,-0.010424698995712123,patient11_window16s_stride1s-epo,beta
855,-0.009574727762967942,patient11_window16s_stride1s-epo,beta
856,-0.010518636497916308,patient11_window16s_stride1s-epo,beta
857,-0.00989191818787604,patient11_window16s_stride1s-epo,beta
858,-0.009614572906027064,patient11_window16s_stride1s-epo,beta
859,-0.008517199181201642,patient11_window16s_stride1s-epo,beta
860,-0.009697204219207582,patient11_window16s_stride1s-epo,beta
861,-0.008539134566267297,patient11_window16s_stride1s-epo,beta
862,-0.008657727800014852,patient11_window16s_stride1s-epo,beta
863,-0.009193413324893082,patient11_window16s_stride1s-epo,beta
864,-0.00869782700110658,patient11_window16s_stride1s-epo,beta
865,-0.008331813050197626,patient11_window16s_stride1s-epo,beta
866,-0.00880834310394471,patient11_window16s_stride1s-epo,beta
867,-0.008078537140367898,patient11_window16s_stride1s-epo,beta
868,-0.007952446292604384,patient11_window16s_stride1s-epo,beta
869,-0.008690570444212741,patient11_window16s_stride1s-epo,beta
870,-0.008552635634969967,patient11_window16s_stride1s-epo,beta
871,-0.007894937181633907,patient11_window16s_stride1s-epo,beta
872,-0.007157703230603162,patient11_window16s_stride1s-epo,beta
873,-0.0074090270232613714,patient11_window16s_stride1s-epo,beta
874,-0.008116723580635914,patient11_window16s_stride1s-epo,beta
875,-0.005066075414393751,patient11_window16s_stride1s-epo,beta
876,-0.005807399668898464,patient11_window16s_stride1s-epo,beta
877,-0.007809179710931441,patient11_window16s_stride1s-epo,beta
878,-0.006061939123262995,patient11_window16s_stride1s-epo,beta
879,-0.00600056087974359,patient11_window16s_stride1s-epo,beta
880,-0.005968849687110105,patient11_window16s_stride1s-epo,beta
881,-0.005189917538771648,patient11_window16s_stride1s-epo,beta
882,-0.0063663130785595,patient11_window16s_stride1s-epo,beta
883,-0.006949447098761338,patient11_window16s_stride1s-epo,beta
884,-0.007037602011849659,patient11_window16s_stride1s-epo,beta
885,-0.007323474589802748,patient11_window16s_stride1s-epo,beta
886,-0.0066235568572003975,patient11_window16s_stride1s-epo,beta
887,-0.010278132364234778,patient11_window16s_stride1s-epo,beta
888,-0.010251197954398735,patient11_window16s_stride1s-epo,beta
889,-0.010630865456130402,patient11_window16s_stride1s-epo,beta
890,-0.010756276523120627,patient11_window16s_stride1s-epo,beta
891,-0.01123006208415336,patient11_window16s_stride1s-epo,beta
892,-0.010170390858110672,patient11_window16s_stride1s-epo,beta
893,-0.010115271602762954,patient11_window16s_stride1s-epo,beta
894,-0.009100835677001956,patient11_window16s_stride1s-epo,beta
895,-0.007541879133429708,patient11_window16s_stride1s-epo,beta
896,-0.00925878359728225,patient11_window16s_stride1s-epo,beta
897,-0.008885354787795122,patient11_window16s_stride1s-epo,beta
898,-0.008432479395496479,patient11_window16s_stride1s-epo,beta
899,-0.007920215400719768,patient11_window16s_stride1s-epo,beta
900,-0.008460731362333648,patient11_window16s_stride1s-epo,beta
901,-0.009417197777640862,patient11_window16s_stride1s-epo,beta
902,-0.010972546210532445,patient11_window16s_stride1s-epo,beta
903,-0.005538651560184006,patient11_window16s_stride1s-epo,beta
904,-0.004871730282721277,patient11_window16s_stride1s-epo,beta
905,-0.0038829716996607844,patient11_window16s_stride1s-epo,beta
906,-0.005472722886138847,patient11_window16s_stride1s-epo,beta
907,-0.004913374764161588,patient11_window16s_stride1s-epo,beta
908,-0.005706691269564238,patient11_window16s_stride1s-epo,beta
909,-0.005713029542852959,patient11_window16s_stride1s-epo,beta
910,-0.006142380762300393,patient11_window16s_stride1s-epo,beta
911,-0.0055367922128852385,patient11_window16s_stride1s-epo,beta
912,-0.005925870500924591,patient11_window16s_stride1s-epo,beta
913,-0.005869604805627004,patient11_window16s_stride1s-epo,beta
914,-0.006634873602411975,patient11_window16s_stride1s-epo,beta
915,-0.006792189147245743,patient11_window16s_stride1s-epo,beta
916,-0.006360390805742167,patient11_window16s_stride1s-epo,beta
917,-0.007125865778981387,patient11_window16s_stride1s-epo,beta
918,-0.0058027773401132824,patient11_window16s_stride1s-epo,beta
919,-0.00550207934689069,patient11_window16s_stride1s-epo,beta
920,-0.006372620175727199,patient11_window16s_stride1s-epo,beta
921,-0.0055763926472572846,patient11_window16s_stride1s-epo,beta
922,-0.005772406947788689,patient11_window16s_stride1s-epo,beta
923,-0.006444466715059488,patient11_window16s_stride1s-epo,beta
924,-0.005515860052260104,patient11_window16s_stride1s-epo,beta
925,-0.005962321063573933,patient11_window16s_stride1s-epo,beta
926,-0.0043262133137121515,patient11_window16s_stride1s-epo,beta
927,-0.004343215696138162,patient11_window16s_stride1s-epo,beta
928,-0.004162435147699668,patient11_window16s_stride1s-epo,beta
929,-0.004218527984534521,patient11_window16s_stride1s-epo,beta
930,-0.004747647948913147,patient11_window16s_stride1s-epo,beta
931,-0.0052979879371355685,patient11_window16s_stride1s-epo,beta
932,-0.004226362680632187,patient11_window16s_stride1s-epo,beta
933,-0.004983488253102583,patient11_window16s_stride1s-epo,beta
934,-0.004410021977975541,patient11_window16s_stride1s-epo,beta
935,-0.003973805267871921,patient11_window16s_stride1s-epo,beta
936,-0.004382546745551163,patient11_window16s_stride1s-epo,beta
937,-0.004190967422010651,patient11_window16s_stride1s-epo,beta
938,-0.005641474546895297,patient11_window16s_stride1s-epo,beta
939,-0.005530350445705273,patient11_window16s_stride1s-epo,beta
940,-0.0066523744604247,patient11_window16s_stride1s-epo,beta
941,-0.007814646542441881,patient11_window16s_stride1s-epo,beta
942,-0.008642547811316634,patient11_window16s_stride1s-epo,beta
943,-0.00772219095548621,patient11_window16s_stride1s-epo,beta
944,-0.007052968178109606,patient11_window16s_stride1s-epo,beta
945,-0.006378007917290826,patient11_window16s_stride1s-epo,beta
946,-0.004932187745294858,patient11_window16s_stride1s-epo,beta
947,-0.00461103641170848,patient11_window16s_stride1s-epo,beta
948,-0.005239890967877949,patient11_window16s_stride1s-epo,beta
949,-0.003810030961454998,patient11_window16s_stride1s-epo,beta
950,-0.004905079802455712,patient11_window16s_stride1s-epo,beta
951,-0.006123460913977696,patient11_window16s_stride1s-epo,beta
952,-0.006659125348427126,patient11_window16s_stride1s-epo,beta
953,-0.008483292403249335,patient11_window16s_stride1s-epo,beta
954,-0.007518694922842813,patient11_window16s_stride1s-epo,beta
955,-0.006605519791683823,patient11_window16s_stride1s-epo,beta
956,-0.006430536032609006,patient11_window16s_stride1s-epo,beta
957,-0.0074029166488213255,patient11_window16s_stride1s-epo,beta
958,-0.007614019739095395,patient11_window16s_stride1s-epo,beta
959,-0.007785684283307441,patient11_window16s_stride1s-epo,beta
960,-0.007992572754097354,patient11_window16s_stride1s-epo,beta
961,-0.009081357633137449,patient11_window16s_stride1s-epo,beta
962,-0.009353143719588897,patient11_window16s_stride1s-epo,beta
963,-0.009228971369279538,patient11_window16s_stride1s-epo,beta
964,-0.009023771549484626,patient11_window16s_stride1s-epo,beta
965,-0.009677887236875462,patient11_window16s_stride1s-epo,beta
966,-0.009883109532637305,patient11_window16s_stride1s-epo,beta
967,-0.01033066682459101,patient11_window16s_stride1s-epo,beta
968,-0.009150537814298011,patient11_window16s_stride1s-epo,beta
969,-0.007339830832586137,patient11_window16s_stride1s-epo,beta
970,-0.007551672498613359,patient11_window16s_stride1s-epo,beta
971,-0.00796164065006456,patient11_window16s_stride1s-epo,beta
972,-0.008779191372360365,patient11_window16s_stride1s-epo,beta
973,-0.008417766148368777,patient11_window16s_stride1s-epo,beta
974,-0.007342499325088512,patient11_window16s_stride1s-epo,beta
975,-0.008342027991606629,patient11_window16s_stride1s-epo,beta
976,-0.007402474711794231,patient11_window16s_stride1s-epo,beta
977,-0.0069585005401460644,patient11_window16s_stride1s-epo,beta
978,-0.005338735523597688,patient11_window16s_stride1s-epo,beta
979,-0.007484207858788998,patient11_window16s_stride1s-epo,beta
980,-0.007247272545207373,patient11_window16s_stride1s-epo,beta
981,-0.006811959725438973,patient11_window16s_stride1s-epo,beta
982,-0.006523924454655834,patient11_window16s_stride1s-epo,beta
983,-0.006253894181591614,patient11_window16s_stride1s-epo,beta
984,-0.0069569244331691765,patient11_window16s_stride1s-epo,beta
985,-0.007796666391226986,patient11_window16s_stride1s-epo,beta
986,-0.006968260701623301,patient11_window16s_stride1s-epo,beta
987,-0.005979914731810903,patient11_window16s_stride1s-epo,beta
988,-0.0064993744376584985,patient11_window16s_stride1s-epo,beta
989,-0.004837408979990319,patient11_window16s_stride1s-epo,beta
990,-0.005623251060465143,patient11_window16s_stride1s-epo,beta
991,-0.005101868352859127,patient11_window16s_stride1s-epo,beta
992,-0.005327775890126865,patient11_window16s_stride1s-epo,beta
993,-0.005391773268737489,patient11_window16s_stride1s-epo,beta
994,-0.0074720675312263595,patient11_window16s_stride1s-epo,beta
995,-0.007920027171440918,patient11_window16s_stride1s-epo,beta
996,-0.00859531150950219,patient11_window16s_stride1s-epo,beta
997,-0.009009994290996658,patient11_window16s_stride1s-epo,beta
998,-0.009162035128270584,patient11_window16s_stride1s-epo,beta
999,-0.008480863272577906,patient11_window16s_stride1s-epo,beta
1000,-0.009690404659876774,patient11_window16s_stride1s-epo,beta
1001,-0.009493915350083863,patient11_window16s_stride1s-epo,beta
1002,-0.011542167642795616,patient11_window16s_stride1s-epo,beta
1003,-0.011420651506563847,patient11_window16s_stride1s-epo,beta
1004,-0.010961505887498174,patient11_window16s_stride1s-epo,beta
1005,-0.010640870920970026,patient11_window16s_stride1s-epo,beta
1006,-0.009902409219750207,patient11_window16s_stride1s-epo,beta
1007,-0.00947830417088343,patient11_window16s_stride1s-epo,beta
1008,-0.010005814081710137,patient11_window16s_stride1s-epo,beta
1009,-0.008337398784385042,patient11_window16s_stride1s-epo,beta
1010,-0.010239792158094858,patient11_window16s_stride1s-epo,beta
1011,-0.009783563403521689,patient11_window16s_stride1s-epo,beta
1012,-0.009047175178427333,patient11_window16s_stride1s-epo,beta
1013,-0.009351076602092289,patient11_window16s_stride1s-epo,beta
1014,-0.009791507986867128,patient11_window16s_stride1s-epo,beta
1015,-0.009937320842966807,patient11_window16s_stride1s-epo,beta
1016,-0.010387632267298596,patient11_window16s_stride1s-epo,beta
1017,-0.00986094404521677,patient11_window16s_stride1s-epo,beta
1018,-0.009219172003382316,patient11_window16s_stride1s-epo,beta
1019,-0.0101574496433465,patient11_window16s_stride1s-epo,beta
1020,-0.00993656730771138,patient11_window16s_stride1s-epo,beta
1021,-0.009809721930077972,patient11_window16s_stride1s-epo,beta
1022,-0.011713763787262573,patient11_window16s_stride1s-epo,beta
1023,-0.011391049834408936,patient11_window16s_stride1s-epo,beta
1024,-0.012493661606680428,patient11_window16s_stride1s-epo,beta
1025,-0.012673068625376174,patient11_window16s_stride1s-epo,beta
1026,-0.011039505891975927,patient11_window16s_stride1s-epo,beta
1027,-0.012120408769133416,patient11_window16s_stride1s-epo,beta
1028,-0.012633191033565742,patient11_window16s_stride1s-epo,beta
1029,-0.01233050734518742,patient11_window16s_stride1s-epo,beta
1030,-0.011054439447152729,patient11_window16s_stride1s-epo,beta
1031,-0.010310789082908025,patient11_window16s_stride1s-epo,beta
1032,-0.009476763330282242,patient11_window16s_stride1s-epo,beta
1033,-0.009618528333443474,patient11_window16s_stride1s-epo,beta
1034,-0.008064602726460248,patient11_window16s_stride1s-epo,beta
1035,-0.00806902002344672,patient11_window16s_stride1s-epo,beta
1036,-0.009596099886305375,patient11_window16s_stride1s-epo,beta
1037,-0.009723377920328645,patient11_window16s_stride1s-epo,beta
1038,-0.008278548050846317,patient11_window16s_stride1s-epo,beta
1039,-0.008961147823508245,patient11_window16s_stride1s-epo,beta
1040,-0.008081476553072633,patient11_window16s_stride1s-epo,beta
1041,-0.007120493206109818,patient11_window16s_stride1s-epo,beta
1042,-0.006252665082983009,patient11_window16s_stride1s-epo,beta
1043,-0.005814550696547024,patient11_window16s_stride1s-epo,beta
1044,-0.006266737995598024,patient11_window16s_stride1s-epo,beta
1045,-0.005922197276220983,patient11_window16s_stride1s-epo,beta
1046,-0.006337230525486826,patient11_window16s_stride1s-epo,beta
1047,-0.006877537232923168,patient11_window16s_stride1s-epo,beta
1048,-0.007724510572741348,patient11_window16s_stride1s-epo,beta
1049,-0.008032143349085898,patient11_window16s_stride1s-epo,beta
1050,-0.0075760866553859305,patient11_window16s_stride1s-epo,beta
1051,-0.007423738698780076,patient11_window16s_stride1s-epo,beta
1052,-0.005606966154364721,patient11_window16s_stride1s-epo,beta
1053,-0.006356888169302908,patient11_window16s_stride1s-epo,beta
1054,-0.005741626072915497,patient11_window16s_stride1s-epo,beta
1055,-0.006159363921797408,patient11_window16s_stride1s-epo,beta
1056,-0.005999902979787539,patient11_window16s_stride1s-epo,beta
1057,-0.007464402097897273,patient11_window16s_stride1s-epo,beta
1058,-0.008555816940367087,patient11_window16s_stride1s-epo,beta
1059,-0.007982011064028904,patient11_window16s_stride1s-epo,beta
1060,-0.008333567990159382,patient11_window16s_stride1s-epo,beta
1061,-0.00793514067093734,patient11_window16s_stride1s-epo,beta
1062,-0.0074865919174919105,patient11_window16s_stride1s-epo,beta
1063,-0.007475048515528272,patient11_window16s_stride1s-epo,beta
1064,-0.007424106848521767,patient11_window16s_stride1s-epo,beta
1065,-0.007496516770718599,patient11_window16s_stride1s-epo,beta
1066,-0.006697536640322702,patient11_window16s_stride1s-epo,beta
1067,-0.006638620164367769,patient11_window16s_stride1s-epo,beta
1068,-0.006432127925898779,patient11_window16s_stride1s-epo,beta
1069,-0.006610360536322568,patient11_window16s_stride1s-epo,beta
1070,-0.006565113737825981,patient11_window16s_stride1s-epo,beta
1071,-0.007130989361418635,patient11_window16s_stride1s-epo,beta
1072,-0.0065542180039230725,patient11_window16s_stride1s-epo,beta
1073,-0.006378638353065605,patient11_window16s_stride1s-epo,beta
1074,-0.006758298862416408,patient11_window16s_stride1s-epo,beta
1075,-0.007488059714466528,patient11_window16s_stride1s-epo,beta
1076,-0.006092551924388114,patient11_window16s_stride1s-epo,beta
1077,-0.006351879147678742,patient11_window16s_stride1s-epo,beta
1078,-0.005472023956732033,patient11_window16s_stride1s-epo,beta
1079,-0.0045553934085446465,patient11_window16s_stride1s-epo,beta
1080,-0.005017716080992237,patient11_window16s_stride1s-epo,beta
1081,-0.005649236263995377,patient11_window16s_stride1s-epo,beta
1082,-0.005610290788704437,patient11_window16s_stride1s-epo,beta
1083,-0.007486481308210625,patient11_window16s_stride1s-epo,beta
1084,-0.008235140586587386,patient11_window16s_stride1s-epo,beta
1085,-0.008062984710333008,patient11_window16s_stride1s-epo,beta
1086,-0.0081507819400879,patient11_window16s_stride1s-epo,beta
1087,-0.009714275030523878,patient11_window16s_stride1s-epo,beta
1088,-0.009622472391206123,patient11_window16s_stride1s-epo,beta
1089,-0.009845233648997524,patient11_window16s_stride1s-epo,beta
1090,-0.010259043459790501,patient11_window16s_stride1s-epo,beta
1091,-0.0103940919078471,patient11_window16s_stride1s-epo,beta
1092,-0.010417941750748418,patient11_window16s_stride1s-epo,beta
1093,-0.009299668564983803,patient11_window16s_stride1s-epo,beta
1094,-0.009004472844936382,patient11_window16s_stride1s-epo,beta
1095,-0.01008073326257593,patient11_window16s_stride1s-epo,beta
1096,-0.009690800117673112,patient11_window16s_stride1s-epo,beta
1097,-0.010276820103954518,patient11_window16s_stride1s-epo,beta
1098,-0.0074156124467038625,patient11_window16s_stride1s-epo,beta
1099,-0.006812942326767151,patient11_window16s_stride1s-epo,beta
1100,-0.0069962543053843675,patient11_window16s_stride1s-epo,beta
1101,-0.007055116443074479,patient11_window16s_stride1s-epo,beta
1102,-0.007851019746952124,patient11_window16s_stride1s-epo,beta
1103,-0.008324787752001841,patient11_window16s_stride1s-epo,beta
1104,-0.008254030827454639,patient11_window16s_stride1s-epo,beta
1105,-0.007147883823021772,patient11_window16s_stride1s-epo,beta
1106,-0.00815362434194935,patient11_window16s_stride1s-epo,beta
1107,-0.007564379916405166,patient11_window16s_stride1s-epo,beta
1108,-0.0077521958304972854,patient11_window16s_stride1s-epo,beta
1109,-0.008910429113201375,patient11_window16s_stride1s-epo,beta
1110,-0.007732522496678133,patient11_window16s_stride1s-epo,beta
1111,-0.008222874026229988,patient11_window16s_stride1s-epo,beta
1112,-0.006516788021401814,patient11_window16s_stride1s-epo,beta
1113,-0.006913730478173974,patient11_window16s_stride1s-epo,beta
1114,-0.007150007412190725,patient11_window16s_stride1s-epo,beta
1115,-0.007188192109281416,patient11_window16s_stride1s-epo,beta
1116,-0.008083343521437067,patient11_window16s_stride1s-epo,beta
1117,-0.006021234420807934,patient11_window16s_stride1s-epo,beta
1118,-0.005254191182237225,patient11_window16s_stride1s-epo,beta
1119,-0.006414850567822579,patient11_window16s_stride1s-epo,beta
1120,-0.005445859954308846,patient11_window16s_stride1s-epo,beta
1121,-0.005793593608034055,patient11_window16s_stride1s-epo,beta
1122,-0.005432906572216857,patient11_window16s_stride1s-epo,beta
1123,-0.004510666790047669,patient11_window16s_stride1s-epo,beta
1124,-0.004659409627465155,patient11_window16s_stride1s-epo,beta
1125,-0.0046084582930976566,patient11_window16s_stride1s-epo,beta
1126,-0.004339848332956288,patient11_window16s_stride1s-epo,beta
1127,-0.004401200328028153,patient11_window16s_stride1s-epo,beta
1128,-0.0030239932562561495,patient11_window16s_stride1s-epo,beta
1129,-0.003411347841995922,patient11_window16s_stride1s-epo,beta
1130,-0.004817203671827733,patient11_window16s_stride1s-epo,beta
1131,-0.002903819396393231,patient11_window16s_stride1s-epo,beta
1132,-0.0029078556609700586,patient11_window16s_stride1s-epo,beta
1133,-0.0037425514627030918,patient11_window16s_stride1s-epo,beta
1134,-0.0036377144369245324,patient11_window16s_stride1s-epo,beta
1135,-0.003018065542955318,patient11_window16s_stride1s-epo,beta
1136,-0.004197302038142104,patient11_window16s_stride1s-epo,beta
1137,-0.0034008552637271503,patient11_window16s_stride1s-epo,beta
1138,-0.0030432552715678705,patient11_window16s_stride1s-epo,beta
1139,-0.0033164120261801825,patient11_window16s_stride1s-epo,beta
1140,-0.0014564770315610661,patient11_window16s_stride1s-epo,beta
1141,-0.00031967966256429397,patient11_window16s_stride1s-epo,beta
1142,4.716050244075715e-05,patient11_window16s_stride1s-epo,beta
1143,-0.0010452730002961542,patient11_window16s_stride1s-epo,beta
1144,-0.0013521616135949883,patient11_window16s_stride1s-epo,beta
1145,-0.001913985083122826,patient11_window16s_stride1s-epo,beta
1146,-0.0020489075933431415,patient11_window16s_stride1s-epo,beta
1147,-0.0022574708616344224,patient11_window16s_stride1s-epo,beta
1148,-0.003217133948843203,patient11_window16s_stride1s-epo,beta
1149,-0.0025483212322311606,patient11_window16s_stride1s-epo,beta
1150,-0.0023935252524994303,patient11_window16s_stride1s-epo,beta
1151,-0.003952092340375513,patient11_window16s_stride1s-epo,beta
1152,-0.005275107392092382,patient11_window16s_stride1s-epo,beta
1153,-0.004969741027432871,patient11_window16s_stride1s-epo,beta
1154,-0.0058101668211689135,patient11_window16s_stride1s-epo,beta
1155,-0.006024668509595572,patient11_window16s_stride1s-epo,beta
1156,-0.006048326710600335,patient11_window16s_stride1s-epo,beta
1157,-0.007402471350452787,patient11_window16s_stride1s-epo,beta
1158,-0.007159723599926878,patient11_window16s_stride1s-epo,beta
1159,-0.008008778160552479,patient11_window16s_stride1s-epo,beta
1160,-0.007408564652801349,patient11_window16s_stride1s-epo,beta
1161,-0.0065081280850267315,patient11_window16s_stride1s-epo,beta
1162,-0.006792190398126903,patient11_window16s_stride1s-epo,beta
1163,-0.007595975997774011,patient11_window16s_stride1s-epo,beta
1164,-0.00786698614553737,patient11_window16s_stride1s-epo,beta
1165,-0.007087758979451876,patient11_window16s_stride1s-epo,beta
1166,-0.0068363056617607365,patient11_window16s_stride1s-epo,beta
1167,-0.006103518321205965,patient11_window16s_stride1s-epo,beta
1168,-0.0064218495365011875,patient11_window16s_stride1s-epo,beta
1169,-0.006032277933315388,patient11_window16s_stride1s-epo,beta
1170,-0.005392477538396511,patient11_window16s_stride1s-epo,beta
1171,-0.005208535165588896,patient11_window16s_stride1s-epo,beta
1172,-0.005694318537519218,patient11_window16s_stride1s-epo,beta
1173,-0.004927793201944664,patient11_window16s_stride1s-epo,beta
1174,-0.0056027596540070895,patient11_window16s_stride1s-epo,beta
1175,-0.0056685878481412206,patient11_window16s_stride1s-epo,beta
1176,-0.006451447604258142,patient11_window16s_stride1s-epo,beta
1177,-0.0066803071456957306,patient11_window16s_stride1s-epo,beta
1178,-0.007989881346482026,patient11_window16s_stride1s-epo,beta
1179,-0.006828507952125412,patient11_window16s_stride1s-epo,beta
1180,-0.006710483267939577,patient11_window16s_stride1s-epo,beta
1181,-0.007023522817177578,patient11_window16s_stride1s-epo,beta
1182,-0.00817101542402575,patient11_window16s_stride1s-epo,beta
1183,-0.00852910894737548,patient11_window16s_stride1s-epo,beta
1184,-0.00722178623966642,patient11_window16s_stride1s-epo,beta
1185,-0.008556522600017888,patient11_window16s_stride1s-epo,beta
1186,-0.007918160091994402,patient11_window16s_stride1s-epo,beta
1187,-0.007243390694537061,patient11_window16s_stride1s-epo,beta
1188,-0.006790027455358202,patient11_window16s_stride1s-epo,beta
1189,-0.008643388115002258,patient11_window16s_stride1s-epo,beta
1190,-0.00954267226641094,patient11_window16s_stride1s-epo,beta
1191,-0.009305023679348644,patient11_window16s_stride1s-epo,beta
1192,-0.008431522082254212,patient11_window16s_stride1s-epo,beta
1193,-0.007993185034737484,patient11_window16s_stride1s-epo,beta
1194,-0.007613878895954317,patient11_window16s_stride1s-epo,beta
1195,-0.007812228799206325,patient11_window16s_stride1s-epo,beta
1196,-0.008810340584363295,patient11_window16s_stride1s-epo,beta
1197,-0.008015258180495857,patient11_window16s_stride1s-epo,beta
1198,-0.006750816702659883,patient11_window16s_stride1s-epo,beta
1199,-0.006141457462503797,patient11_window16s_stride1s-epo,beta
1200,-0.0065644835112140575,patient11_window16s_stride1s-epo,beta
1201,-0.00623106191174376,patient11_window16s_stride1s-epo,beta
1202,-0.007383989932832756,patient11_window16s_stride1s-epo,beta
1203,-0.008512327716776482,patient11_window16s_stride1s-epo,beta
1204,-0.00781551827289712,patient11_window16s_stride1s-epo,beta
1205,-0.005971087710840701,patient11_window16s_stride1s-epo,beta
1206,-0.004373148597302742,patient11_window16s_stride1s-epo,beta
1207,-0.00370190313818075,patient11_window16s_stride1s-epo,beta
1208,-0.003276243638571857,patient11_window16s_stride1s-epo,beta
1209,-0.004213427210530618,patient11_window16s_stride1s-epo,beta
1210,-0.00530660294591747,patient11_window16s_stride1s-epo,beta
1211,-0.005455516036645808,patient11_window16s_stride1s-epo,beta
1212,-0.006347392872282577,patient11_window16s_stride1s-epo,beta
1213,-0.006579180458225545,patient11_window16s_stride1s-epo,beta
1214,-0.005727414012472976,patient11_window16s_stride1s-epo,beta
1215,-0.007659515896373009,patient11_window16s_stride1s-epo,beta
1216,-0.00826007733689548,patient11_window16s_stride1s-epo,beta
1217,-0.008067117113721264,patient11_window16s_stride1s-epo,beta
1218,-0.007994706763437259,patient11_window16s_stride1s-epo,beta
1219,-0.008728906668889235,patient11_window16s_stride1s-epo,beta
1220,-0.009095727338310903,patient11_window16s_stride1s-epo,beta
1221,-0.009205714494715696,patient11_window16s_stride1s-epo,beta
1222,-0.009130920678635518,patient11_window16s_stride1s-epo,beta
1223,-0.009217443629099561,patient11_window16s_stride1s-epo,beta
1224,-0.009307845729625801,patient11_window16s_stride1s-epo,beta
1225,-0.009797790642172495,patient11_window16s_stride1s-epo,beta
1226,-0.008444471877442808,patient11_window16s_stride1s-epo,beta
1227,-0.008986181067530144,patient11_window16s_stride1s-epo,beta
1228,-0.008459340662407751,patient11_window16s_stride1s-epo,beta
1229,-0.008097482413509324,patient11_window16s_stride1s-epo,beta
1230,-0.007566347364342691,patient11_window16s_stride1s-epo,beta
1231,-0.00743216823459739,patient11_window16s_stride1s-epo,beta
1232,-0.00739141404433418,patient11_window16s_stride1s-epo,beta
1233,-0.007031661192524139,patient11_window16s_stride1s-epo,beta
1234,-0.006449243590597752,patient11_window16s_stride1s-epo,beta
1235,-0.006859933137946709,patient11_window16s_stride1s-epo,beta
1236,-0.005965896719370524,patient11_window16s_stride1s-epo,beta
1237,-0.006301843927206211,patient11_window16s_stride1s-epo,beta
1238,-0.006238153405784723,patient11_window16s_stride1s-epo,beta
1239,-0.00832373795896489,patient11_window16s_stride1s-epo,beta
1240,-0.007018432302257397,patient11_window16s_stride1s-epo,beta
1241,-0.0063983921429979105,patient11_window16s_stride1s-epo,beta
1242,-0.0055705527016434555,patient11_window16s_stride1s-epo,beta
1243,-0.005382496716267034,patient11_window16s_stride1s-epo,beta
1244,-0.005651261965926143,patient11_window16s_stride1s-epo,beta
1245,-0.005398290016928351,patient11_window16s_stride1s-epo,beta
1246,-0.006274931270688256,patient11_window16s_stride1s-epo,beta
1247,-0.005889680285364219,patient11_window16s_stride1s-epo,beta
1248,-0.0062134551148487,patient11_window16s_stride1s-epo,beta
1249,-0.005944984196715682,patient11_window16s_stride1s-epo,beta
1250,-0.0053491394539031826,patient11_window16s_stride1s-epo,beta
1251,-0.00621879961207296,patient11_window16s_stride1s-epo,beta
1252,-0.0060216257321217045,patient11_window16s_stride1s-epo,beta
1253,-0.006124071941993572,patient11_window16s_stride1s-epo,beta
1254,-0.007253290736779065,patient11_window16s_stride1s-epo,beta
1255,-0.006116654547282562,patient11_window16s_stride1s-epo,beta
1256,-0.005218004047048874,patient11_window16s_stride1s-epo,beta
1257,-0.0056355324717451945,patient11_window16s_stride1s-epo,beta
1258,-0.008407332069297826,patient11_window16s_stride1s-epo,beta
1259,-0.009271647549672251,patient11_window16s_stride1s-epo,beta
1260,-0.00932077536527431,patient11_window16s_stride1s-epo,beta
1261,-0.00963584455135697,patient11_window16s_stride1s-epo,beta
1262,-0.009066693043106632,patient11_window16s_stride1s-epo,beta
1263,-0.008420381596665283,patient11_window16s_stride1s-epo,beta
1264,-0.008129478605391057,patient11_window16s_stride1s-epo,beta
1265,-0.008312855625220621,patient11_window16s_stride1s-epo,beta
1266,-0.0077790885493381045,patient11_window16s_stride1s-epo,beta
1267,-0.007399699459223936,patient11_window16s_stride1s-epo,beta
1268,-0.007318620131526068,patient11_window16s_stride1s-epo,beta
1269,-0.007627346959189173,patient11_window16s_stride1s-epo,beta
1270,-0.007294323770940439,patient11_window16s_stride1s-epo,beta
1271,-0.00747580523856876,patient11_window16s_stride1s-epo,beta
1272,-0.00701285803425619,patient11_window16s_stride1s-epo,beta
1273,-0.00780328557430977,patient11_window16s_stride1s-epo,beta
1274,-0.006801729705953627,patient11_window16s_stride1s-epo,beta
1275,-0.007297564802171378,patient11_window16s_stride1s-epo,beta
1276,-0.0068260297984024465,patient11_window16s_stride1s-epo,beta
1277,-0.006598169392874217,patient11_window16s_stride1s-epo,beta
1278,-0.006912949285717103,patient11_window16s_stride1s-epo,beta
1279,-0.006666511667114144,patient11_window16s_stride1s-epo,beta
1280,-0.005958713621454502,patient11_window16s_stride1s-epo,beta
1281,-0.0063256611873738775,patient11_window16s_stride1s-epo,beta
1282,-0.008241872898139935,patient11_window16s_stride1s-epo,beta
1283,-0.008250559884726972,patient11_window16s_stride1s-epo,beta
1284,-0.007146534972333969,patient11_window16s_stride1s-epo,beta
1285,-0.007008969895703969,patient11_window16s_stride1s-epo,beta
1286,-0.007401957240328686,patient11_window16s_stride1s-epo,beta
1287,-0.0075458369897806335,patient11_window16s_stride1s-epo,beta
1288,-0.008123941131654933,patient11_window16s_stride1s-epo,beta
1289,-0.006496897616919839,patient11_window16s_stride1s-epo,beta
1290,-0.006876787138423993,patient11_window16s_stride1s-epo,beta
1291,-0.006246755062108032,patient11_window16s_stride1s-epo,beta
1292,-0.007066693506189252,patient11_window16s_stride1s-epo,beta
1293,-0.006467384393053488,patient11_window16s_stride1s-epo,beta
1294,-0.006772933711795944,patient11_window16s_stride1s-epo,beta
1295,-0.007141026289675517,patient11_window16s_stride1s-epo,beta
1296,-0.006235086572299218,patient11_window16s_stride1s-epo,beta
1297,-0.006562013162782191,patient11_window16s_stride1s-epo,beta
1298,-0.0066347645441213795,patient11_window16s_stride1s-epo,beta
1299,-0.0073690501912169635,patient11_window16s_stride1s-epo,beta
1300,-0.008623754495658425,patient11_window16s_stride1s-epo,beta
1301,-0.008088035012521718,patient11_window16s_stride1s-epo,beta
1302,-0.00776691400832709,patient11_window16s_stride1s-epo,beta
1303,-0.007817515072913499,patient11_window16s_stride1s-epo,beta
1304,-0.008938416153901651,patient11_window16s_stride1s-epo,beta
1305,-0.00867445794012419,patient11_window16s_stride1s-epo,beta
1306,-0.008463192064926217,patient11_window16s_stride1s-epo,beta
1307,-0.009526213155923923,patient11_window16s_stride1s-epo,beta
1308,-0.008758089133997254,patient11_window16s_stride1s-epo,beta
1309,-0.008927685743171751,patient11_window16s_stride1s-epo,beta
1310,-0.007674761618962833,patient11_window16s_stride1s-epo,beta
1311,-0.007469294553942561,patient11_window16s_stride1s-epo,beta
1312,-0.007860363001112633,patient11_window16s_stride1s-epo,beta
1313,-0.007285891208307625,patient11_window16s_stride1s-epo,beta
1314,-0.008384761496269664,patient11_window16s_stride1s-epo,beta
1315,-0.006617539370342674,patient11_window16s_stride1s-epo,beta
1316,-0.007278684672226856,patient11_window16s_stride1s-epo,beta
1317,-0.006866885063266942,patient11_window16s_stride1s-epo,beta
1318,-0.005935595235817482,patient11_window16s_stride1s-epo,beta
1319,-0.006196991684499633,patient11_window16s_stride1s-epo,beta
1320,-0.005253436847020318,patient11_window16s_stride1s-epo,beta
1321,-0.006179266444715952,patient11_window16s_stride1s-epo,beta
1322,-0.006243169819711605,patient11_window16s_stride1s-epo,beta
1323,-0.005894415787608842,patient11_window16s_stride1s-epo,beta
1324,-0.0051997866590737735,patient11_window16s_stride1s-epo,beta
1325,-0.00590696396571679,patient11_window16s_stride1s-epo,beta
1326,-0.006716647823075397,patient11_window16s_stride1s-epo,beta
1327,-0.007391871588318289,patient11_window16s_stride1s-epo,beta
1328,-0.0076339680701120755,patient11_window16s_stride1s-epo,beta
1329,-0.005497873364934294,patient11_window16s_stride1s-epo,beta
1330,-0.005988823693936127,patient11_window16s_stride1s-epo,beta
1331,-0.007075242427906035,patient11_window16s_stride1s-epo,beta
1332,-0.005317861640836548,patient11_window16s_stride1s-epo,beta
1333,-0.006774824326892156,patient11_window16s_stride1s-epo,beta
1334,-0.007154666772222513,patient11_window16s_stride1s-epo,beta
1335,-0.005929993267709764,patient11_window16s_stride1s-epo,beta
1336,-0.006535120052605882,patient11_window16s_stride1s-epo,beta
1337,-0.006026199869617974,patient11_window16s_stride1s-epo,beta
1338,-0.005837089642247267,patient11_window16s_stride1s-epo,beta
1339,-0.006009282242724884,patient11_window16s_stride1s-epo,beta
1340,-0.007451273083395498,patient11_window16s_stride1s-epo,beta
1341,-0.006299098562357055,patient11_window16s_stride1s-epo,beta
1342,-0.007651475960029852,patient11_window16s_stride1s-epo,beta
1343,-0.007115177512954082,patient11_window16s_stride1s-epo,beta
1344,-0.007294466063919575,patient11_window16s_stride1s-epo,beta
1345,-0.006423632521867597,patient11_window16s_stride1s-epo,beta
1346,-0.006045623047701264,patient11_window16s_stride1s-epo,beta
1347,-0.0058028998790104055,patient11_window16s_stride1s-epo,beta
1348,-0.005160254529538657,patient11_window16s_stride1s-epo,beta
1349,-0.0051558689722368415,patient11_window16s_stride1s-epo,beta
1350,-0.006670712534429297,patient11_window16s_stride1s-epo,beta
1351,-0.00716554103940677,patient11_window16s_stride1s-epo,beta
1352,-0.00800277421321097,patient11_window16s_stride1s-epo,beta
1353,-0.008801756752115326,patient11_window16s_stride1s-epo,beta
1354,-0.009659469167748947,patient11_window16s_stride1s-epo,beta
1355,-0.009132832243533113,patient11_window16s_stride1s-epo,beta
1356,-0.01014062593386744,patient11_window16s_stride1s-epo,beta
1357,-0.009067155703207227,patient11_window16s_stride1s-epo,beta
1358,-0.007419812195640822,patient11_window16s_stride1s-epo,beta
1359,-0.00838476114574151,patient11_window16s_stride1s-epo,beta
1360,-0.008728689075284058,patient11_window16s_stride1s-epo,beta
1361,-0.007102141510923454,patient11_window16s_stride1s-epo,beta
1362,-0.00737963877549824,patient11_window16s_stride1s-epo,beta
1363,-0.008056718230458637,patient11_window16s_stride1s-epo,beta
1364,-0.007927011084920247,patient11_window16s_stride1s-epo,beta
1365,-0.007018531547786947,patient11_window16s_stride1s-epo,beta
1366,-0.00697610372048714,patient11_window16s_stride1s-epo,beta
1367,-0.00714522343280112,patient11_window16s_stride1s-epo,beta
1368,-0.004660535416553786,patient11_window16s_stride1s-epo,beta
1369,-0.005277928967880662,patient11_window16s_stride1s-epo,beta
1370,-0.004341432293925334,patient11_window16s_stride1s-epo,beta
1371,-0.004348718957410752,patient11_window16s_stride1s-epo,beta
1372,-0.003963594615406612,patient11_window16s_stride1s-epo,beta
1373,-0.003913021169876573,patient11_window16s_stride1s-epo,beta
1374,-0.0038783064618439556,patient11_window16s_stride1s-epo,beta
1375,-0.0035295448139674402,patient11_window16s_stride1s-epo,beta
1376,-0.0032380361736183434,patient11_window16s_stride1s-epo,beta
1377,-0.003004001945535738,patient11_window16s_stride1s-epo,beta
1378,-0.003730847960859796,patient11_window16s_stride1s-epo,beta
1379,-0.0034562570787923467,patient11_window16s_stride1s-epo,beta
1380,-0.0037494611091288804,patient11_window16s_stride1s-epo,beta
1381,-0.0034861414791015743,patient11_window16s_stride1s-epo,beta
1382,-0.002813311420057322,patient11_window16s_stride1s-epo,beta
1383,-0.003725376977685226,patient11_window16s_stride1s-epo,beta
1384,-0.0035048344671281396,patient11_window16s_stride1s-epo,beta
1385,-0.004029835689448978,patient11_window16s_stride1s-epo,beta
1386,-0.005489800196332312,patient11_window16s_stride1s-epo,beta
1387,-0.006727520974487043,patient11_window16s_stride1s-epo,beta
1388,-0.00686363577356663,patient11_window16s_stride1s-epo,beta
1389,-0.006233010895950258,patient11_window16s_stride1s-epo,beta
1390,-0.0064521431112642726,patient11_window16s_stride1s-epo,beta
1391,-0.00864678905551712,patient11_window16s_stride1s-epo,beta
1392,-0.009163123534311696,patient11_window16s_stride1s-epo,beta
1393,-0.007374484092390114,patient11_window16s_stride1s-epo,beta
1394,-0.006947649525058153,patient11_window16s_stride1s-epo,beta
1395,-0.007264440408899432,patient11_window16s_stride1s-epo,beta
1396,-0.007366872133298584,patient11_window16s_stride1s-epo,beta
1397,-0.007564564286104756,patient11_window16s_stride1s-epo,beta
1398,-0.005801750954955528,patient11_window16s_stride1s-epo,beta
1399,-0.00648074613635104,patient11_window16s_stride1s-epo,beta
1400,-0.005857875819187002,patient11_window16s_stride1s-epo,beta
1401,-0.003957294602584643,patient11_window16s_stride1s-epo,beta
1402,-0.004388630292353383,patient11_window16s_stride1s-epo,beta
1403,-0.003930212175071834,patient11_window16s_stride1s-epo,beta
1404,-0.003066384981839108,patient11_window16s_stride1s-epo,beta
1405,-0.0033180397622245388,patient11_window16s_stride1s-epo,beta
1406,-0.004153669007803345,patient11_window16s_stride1s-epo,beta
1407,-0.004379143755987364,patient11_window16s_stride1s-epo,beta
1408,-0.0048809058015758,patient11_window16s_stride1s-epo,beta
1409,-0.00407913678207152,patient11_window16s_stride1s-epo,beta
1410,-0.004828716250927567,patient11_window16s_stride1s-epo,beta
1411,-0.00417023714256992,patient11_window16s_stride1s-epo,beta
1412,-0.004187281716380754,patient11_window16s_stride1s-epo,beta
1413,-0.003996276688760448,patient11_window16s_stride1s-epo,beta
1414,-0.0043993390508426005,patient11_window16s_stride1s-epo,beta
1415,-0.004280352583217217,patient11_window16s_stride1s-epo,beta
1416,-0.003930255911096919,patient11_window16s_stride1s-epo,beta
1417,-0.003891947971570332,patient11_window16s_stride1s-epo,beta
1418,-0.004712867069610811,patient11_window16s_stride1s-epo,beta
1419,-0.004246310533653189,patient11_window16s_stride1s-epo,beta
1420,-0.005658066965124277,patient11_window16s_stride1s-epo,beta
1421,-0.005322766894441402,patient11_window16s_stride1s-epo,beta
1422,-0.0050311260630254255,patient11_window16s_stride1s-epo,beta
1423,-0.004957287931579516,patient11_window16s_stride1s-epo,beta
1424,-0.004639144393954346,patient11_window16s_stride1s-epo,beta
1425,-0.0037836654322875992,patient11_window16s_stride1s-epo,beta
1426,-0.004684126817372204,patient11_window16s_stride1s-epo,beta
1427,-0.0043191462550752615,patient11_window16s_stride1s-epo,beta
1428,-0.004787104991158786,patient11_window16s_stride1s-epo,beta
1429,-0.005263463036890584,patient11_window16s_stride1s-epo,beta
1430,-0.006025184202664374,patient11_window16s_stride1s-epo,beta
1431,-0.006141959014211355,patient11_window16s_stride1s-epo,beta
1432,-0.006204572973880759,patient11_window16s_stride1s-epo,beta
1433,-0.0066440375517637955,patient11_window16s_stride1s-epo,beta
1434,-0.005026923472810617,patient11_window16s_stride1s-epo,beta
1435,-0.005123627774611135,patient11_window16s_stride1s-epo,beta
1436,-0.0038796305620987038,patient11_window16s_stride1s-epo,beta
1437,-0.004345752908646476,patient11_window16s_stride1s-epo,beta
1438,-0.003935137412402982,patient11_window16s_stride1s-epo,beta
1439,-0.00485807255490316,patient11_window16s_stride1s-epo,beta
1440,-0.0037585856027382123,patient11_window16s_stride1s-epo,beta
1441,-0.003989004548001298,patient11_window16s_stride1s-epo,beta
1442,-0.0032177521549194062,patient11_window16s_stride1s-epo,beta
1443,-0.004694951721289865,patient11_window16s_stride1s-epo,beta
1444,-0.0040430101881776806,patient11_window16s_stride1s-epo,beta
1445,-0.004810842709560095,patient11_window16s_stride1s-epo,beta
1446,-0.004883919327844538,patient11_window16s_stride1s-epo,beta
1447,-0.005843433938272994,patient11_window16s_stride1s-epo,beta
1448,-0.004826915834901918,patient11_window16s_stride1s-epo,beta
1449,-0.005572508439053144,patient11_window16s_stride1s-epo,beta
1450,-0.007404668302900216,patient11_window16s_stride1s-epo,beta
1451,-0.007256521023969123,patient11_window16s_stride1s-epo,beta
1452,-0.007461190008140212,patient11_window16s_stride1s-epo,beta
1453,-0.007869864863980058,patient11_window16s_stride1s-epo,beta
1454,-0.007790552610570508,patient11_window16s_stride1s-epo,beta
1455,-0.007737534139320835,patient11_window16s_stride1s-epo,beta
1456,-0.008308209705314618,patient11_window16s_stride1s-epo,beta
1457,-0.0071660264378760495,patient11_window16s_stride1s-epo,beta
1458,-0.008488249600327666,patient11_window16s_stride1s-epo,beta
1459,-0.008786561366452887,patient11_window16s_stride1s-epo,beta
1460,-0.009926051887604629,patient11_window16s_stride1s-epo,beta
1461,-0.010639846262113974,patient11_window16s_stride1s-epo,beta
1462,-0.010886320066795359,patient11_window16s_stride1s-epo,beta
1463,-0.010368137455668438,patient11_window16s_stride1s-epo,beta
1464,-0.010369806451690467,patient11_window16s_stride1s-epo,beta
1465,-0.011003861802658103,patient11_window16s_stride1s-epo,beta
1466,-0.009065953782591521,patient11_window16s_stride1s-epo,beta
1467,-0.00939580491110191,patient11_window16s_stride1s-epo,beta
1468,-0.010513585159074546,patient11_window16s_stride1s-epo,beta
1469,-0.010475166735579532,patient11_window16s_stride1s-epo,beta
1470,-0.009555670851039965,patient11_window16s_stride1s-epo,beta
1471,-0.009265465767196491,patient11_window16s_stride1s-epo,beta
1472,-0.010196833570077337,patient11_window16s_stride1s-epo,beta
1473,-0.010132568728629965,patient11_window16s_stride1s-epo,beta
1474,-0.009879744093561224,patient11_window16s_stride1s-epo,beta
1475,-0.010956290849292635,patient11_window16s_stride1s-epo,beta
1476,-0.00805826058772117,patient11_window16s_stride1s-epo,beta
1477,-0.0065316797615498565,patient11_window16s_stride1s-epo,beta
1478,-0.00591711127118132,patient11_window16s_stride1s-epo,beta
1479,-0.007369594167261859,patient11_window16s_stride1s-epo,beta
1480,-0.007913894513178471,patient11_window16s_stride1s-epo,beta
1481,-0.008464139132549809,patient11_window16s_stride1s-epo,beta
1482,-0.009689406732580416,patient11_window16s_stride1s-epo,beta
1483,-0.01065337078560792,patient11_window16s_stride1s-epo,beta
1484,-0.00884495599916733,patient11_window16s_stride1s-epo,beta
1485,-0.008986805437048636,patient11_window16s_stride1s-epo,beta
1486,-0.009643640869365004,patient11_window16s_stride1s-epo,beta
1487,-0.008935283944712602,patient11_window16s_stride1s-epo,beta
1488,-0.006828901132881425,patient11_window16s_stride1s-epo,beta
1489,-0.007727357810663433,patient11_window16s_stride1s-epo,beta
1490,-0.007758340613909086,patient11_window16s_stride1s-epo,beta
1491,-0.0068066038899543616,patient11_window16s_stride1s-epo,beta
1492,-0.006870277095197012,patient11_window16s_stride1s-epo,beta
1493,-0.007096945887131178,patient11_window16s_stride1s-epo,beta
1494,-0.007342243514407482,patient11_window16s_stride1s-epo,beta
1495,-0.0074701639737260956,patient11_window16s_stride1s-epo,beta
1496,-0.006164190849977986,patient11_window16s_stride1s-epo,beta
1497,-0.0064178615341359165,patient11_window16s_stride1s-epo,beta
1498,-0.004624668480544181,patient11_window16s_stride1s-epo,beta
1499,-0.003236842329337177,patient11_window16s_stride1s-epo,beta
1500,-0.003967759019756267,patient11_window16s_stride1s-epo,beta
1501,-0.0038644758783032977,patient11_window16s_stride1s-epo,beta
1502,-0.0050798692064886125,patient11_window16s_stride1s-epo,beta
1503,-0.005725470825818995,patient11_window16s_stride1s-epo,beta
1504,-0.004461748238348934,patient11_window16s_stride1s-epo,beta
1505,-0.004347756443307187,patient11_window16s_stride1s-epo,beta
1506,-0.005299727868353612,patient11_window16s_stride1s-epo,beta
1507,-0.006407709689056347,patient11_window16s_stride1s-epo,beta
1508,-0.004418410317054117,patient11_window16s_stride1s-epo,beta
1509,-0.0049761151825952615,patient11_window16s_stride1s-epo,beta
1510,-0.005185499786137946,patient11_window16s_stride1s-epo,beta
1511,-0.006048914875555214,patient11_window16s_stride1s-epo,beta
1512,-0.0044932725972154875,patient11_window16s_stride1s-epo,beta
1513,-0.0038104588300162025,patient11_window16s_stride1s-epo,beta
1514,-0.004481871090883342,patient11_window16s_stride1s-epo,beta
1515,-0.004325309596289369,patient11_window16s_stride1s-epo,beta
1516,-0.0054589735600248995,patient11_window16s_stride1s-epo,beta
1517,-0.0048756719108159485,patient11_window16s_stride1s-epo,beta
1518,-0.004854001418457522,patient11_window16s_stride1s-epo,beta
1519,-0.005370309594790479,patient11_window16s_stride1s-epo,beta
1520,-0.004899052256249466,patient11_window16s_stride1s-epo,beta
1521,-0.005466853458640297,patient11_window16s_stride1s-epo,beta
1522,-0.004020011982244086,patient11_window16s_stride1s-epo,beta
1523,-0.0035239238746664105,patient11_window16s_stride1s-epo,beta
1524,-0.004093862339904581,patient11_window16s_stride1s-epo,beta
1525,-0.003551483385750311,patient11_window16s_stride1s-epo,beta
1526,-0.0046898383437423185,patient11_window16s_stride1s-epo,beta
1527,-0.005508724118567015,patient11_window16s_stride1s-epo,beta
1528,-0.004788829011407979,patient11_window16s_stride1s-epo,beta
1529,-0.004984275388086362,patient11_window16s_stride1s-epo,beta
1530,-0.0037345525085887197,patient11_window16s_stride1s-epo,beta
1531,-0.0049300760483913875,patient11_window16s_stride1s-epo,beta
1532,-0.005003902239315041,patient11_window16s_stride1s-epo,beta
1533,-0.004341801443265428,patient11_window16s_stride1s-epo,beta
1534,-0.0054726539360127014,patient11_window16s_stride1s-epo,beta
1535,-0.006058769171207008,patient11_window16s_stride1s-epo,beta
1536,-0.006008662902924896,patient11_window16s_stride1s-epo,beta
1537,-0.005965356072157796,patient11_window16s_stride1s-epo,beta
1538,-0.005932957567112015,patient11_window16s_stride1s-epo,beta
1539,-0.0072888541182111475,patient11_window16s_stride1s-epo,beta
1540,-0.007034758144667891,patient11_window16s_stride1s-epo,beta
1541,-0.005957268564984946,patient11_window16s_stride1s-epo,beta
1542,-0.005630870952374631,patient11_window16s_stride1s-epo,beta
1543,-0.005843666292189816,patient11_window16s_stride1s-epo,beta
1544,-0.005893779077075414,patient11_window16s_stride1s-epo,beta
1545,-0.005586617456707043,patient11_window16s_stride1s-epo,beta
1546,-0.005778941679141472,patient11_window16s_stride1s-epo,beta
1547,-0.006682447962040545,patient11_window16s_stride1s-epo,beta
1548,-0.006188821162357832,patient11_window16s_stride1s-epo,beta
1549,-0.00667429158827555,patient11_window16s_stride1s-epo,beta
1550,-0.007775449209996255,patient11_window16s_stride1s-epo,beta
1551,-0.008774830434855732,patient11_window16s_stride1s-epo,beta
1552,-0.007624306781215958,patient11_window16s_stride1s-epo,beta
1553,-0.007955789514368075,patient11_window16s_stride1s-epo,beta
1554,-0.007088023485387506,patient11_window16s_stride1s-epo,beta
1555,-0.007957374591716148,patient11_window16s_stride1s-epo,beta
1556,-0.008615430655355005,patient11_window16s_stride1s-epo,beta
1557,-0.00871359422523602,patient11_window16s_stride1s-epo,beta
1558,-0.007884032477623851,patient11_window16s_stride1s-epo,beta
1559,-0.0077546846232256625,patient11_window16s_stride1s-epo,beta
1560,-0.007495560161754676,patient11_window16s_stride1s-epo,beta
1561,-0.006967393458960039,patient11_window16s_stride1s-epo,beta
1562,-0.006866534069891074,patient11_window16s_stride1s-epo,beta
1563,-0.006398972737895849,patient11_window16s_stride1s-epo,beta
1564,-0.006812254078471863,patient11_window16s_stride1s-epo,beta
1565,-0.005785816530075617,patient11_window16s_stride1s-epo,beta
1566,-0.00488139854678675,patient11_window16s_stride1s-epo,beta
1567,-0.004580066152546941,patient11_window16s_stride1s-epo,beta
1568,-0.005107969060972914,patient11_window16s_stride1s-epo,beta
1569,-0.004274107863607265,patient11_window16s_stride1s-epo,beta
1570,-0.00468260027623685,patient11_window16s_stride1s-epo,beta
1571,-0.005454996084606228,patient11_window16s_stride1s-epo,beta
1572,-0.005172087747980003,patient11_window16s_stride1s-epo,beta
1573,-0.00652828060585985,patient11_window16s_stride1s-epo,beta
1574,-0.00506310159602597,patient11_window16s_stride1s-epo,beta
1575,-0.006572295585264641,patient11_window16s_stride1s-epo,beta
1576,-0.007939234517549729,patient11_window16s_stride1s-epo,beta
1577,-0.007070715758582661,patient11_window16s_stride1s-epo,beta
1578,-0.006668203955184885,patient11_window16s_stride1s-epo,beta
1579,-0.007100358852997996,patient11_window16s_stride1s-epo,beta
1580,-0.0063765452537662155,patient11_window16s_stride1s-epo,beta
1581,-0.006146822013038116,patient11_window16s_stride1s-epo,beta
1582,-0.007500999885724256,patient11_window16s_stride1s-epo,beta
1583,-0.008129562868156723,patient11_window16s_stride1s-epo,beta
1584,-0.007969063341421712,patient11_window16s_stride1s-epo,beta
1585,-0.007137977120060351,patient11_window16s_stride1s-epo,beta
1586,-0.008359491515712213,patient11_window16s_stride1s-epo,beta
1587,-0.0054661878704342,patient11_window16s_stride1s-epo,beta
1588,-0.006560242549519599,patient11_window16s_stride1s-epo,beta
1589,-0.00595632261670074,patient11_window16s_stride1s-epo,beta
1590,-0.006870353940347808,patient11_window16s_stride1s-epo,beta
1591,-0.007199728244876133,patient11_window16s_stride1s-epo,beta
1592,-0.007170033614896696,patient11_window16s_stride1s-epo,beta
1593,-0.00726329202053759,patient11_window16s_stride1s-epo,beta
1594,-0.006807300868223053,patient11_window16s_stride1s-epo,beta
1595,-0.00810999706024246,patient11_window16s_stride1s-epo,beta
1596,-0.009543168898152416,patient11_window16s_stride1s-epo,beta
1597,-0.009085462629872143,patient11_window16s_stride1s-epo,beta
1598,-0.009090641518906225,patient11_window16s_stride1s-epo,beta
1599,-0.01066301002440466,patient11_window16s_stride1s-epo,beta
1600,-0.011774147714459808,patient11_window16s_stride1s-epo,beta
1601,-0.012035559749540969,patient11_window16s_stride1s-epo,beta
1602,-0.011554738742805774,patient11_window16s_stride1s-epo,beta
1603,-0.010552288482725788,patient11_window16s_stride1s-epo,beta
1604,-0.012213750130141242,patient11_window16s_stride1s-epo,beta
1605,-0.012578834786300728,patient11_window16s_stride1s-epo,beta
1606,-0.012063531258259865,patient11_window16s_stride1s-epo,beta
1607,-0.01138312079458279,patient11_window16s_stride1s-epo,beta
1608,-0.0111516354865638,patient11_window16s_stride1s-epo,beta
1609,-0.010316079812250696,patient11_window16s_stride1s-epo,beta
1610,-0.010065931949635879,patient11_window16s_stride1s-epo,beta
1611,-0.010609069530939198,patient11_window16s_stride1s-epo,beta
1612,-0.009227382108384299,patient11_window16s_stride1s-epo,beta
1613,-0.009334242466365248,patient11_window16s_stride1s-epo,beta
1614,-0.008130822836293322,patient11_window16s_stride1s-epo,beta
1615,-0.009213493705495806,patient11_window16s_stride1s-epo,beta
1616,-0.008590589029761909,patient11_window16s_stride1s-epo,beta
1617,-0.00881573936284399,patient11_window16s_stride1s-epo,beta
1618,-0.008294908281983114,patient11_window16s_stride1s-epo,beta
1619,-0.008612717277560609,patient11_window16s_stride1s-epo,beta
1620,-0.007274155160478152,patient11_window16s_stride1s-epo,beta
1621,-0.008479256658142512,patient11_window16s_stride1s-epo,beta
1622,-0.007710318444639422,patient11_window16s_stride1s-epo,beta
1623,-0.007205630655015865,patient11_window16s_stride1s-epo,beta
1624,-0.0071942714553328005,patient11_window16s_stride1s-epo,beta
1625,-0.007277119847271647,patient11_window16s_stride1s-epo,beta
1626,-0.008306226429610243,patient11_window16s_stride1s-epo,beta
1627,-0.008054358695544352,patient11_window16s_stride1s-epo,beta
1628,-0.008084721726025847,patient11_window16s_stride1s-epo,beta
1629,-0.007880471111478667,patient11_window16s_stride1s-epo,beta
1630,-0.008263915491640938,patient11_window16s_stride1s-epo,beta
1631,-0.008778986003313467,patient11_window16s_stride1s-epo,beta
1632,-0.01100888726223571,patient11_window16s_stride1s-epo,beta
1633,-0.012374904485549116,patient11_window16s_stride1s-epo,beta
1634,-0.01238990498169295,patient11_window16s_stride1s-epo,beta
1635,-0.012174968261972624,patient11_window16s_stride1s-epo,beta
1636,-0.010189056481414232,patient11_window16s_stride1s-epo,beta
1637,-0.009996390944247598,patient11_window16s_stride1s-epo,beta
1638,-0.010565553953613043,patient11_window16s_stride1s-epo,beta
1639,-0.011429293467679734,patient11_window16s_stride1s-epo,beta
1640,-0.010734700009936598,patient11_window16s_stride1s-epo,beta
1641,-0.00841456471018811,patient11_window16s_stride1s-epo,beta
1642,-0.007960948736180478,patient11_window16s_stride1s-epo,beta
1643,-0.008072311852092645,patient11_window16s_stride1s-epo,beta
1644,-0.007711491128074979,patient11_window16s_stride1s-epo,beta
1645,-0.007592398589950363,patient11_window16s_stride1s-epo,beta
1646,-0.0064111515214946855,patient11_window16s_stride1s-epo,beta
1647,-0.005366509133050517,patient11_window16s_stride1s-epo,beta
1648,-0.0028136973068978604,patient11_window16s_stride1s-epo,beta
1649,-0.003041382195821638,patient11_window16s_stride1s-epo,beta
1650,-0.0023736043268341458,patient11_window16s_stride1s-epo,beta
1651,-0.002818201709883375,patient11_window16s_stride1s-epo,beta
1652,-0.002172780771231264,patient11_window16s_stride1s-epo,beta
1653,-0.002654603131107105,patient11_window16s_stride1s-epo,beta
1654,-0.0027945363910526835,patient11_window16s_stride1s-epo,beta
1655,-0.003902670918797987,patient11_window16s_stride1s-epo,beta
1656,-0.004439850996720554,patient11_window16s_stride1s-epo,beta
1657,-0.004934084748462349,patient11_window16s_stride1s-epo,beta
1658,-0.004303708969471624,patient11_window16s_stride1s-epo,beta
1659,-0.004094084611780495,patient11_window16s_stride1s-epo,beta
1660,-0.00397637615779157,patient11_window16s_stride1s-epo,beta
1661,-0.003981221412065836,patient11_window16s_stride1s-epo,beta
1662,-0.0044397979182189086,patient11_window16s_stride1s-epo,beta
1663,-0.0048873359915847505,patient11_window16s_stride1s-epo,beta
1664,-0.005458482514220261,patient11_window16s_stride1s-epo,beta
1665,-0.005956405799820102,patient11_window16s_stride1s-epo,beta
1666,-0.006616462746747537,patient11_window16s_stride1s-epo,beta
1667,-0.007425489621771355,patient11_window16s_stride1s-epo,beta
1668,-0.008258998428100659,patient11_window16s_stride1s-epo,beta
1669,-0.009153167736212586,patient11_window16s_stride1s-epo,beta
1670,-0.007841241006417197,patient11_window16s_stride1s-epo,beta
1671,-0.007789590315379184,patient11_window16s_stride1s-epo,beta
1672,-0.008231592725481279,patient11_window16s_stride1s-epo,beta
1673,-0.008374505897906889,patient11_window16s_stride1s-epo,beta
1674,-0.007149649988426765,patient11_window16s_stride1s-epo,beta
1675,-0.007863548794401144,patient11_window16s_stride1s-epo,beta
1676,-0.00744515426268704,patient11_window16s_stride1s-epo,beta
1677,-0.006866001998969484,patient11_window16s_stride1s-epo,beta
1678,-0.007417546818871474,patient11_window16s_stride1s-epo,beta
1679,-0.007748859894098225,patient11_window16s_stride1s-epo,beta
1680,-0.00757532796478863,patient11_window16s_stride1s-epo,beta
1681,-0.007450813234687357,patient11_window16s_stride1s-epo,beta
1682,-0.0068797264284065265,patient11_window16s_stride1s-epo,beta
1683,-0.005726805738037435,patient11_window16s_stride1s-epo,beta
1684,-0.005060255234838105,patient11_window16s_stride1s-epo,beta
1685,-0.0050874279689839775,patient11_window16s_stride1s-epo,beta
1686,-0.006809705960506914,patient11_window16s_stride1s-epo,beta
1687,-0.006748061131330642,patient11_window16s_stride1s-epo,beta
1688,-0.00565627941909497,patient11_window16s_stride1s-epo,beta
1689,-0.005402351268489926,patient11_window16s_stride1s-epo,beta
1690,-0.0042437526733039846,patient11_window16s_stride1s-epo,beta
1691,-0.0044517820981018535,patient11_window16s_stride1s-epo,beta
1692,-0.0040942729210016555,patient11_window16s_stride1s-epo,beta
1693,-0.004039871716455526,patient11_window16s_stride1s-epo,beta
1694,-0.005546532696499885,patient11_window16s_stride1s-epo,beta
1695,-0.006180433562426821,patient11_window16s_stride1s-epo,beta
1696,-0.005732362151397536,patient11_window16s_stride1s-epo,beta
1697,-0.005389949640113041,patient11_window16s_stride1s-epo,beta
1698,-0.0047741917352020985,patient11_window16s_stride1s-epo,beta
1699,-0.005405620507718103,patient11_window16s_stride1s-epo,beta
1700,-0.005101841727724763,patient11_window16s_stride1s-epo,beta
1701,-0.004209064652531314,patient11_window16s_stride1s-epo,beta
1702,-0.004124515718655463,patient11_window16s_stride1s-epo,beta
1703,-0.003400324386699616,patient11_window16s_stride1s-epo,beta
1704,-0.0043341786198095745,patient11_window16s_stride1s-epo,beta
1705,-0.004663432046395907,patient11_window16s_stride1s-epo,beta
1706,-0.005393131364998637,patient11_window16s_stride1s-epo,beta
1707,-0.005471170242742492,patient11_window16s_stride1s-epo,beta
1708,-0.006562072617774016,patient11_window16s_stride1s-epo,beta
1709,-0.006306807391523609,patient11_window16s_stride1s-epo,beta
1710,-0.005111761486952613,patient11_window16s_stride1s-epo,beta
1711,-0.003961123592047437,patient11_window16s_stride1s-epo,beta
1712,-0.0046220751385088734,patient11_window16s_stride1s-epo,beta
1713,-0.005263500260474056,patient11_window16s_stride1s-epo,beta
1714,-0.005890329181600265,patient11_window16s_stride1s-epo,beta
1715,-0.005375400936666306,patient11_window16s_stride1s-epo,beta
1716,-0.004678578619512102,patient11_window16s_stride1s-epo,beta
1717,-0.005560272716779022,patient11_window16s_stride1s-epo,beta
1718,-0.0058156279169573055,patient11_window16s_stride1s-epo,beta
1719,-0.00550480131267042,patient11_window16s_stride1s-epo,beta
1720,-0.00473453841242295,patient11_window16s_stride1s-epo,beta
1721,-0.004640413002544108,patient11_window16s_stride1s-epo,beta
1722,-0.00525369733467972,patient11_window16s_stride1s-epo,beta
1723,-0.005168110892968102,patient11_window16s_stride1s-epo,beta
1724,-0.005097223886545253,patient11_window16s_stride1s-epo,beta
1725,-0.005683457317949093,patient11_window16s_stride1s-epo,beta
1726,-0.00604216982064938,patient11_window16s_stride1s-epo,beta
1727,-0.005198816938617911,patient11_window16s_stride1s-epo,beta
1728,-0.006188634972781872,patient11_window16s_stride1s-epo,beta
1729,-0.0049662972095672634,patient11_window16s_stride1s-epo,beta
1730,-0.0052362728397987385,patient11_window16s_stride1s-epo,beta
1731,-0.004221537716197371,patient11_window16s_stride1s-epo,beta
1732,-0.0047122393480362856,patient11_window16s_stride1s-epo,beta
1733,-0.005069553877341678,patient11_window16s_stride1s-epo,beta
1734,-0.004189185583751128,patient11_window16s_stride1s-epo,beta
1735,-0.00427164894845002,patient11_window16s_stride1s-epo,beta
1736,-0.0047337681075001175,patient11_window16s_stride1s-epo,beta
1737,-0.005641447223782808,patient11_window16s_stride1s-epo,beta
1738,-0.005284992271233414,patient11_window16s_stride1s-epo,beta
1739,-0.006391197005840292,patient11_window16s_stride1s-epo,beta
1740,-0.0064472286495268665,patient11_window16s_stride1s-epo,beta
1741,-0.006420378436868017,patient11_window16s_stride1s-epo,beta
1742,-0.006425533331020706,patient11_window16s_stride1s-epo,beta
1743,-0.00991348019819199,patient11_window16s_stride1s-epo,beta
1744,-0.010724372013709547,patient11_window16s_stride1s-epo,beta
1745,-0.011566018556321936,patient11_window16s_stride1s-epo,beta
1746,-0.011626659208257497,patient11_window16s_stride1s-epo,beta
1747,-0.01278329350481352,patient11_window16s_stride1s-epo,beta
1748,-0.012484171119004697,patient11_window16s_stride1s-epo,beta
1749,-0.01246949136514402,patient11_window16s_stride1s-epo,beta
1750,-0.011764750594961688,patient11_window16s_stride1s-epo,beta
1751,-0.011611579650816,patient11_window16s_stride1s-epo,beta
1752,-0.01121814039165947,patient11_window16s_stride1s-epo,beta
1753,-0.010745043357062957,patient11_window16s_stride1s-epo,beta
1754,-0.009615885154591034,patient11_window16s_stride1s-epo,beta
1755,-0.008616355119248156,patient11_window16s_stride1s-epo,beta
1756,-0.007923980585075789,patient11_window16s_stride1s-epo,beta
1757,-0.007607087353161847,patient11_window16s_stride1s-epo,beta
1758,-0.00679154582356144,patient11_window16s_stride1s-epo,beta
1759,-0.004937327209425994,patient11_window16s_stride1s-epo,beta
1760,-0.004833095188527492,patient11_window16s_stride1s-epo,beta
1761,-0.005305470491106159,patient11_window16s_stride1s-epo,beta
1762,-0.00589758879692551,patient11_window16s_stride1s-epo,beta
1763,-0.004180781155248299,patient11_window16s_stride1s-epo,beta
1764,-0.004288814170652037,patient11_window16s_stride1s-epo,beta
1765,-0.003909671794858312,patient11_window16s_stride1s-epo,beta
1766,-0.0057192263430568616,patient11_window16s_stride1s-epo,beta
1767,-0.006198272572168004,patient11_window16s_stride1s-epo,beta
1768,-0.006712608383608523,patient11_window16s_stride1s-epo,beta
1769,-0.006723246406732125,patient11_window16s_stride1s-epo,beta
1770,-0.004828417282759797,patient11_window16s_stride1s-epo,beta
1771,-0.004591262797021494,patient11_window16s_stride1s-epo,beta
1772,-0.006006405020273557,patient11_window16s_stride1s-epo,beta
1773,-0.005844391501323678,patient11_window16s_stride1s-epo,beta
1774,-0.0039721901514462865,patient11_window16s_stride1s-epo,beta
1775,-0.004446580557190148,patient11_window16s_stride1s-epo,beta
1776,-0.003865158254550363,patient11_window16s_stride1s-epo,beta
1777,-0.00482497351449628,patient11_window16s_stride1s-epo,beta
1778,-0.0058611607173830035,patient11_window16s_stride1s-epo,beta
1779,-0.006034745983557058,patient11_window16s_stride1s-epo,beta
1780,-0.0062460103543469985,patient11_window16s_stride1s-epo,beta
1781,-0.005840945385859325,patient11_window16s_stride1s-epo,beta
1782,-0.006664910583832014,patient11_window16s_stride1s-epo,beta
1783,-0.006940150938079315,patient11_window16s_stride1s-epo,beta
1784,-0.006454162394818777,patient11_window16s_stride1s-epo,beta
1785,-0.006448553474060113,patient11_window16s_stride1s-epo,beta
1786,-0.0075939065994877555,patient11_window16s_stride1s-epo,beta
1787,-0.007387986889027113,patient11_window16s_stride1s-epo,beta
1788,-0.006792694664325414,patient11_window16s_stride1s-epo,beta
1789,-0.007430726987898783,patient11_window16s_stride1s-epo,beta
1790,-0.0072621284785349335,patient11_window16s_stride1s-epo,beta
1791,-0.0075484631152207505,patient11_window16s_stride1s-epo,beta
1792,-0.007208907694508222,patient11_window16s_stride1s-epo,beta
1793,-0.007083026191004921,patient11_window16s_stride1s-epo,beta
1794,-0.006233975610446026,patient11_window16s_stride1s-epo,beta
1795,-0.004888443859821223,patient11_window16s_stride1s-epo,beta
1796,-0.005436140888591921,patient11_window16s_stride1s-epo,beta
1797,-0.00491092995152839,patient11_window16s_stride1s-epo,beta
1798,-0.004809471885793589,patient11_window16s_stride1s-epo,beta
1799,-0.005365556921678193,patient11_window16s_stride1s-epo,beta
1800,-0.005335661010467113,patient11_window16s_stride1s-epo,beta
1801,-0.004103347918787929,patient11_window16s_stride1s-epo,beta
1802,-0.0037513823877557916,patient11_window16s_stride1s-epo,beta
1803,-0.00480027518300278,patient11_window16s_stride1s-epo,beta
1804,-0.004089363823476122,patient11_window16s_stride1s-epo,beta
1805,-0.0029506688255618065,patient11_window16s_stride1s-epo,beta
1806,-0.0034872785005187748,patient11_window16s_stride1s-epo,beta
1807,-0.0017953252482497664,patient11_window16s_stride1s-epo,beta
1808,-0.0010759303931887187,patient11_window16s_stride1s-epo,beta
1809,-0.0019118398956194766,patient11_window16s_stride1s-epo,beta
1810,-0.0022113953224235086,patient11_window16s_stride1s-epo,beta
1811,-0.0021687904140106594,patient11_window16s_stride1s-epo,beta
1812,-0.0032153452014758886,patient11_window16s_stride1s-epo,beta
1813,-0.001963478605452386,patient11_window16s_stride1s-epo,beta
1814,-0.0026412636561757223,patient11_window16s_stride1s-epo,beta
1815,-0.002779903392498237,patient11_window16s_stride1s-epo,beta
1816,-0.0027968373148393017,patient11_window16s_stride1s-epo,beta
1817,-0.002182958986707793,patient11_window16s_stride1s-epo,beta
1818,-0.0023870302180561535,patient11_window16s_stride1s-epo,beta
1819,-0.00330734020177013,patient11_window16s_stride1s-epo,beta
1820,-0.0010317515361855172,patient11_window16s_stride1s-epo,beta
1821,-0.0020346878392092714,patient11_window16s_stride1s-epo,beta
1822,-0.002469622313308508,patient11_window16s_stride1s-epo,beta
1823,-0.003691591292393802,patient11_window16s_stride1s-epo,beta
1824,-0.004885624043829025,patient11_window16s_stride1s-epo,beta
1825,-0.005082941615920245,patient11_window16s_stride1s-epo,beta
1826,-0.004695068121827817,patient11_window16s_stride1s-epo,beta
1827,-0.005563545950220408,patient11_window16s_stride1s-epo,beta
1828,-0.005434414053270239,patient11_window16s_stride1s-epo,beta
1829,-0.0061004600515963976,patient11_window16s_stride1s-epo,beta
1830,-0.006004922924863302,patient11_window16s_stride1s-epo,beta
1831,-0.005759525224822921,patient11_window16s_stride1s-epo,beta
1832,-0.00522635535936959,patient11_window16s_stride1s-epo,beta
1833,-0.005327909732528012,patient11_window16s_stride1s-epo,beta
1834,-0.005169010407962919,patient11_window16s_stride1s-epo,beta
1835,-0.004986801758714021,patient11_window16s_stride1s-epo,beta
1836,-0.005221825382056609,patient11_window16s_stride1s-epo,beta
1837,-0.004742606460526758,patient11_window16s_stride1s-epo,beta
1838,-0.004966746778126001,patient11_window16s_stride1s-epo,beta
1839,-0.003406246980404654,patient11_window16s_stride1s-epo,beta
1840,-0.0032096352956180263,patient11_window16s_stride1s-epo,beta
1841,-0.003412761337841642,patient11_window16s_stride1s-epo,beta
1842,-0.004431517904926089,patient11_window16s_stride1s-epo,beta
1843,-0.004331898235425402,patient11_window16s_stride1s-epo,beta
1844,-0.004591926885998843,patient11_window16s_stride1s-epo,beta
1845,-0.004319841081917974,patient11_window16s_stride1s-epo,beta
1846,-0.005089669004208426,patient11_window16s_stride1s-epo,beta
1847,-0.003236744397091697,patient11_window16s_stride1s-epo,beta
1848,-0.006087483621540297,patient11_window16s_stride1s-epo,beta
1849,-0.005611164280002106,patient11_window16s_stride1s-epo,beta
1850,-0.005161397571966798,patient11_window16s_stride1s-epo,beta
1851,-0.005871659918900394,patient11_window16s_stride1s-epo,beta
1852,-0.005576917501815075,patient11_window16s_stride1s-epo,beta
1853,-0.006211930158758258,patient11_window16s_stride1s-epo,beta
1854,-0.005551749356337561,patient11_window16s_stride1s-epo,beta
1855,-0.005950501198709361,patient11_window16s_stride1s-epo,beta
1856,-0.005243425670388115,patient11_window16s_stride1s-epo,beta
1857,-0.003922697200082184,patient11_window16s_stride1s-epo,beta
1858,-0.0032053298945517164,patient11_window16s_stride1s-epo,beta
1859,-0.0030238142543681065,patient11_window16s_stride1s-epo,beta
1860,-0.001725507357397719,patient11_window16s_stride1s-epo,beta
1861,-0.002194224472257654,patient11_window16s_stride1s-epo,beta
1862,-0.0019235350746802222,patient11_window16s_stride1s-epo,beta
1863,-0.00267585438950596,patient11_window16s_stride1s-epo,beta
1864,-0.0007074746900157265,patient11_window16s_stride1s-epo,beta
1865,-0.002069970753090509,patient11_window16s_stride1s-epo,beta
1866,-0.0017551144557058623,patient11_window16s_stride1s-epo,beta
1867,-0.0015145373700298419,patient11_window16s_stride1s-epo,beta
1868,-0.001288734114453899,patient11_window16s_stride1s-epo,beta
1869,-0.002672339833774825,patient11_window16s_stride1s-epo,beta
1870,-0.002987802036993363,patient11_window16s_stride1s-epo,beta
1871,-0.002970825706149085,patient11_window16s_stride1s-epo,beta
1872,-0.003985000451341678,patient11_window16s_stride1s-epo,beta
1873,-0.004492468019066566,patient11_window16s_stride1s-epo,beta
1874,-0.004427348565157975,patient11_window16s_stride1s-epo,beta
1875,-0.005161872695018043,patient11_window16s_stride1s-epo,beta
1876,-0.004983405433454766,patient11_window16s_stride1s-epo,beta
1877,-0.005189607591462513,patient11_window16s_stride1s-epo,beta
1878,-0.00462019975510135,patient11_window16s_stride1s-epo,beta
1879,-0.004811253545426425,patient11_window16s_stride1s-epo,beta
1880,-0.008615983578154249,patient11_window16s_stride1s-epo,beta
1881,-0.009357287737553547,patient11_window16s_stride1s-epo,beta
1882,-0.008535823892543782,patient11_window16s_stride1s-epo,beta
1883,-0.008578847396810089,patient11_window16s_stride1s-epo,beta
1884,-0.00935774255121393,patient11_window16s_stride1s-epo,beta
1885,-0.009180259901308285,patient11_window16s_stride1s-epo,beta
1886,-0.009791352488949814,patient11_window16s_stride1s-epo,beta
1887,-0.010180103062824814,patient11_window16s_stride1s-epo,beta
1888,-0.008778079103777415,patient11_window16s_stride1s-epo,beta
1889,-0.008873294431180874,patient11_window16s_stride1s-epo,beta
1890,-0.008491812689085129,patient11_window16s_stride1s-epo,beta
1891,-0.010045439006269294,patient11_window16s_stride1s-epo,beta
1892,-0.009703278569303173,patient11_window16s_stride1s-epo,beta
1893,-0.009922471979856046,patient11_window16s_stride1s-epo,beta
1894,-0.009585708039323458,patient11_window16s_stride1s-epo,beta
1895,-0.010338339351084407,patient11_window16s_stride1s-epo,beta
1896,-0.008659672541843784,patient11_window16s_stride1s-epo,beta
1897,-0.008812422561340625,patient11_window16s_stride1s-epo,beta
1898,-0.00907984535167418,patient11_window16s_stride1s-epo,beta
1899,-0.008884126466204343,patient11_window16s_stride1s-epo,beta
1900,-0.009292553031000947,patient11_window16s_stride1s-epo,beta
1901,-0.0072876629749379866,patient11_window16s_stride1s-epo,beta
1902,-0.008909594226703376,patient11_window16s_stride1s-epo,beta
1903,-0.008708823837035279,patient11_window16s_stride1s-epo,beta
1904,-0.008779779067475799,patient11_window16s_stride1s-epo,beta
1905,-0.007547872596470933,patient11_window16s_stride1s-epo,beta
1906,-0.008186950987978522,patient11_window16s_stride1s-epo,beta
1907,-0.008258813004585095,patient11_window16s_stride1s-epo,beta
1908,-0.008653146297012288,patient11_window16s_stride1s-epo,beta
1909,-0.008069863861694273,patient11_window16s_stride1s-epo,beta
1910,-0.00664460064797663,patient11_window16s_stride1s-epo,beta
1911,-0.0066337959857218545,patient11_window16s_stride1s-epo,beta
1912,-0.007578867471602962,patient11_window16s_stride1s-epo,beta
1913,-0.006370347005231097,patient11_window16s_stride1s-epo,beta
1914,-0.006250842300186726,patient11_window16s_stride1s-epo,beta
1915,-0.006235708920210901,patient11_window16s_stride1s-epo,beta
1916,-0.006030849440704729,patient11_window16s_stride1s-epo,beta
1917,-0.0056163105504599435,patient11_window16s_stride1s-epo,beta
1918,-0.005748350358134721,patient11_window16s_stride1s-epo,beta
1919,-0.005712920468071979,patient11_window16s_stride1s-epo,beta
1920,-0.00546563595134875,patient11_window16s_stride1s-epo,beta
1921,-0.0062282981768735125,patient11_window16s_stride1s-epo,beta
1922,-0.0048317477641632136,patient11_window16s_stride1s-epo,beta
1923,-0.005584625596805227,patient11_window16s_stride1s-epo,beta
1924,-0.0053401046539577396,patient11_window16s_stride1s-epo,beta
1925,-0.005941835049575415,patient11_window16s_stride1s-epo,beta
1926,-0.005251363564525221,patient11_window16s_stride1s-epo,beta
1927,-0.0045973596246149055,patient11_window16s_stride1s-epo,beta
1928,-0.005287748401924537,patient11_window16s_stride1s-epo,beta
1929,-0.00587296956544903,patient11_window16s_stride1s-epo,beta
1930,-0.006179213725978622,patient11_window16s_stride1s-epo,beta
1931,-0.00681305200952176,patient11_window16s_stride1s-epo,beta
1932,-0.007447125412012103,patient11_window16s_stride1s-epo,beta
1933,-0.006134983046637781,patient11_window16s_stride1s-epo,beta
1934,-0.006137736652932366,patient11_window16s_stride1s-epo,beta
1935,-0.008952879455933968,patient11_window16s_stride1s-epo,beta
1936,-0.008808367700508113,patient11_window16s_stride1s-epo,beta
1937,-0.009082438493986439,patient11_window16s_stride1s-epo,beta
1938,-0.008738972186186567,patient11_window16s_stride1s-epo,beta
1939,-0.00805521743710532,patient11_window16s_stride1s-epo,beta
1940,-0.008369260960068499,patient11_window16s_stride1s-epo,beta
1941,-0.008207158267159984,patient11_window16s_stride1s-epo,beta
1942,-0.009730248220490479,patient11_window16s_stride1s-epo,beta
1943,-0.00913463630245744,patient11_window16s_stride1s-epo,beta
1944,-0.009100874043665455,patient11_window16s_stride1s-epo,beta
1945,-0.00888488492453995,patient11_window16s_stride1s-epo,beta
1946,-0.007227816867967703,patient11_window16s_stride1s-epo,beta
1947,-0.009886057025532975,patient11_window16s_stride1s-epo,beta
1948,-0.010311693968538656,patient11_window16s_stride1s-epo,beta
1949,-0.010295039528280632,patient11_window16s_stride1s-epo,beta
1950,-0.009950578658442956,patient11_window16s_stride1s-epo,beta
1951,-0.006556649892303049,patient11_window16s_stride1s-epo,beta
1952,-0.0064741303388369835,patient11_window16s_stride1s-epo,beta
1953,-0.007518429934752827,patient11_window16s_stride1s-epo,beta
1954,-0.007557536213135481,patient11_window16s_stride1s-epo,beta
1955,-0.00884820806550141,patient11_window16s_stride1s-epo,beta
1956,-0.007605522235673991,patient11_window16s_stride1s-epo,beta
1957,-0.006904596232163809,patient11_window16s_stride1s-epo,beta
1958,-0.005850366678946245,patient11_window16s_stride1s-epo,beta
1959,-0.005694422062038773,patient11_window16s_stride1s-epo,beta
1960,-0.005720138918487449,patient11_window16s_stride1s-epo,beta
1961,-0.006116731870349286,patient11_window16s_stride1s-epo,beta
1962,-0.004018221488731459,patient11_window16s_stride1s-epo,beta
1963,-0.0028981336793767703,patient11_window16s_stride1s-epo,beta
1964,-0.0025977792587676086,patient11_window16s_stride1s-epo,beta
1965,-0.0025549203529494826,patient11_window16s_stride1s-epo,beta
1966,-0.003907812648132775,patient11_window16s_stride1s-epo,beta
1967,-0.005603511631094871,patient11_window16s_stride1s-epo,beta
1968,-0.004724382794007457,patient11_window16s_stride1s-epo,beta
1969,-0.005853615446501914,patient11_window16s_stride1s-epo,beta
1970,-0.0055421296779405264,patient11_window16s_stride1s-epo,beta
1971,-0.004497632360974106,patient11_window16s_stride1s-epo,beta
1972,-0.006245423886483506,patient11_window16s_stride1s-epo,beta
1973,-0.006270812433971712,patient11_window16s_stride1s-epo,beta
1974,-0.007019867923457344,patient11_window16s_stride1s-epo,beta
1975,-0.008833072467523654,patient11_window16s_stride1s-epo,beta
1976,-0.00830018222042592,patient11_window16s_stride1s-epo,beta
1977,-0.00795216583440613,patient11_window16s_stride1s-epo,beta
1978,-0.007852570305151917,patient11_window16s_stride1s-epo,beta
1979,-0.007936053087320542,patient11_window16s_stride1s-epo,beta
1980,-0.008461323895446847,patient11_window16s_stride1s-epo,beta
1981,-0.007881145104752145,patient11_window16s_stride1s-epo,beta
1982,-0.008080222053227237,patient11_window16s_stride1s-epo,beta
1983,-0.0071531618939067974,patient11_window16s_stride1s-epo,beta
1984,-0.008040361919065257,patient11_window16s_stride1s-epo,beta
1985,-0.007197044794307059,patient11_window16s_stride1s-epo,beta
1986,-0.008231610997657094,patient11_window16s_stride1s-epo,beta
1987,-0.011246134931290232,patient11_window16s_stride1s-epo,beta
1988,-0.009992586869625161,patient11_window16s_stride1s-epo,beta
1989,-0.010771372827172464,patient11_window16s_stride1s-epo,beta
1990,-0.01146477881231365,patient11_window16s_stride1s-epo,beta
1991,-0.011640071217801097,patient11_window16s_stride1s-epo,beta
1992,-0.010552991492013802,patient11_window16s_stride1s-epo,beta
1993,-0.010073010694932162,patient11_window16s_stride1s-epo,beta
1994,-0.011359169615312987,patient11_window16s_stride1s-epo,beta
1995,-0.011158390413322039,patient11_window16s_stride1s-epo,beta
1996,-0.01086674288602692,patient11_window16s_stride1s-epo,beta
1997,-0.01021365907651438,patient11_window16s_stride1s-epo,beta
1998,-0.00938540240977336,patient11_window16s_stride1s-epo,beta
1999,-0.009551586240488793,patient11_window16s_stride1s-epo,beta
2000,-0.010419495306799946,patient11_window16s_stride1s-epo,beta
2001,-0.009192760497932134,patient11_window16s_stride1s-epo,beta
2002,-0.008653848762823465,patient11_window16s_stride1s-epo,beta
2003,-0.006125774489726429,patient11_window16s_stride1s-epo,beta
2004,-0.004349579851368194,patient11_window16s_stride1s-epo,beta
2005,-0.005189980995024028,patient11_window16s_stride1s-epo,beta
2006,-0.004493016001628217,patient11_window16s_stride1s-epo,beta
2007,-0.004226021371758646,patient11_window16s_stride1s-epo,beta
2008,-0.004548074713369883,patient11_window16s_stride1s-epo,beta
2009,-0.004338664444986466,patient11_window16s_stride1s-epo,beta
2010,-0.004787355095187606,patient11_window16s_stride1s-epo,beta
2011,-0.004604741571398147,patient11_window16s_stride1s-epo,beta
2012,-0.0052775838809666084,patient11_window16s_stride1s-epo,beta
2013,-0.003715166879914255,patient11_window16s_stride1s-epo,beta
2014,-0.0033612581796395435,patient11_window16s_stride1s-epo,beta
2015,-0.003432183033549638,patient11_window16s_stride1s-epo,beta
2016,-0.0039035773215882067,patient11_window16s_stride1s-epo,beta
2017,-0.003792331058260018,patient11_window16s_stride1s-epo,beta
2018,-0.004731819758101855,patient11_window16s_stride1s-epo,beta
2019,-0.0030961586872053416,patient11_window16s_stride1s-epo,beta
2020,-0.00376979719366757,patient11_window16s_stride1s-epo,beta
2021,-0.004955807055486918,patient11_window16s_stride1s-epo,beta
2022,-0.005676187043074523,patient11_window16s_stride1s-epo,beta
2023,-0.008258057969884542,patient11_window16s_stride1s-epo,beta
2024,-0.0093328535861306,patient11_window16s_stride1s-epo,beta
2025,-0.009606062949982369,patient11_window16s_stride1s-epo,beta
2026,-0.01005013871768258,patient11_window16s_stride1s-epo,beta
2027,-0.009219975613017756,patient11_window16s_stride1s-epo,beta
2028,-0.009620484115872014,patient11_window16s_stride1s-epo,beta
2029,-0.010232958353310671,patient11_window16s_stride1s-epo,beta
2030,-0.010226368974155832,patient11_window16s_stride1s-epo,beta
2031,-0.011484213965128425,patient11_window16s_stride1s-epo,beta
2032,-0.010389377035249139,patient11_window16s_stride1s-epo,beta
2033,-0.009614990578141497,patient11_window16s_stride1s-epo,beta
2034,-0.010930867431042615,patient11_window16s_stride1s-epo,beta
2035,-0.011681334680729826,patient11_window16s_stride1s-epo,beta
2036,-0.011455657750375546,patient11_window16s_stride1s-epo,beta
2037,-0.00979957495219865,patient11_window16s_stride1s-epo,beta
2038,-0.010849976820360444,patient11_window16s_stride1s-epo,beta
2039,-0.009338793416636744,patient11_window16s_stride1s-epo,beta
2040,-0.00936671664529505,patient11_window16s_stride1s-epo,beta
2041,-0.011693143431928666,patient11_window16s_stride1s-epo,beta
2042,-0.01115261981233331,patient11_window16s_stride1s-epo,beta
2043,-0.010619347827592709,patient11_window16s_stride1s-epo,beta
2044,-0.010482134040548288,patient11_window16s_stride1s-epo,beta
2045,-0.010380086993184762,patient11_window16s_stride1s-epo,beta
2046,-0.010539859360777115,patient11_window16s_stride1s-epo,beta
2047,-0.010251968881452715,patient11_window16s_stride1s-epo,beta
2048,-0.010658810783802132,patient11_window16s_stride1s-epo,beta
2049,-0.009981432043249241,patient11_window16s_stride1s-epo,beta
2050,-0.010512945634550653,patient11_window16s_stride1s-epo,beta
2051,-0.009102742419614542,patient11_window16s_stride1s-epo,beta
2052,-0.008963200374268744,patient11_window16s_stride1s-epo,beta
2053,-0.009205263959142684,patient11_window16s_stride1s-epo,beta
2054,-0.008538838042901774,patient11_window16s_stride1s-epo,beta
2055,-0.007891994008519313,patient11_window16s_stride1s-epo,beta
2056,-0.006425230976561253,patient11_window16s_stride1s-epo,beta
2057,-0.004217489022993359,patient11_window16s_stride1s-epo,beta
2058,-0.0037217251855557296,patient11_window16s_stride1s-epo,beta
2059,-0.003934633274557449,patient11_window16s_stride1s-epo,beta
2060,-0.004583367020665796,patient11_window16s_stride1s-epo,beta
2061,-0.004804613101116687,patient11_window16s_stride1s-epo,beta
2062,-0.004623104117092907,patient11_window16s_stride1s-epo,beta
2063,-0.005416899138179636,patient11_window16s_stride1s-epo,beta
2064,-0.006271512385843847,patient11_window16s_stride1s-epo,beta
2065,-0.006467096177163366,patient11_window16s_stride1s-epo,beta
2066,-0.006227672790416145,patient11_window16s_stride1s-epo,beta
2067,-0.007094016832147397,patient11_window16s_stride1s-epo,beta
2068,-0.007624082130866492,patient11_window16s_stride1s-epo,beta
2069,-0.006128160346157988,patient11_window16s_stride1s-epo,beta
2070,-0.005326838473540174,patient11_window16s_stride1s-epo,beta
2071,-0.005710672083425663,patient11_window16s_stride1s-epo,beta
2072,-0.006239455042456545,patient11_window16s_stride1s-epo,beta
2073,-0.006499332833904706,patient11_window16s_stride1s-epo,beta
2074,-0.007215718861670229,patient11_window16s_stride1s-epo,beta
2075,-0.007450336224701867,patient11_window16s_stride1s-epo,beta
2076,-0.00889992712143995,patient11_window16s_stride1s-epo,beta
2077,-0.008417680973828692,patient11_window16s_stride1s-epo,beta
2078,-0.008379203264518019,patient11_window16s_stride1s-epo,beta
2079,-0.00819099777805427,patient11_window16s_stride1s-epo,beta
2080,-0.00840816710743042,patient11_window16s_stride1s-epo,beta
2081,-0.009159109394562147,patient11_window16s_stride1s-epo,beta
2082,-0.009061339324863079,patient11_window16s_stride1s-epo,beta
2083,-0.009225864251810146,patient11_window16s_stride1s-epo,beta
2084,-0.009911415006031576,patient11_window16s_stride1s-epo,beta
2085,-0.009381388155848004,patient11_window16s_stride1s-epo,beta
2086,-0.00969919358019888,patient11_window16s_stride1s-epo,beta
2087,-0.010009471030320696,patient11_window16s_stride1s-epo,beta
2088,-0.010748887259618749,patient11_window16s_stride1s-epo,beta
2089,-0.011179185660442764,patient11_window16s_stride1s-epo,beta
2090,-0.01055367718132176,patient11_window16s_stride1s-epo,beta
2091,-0.01129089384938823,patient11_window16s_stride1s-epo,beta
2092,-0.009294483069120152,patient11_window16s_stride1s-epo,beta
2093,-0.008563476149286549,patient11_window16s_stride1s-epo,beta
2094,-0.008862682989307988,patient11_window16s_stride1s-epo,beta
2095,-0.008588316215494688,patient11_window16s_stride1s-epo,beta
2096,-0.007469835312364929,patient11_window16s_stride1s-epo,beta
2097,-0.006402568837400359,patient11_window16s_stride1s-epo,beta
2098,-0.008241171803997645,patient11_window16s_stride1s-epo,beta
2099,-0.006431055636548313,patient11_window16s_stride1s-epo,beta
2100,-0.005065450265474807,patient11_window16s_stride1s-epo,beta
2101,-0.005130450243921058,patient11_window16s_stride1s-epo,beta
2102,-0.004728730848341314,patient11_window16s_stride1s-epo,beta
2103,-0.004251942681180056,patient11_window16s_stride1s-epo,beta
2104,-0.0039715811959582315,patient11_window16s_stride1s-epo,beta
2105,-0.0037348895871800684,patient11_window16s_stride1s-epo,beta
2106,-0.0033572899668355056,patient11_window16s_stride1s-epo,beta
2107,-0.003137178415529221,patient11_window16s_stride1s-epo,beta
2108,-0.002749335574548983,patient11_window16s_stride1s-epo,beta
2109,-0.003695027556860816,patient11_window16s_stride1s-epo,beta
2110,-0.0032294967426793834,patient11_window16s_stride1s-epo,beta
2111,-0.0038640236259944636,patient11_window16s_stride1s-epo,beta
2112,-0.0040113037893212454,patient11_window16s_stride1s-epo,beta
2113,-0.004751326747974113,patient11_window16s_stride1s-epo,beta
2114,-0.005192339176843285,patient11_window16s_stride1s-epo,beta
2115,-0.005380168856667272,patient11_window16s_stride1s-epo,beta
2116,-0.006430974263210161,patient11_window16s_stride1s-epo,beta
2117,-0.006219202324274323,patient11_window16s_stride1s-epo,beta
2118,-0.006705358165095712,patient11_window16s_stride1s-epo,beta
2119,-0.00756533681481371,patient11_window16s_stride1s-epo,beta
2120,-0.008257798345557614,patient11_window16s_stride1s-epo,beta
2121,-0.008656937677849875,patient11_window16s_stride1s-epo,beta
2122,-0.008029690413809739,patient11_window16s_stride1s-epo,beta
2123,-0.008138527937737271,patient11_window16s_stride1s-epo,beta
2124,-0.008437571029826016,patient11_window16s_stride1s-epo,beta
2125,-0.00823668266794676,patient11_window16s_stride1s-epo,beta
2126,-0.008145262825910833,patient11_window16s_stride1s-epo,beta
2127,-0.008139536568437437,patient11_window16s_stride1s-epo,beta
2128,-0.007001266615606945,patient11_window16s_stride1s-epo,beta
2129,-0.007479949455927912,patient11_window16s_stride1s-epo,beta
2130,-0.006541738935351843,patient11_window16s_stride1s-epo,beta
2131,-0.005454185284638473,patient11_window16s_stride1s-epo,beta
2132,-0.005645189926442699,patient11_window16s_stride1s-epo,beta
2133,-0.00629663081413603,patient11_window16s_stride1s-epo,beta
2134,-0.00558588159354516,patient11_window16s_stride1s-epo,beta
2135,-0.002870037070233739,patient11_window16s_stride1s-epo,beta
2136,-0.005124424232681429,patient11_window16s_stride1s-epo,beta
2137,-0.004927189389865528,patient11_window16s_stride1s-epo,beta
2138,-0.006549465073009311,patient11_window16s_stride1s-epo,beta
2139,-0.005543201671128121,patient11_window16s_stride1s-epo,beta
2140,-0.00594974001302407,patient11_window16s_stride1s-epo,beta
2141,-0.004834535735442243,patient11_window16s_stride1s-epo,beta
2142,-0.004330226259035752,patient11_window16s_stride1s-epo,beta
2143,-0.004589173328380416,patient11_window16s_stride1s-epo,beta
2144,-0.005105434994667862,patient11_window16s_stride1s-epo,beta
2145,-0.005765482149101295,patient11_window16s_stride1s-epo,beta
2146,-0.006174566834484934,patient11_window16s_stride1s-epo,beta
2147,-0.00722167238935296,patient11_window16s_stride1s-epo,beta
2148,-0.005716081171348257,patient11_window16s_stride1s-epo,beta
2149,-0.006573393953681167,patient11_window16s_stride1s-epo,beta
2150,-0.005167508950533298,patient11_window16s_stride1s-epo,beta
2151,-0.0072831545836130945,patient11_window16s_stride1s-epo,beta
2152,-0.0058248595329842825,patient11_window16s_stride1s-epo,beta
2153,-0.005835333146794267,patient11_window16s_stride1s-epo,beta
2154,-0.0067188042044146155,patient11_window16s_stride1s-epo,beta
2155,-0.007416009153796522,patient11_window16s_stride1s-epo,beta
2156,-0.0070239181583570875,patient11_window16s_stride1s-epo,beta
2157,-0.006943084504736915,patient11_window16s_stride1s-epo,beta
2158,-0.007908676428700013,patient11_window16s_stride1s-epo,beta
2159,-0.009776311670681522,patient11_window16s_stride1s-epo,beta
2160,-0.009470470631752867,patient11_window16s_stride1s-epo,beta
2161,-0.009499521462525822,patient11_window16s_stride1s-epo,beta
2162,-0.012818838542331503,patient11_window16s_stride1s-epo,beta
2163,-0.013240215801941234,patient11_window16s_stride1s-epo,beta
2164,-0.01494835442299719,patient11_window16s_stride1s-epo,beta
2165,-0.014035478656675494,patient11_window16s_stride1s-epo,beta
2166,-0.012725923697102673,patient11_window16s_stride1s-epo,beta
2167,-0.01323252692733866,patient11_window16s_stride1s-epo,beta
2168,-0.012190878451113543,patient11_window16s_stride1s-epo,beta
2169,-0.012680173194911054,patient11_window16s_stride1s-epo,beta
2170,-0.013193471362857407,patient11_window16s_stride1s-epo,beta
2171,-0.012858650649625413,patient11_window16s_stride1s-epo,beta
2172,-0.012803534984607432,patient11_window16s_stride1s-epo,beta
2173,-0.014280896718341101,patient11_window16s_stride1s-epo,beta
2174,-0.014528837910559733,patient11_window16s_stride1s-epo,beta
2175,-0.011158320621839841,patient11_window16s_stride1s-epo,beta
2176,-0.011218532597352813,patient11_window16s_stride1s-epo,beta
2177,-0.012678595432126709,patient11_window16s_stride1s-epo,beta
2178,-0.008934843869353556,patient11_window16s_stride1s-epo,beta
2179,-0.007936603073539904,patient11_window16s_stride1s-epo,beta
2180,-0.007464578548248676,patient11_window16s_stride1s-epo,beta
2181,-0.006949626103640651,patient11_window16s_stride1s-epo,beta
2182,-0.007891965383267693,patient11_window16s_stride1s-epo,beta
2183,-0.008766904435543225,patient11_window16s_stride1s-epo,beta
2184,-0.009529503892436729,patient11_window16s_stride1s-epo,beta
2185,-0.00957108409709415,patient11_window16s_stride1s-epo,beta
2186,-0.008496132704932767,patient11_window16s_stride1s-epo,beta
2187,-0.007891046029049446,patient11_window16s_stride1s-epo,beta
2188,-0.00852660815661859,patient11_window16s_stride1s-epo,beta
2189,-0.008136236017033954,patient11_window16s_stride1s-epo,beta
2190,-0.008320449393408301,patient11_window16s_stride1s-epo,beta
2191,-0.00814049799639769,patient11_window16s_stride1s-epo,beta
2192,-0.008713900994884276,patient11_window16s_stride1s-epo,beta
2193,-0.008294764525815124,patient11_window16s_stride1s-epo,beta
2194,-0.007539938426348736,patient11_window16s_stride1s-epo,beta
2195,-0.008190366947096062,patient11_window16s_stride1s-epo,beta
2196,-0.0064140967553714704,patient11_window16s_stride1s-epo,beta
2197,-0.006428357780159863,patient11_window16s_stride1s-epo,beta
2198,-0.006031927319887619,patient11_window16s_stride1s-epo,beta
2199,-0.006667091408992717,patient11_window16s_stride1s-epo,beta
2200,-0.006335246077451076,patient11_window16s_stride1s-epo,beta
2201,-0.006226336720339853,patient11_window16s_stride1s-epo,beta
2202,-0.005846245463053635,patient11_window16s_stride1s-epo,beta
2203,-0.006278686305346,patient11_window16s_stride1s-epo,beta
2204,-0.005332872523209514,patient11_window16s_stride1s-epo,beta
2205,-0.005478121952855995,patient11_window16s_stride1s-epo,beta
2206,-0.004790582900440806,patient11_window16s_stride1s-epo,beta
2207,-0.004522807963569719,patient11_window16s_stride1s-epo,beta
2208,-0.003581885781526101,patient11_window16s_stride1s-epo,beta
2209,-0.0034013598120982568,patient11_window16s_stride1s-epo,beta
2210,-0.00366816496856711,patient11_window16s_stride1s-epo,beta
2211,-0.003146109646557871,patient11_window16s_stride1s-epo,beta
2212,-0.0025218943423708892,patient11_window16s_stride1s-epo,beta
2213,-0.0029442509172090507,patient11_window16s_stride1s-epo,beta
2214,-0.0010861178774336992,patient11_window16s_stride1s-epo,beta
2215,-0.0028533464700855114,patient11_window16s_stride1s-epo,beta
2216,-0.0035244784950357088,patient11_window16s_stride1s-epo,beta
2217,-0.003980005995969695,patient11_window16s_stride1s-epo,beta
2218,-0.0033860652358069397,patient11_window16s_stride1s-epo,beta
2219,-0.003973674555388837,patient11_window16s_stride1s-epo,beta
2220,-0.00408203626560316,patient11_window16s_stride1s-epo,beta
2221,-0.0034552006107445945,patient11_window16s_stride1s-epo,beta
2222,-0.003549282926449907,patient11_window16s_stride1s-epo,beta
2223,-0.004844495443368748,patient11_window16s_stride1s-epo,beta
2224,-0.004289940630808904,patient11_window16s_stride1s-epo,beta
2225,-0.004121930078296875,patient11_window16s_stride1s-epo,beta
2226,-0.003655641132772052,patient11_window16s_stride1s-epo,beta
2227,-0.0037335930124875057,patient11_window16s_stride1s-epo,beta
2228,-0.004109605467981682,patient11_window16s_stride1s-epo,beta
2229,-0.00404722518116761,patient11_window16s_stride1s-epo,beta
2230,-0.002593292846805389,patient11_window16s_stride1s-epo,beta
2231,-0.0022008131556697477,patient11_window16s_stride1s-epo,beta
2232,-0.0018159844047502757,patient11_window16s_stride1s-epo,beta
2233,-0.002010388090334849,patient11_window16s_stride1s-epo,beta
2234,-0.0006774866560822256,patient11_window16s_stride1s-epo,beta
2235,-0.0004321481460327911,patient11_window16s_stride1s-epo,beta
2236,-0.0007616233760532915,patient11_window16s_stride1s-epo,beta
2237,-0.002102516167779207,patient11_window16s_stride1s-epo,beta
2238,-0.0023253961136777282,patient11_window16s_stride1s-epo,beta
2239,-0.0020162925324506455,patient11_window16s_stride1s-epo,beta
2240,-0.0033694783147242948,patient11_window16s_stride1s-epo,beta
2241,-0.0031650072892324952,patient11_window16s_stride1s-epo,beta
2242,-0.004160285504901745,patient11_window16s_stride1s-epo,beta
2243,-0.0048322732289129405,patient11_window16s_stride1s-epo,beta
2244,-0.004418604283393572,patient11_window16s_stride1s-epo,beta
2245,-0.005291368574780423,patient11_window16s_stride1s-epo,beta
2246,-0.0036346426411477326,patient11_window16s_stride1s-epo,beta
2247,-0.0037670487957717604,patient11_window16s_stride1s-epo,beta
2248,-0.004518556197906127,patient11_window16s_stride1s-epo,beta
2249,-0.005545842021600656,patient11_window16s_stride1s-epo,beta
2250,-0.006006944663044793,patient11_window16s_stride1s-epo,beta
2251,-0.006113905699449993,patient11_window16s_stride1s-epo,beta
2252,-0.005757801061634612,patient11_window16s_stride1s-epo,beta
2253,-0.005920998383471808,patient11_window16s_stride1s-epo,beta
2254,-0.007873192388328518,patient11_window16s_stride1s-epo,beta
2255,-0.007125786027631337,patient11_window16s_stride1s-epo,beta
2256,-0.006599396983187486,patient11_window16s_stride1s-epo,beta
2257,-0.007063421002146051,patient11_window16s_stride1s-epo,beta
2258,-0.007107883327070221,patient11_window16s_stride1s-epo,beta
2259,-0.006879326577911856,patient11_window16s_stride1s-epo,beta
2260,-0.007256268208785664,patient11_window16s_stride1s-epo,beta
2261,-0.007725474206179664,patient11_window16s_stride1s-epo,beta
2262,-0.008501856025299516,patient11_window16s_stride1s-epo,beta
2263,-0.007507153230942186,patient11_window16s_stride1s-epo,beta
2264,-0.006795430816904166,patient11_window16s_stride1s-epo,beta
2265,-0.006795900658393172,patient11_window16s_stride1s-epo,beta
2266,-0.007337739363450355,patient11_window16s_stride1s-epo,beta
2267,-0.007859139209736537,patient11_window16s_stride1s-epo,beta
2268,-0.008108819924159174,patient11_window16s_stride1s-epo,beta
2269,-0.007758608860910915,patient11_window16s_stride1s-epo,beta
2270,-0.007987367342633004,patient11_window16s_stride1s-epo,beta
2271,-0.00809683479230037,patient11_window16s_stride1s-epo,beta
2272,-0.00835976571013311,patient11_window16s_stride1s-epo,beta
2273,-0.007408652782929348,patient11_window16s_stride1s-epo,beta
2274,-0.008388996346878093,patient11_window16s_stride1s-epo,beta
2275,-0.0068406092311261366,patient11_window16s_stride1s-epo,beta
2276,-0.006875015215418779,patient11_window16s_stride1s-epo,beta
2277,-0.008683973542913915,patient11_window16s_stride1s-epo,beta
2278,-0.008011737066591251,patient11_window16s_stride1s-epo,beta
2279,-0.008811003117145663,patient11_window16s_stride1s-epo,beta
2280,-0.008143728963257898,patient11_window16s_stride1s-epo,beta
2281,-0.008482889232212553,patient11_window16s_stride1s-epo,beta
2282,-0.008145516105561175,patient11_window16s_stride1s-epo,beta
2283,-0.006799354062014196,patient11_window16s_stride1s-epo,beta
2284,-0.0077803503012738515,patient11_window16s_stride1s-epo,beta
2285,-0.007069842157469289,patient11_window16s_stride1s-epo,beta
2286,-0.006536529793823011,patient11_window16s_stride1s-epo,beta
2287,-0.005429889514922313,patient11_window16s_stride1s-epo,beta
2288,-0.006068268625403347,patient11_window16s_stride1s-epo,beta
2289,-0.0049828165465128915,patient11_window16s_stride1s-epo,beta
2290,-0.00486230853026174,patient11_window16s_stride1s-epo,beta
2291,-0.004054015175302064,patient11_window16s_stride1s-epo,beta
2292,-0.0038348051187485203,patient11_window16s_stride1s-epo,beta
2293,-0.0042974029843841815,patient11_window16s_stride1s-epo,beta
2294,-0.00458763203603382,patient11_window16s_stride1s-epo,beta
2295,-0.005490461810223193,patient11_window16s_stride1s-epo,beta
2296,-0.0051530106804641,patient11_window16s_stride1s-epo,beta
2297,-0.006575719940803544,patient11_window16s_stride1s-epo,beta
2298,-0.00624280394352473,patient11_window16s_stride1s-epo,beta
2299,-0.005795123854774547,patient11_window16s_stride1s-epo,beta
2300,-0.00789363668774852,patient11_window16s_stride1s-epo,beta
2301,-0.00912512484209466,patient11_window16s_stride1s-epo,beta
2302,-0.008167200692512293,patient11_window16s_stride1s-epo,beta
2303,-0.00819368538905308,patient11_window16s_stride1s-epo,beta
2304,-0.008035114122094783,patient11_window16s_stride1s-epo,beta
2305,-0.009041758694469378,patient11_window16s_stride1s-epo,beta
2306,-0.00938274987707162,patient11_window16s_stride1s-epo,beta
2307,-0.009673397298003332,patient11_window16s_stride1s-epo,beta
2308,-0.008680767264431538,patient11_window16s_stride1s-epo,beta
2309,-0.007501110089115235,patient11_window16s_stride1s-epo,beta
2310,-0.00694949972053429,patient11_window16s_stride1s-epo,beta
2311,-0.007327372322430864,patient11_window16s_stride1s-epo,beta
2312,-0.007797410961092374,patient11_window16s_stride1s-epo,beta
2313,-0.007029993456035953,patient11_window16s_stride1s-epo,beta
2314,-0.007965123590430187,patient11_window16s_stride1s-epo,beta
2315,-0.008470958786056334,patient11_window16s_stride1s-epo,beta
2316,-0.008628862735310189,patient11_window16s_stride1s-epo,beta
2317,-0.008995245443276465,patient11_window16s_stride1s-epo,beta
2318,-0.009039400289629528,patient11_window16s_stride1s-epo,beta
2319,-0.007492420640335603,patient11_window16s_stride1s-epo,beta
2320,-0.008077864850498575,patient11_window16s_stride1s-epo,beta
2321,-0.008123725749268442,patient11_window16s_stride1s-epo,beta
2322,-0.008043752568627521,patient11_window16s_stride1s-epo,beta
2323,-0.007598763357264758,patient11_window16s_stride1s-epo,beta
2324,-0.009037137597557957,patient11_window16s_stride1s-epo,beta
2325,-0.009763384868822347,patient11_window16s_stride1s-epo,beta
2326,-0.009449426238050063,patient11_window16s_stride1s-epo,beta
2327,-0.008605259881376861,patient11_window16s_stride1s-epo,beta
2328,-0.008468226231586896,patient11_window16s_stride1s-epo,beta
2329,-0.007836144006383721,patient11_window16s_stride1s-epo,beta
2330,-0.006159944644585007,patient11_window16s_stride1s-epo,beta
2331,-0.005847183222730615,patient11_window16s_stride1s-epo,beta
2332,-0.004275105390261023,patient11_window16s_stride1s-epo,beta
2333,-0.00449458810589081,patient11_window16s_stride1s-epo,beta
2334,-0.003580564591121322,patient11_window16s_stride1s-epo,beta
2335,-0.0027725071083493846,patient11_window16s_stride1s-epo,beta
2336,-0.0029683671553657,patient11_window16s_stride1s-epo,beta
2337,-0.0031618095466569365,patient11_window16s_stride1s-epo,beta
2338,-0.003404819200029564,patient11_window16s_stride1s-epo,beta
2339,-0.002866430211727041,patient11_window16s_stride1s-epo,beta
2340,-0.0028615136634780247,patient11_window16s_stride1s-epo,beta
2341,-0.0017950154094147793,patient11_window16s_stride1s-epo,beta
2342,-0.0032151317068190174,patient11_window16s_stride1s-epo,beta
2343,-0.002092843494110357,patient11_window16s_stride1s-epo,beta
2344,-0.0022544570689065646,patient11_window16s_stride1s-epo,beta
2345,-0.0034257720626656523,patient11_window16s_stride1s-epo,beta
2346,-0.004512943875970839,patient11_window16s_stride1s-epo,beta
2347,-0.0036172425938018585,patient11_window16s_stride1s-epo,beta
2348,-0.005851093585966078,patient11_window16s_stride1s-epo,beta
2349,-0.0049320889548762695,patient11_window16s_stride1s-epo,beta
2350,-0.004693028401366787,patient11_window16s_stride1s-epo,beta
2351,-0.005897173157586968,patient11_window16s_stride1s-epo,beta
2352,-0.005346450580496669,patient11_window16s_stride1s-epo,beta
2353,-0.005038911462224516,patient11_window16s_stride1s-epo,beta
2354,-0.005613541638692844,patient11_window16s_stride1s-epo,beta
2355,-0.006599975632543661,patient11_window16s_stride1s-epo,beta
2356,-0.007122676676947213,patient11_window16s_stride1s-epo,beta
2357,-0.006600673306354497,patient11_window16s_stride1s-epo,beta
2358,-0.006073867288982757,patient11_window16s_stride1s-epo,beta
2359,-0.005136855517377629,patient11_window16s_stride1s-epo,beta
2360,-0.004371853449159297,patient11_window16s_stride1s-epo,beta
2361,-0.004883901630992686,patient11_window16s_stride1s-epo,beta
2362,-0.0053984516121927985,patient11_window16s_stride1s-epo,beta
2363,-0.004602522383738116,patient11_window16s_stride1s-epo,beta
2364,-0.003976802768255912,patient11_window16s_stride1s-epo,beta
2365,-0.0057711771430671195,patient11_window16s_stride1s-epo,beta
2366,-0.004706494891872646,patient11_window16s_stride1s-epo,beta
2367,-0.00532617051212112,patient11_window16s_stride1s-epo,beta
2368,-0.00405016755252506,patient11_window16s_stride1s-epo,beta
2369,-0.004615955860784759,patient11_window16s_stride1s-epo,beta
2370,-0.005098027689327371,patient11_window16s_stride1s-epo,beta
2371,-0.0036538192011193005,patient11_window16s_stride1s-epo,beta
2372,-0.002277676788286997,patient11_window16s_stride1s-epo,beta
2373,-0.003249290769479172,patient11_window16s_stride1s-epo,beta
2374,-0.0041977493623379936,patient11_window16s_stride1s-epo,beta
2375,-0.004613555229359061,patient11_window16s_stride1s-epo,beta
2376,-0.004764828422341009,patient11_window16s_stride1s-epo,beta
2377,-0.0051285619385521945,patient11_window16s_stride1s-epo,beta
2378,-0.0046024355654839255,patient11_window16s_stride1s-epo,beta
2379,-0.0040015717041813935,patient11_window16s_stride1s-epo,beta
2380,-0.005050248660388431,patient11_window16s_stride1s-epo,beta
2381,-0.004600271379158275,patient11_window16s_stride1s-epo,beta
2382,-0.004892638979705907,patient11_window16s_stride1s-epo,beta
2383,-0.004974480393658148,patient11_window16s_stride1s-epo,beta
2384,-0.004642509428079522,patient11_window16s_stride1s-epo,beta
2385,-0.0047637981214907164,patient11_window16s_stride1s-epo,beta
2386,-0.00462918902825664,patient11_window16s_stride1s-epo,beta
2387,-0.0073660078391730045,patient11_window16s_stride1s-epo,beta
2388,-0.009205028651795759,patient11_window16s_stride1s-epo,beta
2389,-0.009016716340784695,patient11_window16s_stride1s-epo,beta
2390,-0.008413892709795647,patient11_window16s_stride1s-epo,beta
2391,-0.007092403736841857,patient11_window16s_stride1s-epo,beta
2392,-0.007796665942057467,patient11_window16s_stride1s-epo,beta
2393,-0.007562766837838374,patient11_window16s_stride1s-epo,beta
2394,-0.008165342939710657,patient11_window16s_stride1s-epo,beta
2395,-0.00822025812347901,patient11_window16s_stride1s-epo,beta
2396,-0.00841637911187709,patient11_window16s_stride1s-epo,beta
2397,-0.008877273684201388,patient11_window16s_stride1s-epo,beta
2398,-0.008251892902550318,patient11_window16s_stride1s-epo,beta
2399,-0.007550284222227985,patient11_window16s_stride1s-epo,beta
2400,-0.0080695068056374,patient11_window16s_stride1s-epo,beta
2401,-0.007665921655862439,patient11_window16s_stride1s-epo,beta
2402,-0.007108666927557446,patient11_window16s_stride1s-epo,beta
2403,-0.006679050662360987,patient11_window16s_stride1s-epo,beta
2404,-0.00703497054589397,patient11_window16s_stride1s-epo,beta
2405,-0.006014878113627774,patient11_window16s_stride1s-epo,beta
2406,-0.00513811328977482,patient11_window16s_stride1s-epo,beta
2407,-0.006666960274147908,patient11_window16s_stride1s-epo,beta
2408,-0.007055426942528607,patient11_window16s_stride1s-epo,beta
2409,-0.007115900965008586,patient11_window16s_stride1s-epo,beta
2410,-0.0076107822510340616,patient11_window16s_stride1s-epo,beta
2411,-0.008387626956072746,patient11_window16s_stride1s-epo,beta
2412,-0.008309710091951434,patient11_window16s_stride1s-epo,beta
2413,-0.008027468030415383,patient11_window16s_stride1s-epo,beta
2414,-0.008969657413921125,patient11_window16s_stride1s-epo,beta
2415,-0.00783579038922269,patient11_window16s_stride1s-epo,beta
2416,-0.007058869202675376,patient11_window16s_stride1s-epo,beta
2417,-0.008005715643384185,patient11_window16s_stride1s-epo,beta
2418,-0.008299929615306444,patient11_window16s_stride1s-epo,beta
2419,-0.0075311087627225205,patient11_window16s_stride1s-epo,beta
2420,-0.007709311254279296,patient11_window16s_stride1s-epo,beta
2421,-0.007681859674072897,patient11_window16s_stride1s-epo,beta
2422,-0.008250113007887944,patient11_window16s_stride1s-epo,beta
2423,-0.0061281104519730215,patient11_window16s_stride1s-epo,beta
2424,-0.005973834281755738,patient11_window16s_stride1s-epo,beta
2425,-0.005297897893618953,patient11_window16s_stride1s-epo,beta
2426,-0.005304650082525838,patient11_window16s_stride1s-epo,beta
2427,-0.005524598094215552,patient11_window16s_stride1s-epo,beta
2428,-0.005528553026364945,patient11_window16s_stride1s-epo,beta
2429,-0.006405891317319572,patient11_window16s_stride1s-epo,beta
2430,-0.0062608948835387495,patient11_window16s_stride1s-epo,beta
2431,-0.006151954701284823,patient11_window16s_stride1s-epo,beta
2432,-0.006439433007672449,patient11_window16s_stride1s-epo,beta
2433,-0.006466542489895874,patient11_window16s_stride1s-epo,beta
2434,-0.007823492863007243,patient11_window16s_stride1s-epo,beta
2435,-0.006422946215863485,patient11_window16s_stride1s-epo,beta
2436,-0.00635614074592322,patient11_window16s_stride1s-epo,beta
2437,-0.005822692488484084,patient11_window16s_stride1s-epo,beta
2438,-0.005025181046762065,patient11_window16s_stride1s-epo,beta
2439,-0.006866378121823693,patient11_window16s_stride1s-epo,beta
2440,-0.007172711098538231,patient11_window16s_stride1s-epo,beta
2441,-0.007290570864992564,patient11_window16s_stride1s-epo,beta
2442,-0.006839228925190113,patient11_window16s_stride1s-epo,beta
2443,-0.007469298581063303,patient11_window16s_stride1s-epo,beta
2444,-0.006852671300993761,patient11_window16s_stride1s-epo,beta
2445,-0.006163633539590822,patient11_window16s_stride1s-epo,beta
2446,-0.004842273359422862,patient11_window16s_stride1s-epo,beta
2447,-0.005437255620535032,patient11_window16s_stride1s-epo,beta
2448,-0.006053064602148752,patient11_window16s_stride1s-epo,beta
2449,-0.004929641602980276,patient11_window16s_stride1s-epo,beta
2450,-0.005954337989291424,patient11_window16s_stride1s-epo,beta
2451,-0.006303372545777237,patient11_window16s_stride1s-epo,beta
2452,-0.004748117994642282,patient11_window16s_stride1s-epo,beta
2453,-0.00591044311432478,patient11_window16s_stride1s-epo,beta
2454,-0.005300730259464605,patient11_window16s_stride1s-epo,beta
2455,-0.006006741784421769,patient11_window16s_stride1s-epo,beta
2456,-0.006542797038097102,patient11_window16s_stride1s-epo,beta
2457,-0.004665740191464699,patient11_window16s_stride1s-epo,beta
2458,-0.004836909023963393,patient11_window16s_stride1s-epo,beta
2459,-0.005389291962464949,patient11_window16s_stride1s-epo,beta
2460,-0.007404861179791887,patient11_window16s_stride1s-epo,beta
2461,-0.008292576273850556,patient11_window16s_stride1s-epo,beta
2462,-0.009082336542216251,patient11_window16s_stride1s-epo,beta
2463,-0.007782904150079913,patient11_window16s_stride1s-epo,beta
2464,-0.008296371465129784,patient11_window16s_stride1s-epo,beta
2465,-0.00828455458469463,patient11_window16s_stride1s-epo,beta
2466,-0.008533870086851018,patient11_window16s_stride1s-epo,beta
2467,-0.008053272215977172,patient11_window16s_stride1s-epo,beta
2468,-0.00684584012159622,patient11_window16s_stride1s-epo,beta
2469,-0.00744681663345605,patient11_window16s_stride1s-epo,beta
2470,-0.007570160721819305,patient11_window16s_stride1s-epo,beta
2471,-0.006974156748151004,patient11_window16s_stride1s-epo,beta
2472,-0.005585853465950728,patient11_window16s_stride1s-epo,beta
2473,-0.005822600027876484,patient11_window16s_stride1s-epo,beta
2474,-0.005045277211416568,patient11_window16s_stride1s-epo,beta
2475,-0.004548719612725837,patient11_window16s_stride1s-epo,beta
2476,-0.0037802183521561173,patient11_window16s_stride1s-epo,beta
2477,-0.0031482160399617276,patient11_window16s_stride1s-epo,beta
2478,-0.004312550936091818,patient11_window16s_stride1s-epo,beta
2479,-0.004274551179078509,patient11_window16s_stride1s-epo,beta
2480,-0.004880482346782371,patient11_window16s_stride1s-epo,beta
2481,-0.004374646224824277,patient11_window16s_stride1s-epo,beta
2482,-0.0036626416895772685,patient11_window16s_stride1s-epo,beta
2483,-0.0037945289216267664,patient11_window16s_stride1s-epo,beta
2484,-0.005269740023520964,patient11_window16s_stride1s-epo,beta
2485,-0.004689088170448977,patient11_window16s_stride1s-epo,beta
2486,-0.005146494582043608,patient11_window16s_stride1s-epo,beta
2487,-0.004448828896294616,patient11_window16s_stride1s-epo,beta
2488,-0.004677036601345126,patient11_window16s_stride1s-epo,beta
2489,-0.005317939472997503,patient11_window16s_stride1s-epo,beta
2490,-0.006020759890816146,patient11_window16s_stride1s-epo,beta
2491,-0.00584351444342804,patient11_window16s_stride1s-epo,beta
2492,-0.006010680441758421,patient11_window16s_stride1s-epo,beta
2493,-0.005004341501755754,patient11_window16s_stride1s-epo,beta
2494,-0.0039045910360518575,patient11_window16s_stride1s-epo,beta
2495,-0.004680580447508469,patient11_window16s_stride1s-epo,beta
2496,-0.004074347784835474,patient11_window16s_stride1s-epo,beta
2497,-0.004689858783141452,patient11_window16s_stride1s-epo,beta
2498,-0.005435961600642363,patient11_window16s_stride1s-epo,beta
2499,-0.006387162601462664,patient11_window16s_stride1s-epo,beta
2500,-0.004638415913236055,patient11_window16s_stride1s-epo,beta
2501,-0.004589470111906851,patient11_window16s_stride1s-epo,beta
2502,-0.005371284589295867,patient11_window16s_stride1s-epo,beta
2503,-0.005393297924678752,patient11_window16s_stride1s-epo,beta
2504,-0.006082334262175304,patient11_window16s_stride1s-epo,beta
2505,-0.005295751278160365,patient11_window16s_stride1s-epo,beta
2506,-0.004408847057400979,patient11_window16s_stride1s-epo,beta
2507,-0.0035388491606755724,patient11_window16s_stride1s-epo,beta
2508,-0.0032676604157262194,patient11_window16s_stride1s-epo,beta
2509,-0.004754620774521744,patient11_window16s_stride1s-epo,beta
2510,-0.005164767939189622,patient11_window16s_stride1s-epo,beta
2511,-0.00523170376822615,patient11_window16s_stride1s-epo,beta
2512,-0.003932219022968735,patient11_window16s_stride1s-epo,beta
2513,-0.00446260950655777,patient11_window16s_stride1s-epo,beta
2514,-0.0029556884344053235,patient11_window16s_stride1s-epo,beta
2515,-0.004723016246545065,patient11_window16s_stride1s-epo,beta
2516,-0.005353662600599183,patient11_window16s_stride1s-epo,beta
2517,-0.004731510257131898,patient11_window16s_stride1s-epo,beta
2518,-0.005145253154061353,patient11_window16s_stride1s-epo,beta
2519,-0.006272585203483853,patient11_window16s_stride1s-epo,beta
2520,-0.005857821098933179,patient11_window16s_stride1s-epo,beta
2521,-0.006159974863736866,patient11_window16s_stride1s-epo,beta
2522,-0.006064572645440716,patient11_window16s_stride1s-epo,beta
2523,-0.009775023774217989,patient11_window16s_stride1s-epo,beta
2524,-0.011404709572153735,patient11_window16s_stride1s-epo,beta
2525,-0.011969624013988185,patient11_window16s_stride1s-epo,beta
2526,-0.010787622328141505,patient11_window16s_stride1s-epo,beta
2527,-0.009820998939661074,patient11_window16s_stride1s-epo,beta
2528,-0.009559521699611427,patient11_window16s_stride1s-epo,beta
2529,-0.010789479606141407,patient11_window16s_stride1s-epo,beta
2530,-0.010148479201077138,patient11_window16s_stride1s-epo,beta
2531,-0.008815843252627617,patient11_window16s_stride1s-epo,beta
2532,-0.010071481551257075,patient11_window16s_stride1s-epo,beta
2533,-0.011284478344320139,patient11_window16s_stride1s-epo,beta
2534,-0.00902419055012521,patient11_window16s_stride1s-epo,beta
2535,-0.009503800224910252,patient11_window16s_stride1s-epo,beta
2536,-0.00994009608501187,patient11_window16s_stride1s-epo,beta
2537,-0.009594211471565015,patient11_window16s_stride1s-epo,beta
2538,-0.010046124678233714,patient11_window16s_stride1s-epo,beta
2539,-0.008618134798823066,patient11_window16s_stride1s-epo,beta
2540,-0.008588048303025796,patient11_window16s_stride1s-epo,beta
2541,-0.010358986934691589,patient11_window16s_stride1s-epo,beta
2542,-0.010657704533353475,patient11_window16s_stride1s-epo,beta
2543,-0.012274826614239199,patient11_window16s_stride1s-epo,beta
2544,-0.015612385954961975,patient11_window16s_stride1s-epo,beta
2545,-0.014899384580962348,patient11_window16s_stride1s-epo,beta
2546,-0.015165942804822337,patient11_window16s_stride1s-epo,beta
2547,-0.016250867155116047,patient11_window16s_stride1s-epo,beta
2548,-0.015220358529873817,patient11_window16s_stride1s-epo,beta
2549,-0.01403418318847717,patient11_window16s_stride1s-epo,beta
2550,-0.014185039067177543,patient11_window16s_stride1s-epo,beta
2551,-0.013372456543833967,patient11_window16s_stride1s-epo,beta
2552,-0.013155075591253423,patient11_window16s_stride1s-epo,beta
2553,-0.014877730555362245,patient11_window16s_stride1s-epo,beta
2554,-0.014467550650915413,patient11_window16s_stride1s-epo,beta
2555,-0.014230617913774002,patient11_window16s_stride1s-epo,beta
2556,-0.013873845746110055,patient11_window16s_stride1s-epo,beta
2557,-0.011753591155371753,patient11_window16s_stride1s-epo,beta
2558,-0.010337522692305465,patient11_window16s_stride1s-epo,beta
2559,-0.011051532304744607,patient11_window16s_stride1s-epo,beta
2560,-0.009786575580519636,patient11_window16s_stride1s-epo,beta
2561,-0.007753024943844862,patient11_window16s_stride1s-epo,beta
2562,-0.0072440185174974595,patient11_window16s_stride1s-epo,beta
2563,-0.006323465834326763,patient11_window16s_stride1s-epo,beta
2564,-0.006433483931100821,patient11_window16s_stride1s-epo,beta
2565,-0.005981831881176924,patient11_window16s_stride1s-epo,beta
2566,-0.006069486391845617,patient11_window16s_stride1s-epo,beta
2567,-0.006831558697842386,patient11_window16s_stride1s-epo,beta
2568,-0.0057580479183577445,patient11_window16s_stride1s-epo,beta
2569,-0.005076048179375216,patient11_window16s_stride1s-epo,beta
2570,-0.00398528277385641,patient11_window16s_stride1s-epo,beta
2571,-0.005316598842871482,patient11_window16s_stride1s-epo,beta
2572,-0.005333732866868538,patient11_window16s_stride1s-epo,beta
2573,-0.004734952049240228,patient11_window16s_stride1s-epo,beta
2574,-0.005286005153451482,patient11_window16s_stride1s-epo,beta
2575,-0.005720141287335018,patient11_window16s_stride1s-epo,beta
2576,-0.005626728653624737,patient11_window16s_stride1s-epo,beta
2577,-0.005436542901766694,patient11_window16s_stride1s-epo,beta
2578,-0.006142132340733824,patient11_window16s_stride1s-epo,beta
2579,-0.005693101150975728,patient11_window16s_stride1s-epo,beta
2580,-0.005530619752004141,patient11_window16s_stride1s-epo,beta
2581,-0.004626897960478215,patient11_window16s_stride1s-epo,beta
2582,-0.004556588192440158,patient11_window16s_stride1s-epo,beta
2583,-0.0043459299106040575,patient11_window16s_stride1s-epo,beta
2584,-0.004833624348737369,patient11_window16s_stride1s-epo,beta
2585,-0.005002401032374695,patient11_window16s_stride1s-epo,beta
2586,-0.005726967203538064,patient11_window16s_stride1s-epo,beta
2587,-0.0056707827814592915,patient11_window16s_stride1s-epo,beta
2588,-0.0038719720197915677,patient11_window16s_stride1s-epo,beta
2589,-0.004184526857436586,patient11_window16s_stride1s-epo,beta
2590,-0.004411969514720554,patient11_window16s_stride1s-epo,beta
2591,-0.0051664498399537255,patient11_window16s_stride1s-epo,beta
2592,-0.005540132904405174,patient11_window16s_stride1s-epo,beta
2593,-0.005057888481613561,patient11_window16s_stride1s-epo,beta
2594,-0.005643628356185876,patient11_window16s_stride1s-epo,beta
2595,-0.005486921171701312,patient11_window16s_stride1s-epo,beta
2596,-0.006574407502106883,patient11_window16s_stride1s-epo,beta
2597,-0.005291454494847752,patient11_window16s_stride1s-epo,beta
2598,-0.005317536079086999,patient11_window16s_stride1s-epo,beta
2599,-0.00616320406912773,patient11_window16s_stride1s-epo,beta
2600,-0.005701771642916984,patient11_window16s_stride1s-epo,beta
2601,-0.007161002395793915,patient11_window16s_stride1s-epo,beta
2602,-0.007412743484956615,patient11_window16s_stride1s-epo,beta
2603,-0.0075881386606938125,patient11_window16s_stride1s-epo,beta
2604,-0.007379265861470099,patient11_window16s_stride1s-epo,beta
2605,-0.007722861464976461,patient11_window16s_stride1s-epo,beta
2606,-0.006512165265649468,patient11_window16s_stride1s-epo,beta
2607,-0.006492216813674292,patient11_window16s_stride1s-epo,beta
2608,-0.005695808529957278,patient11_window16s_stride1s-epo,beta
2609,-0.006123422869840223,patient11_window16s_stride1s-epo,beta
2610,-0.006359565304956258,patient11_window16s_stride1s-epo,beta
2611,-0.006451355888137682,patient11_window16s_stride1s-epo,beta
2612,-0.006282435270714972,patient11_window16s_stride1s-epo,beta
2613,-0.007206184906754786,patient11_window16s_stride1s-epo,beta
2614,-0.006433799651363085,patient11_window16s_stride1s-epo,beta
2615,-0.007432326217699895,patient11_window16s_stride1s-epo,beta
2616,-0.009315902421605349,patient11_window16s_stride1s-epo,beta
2617,-0.011465009802206057,patient11_window16s_stride1s-epo,beta
2618,-0.012754700974749513,patient11_window16s_stride1s-epo,beta
2619,-0.013970370201442605,patient11_window16s_stride1s-epo,beta
2620,-0.012619547752223166,patient11_window16s_stride1s-epo,beta
2621,-0.01281580636254423,patient11_window16s_stride1s-epo,beta
2622,-0.015418282694845633,patient11_window16s_stride1s-epo,beta
2623,-0.015318241036079762,patient11_window16s_stride1s-epo,beta
2624,-0.015406975131012107,patient11_window16s_stride1s-epo,beta
2625,-0.01496604582719578,patient11_window16s_stride1s-epo,beta
2626,-0.014619689797345936,patient11_window16s_stride1s-epo,beta
2627,-0.01374403439019745,patient11_window16s_stride1s-epo,beta
2628,-0.014201781891862325,patient11_window16s_stride1s-epo,beta
2629,-0.013416282258499827,patient11_window16s_stride1s-epo,beta
2630,-0.014307386920413837,patient11_window16s_stride1s-epo,beta
2631,-0.014745534004986042,patient11_window16s_stride1s-epo,beta
2632,-0.012300032539126034,patient11_window16s_stride1s-epo,beta
2633,-0.010318288937945841,patient11_window16s_stride1s-epo,beta
2634,-0.007808027336649621,patient11_window16s_stride1s-epo,beta
2635,-0.007469926047951771,patient11_window16s_stride1s-epo,beta
2636,-0.007968059003025515,patient11_window16s_stride1s-epo,beta
2637,-0.006881467632642392,patient11_window16s_stride1s-epo,beta
2638,-0.002913126923998914,patient11_window16s_stride1s-epo,beta
2639,-0.0035626739042124173,patient11_window16s_stride1s-epo,beta
2640,-0.003350706385622027,patient11_window16s_stride1s-epo,beta
2641,-0.0036726880597441726,patient11_window16s_stride1s-epo,beta
2642,-0.0028598001830477883,patient11_window16s_stride1s-epo,beta
2643,-0.005996249341054649,patient11_window16s_stride1s-epo,beta
2644,-0.005417663338531872,patient11_window16s_stride1s-epo,beta
2645,-0.006204244418686073,patient11_window16s_stride1s-epo,beta
2646,-0.0061873236603065705,patient11_window16s_stride1s-epo,beta
2647,-0.005852541558718967,patient11_window16s_stride1s-epo,beta
2648,-0.0062797118597384275,patient11_window16s_stride1s-epo,beta
2649,-0.0063102574186510735,patient11_window16s_stride1s-epo,beta
2650,-0.005375531424015023,patient11_window16s_stride1s-epo,beta
2651,-0.005402110973874994,patient11_window16s_stride1s-epo,beta
2652,-0.005729841455954209,patient11_window16s_stride1s-epo,beta
2653,-0.006666695783249388,patient11_window16s_stride1s-epo,beta
2654,-0.00681962541546352,patient11_window16s_stride1s-epo,beta
2655,-0.006344977147409461,patient11_window16s_stride1s-epo,beta
2656,-0.006694707641408924,patient11_window16s_stride1s-epo,beta
2657,-0.006718021686332031,patient11_window16s_stride1s-epo,beta
2658,-0.005972145209955867,patient11_window16s_stride1s-epo,beta
2659,-0.004067079206782336,patient11_window16s_stride1s-epo,beta
2660,-0.004854741123629816,patient11_window16s_stride1s-epo,beta
2661,-0.004434511041024008,patient11_window16s_stride1s-epo,beta
2662,-0.003806981099219101,patient11_window16s_stride1s-epo,beta
2663,-0.004227738688715871,patient11_window16s_stride1s-epo,beta
2664,-0.0038916332576046007,patient11_window16s_stride1s-epo,beta
2665,-0.00453377414482323,patient11_window16s_stride1s-epo,beta
2666,-0.004801503633849631,patient11_window16s_stride1s-epo,beta
2667,-0.0048090890028474175,patient11_window16s_stride1s-epo,beta
2668,-0.00519227991430981,patient11_window16s_stride1s-epo,beta
2669,-0.004342436659546776,patient11_window16s_stride1s-epo,beta
2670,-0.004854927187046712,patient11_window16s_stride1s-epo,beta
2671,-0.005176254431024953,patient11_window16s_stride1s-epo,beta
2672,-0.004686338584790343,patient11_window16s_stride1s-epo,beta
2673,-0.006067580310850112,patient11_window16s_stride1s-epo,beta
2674,-0.005833848204604516,patient11_window16s_stride1s-epo,beta
2675,-0.0051737999575773306,patient11_window16s_stride1s-epo,beta
2676,-0.0052314162942052106,patient11_window16s_stride1s-epo,beta
2677,-0.004780035439409114,patient11_window16s_stride1s-epo,beta
2678,-0.005686560508073092,patient11_window16s_stride1s-epo,beta
2679,-0.007190090218809299,patient11_window16s_stride1s-epo,beta
2680,-0.008058238634503096,patient11_window16s_stride1s-epo,beta
2681,-0.007951069524561781,patient11_window16s_stride1s-epo,beta
2682,-0.006545975283007592,patient11_window16s_stride1s-epo,beta
2683,-0.008100843542163855,patient11_window16s_stride1s-epo,beta
2684,-0.007621345440212742,patient11_window16s_stride1s-epo,beta
2685,-0.00948795927910014,patient11_window16s_stride1s-epo,beta
2686,-0.009692693123747913,patient11_window16s_stride1s-epo,beta
2687,-0.009246920325752214,patient11_window16s_stride1s-epo,beta
2688,-0.008490292940241277,patient11_window16s_stride1s-epo,beta
2689,-0.008225145069000198,patient11_window16s_stride1s-epo,beta
2690,-0.008654621904081835,patient11_window16s_stride1s-epo,beta
2691,-0.008261814187546542,patient11_window16s_stride1s-epo,beta
2692,-0.008841083177313871,patient11_window16s_stride1s-epo,beta
2693,-0.008805726796258805,patient11_window16s_stride1s-epo,beta
2694,-0.007787389745742656,patient11_window16s_stride1s-epo,beta
2695,-0.00762317464854028,patient11_window16s_stride1s-epo,beta
2696,-0.0077085386229312665,patient11_window16s_stride1s-epo,beta
2697,-0.007778426408487271,patient11_window16s_stride1s-epo,beta
2698,-0.007949071304858365,patient11_window16s_stride1s-epo,beta
2699,-0.0071031654756936674,patient11_window16s_stride1s-epo,beta
2700,-0.008472989808625181,patient11_window16s_stride1s-epo,beta
2701,-0.008304760723220306,patient11_window16s_stride1s-epo,beta
2702,-0.006896659712083619,patient11_window16s_stride1s-epo,beta
2703,-0.006966099976567703,patient11_window16s_stride1s-epo,beta
2704,-0.006645305128413029,patient11_window16s_stride1s-epo,beta
2705,-0.0066255158948978895,patient11_window16s_stride1s-epo,beta
2706,-0.006140264171983151,patient11_window16s_stride1s-epo,beta
2707,-0.005635241453255465,patient11_window16s_stride1s-epo,beta
2708,-0.007529777443166946,patient11_window16s_stride1s-epo,beta
2709,-0.010455053519221472,patient11_window16s_stride1s-epo,beta
2710,-0.010957045508718507,patient11_window16s_stride1s-epo,beta
2711,-0.01036577209429095,patient11_window16s_stride1s-epo,beta
2712,-0.010549371406949117,patient11_window16s_stride1s-epo,beta
2713,-0.009715204904941455,patient11_window16s_stride1s-epo,beta
2714,-0.010035512520612074,patient11_window16s_stride1s-epo,beta
2715,-0.008822194157129828,patient11_window16s_stride1s-epo,beta
2716,-0.00940530924050853,patient11_window16s_stride1s-epo,beta
2717,-0.009420937616292839,patient11_window16s_stride1s-epo,beta
2718,-0.008408754862387742,patient11_window16s_stride1s-epo,beta
2719,-0.009244650676910918,patient11_window16s_stride1s-epo,beta
2720,-0.009434194249681851,patient11_window16s_stride1s-epo,beta
2721,-0.008729952348180385,patient11_window16s_stride1s-epo,beta
2722,-0.008530733235068609,patient11_window16s_stride1s-epo,beta
2723,-0.008985657737134743,patient11_window16s_stride1s-epo,beta
2724,-0.007777370991762721,patient11_window16s_stride1s-epo,beta
2725,-0.006124855596537571,patient11_window16s_stride1s-epo,beta
2726,-0.0055670264352355794,patient11_window16s_stride1s-epo,beta
2727,-0.00573509495295273,patient11_window16s_stride1s-epo,beta
2728,-0.005168315381970374,patient11_window16s_stride1s-epo,beta
2729,-0.004268444126105388,patient11_window16s_stride1s-epo,beta
2730,-0.004704913029849032,patient11_window16s_stride1s-epo,beta
2731,-0.004062857187934034,patient11_window16s_stride1s-epo,beta
2732,-0.003522954707014918,patient11_window16s_stride1s-epo,beta
2733,-0.003110944647344085,patient11_window16s_stride1s-epo,beta
2734,-0.003453523469980474,patient11_window16s_stride1s-epo,beta
2735,-0.0032931344429580098,patient11_window16s_stride1s-epo,beta
2736,-0.0036568367611710794,patient11_window16s_stride1s-epo,beta
2737,-0.004107788563422284,patient11_window16s_stride1s-epo,beta
2738,-0.0041337708775519184,patient11_window16s_stride1s-epo,beta
2739,-0.0028109848808441362,patient11_window16s_stride1s-epo,beta
2740,-0.0038096526764204515,patient11_window16s_stride1s-epo,beta
2741,-0.004129839147698666,patient11_window16s_stride1s-epo,beta
2742,-0.005955941197410432,patient11_window16s_stride1s-epo,beta
2743,-0.0070175795165110764,patient11_window16s_stride1s-epo,beta
2744,-0.0062384396201175885,patient11_window16s_stride1s-epo,beta
2745,-0.008104133685891593,patient11_window16s_stride1s-epo,beta
2746,-0.008136870867206894,patient11_window16s_stride1s-epo,beta
2747,-0.008839100103882589,patient11_window16s_stride1s-epo,beta
2748,-0.00961305183236032,patient11_window16s_stride1s-epo,beta
2749,-0.008608550652562141,patient11_window16s_stride1s-epo,beta
2750,-0.008914615260028234,patient11_window16s_stride1s-epo,beta
2751,-0.00813193596559223,patient11_window16s_stride1s-epo,beta
2752,-0.008430555676817867,patient11_window16s_stride1s-epo,beta
2753,-0.008485927534279902,patient11_window16s_stride1s-epo,beta
2754,-0.009450668030610792,patient11_window16s_stride1s-epo,beta
2755,-0.00906202780410594,patient11_window16s_stride1s-epo,beta
2756,-0.009319554915762517,patient11_window16s_stride1s-epo,beta
2757,-0.008724726817433602,patient11_window16s_stride1s-epo,beta
2758,-0.006160991748325167,patient11_window16s_stride1s-epo,beta
2759,-0.0055832861763495875,patient11_window16s_stride1s-epo,beta
2760,-0.005338410047060177,patient11_window16s_stride1s-epo,beta
2761,-0.005470418183891918,patient11_window16s_stride1s-epo,beta
2762,-0.005902302113871098,patient11_window16s_stride1s-epo,beta
2763,-0.006608416472108756,patient11_window16s_stride1s-epo,beta
2764,-0.006241569946232641,patient11_window16s_stride1s-epo,beta
2765,-0.0065336620992615755,patient11_window16s_stride1s-epo,beta
2766,-0.005284146451070467,patient11_window16s_stride1s-epo,beta
2767,-0.0061433822004174415,patient11_window16s_stride1s-epo,beta
2768,-0.00595148536609391,patient11_window16s_stride1s-epo,beta
2769,-0.008133929616484995,patient11_window16s_stride1s-epo,beta
2770,-0.008072311715014444,patient11_window16s_stride1s-epo,beta
2771,-0.008442723720033293,patient11_window16s_stride1s-epo,beta
2772,-0.008053638022903797,patient11_window16s_stride1s-epo,beta
2773,-0.007940243212784772,patient11_window16s_stride1s-epo,beta
2774,-0.009331534825300483,patient11_window16s_stride1s-epo,beta
2775,-0.008523150573414627,patient11_window16s_stride1s-epo,beta
2776,-0.007143839793045018,patient11_window16s_stride1s-epo,beta
2777,-0.007147145537876467,patient11_window16s_stride1s-epo,beta
2778,-0.006603720522763692,patient11_window16s_stride1s-epo,beta
2779,-0.0064323456998590664,patient11_window16s_stride1s-epo,beta
2780,-0.008340870640189919,patient11_window16s_stride1s-epo,beta
2781,-0.006714805262759025,patient11_window16s_stride1s-epo,beta
2782,-0.005956434231326597,patient11_window16s_stride1s-epo,beta
2783,-0.005971756696322165,patient11_window16s_stride1s-epo,beta
2784,-0.005192589689722587,patient11_window16s_stride1s-epo,beta
2785,-0.004849224901615589,patient11_window16s_stride1s-epo,beta
2786,-0.004139628670850525,patient11_window16s_stride1s-epo,beta
2787,-0.0048259099421576876,patient11_window16s_stride1s-epo,beta
2788,-0.004868633292373402,patient11_window16s_stride1s-epo,beta
2789,-0.005078649146354248,patient11_window16s_stride1s-epo,beta
2790,-0.0035671880915624293,patient11_window16s_stride1s-epo,beta
2791,-0.004027242538652303,patient11_window16s_stride1s-epo,beta
2792,-0.004480059727187196,patient11_window16s_stride1s-epo,beta
2793,-0.0051458075818488335,patient11_window16s_stride1s-epo,beta
2794,-0.00620269533807029,patient11_window16s_stride1s-epo,beta
2795,-0.005392729682760579,patient11_window16s_stride1s-epo,beta
2796,-0.004095573359081447,patient11_window16s_stride1s-epo,beta
2797,-0.004636570941876966,patient11_window16s_stride1s-epo,beta
2798,-0.005099297227601199,patient11_window16s_stride1s-epo,beta
2799,-0.005748263126340365,patient11_window16s_stride1s-epo,beta
2800,-0.0058846761705446645,patient11_window16s_stride1s-epo,beta
2801,-0.006310750517546097,patient11_window16s_stride1s-epo,beta
2802,-0.006801933459459115,patient11_window16s_stride1s-epo,beta
2803,-0.008261323713409725,patient11_window16s_stride1s-epo,beta
2804,-0.008229289988570861,patient11_window16s_stride1s-epo,beta
2805,-0.01113014277515842,patient11_window16s_stride1s-epo,beta
2806,-0.011380383463940104,patient11_window16s_stride1s-epo,beta
2807,-0.01199765392833428,patient11_window16s_stride1s-epo,beta
2808,-0.011523148976090997,patient11_window16s_stride1s-epo,beta
2809,-0.01034772477213308,patient11_window16s_stride1s-epo,beta
2810,-0.009264883342194895,patient11_window16s_stride1s-epo,beta
2811,-0.0087828279509467,patient11_window16s_stride1s-epo,beta
2812,-0.009569394869971888,patient11_window16s_stride1s-epo,beta
2813,-0.009492214127766374,patient11_window16s_stride1s-epo,beta
2814,-0.008125588823125095,patient11_window16s_stride1s-epo,beta
2815,-0.008736209154239498,patient11_window16s_stride1s-epo,beta
2816,-0.00858259811056059,patient11_window16s_stride1s-epo,beta
2817,-0.009324950389826779,patient11_window16s_stride1s-epo,beta
2818,-0.008759390207089737,patient11_window16s_stride1s-epo,beta
2819,-0.0074505725104777555,patient11_window16s_stride1s-epo,beta
2820,-0.006993047965155317,patient11_window16s_stride1s-epo,beta
2821,-0.005910489188806748,patient11_window16s_stride1s-epo,beta
2822,-0.006024142973461989,patient11_window16s_stride1s-epo,beta
2823,-0.006665998727037833,patient11_window16s_stride1s-epo,beta
2824,-0.008075298644631483,patient11_window16s_stride1s-epo,beta
2825,-0.007649246830270048,patient11_window16s_stride1s-epo,beta
2826,-0.009271634654530955,patient11_window16s_stride1s-epo,beta
2827,-0.008841770837466376,patient11_window16s_stride1s-epo,beta
2828,-0.009355533233777509,patient11_window16s_stride1s-epo,beta
2829,-0.008970981348850594,patient11_window16s_stride1s-epo,beta
2830,-0.0116118780343922,patient11_window16s_stride1s-epo,beta
2831,-0.011410901891678206,patient11_window16s_stride1s-epo,beta
2832,-0.010110817705972568,patient11_window16s_stride1s-epo,beta
2833,-0.010943646631417774,patient11_window16s_stride1s-epo,beta
2834,-0.01029820661561635,patient11_window16s_stride1s-epo,beta
2835,-0.00970218924547914,patient11_window16s_stride1s-epo,beta
2836,-0.009498582490765536,patient11_window16s_stride1s-epo,beta
2837,-0.009294759988351189,patient11_window16s_stride1s-epo,beta
2838,-0.009421239095149274,patient11_window16s_stride1s-epo,beta
2839,-0.008389353836881408,patient11_window16s_stride1s-epo,beta
2840,-0.008091837972208518,patient11_window16s_stride1s-epo,beta
2841,-0.007330837255449868,patient11_window16s_stride1s-epo,beta
2842,-0.0069954093864528204,patient11_window16s_stride1s-epo,beta
2843,-0.007746745538002808,patient11_window16s_stride1s-epo,beta
2844,-0.007023766521021318,patient11_window16s_stride1s-epo,beta
2845,-0.0059035367997864,patient11_window16s_stride1s-epo,beta
2846,-0.004308772200829453,patient11_window16s_stride1s-epo,beta
2847,-0.0043067869087141985,patient11_window16s_stride1s-epo,beta
2848,-0.004591074814794526,patient11_window16s_stride1s-epo,beta
2849,-0.006073560824965515,patient11_window16s_stride1s-epo,beta
2850,-0.005598535393016276,patient11_window16s_stride1s-epo,beta
2851,-0.005304391348662917,patient11_window16s_stride1s-epo,beta
2852,-0.0049349671476565295,patient11_window16s_stride1s-epo,beta
2853,-0.004632002259017394,patient11_window16s_stride1s-epo,beta
2854,-0.0061036164409350975,patient11_window16s_stride1s-epo,beta
2855,-0.006287105304771923,patient11_window16s_stride1s-epo,beta
2856,-0.007335495620478227,patient11_window16s_stride1s-epo,beta
2857,-0.006761515157324538,patient11_window16s_stride1s-epo,beta
2858,-0.007573692837152995,patient11_window16s_stride1s-epo,beta
2859,-0.007244412784585752,patient11_window16s_stride1s-epo,beta
2860,-0.006491000549548532,patient11_window16s_stride1s-epo,beta
2861,-0.007163176108941363,patient11_window16s_stride1s-epo,beta
2862,-0.00738259007252526,patient11_window16s_stride1s-epo,beta
2863,-0.007258518033782772,patient11_window16s_stride1s-epo,beta
2864,-0.006641488499758538,patient11_window16s_stride1s-epo,beta
2865,-0.005378139165605557,patient11_window16s_stride1s-epo,beta
2866,-0.006092709048479927,patient11_window16s_stride1s-epo,beta
2867,-0.0054613376985526724,patient11_window16s_stride1s-epo,beta
2868,-0.005027310249996402,patient11_window16s_stride1s-epo,beta
2869,-0.004997591371203698,patient11_window16s_stride1s-epo,beta
2870,-0.004009237827959534,patient11_window16s_stride1s-epo,beta
2871,-0.003970305492448837,patient11_window16s_stride1s-epo,beta
2872,-0.003864194799840799,patient11_window16s_stride1s-epo,beta
2873,-0.0032282059721197086,patient11_window16s_stride1s-epo,beta
2874,-0.0038455048664279554,patient11_window16s_stride1s-epo,beta
2875,-0.003370790649259548,patient11_window16s_stride1s-epo,beta
2876,-0.0036029746602086288,patient11_window16s_stride1s-epo,beta
2877,-0.004059815985214543,patient11_window16s_stride1s-epo,beta
2878,-0.003404369863127262,patient11_window16s_stride1s-epo,beta
2879,-0.003452360978813611,patient11_window16s_stride1s-epo,beta
2880,-0.003935691090029306,patient11_window16s_stride1s-epo,beta
2881,-0.0031374656837873808,patient11_window16s_stride1s-epo,beta
2882,-0.003521466178931966,patient11_window16s_stride1s-epo,beta
2883,-0.0040375319468063785,patient11_window16s_stride1s-epo,beta
2884,-0.004529948793260677,patient11_window16s_stride1s-epo,beta
2885,-0.004315318073106406,patient11_window16s_stride1s-epo,beta
2886,-0.003912939462738666,patient11_window16s_stride1s-epo,beta
2887,-0.004251112047175035,patient11_window16s_stride1s-epo,beta
2888,-0.004621218220383308,patient11_window16s_stride1s-epo,beta
2889,-0.005178855670570832,patient11_window16s_stride1s-epo,beta
2890,-0.00442975300690136,patient11_window16s_stride1s-epo,beta
2891,-0.004258845630805345,patient11_window16s_stride1s-epo,beta
2892,-0.004219934980375644,patient11_window16s_stride1s-epo,beta
2893,-0.005310409884941373,patient11_window16s_stride1s-epo,beta
2894,-0.006182426013811471,patient11_window16s_stride1s-epo,beta
2895,-0.005978051335071867,patient11_window16s_stride1s-epo,beta
2896,-0.006677804609808699,patient11_window16s_stride1s-epo,beta
2897,-0.005986714910597189,patient11_window16s_stride1s-epo,beta
2898,-0.005633993307113167,patient11_window16s_stride1s-epo,beta
2899,-0.005924959053818274,patient11_window16s_stride1s-epo,beta
2900,-0.006487288319017819,patient11_window16s_stride1s-epo,beta
2901,-0.005389471331377148,patient11_window16s_stride1s-epo,beta
2902,-0.004911246462178042,patient11_window16s_stride1s-epo,beta
2903,-0.004647446645112642,patient11_window16s_stride1s-epo,beta
2904,-0.005599274287211538,patient11_window16s_stride1s-epo,beta
2905,-0.006557593406232908,patient11_window16s_stride1s-epo,beta
2906,-0.007538220594262735,patient11_window16s_stride1s-epo,beta
2907,-0.006558651964332517,patient11_window16s_stride1s-epo,beta
2908,-0.005505915978685759,patient11_window16s_stride1s-epo,beta
2909,-0.0042347510569235155,patient11_window16s_stride1s-epo,beta
2910,-0.0035697143665071227,patient11_window16s_stride1s-epo,beta
2911,-0.00496650629614036,patient11_window16s_stride1s-epo,beta
2912,-0.004802680843917157,patient11_window16s_stride1s-epo,beta
2913,-0.004211338158700275,patient11_window16s_stride1s-epo,beta
2914,-0.005038514838343109,patient11_window16s_stride1s-epo,beta
2915,-0.005070869194585949,patient11_window16s_stride1s-epo,beta
2916,-0.004819672292874631,patient11_window16s_stride1s-epo,beta
2917,-0.005593733195882541,patient11_window16s_stride1s-epo,beta
2918,-0.006654979171031557,patient11_window16s_stride1s-epo,beta
2919,-0.006813664458806888,patient11_window16s_stride1s-epo,beta
2920,-0.0074670280772025565,patient11_window16s_stride1s-epo,beta
2921,-0.005933079483352715,patient11_window16s_stride1s-epo,beta
2922,-0.0058565868647903275,patient11_window16s_stride1s-epo,beta
2923,-0.0073139924444170544,patient11_window16s_stride1s-epo,beta
2924,-0.006545122594347301,patient11_window16s_stride1s-epo,beta
2925,-0.006553259142671981,patient11_window16s_stride1s-epo,beta
2926,-0.006990887974254034,patient11_window16s_stride1s-epo,beta
2927,-0.0064721444915400595,patient11_window16s_stride1s-epo,beta
2928,-0.005746701999919689,patient11_window16s_stride1s-epo,beta
2929,-0.006310318987848448,patient11_window16s_stride1s-epo,beta
2930,-0.007635751536818231,patient11_window16s_stride1s-epo,beta
2931,-0.008319123870207498,patient11_window16s_stride1s-epo,beta
2932,-0.007398314972862375,patient11_window16s_stride1s-epo,beta
2933,-0.007408682398105642,patient11_window16s_stride1s-epo,beta
2934,-0.008109568422062645,patient11_window16s_stride1s-epo,beta
2935,-0.009815878477703625,patient11_window16s_stride1s-epo,beta
2936,-0.009205823438210189,patient11_window16s_stride1s-epo,beta
2937,-0.011500518882063852,patient11_window16s_stride1s-epo,beta
2938,-0.013791162741880589,patient11_window16s_stride1s-epo,beta
2939,-0.012994402381758441,patient11_window16s_stride1s-epo,beta
2940,-0.013580181452195925,patient11_window16s_stride1s-epo,beta
2941,-0.013580926198757901,patient11_window16s_stride1s-epo,beta
2942,-0.01269056134908683,patient11_window16s_stride1s-epo,beta
2943,-0.012180855919828695,patient11_window16s_stride1s-epo,beta
2944,-0.012198976254240096,patient11_window16s_stride1s-epo,beta
2945,-0.01323124782440955,patient11_window16s_stride1s-epo,beta
2946,-0.013110663902577958,patient11_window16s_stride1s-epo,beta
2947,-0.012807709711210284,patient11_window16s_stride1s-epo,beta
2948,-0.012127614631605792,patient11_window16s_stride1s-epo,beta
2949,-0.011648953230625784,patient11_window16s_stride1s-epo,beta
2950,-0.010868073434057627,patient11_window16s_stride1s-epo,beta
2951,-0.009260859617626988,patient11_window16s_stride1s-epo,beta
2952,-0.009757030254311337,patient11_window16s_stride1s-epo,beta
2953,-0.007774948627842732,patient11_window16s_stride1s-epo,beta
2954,-0.005924812186216273,patient11_window16s_stride1s-epo,beta
2955,-0.0057222956935979435,patient11_window16s_stride1s-epo,beta
2956,-0.005912508487082218,patient11_window16s_stride1s-epo,beta
2957,-0.0075643223934916985,patient11_window16s_stride1s-epo,beta
2958,-0.007078254855124074,patient11_window16s_stride1s-epo,beta
2959,-0.00641996881229935,patient11_window16s_stride1s-epo,beta
2960,-0.0068058703458357605,patient11_window16s_stride1s-epo,beta
2961,-0.007470480795071041,patient11_window16s_stride1s-epo,beta
2962,-0.008213994016377225,patient11_window16s_stride1s-epo,beta
2963,-0.0073711359516556805,patient11_window16s_stride1s-epo,beta
2964,-0.006850892760319213,patient11_window16s_stride1s-epo,beta
2965,-0.006442574176580173,patient11_window16s_stride1s-epo,beta
2966,-0.007277851079090089,patient11_window16s_stride1s-epo,beta
2967,-0.007843451690622677,patient11_window16s_stride1s-epo,beta
2968,-0.008641972126147871,patient11_window16s_stride1s-epo,beta
2969,-0.008103483502122196,patient11_window16s_stride1s-epo,beta
2970,-0.00793055311038245,patient11_window16s_stride1s-epo,beta
2971,-0.0076353917238532526,patient11_window16s_stride1s-epo,beta
2972,-0.007058030198548432,patient11_window16s_stride1s-epo,beta
2973,-0.007451715208149475,patient11_window16s_stride1s-epo,beta
2974,-0.006674885716957917,patient11_window16s_stride1s-epo,beta
2975,-0.00752409337491022,patient11_window16s_stride1s-epo,beta
2976,-0.0068793553888966035,patient11_window16s_stride1s-epo,beta
2977,-0.006277728548674407,patient11_window16s_stride1s-epo,beta
2978,-0.007036669533782152,patient11_window16s_stride1s-epo,beta
2979,-0.00601039002158734,patient11_window16s_stride1s-epo,beta
2980,-0.007636100846102215,patient11_window16s_stride1s-epo,beta
2981,-0.008130318746505404,patient11_window16s_stride1s-epo,beta
2982,-0.008052765183574161,patient11_window16s_stride1s-epo,beta
2983,-0.0077644373249739,patient11_window16s_stride1s-epo,beta
2984,-0.007585400573668523,patient11_window16s_stride1s-epo,beta
2985,-0.007266541641492526,patient11_window16s_stride1s-epo,beta
2986,-0.009313335296089286,patient11_window16s_stride1s-epo,beta
2987,-0.009973563977591637,patient11_window16s_stride1s-epo,beta
2988,-0.008153664607354068,patient11_window16s_stride1s-epo,beta
2989,-0.008964438927065811,patient11_window16s_stride1s-epo,beta
2990,-0.010329508705808245,patient11_window16s_stride1s-epo,beta
2991,-0.010059596263414733,patient11_window16s_stride1s-epo,beta
2992,-0.01124512569478268,patient11_window16s_stride1s-epo,beta
2993,-0.010413941990067222,patient11_window16s_stride1s-epo,beta
2994,-0.00955228039824596,patient11_window16s_stride1s-epo,beta
2995,-0.009936225075019161,patient11_window16s_stride1s-epo,beta
2996,-0.009705617038203995,patient11_window16s_stride1s-epo,beta
2997,-0.010287241359659803,patient11_window16s_stride1s-epo,beta
2998,-0.010654228284448067,patient11_window16s_stride1s-epo,beta
2999,-0.009634002369030285,patient11_window16s_stride1s-epo,beta
3000,-0.007123285003678055,patient11_window16s_stride1s-epo,beta
3001,-0.0069051209093979465,patient11_window16s_stride1s-epo,beta
3002,-0.005740590514847275,patient11_window16s_stride1s-epo,beta
3003,-0.005762131687052323,patient11_window16s_stride1s-epo,beta
3004,-0.007698376402136057,patient11_window16s_stride1s-epo,beta
3005,-0.005976511539294707,patient11_window16s_stride1s-epo,beta
3006,-0.007212625249654221,patient11_window16s_stride1s-epo,beta
3007,-0.0076354844882454455,patient11_window16s_stride1s-epo,beta
3008,-0.006181987785876412,patient11_window16s_stride1s-epo,beta
3009,-0.007765615152103751,patient11_window16s_stride1s-epo,beta
3010,-0.007442661275610954,patient11_window16s_stride1s-epo,beta
3011,-0.006968819767215855,patient11_window16s_stride1s-epo,beta
3012,-0.006419361686637385,patient11_window16s_stride1s-epo,beta
3013,-0.007558727631664143,patient11_window16s_stride1s-epo,beta
3014,-0.0066501130584841256,patient11_window16s_stride1s-epo,beta
3015,-0.00733485033212903,patient11_window16s_stride1s-epo,beta
3016,-0.007655899427603392,patient11_window16s_stride1s-epo,beta
3017,-0.009388940648358646,patient11_window16s_stride1s-epo,beta
3018,-0.009434131381953263,patient11_window16s_stride1s-epo,beta
3019,-0.009372466052726411,patient11_window16s_stride1s-epo,beta
3020,-0.007757966714958439,patient11_window16s_stride1s-epo,beta
3021,-0.008670050364906381,patient11_window16s_stride1s-epo,beta
3022,-0.009325798851957582,patient11_window16s_stride1s-epo,beta
3023,-0.008954180884144944,patient11_window16s_stride1s-epo,beta
3024,-0.010134714711070305,patient11_window16s_stride1s-epo,beta
3025,-0.009107319318112848,patient11_window16s_stride1s-epo,beta
3026,-0.009005749593348579,patient11_window16s_stride1s-epo,beta
3027,-0.00885470289837927,patient11_window16s_stride1s-epo,beta
3028,-0.008355930915829793,patient11_window16s_stride1s-epo,beta
3029,-0.007655114165954646,patient11_window16s_stride1s-epo,beta
3030,-0.007995061498970417,patient11_window16s_stride1s-epo,beta
3031,-0.008450749626457475,patient11_window16s_stride1s-epo,beta
3032,-0.007501560619286378,patient11_window16s_stride1s-epo,beta
3033,-0.007486617610125873,patient11_window16s_stride1s-epo,beta
3034,-0.00806986894841259,patient11_window16s_stride1s-epo,beta
3035,-0.008723357103450912,patient11_window16s_stride1s-epo,beta
3036,-0.007723918002650429,patient11_window16s_stride1s-epo,beta
3037,-0.006178437263727488,patient11_window16s_stride1s-epo,beta
3038,-0.006059776454526343,patient11_window16s_stride1s-epo,beta
3039,-0.00591143155293205,patient11_window16s_stride1s-epo,beta
3040,-0.005909097955147986,patient11_window16s_stride1s-epo,beta
3041,-0.0054884746295815875,patient11_window16s_stride1s-epo,beta
3042,-0.0058740290331094,patient11_window16s_stride1s-epo,beta
3043,-0.007008659669951245,patient11_window16s_stride1s-epo,beta
3044,-0.006649824723409553,patient11_window16s_stride1s-epo,beta
3045,-0.007272022698296002,patient11_window16s_stride1s-epo,beta
3046,-0.007771752440289762,patient11_window16s_stride1s-epo,beta
3047,-0.007858014004538583,patient11_window16s_stride1s-epo,beta
3048,-0.008147607774482311,patient11_window16s_stride1s-epo,beta
3049,-0.006062974073902047,patient11_window16s_stride1s-epo,beta
3050,-0.006748704774626125,patient11_window16s_stride1s-epo,beta
3051,-0.006171565034525417,patient11_window16s_stride1s-epo,beta
3052,-0.006214742460478837,patient11_window16s_stride1s-epo,beta
3053,-0.006797968076942322,patient11_window16s_stride1s-epo,beta
3054,-0.007159037603710965,patient11_window16s_stride1s-epo,beta
3055,-0.007524961814910901,patient11_window16s_stride1s-epo,beta
3056,-0.008831452545963183,patient11_window16s_stride1s-epo,beta
3057,-0.009009785669280353,patient11_window16s_stride1s-epo,beta
3058,-0.008916964396983309,patient11_window16s_stride1s-epo,beta
3059,-0.00876220384292613,patient11_window16s_stride1s-epo,beta
3060,-0.008314291790773528,patient11_window16s_stride1s-epo,beta
3061,-0.0078419821248369,patient11_window16s_stride1s-epo,beta
3062,-0.006853737227487989,patient11_window16s_stride1s-epo,beta
3063,-0.007199640232938575,patient11_window16s_stride1s-epo,beta
3064,-0.0082712425337237,patient11_window16s_stride1s-epo,beta
3065,-0.008591591955537483,patient11_window16s_stride1s-epo,beta
3066,-0.007249549241649969,patient11_window16s_stride1s-epo,beta
3067,-0.007281313529573132,patient11_window16s_stride1s-epo,beta
3068,-0.005850925606476737,patient11_window16s_stride1s-epo,beta
3069,-0.005943465819468842,patient11_window16s_stride1s-epo,beta
3070,-0.004647305830942284,patient11_window16s_stride1s-epo,beta
3071,-0.0026786449469793105,patient11_window16s_stride1s-epo,beta
3072,-0.002556354430849503,patient11_window16s_stride1s-epo,beta
3073,-0.002593299231785312,patient11_window16s_stride1s-epo,beta
3074,-0.0029387732434572075,patient11_window16s_stride1s-epo,beta
3075,-0.0025142405841168058,patient11_window16s_stride1s-epo,beta
3076,-0.003036104262103703,patient11_window16s_stride1s-epo,beta
3077,-0.0037102330861161405,patient11_window16s_stride1s-epo,beta
3078,-0.003990947214051645,patient11_window16s_stride1s-epo,beta
3079,-0.003087428217455871,patient11_window16s_stride1s-epo,beta
3080,-0.003157276858002834,patient11_window16s_stride1s-epo,beta
3081,-0.00251674122108292,patient11_window16s_stride1s-epo,beta
3082,-0.0019055344647008168,patient11_window16s_stride1s-epo,beta
3083,-0.0016740301101677013,patient11_window16s_stride1s-epo,beta
3084,-0.00199640128766236,patient11_window16s_stride1s-epo,beta
3085,-0.002624657563790073,patient11_window16s_stride1s-epo,beta
3086,-0.0031718477560863005,patient11_window16s_stride1s-epo,beta
3087,-0.003962146914248524,patient11_window16s_stride1s-epo,beta
3088,-0.0041295466328362855,patient11_window16s_stride1s-epo,beta
3089,-0.004431083072029233,patient11_window16s_stride1s-epo,beta
3090,-0.004803613078166355,patient11_window16s_stride1s-epo,beta
3091,-0.006132813208683507,patient11_window16s_stride1s-epo,beta
3092,-0.00571631416303046,patient11_window16s_stride1s-epo,beta
3093,-0.005969679738839126,patient11_window16s_stride1s-epo,beta
3094,-0.00723164238832129,patient11_window16s_stride1s-epo,beta
3095,-0.007800362227013833,patient11_window16s_stride1s-epo,beta
3096,-0.007835728816184325,patient11_window16s_stride1s-epo,beta
3097,-0.008079408154301068,patient11_window16s_stride1s-epo,beta
3098,-0.008225060474774594,patient11_window16s_stride1s-epo,beta
3099,-0.008849925338250178,patient11_window16s_stride1s-epo,beta
3100,-0.010265392798313946,patient11_window16s_stride1s-epo,beta
3101,-0.009396068690629306,patient11_window16s_stride1s-epo,beta
3102,-0.008562703496948808,patient11_window16s_stride1s-epo,beta
3103,-0.00724843331585289,patient11_window16s_stride1s-epo,beta
3104,-0.007572610935328811,patient11_window16s_stride1s-epo,beta
3105,-0.006967473076279054,patient11_window16s_stride1s-epo,beta
3106,-0.006243429345160641,patient11_window16s_stride1s-epo,beta
3107,-0.0044316468053623,patient11_window16s_stride1s-epo,beta
3108,-0.00445064854809304,patient11_window16s_stride1s-epo,beta
3109,-0.002613826338295272,patient11_window16s_stride1s-epo,beta
3110,-0.004005341829236394,patient11_window16s_stride1s-epo,beta
3111,-0.004083836919554655,patient11_window16s_stride1s-epo,beta
3112,-0.0028648513257177547,patient11_window16s_stride1s-epo,beta
3113,-0.0029104651446613125,patient11_window16s_stride1s-epo,beta
3114,-0.0034423667277917003,patient11_window16s_stride1s-epo,beta
3115,-0.004864554554761668,patient11_window16s_stride1s-epo,beta
3116,-0.0028287322368827895,patient11_window16s_stride1s-epo,beta
3117,-0.0028066318036132133,patient11_window16s_stride1s-epo,beta
3118,-0.004423679559110602,patient11_window16s_stride1s-epo,beta
3119,-0.0053617216594411795,patient11_window16s_stride1s-epo,beta
3120,-0.005760385849833621,patient11_window16s_stride1s-epo,beta
3121,-0.003632756833091463,patient11_window16s_stride1s-epo,beta
3122,-0.003470573580354282,patient11_window16s_stride1s-epo,beta
3123,-0.0038334101052780877,patient11_window16s_stride1s-epo,beta
3124,-0.004169177544803227,patient11_window16s_stride1s-epo,beta
3125,-0.004032470353397921,patient11_window16s_stride1s-epo,beta
3126,-0.003404486021057826,patient11_window16s_stride1s-epo,beta
3127,-0.003951654597289515,patient11_window16s_stride1s-epo,beta
3128,-0.004070857209513954,patient11_window16s_stride1s-epo,beta
3129,-0.004425835460871443,patient11_window16s_stride1s-epo,beta
3130,-0.005728932491047485,patient11_window16s_stride1s-epo,beta
3131,-0.007352273412321952,patient11_window16s_stride1s-epo,beta
3132,-0.006991870711530885,patient11_window16s_stride1s-epo,beta
3133,-0.007217113185803814,patient11_window16s_stride1s-epo,beta
3134,-0.00775526948805177,patient11_window16s_stride1s-epo,beta
3135,-0.006717386465923378,patient11_window16s_stride1s-epo,beta
3136,-0.00664129759603747,patient11_window16s_stride1s-epo,beta
3137,-0.007556659356048151,patient11_window16s_stride1s-epo,beta
3138,-0.007125948008244112,patient11_window16s_stride1s-epo,beta
3139,-0.006460601558156621,patient11_window16s_stride1s-epo,beta
3140,-0.007263215084331216,patient11_window16s_stride1s-epo,beta
3141,-0.007473341514729716,patient11_window16s_stride1s-epo,beta
3142,-0.006113032236916646,patient11_window16s_stride1s-epo,beta
3143,-0.006027642265865361,patient11_window16s_stride1s-epo,beta
3144,-0.007609720232488212,patient11_window16s_stride1s-epo,beta
3145,-0.007346193373987549,patient11_window16s_stride1s-epo,beta
3146,-0.005794914644129034,patient11_window16s_stride1s-epo,beta
3147,-0.005580824879879391,patient11_window16s_stride1s-epo,beta
3148,-0.0051178646705337845,patient11_window16s_stride1s-epo,beta
3149,-0.004775723896841935,patient11_window16s_stride1s-epo,beta
3150,-0.004285896322070437,patient11_window16s_stride1s-epo,beta
3151,-0.005458648682356857,patient11_window16s_stride1s-epo,beta
3152,-0.004647165533791933,patient11_window16s_stride1s-epo,beta
3153,-0.00451586290705595,patient11_window16s_stride1s-epo,beta
3154,-0.003963301534571198,patient11_window16s_stride1s-epo,beta
3155,-0.005560982595549167,patient11_window16s_stride1s-epo,beta
3156,-0.004685285670316844,patient11_window16s_stride1s-epo,beta
3157,-0.0046989291389554185,patient11_window16s_stride1s-epo,beta
3158,-0.004933178099999706,patient11_window16s_stride1s-epo,beta
3159,-0.004869063327695303,patient11_window16s_stride1s-epo,beta
3160,-0.0033642670847672126,patient11_window16s_stride1s-epo,beta
3161,-0.003259266626787626,patient11_window16s_stride1s-epo,beta
3162,-0.001986363093673357,patient11_window16s_stride1s-epo,beta
3163,-0.001833804647991083,patient11_window16s_stride1s-epo,beta
3164,-0.001434120599191852,patient11_window16s_stride1s-epo,beta
3165,-0.003054887609580321,patient11_window16s_stride1s-epo,beta
3166,-0.004004871982087531,patient11_window16s_stride1s-epo,beta
3167,-0.002551391683951161,patient11_window16s_stride1s-epo,beta
3168,-0.004046673681350773,patient11_window16s_stride1s-epo,beta
3169,-0.004934757445061144,patient11_window16s_stride1s-epo,beta
3170,-0.0038742709540696267,patient11_window16s_stride1s-epo,beta
3171,-0.0033607359879984614,patient11_window16s_stride1s-epo,beta
3172,-0.005036563535992337,patient11_window16s_stride1s-epo,beta
3173,-0.005592248017806952,patient11_window16s_stride1s-epo,beta
3174,-0.006804727312602337,patient11_window16s_stride1s-epo,beta
3175,-0.006989903435610571,patient11_window16s_stride1s-epo,beta
3176,-0.00868040235868119,patient11_window16s_stride1s-epo,beta
3177,-0.00799929512970033,patient11_window16s_stride1s-epo,beta
3178,-0.009606716293892831,patient11_window16s_stride1s-epo,beta
3179,-0.008954094333662918,patient11_window16s_stride1s-epo,beta
3180,-0.008005117287888028,patient11_window16s_stride1s-epo,beta
3181,-0.008833862957541848,patient11_window16s_stride1s-epo,beta
3182,-0.008545760162967627,patient11_window16s_stride1s-epo,beta
3183,-0.009892881617219346,patient11_window16s_stride1s-epo,beta
3184,-0.010755761046151493,patient11_window16s_stride1s-epo,beta
3185,-0.01181222670592922,patient11_window16s_stride1s-epo,beta
3186,-0.012346943540049738,patient11_window16s_stride1s-epo,beta
3187,-0.010446754487666651,patient11_window16s_stride1s-epo,beta
3188,-0.009337466820770654,patient11_window16s_stride1s-epo,beta
3189,-0.009168469802117751,patient11_window16s_stride1s-epo,beta
3190,-0.008331717485565777,patient11_window16s_stride1s-epo,beta
3191,-0.009210558340645283,patient11_window16s_stride1s-epo,beta
3192,-0.00864056423900308,patient11_window16s_stride1s-epo,beta
3193,-0.007858123894730186,patient11_window16s_stride1s-epo,beta
3194,-0.008862643648950187,patient11_window16s_stride1s-epo,beta
3195,-0.009166007303863055,patient11_window16s_stride1s-epo,beta
3196,-0.009871508606941241,patient11_window16s_stride1s-epo,beta
3197,-0.0077642917584640385,patient11_window16s_stride1s-epo,beta
3198,-0.007026935579926103,patient11_window16s_stride1s-epo,beta
3199,-0.005280504611995272,patient11_window16s_stride1s-epo,beta
3200,-0.008140101413356046,patient11_window16s_stride1s-epo,beta
3201,-0.007702320522178138,patient11_window16s_stride1s-epo,beta
3202,-0.008285665600108386,patient11_window16s_stride1s-epo,beta
3203,-0.007656974014793307,patient11_window16s_stride1s-epo,beta
3204,-0.007814698041061852,patient11_window16s_stride1s-epo,beta
3205,-0.0072739270054551055,patient11_window16s_stride1s-epo,beta
3206,-0.006779171369410777,patient11_window16s_stride1s-epo,beta
3207,-0.006889338559812524,patient11_window16s_stride1s-epo,beta
3208,-0.006862795581142257,patient11_window16s_stride1s-epo,beta
3209,-0.007567256673980313,patient11_window16s_stride1s-epo,beta
3210,-0.007867451363791984,patient11_window16s_stride1s-epo,beta
3211,-0.00747859192547008,patient11_window16s_stride1s-epo,beta
3212,-0.009099930610849068,patient11_window16s_stride1s-epo,beta
3213,-0.008845769316023318,patient11_window16s_stride1s-epo,beta
3214,-0.008667703892447429,patient11_window16s_stride1s-epo,beta
3215,-0.010340223417436642,patient11_window16s_stride1s-epo,beta
3216,-0.007858603156151233,patient11_window16s_stride1s-epo,beta
3217,-0.007272675182433085,patient11_window16s_stride1s-epo,beta
3218,-0.009036899314217427,patient11_window16s_stride1s-epo,beta
3219,-0.01014829676225501,patient11_window16s_stride1s-epo,beta
3220,-0.010271581506418359,patient11_window16s_stride1s-epo,beta
3221,-0.010654906421064163,patient11_window16s_stride1s-epo,beta
3222,-0.010269442868276064,patient11_window16s_stride1s-epo,beta
3223,-0.008963057966308243,patient11_window16s_stride1s-epo,beta
3224,-0.008989490710343929,patient11_window16s_stride1s-epo,beta
3225,-0.007760422535514454,patient11_window16s_stride1s-epo,beta
3226,-0.007174008467838208,patient11_window16s_stride1s-epo,beta
3227,-0.0069502147799330935,patient11_window16s_stride1s-epo,beta
3228,-0.0061508597865851085,patient11_window16s_stride1s-epo,beta
3229,-0.007135572275124299,patient11_window16s_stride1s-epo,beta
3230,-0.007126626739091636,patient11_window16s_stride1s-epo,beta
3231,-0.00644809359794709,patient11_window16s_stride1s-epo,beta
3232,-0.007005679279609823,patient11_window16s_stride1s-epo,beta
3233,-0.007276613674035717,patient11_window16s_stride1s-epo,beta
3234,-0.007368712035542813,patient11_window16s_stride1s-epo,beta
3235,-0.006797066603875372,patient11_window16s_stride1s-epo,beta
3236,-0.00721347417399284,patient11_window16s_stride1s-epo,beta
3237,-0.008023527183285264,patient11_window16s_stride1s-epo,beta
3238,-0.010229886521472501,patient11_window16s_stride1s-epo,beta
3239,-0.010591783180657866,patient11_window16s_stride1s-epo,beta
3240,-0.009634820672869852,patient11_window16s_stride1s-epo,beta
3241,-0.008983095402096786,patient11_window16s_stride1s-epo,beta
3242,-0.009854788067835438,patient11_window16s_stride1s-epo,beta
3243,-0.009073081134362029,patient11_window16s_stride1s-epo,beta
3244,-0.008918694412689056,patient11_window16s_stride1s-epo,beta
3245,-0.00802753499677787,patient11_window16s_stride1s-epo,beta
3246,-0.009077035539895454,patient11_window16s_stride1s-epo,beta
3247,-0.00836275831630225,patient11_window16s_stride1s-epo,beta
3248,-0.008009386437623172,patient11_window16s_stride1s-epo,beta
3249,-0.008737968784064801,patient11_window16s_stride1s-epo,beta
3250,-0.007509676777717188,patient11_window16s_stride1s-epo,beta
3251,-0.007602675758676107,patient11_window16s_stride1s-epo,beta
3252,-0.00785446893395267,patient11_window16s_stride1s-epo,beta
3253,-0.006956239629077655,patient11_window16s_stride1s-epo,beta
3254,-0.005005113345178255,patient11_window16s_stride1s-epo,beta
3255,-0.0053231442811612325,patient11_window16s_stride1s-epo,beta
3256,-0.007787307485790037,patient11_window16s_stride1s-epo,beta
3257,-0.00710487839135216,patient11_window16s_stride1s-epo,beta
3258,-0.007087546206979656,patient11_window16s_stride1s-epo,beta
3259,-0.007109097355878875,patient11_window16s_stride1s-epo,beta
3260,-0.00717315351842219,patient11_window16s_stride1s-epo,beta
3261,-0.0078077319185996304,patient11_window16s_stride1s-epo,beta
3262,-0.006563238362979402,patient11_window16s_stride1s-epo,beta
3263,-0.008925079369378086,patient11_window16s_stride1s-epo,beta
3264,-0.008517900021477188,patient11_window16s_stride1s-epo,beta
3265,-0.007472111230100672,patient11_window16s_stride1s-epo,beta
3266,-0.009153620486001117,patient11_window16s_stride1s-epo,beta
3267,-0.011931724013680148,patient11_window16s_stride1s-epo,beta
3268,-0.012920923197090756,patient11_window16s_stride1s-epo,beta
3269,-0.012999112273852961,patient11_window16s_stride1s-epo,beta
3270,-0.012214884829556532,patient11_window16s_stride1s-epo,beta
3271,-0.011768060343697226,patient11_window16s_stride1s-epo,beta
3272,-0.010165947772918712,patient11_window16s_stride1s-epo,beta
3273,-0.0097166259928698,patient11_window16s_stride1s-epo,beta
3274,-0.008968101049560693,patient11_window16s_stride1s-epo,beta
3275,-0.008882846995303142,patient11_window16s_stride1s-epo,beta
3276,-0.009559194112673771,patient11_window16s_stride1s-epo,beta
3277,-0.009231088507634447,patient11_window16s_stride1s-epo,beta
3278,-0.009955168080227417,patient11_window16s_stride1s-epo,beta
3279,-0.009304530339383998,patient11_window16s_stride1s-epo,beta
3280,-0.00847330523000921,patient11_window16s_stride1s-epo,beta
3281,-0.009300211376847672,patient11_window16s_stride1s-epo,beta
3282,-0.009430314722614932,patient11_window16s_stride1s-epo,beta
3283,-0.006347061252119014,patient11_window16s_stride1s-epo,beta
3284,-0.006825665635832195,patient11_window16s_stride1s-epo,beta
3285,-0.007043958455333297,patient11_window16s_stride1s-epo,beta
3286,-0.008291605676875154,patient11_window16s_stride1s-epo,beta
3287,-0.00682216825535369,patient11_window16s_stride1s-epo,beta
3288,-0.007671929711840387,patient11_window16s_stride1s-epo,beta
3289,-0.007641615228504847,patient11_window16s_stride1s-epo,beta
3290,-0.007018556680794619,patient11_window16s_stride1s-epo,beta
3291,-0.007178833166699939,patient11_window16s_stride1s-epo,beta
3292,-0.005669043315743094,patient11_window16s_stride1s-epo,beta
3293,-0.006138126152080357,patient11_window16s_stride1s-epo,beta
3294,-0.0063504920400061764,patient11_window16s_stride1s-epo,beta
3295,-0.005909442057904587,patient11_window16s_stride1s-epo,beta
3296,-0.005806329388672388,patient11_window16s_stride1s-epo,beta
3297,-0.0049889737675987205,patient11_window16s_stride1s-epo,beta
3298,-0.00494439978449534,patient11_window16s_stride1s-epo,beta
3299,-0.0052955600359344945,patient11_window16s_stride1s-epo,beta
3300,-0.005564079296167507,patient11_window16s_stride1s-epo,beta
3301,-0.006963828851697591,patient11_window16s_stride1s-epo,beta
3302,-0.005532362569206496,patient11_window16s_stride1s-epo,beta
3303,-0.006085009654315397,patient11_window16s_stride1s-epo,beta
3304,-0.00665468349116651,patient11_window16s_stride1s-epo,beta
3305,-0.006612264477455873,patient11_window16s_stride1s-epo,beta
3306,-0.005641935779329807,patient11_window16s_stride1s-epo,beta
3307,-0.0056399295227356015,patient11_window16s_stride1s-epo,beta
3308,-0.00635256029268179,patient11_window16s_stride1s-epo,beta
3309,-0.0067738452808192105,patient11_window16s_stride1s-epo,beta
3310,-0.006939131437173972,patient11_window16s_stride1s-epo,beta
3311,-0.006389772106780848,patient11_window16s_stride1s-epo,beta
3312,-0.007033766784476568,patient11_window16s_stride1s-epo,beta
3313,-0.008111825473979343,patient11_window16s_stride1s-epo,beta
3314,-0.0071066257874664845,patient11_window16s_stride1s-epo,beta
3315,-0.007153408011952097,patient11_window16s_stride1s-epo,beta
3316,-0.00659407213131073,patient11_window16s_stride1s-epo,beta
3317,-0.006737425529176661,patient11_window16s_stride1s-epo,beta
3318,-0.007704819553938114,patient11_window16s_stride1s-epo,beta
3319,-0.007079735902985385,patient11_window16s_stride1s-epo,beta
3320,-0.008122958471123268,patient11_window16s_stride1s-epo,beta
3321,-0.007894687124482573,patient11_window16s_stride1s-epo,beta
3322,-0.007645587873011515,patient11_window16s_stride1s-epo,beta
3323,-0.007824714524236488,patient11_window16s_stride1s-epo,beta
3324,-0.008985845267238775,patient11_window16s_stride1s-epo,beta
3325,-0.008350260133127082,patient11_window16s_stride1s-epo,beta
3326,-0.009520502490827292,patient11_window16s_stride1s-epo,beta
3327,-0.009237214050133452,patient11_window16s_stride1s-epo,beta
3328,-0.009767727026248464,patient11_window16s_stride1s-epo,beta
3329,-0.009157802087244316,patient11_window16s_stride1s-epo,beta
3330,-0.008434477699329063,patient11_window16s_stride1s-epo,beta
3331,-0.008173853766870881,patient11_window16s_stride1s-epo,beta
3332,-0.009676735189791058,patient11_window16s_stride1s-epo,beta
3333,-0.009656148724197294,patient11_window16s_stride1s-epo,beta
3334,-0.009604768746489405,patient11_window16s_stride1s-epo,beta
3335,-0.010073590258828643,patient11_window16s_stride1s-epo,beta
3336,-0.009055352022925602,patient11_window16s_stride1s-epo,beta
3337,-0.009754041963652529,patient11_window16s_stride1s-epo,beta
3338,-0.009467559375778544,patient11_window16s_stride1s-epo,beta
3339,-0.009489324592553654,patient11_window16s_stride1s-epo,beta
3340,-0.010813201382458415,patient11_window16s_stride1s-epo,beta
3341,-0.010578748666453117,patient11_window16s_stride1s-epo,beta
3342,-0.009486560204749755,patient11_window16s_stride1s-epo,beta
3343,-0.009385324420634044,patient11_window16s_stride1s-epo,beta
3344,-0.010403723342556336,patient11_window16s_stride1s-epo,beta
3345,-0.01031471855308564,patient11_window16s_stride1s-epo,beta
3346,-0.010651220308015857,patient11_window16s_stride1s-epo,beta
3347,-0.011154176584009051,patient11_window16s_stride1s-epo,beta
3348,-0.010901896752555993,patient11_window16s_stride1s-epo,beta
3349,-0.01096479049491759,patient11_window16s_stride1s-epo,beta
3350,-0.01155869133002382,patient11_window16s_stride1s-epo,beta
3351,-0.011504261254544294,patient11_window16s_stride1s-epo,beta
3352,-0.01258971942516493,patient11_window16s_stride1s-epo,beta
3353,-0.011731201384087465,patient11_window16s_stride1s-epo,beta
3354,-0.012209998396143801,patient11_window16s_stride1s-epo,beta
3355,-0.010891990130647641,patient11_window16s_stride1s-epo,beta
3356,-0.010322423173418074,patient11_window16s_stride1s-epo,beta
3357,-0.010975888469634995,patient11_window16s_stride1s-epo,beta
3358,-0.010551934022118908,patient11_window16s_stride1s-epo,beta
3359,-0.009138448463560364,patient11_window16s_stride1s-epo,beta
3360,-0.012015568097924917,patient11_window16s_stride1s-epo,beta
3361,-0.011342003474869055,patient11_window16s_stride1s-epo,beta
3362,-0.011389419508897,patient11_window16s_stride1s-epo,beta
3363,-0.010418493755315339,patient11_window16s_stride1s-epo,beta
3364,-0.009202208806305939,patient11_window16s_stride1s-epo,beta
3365,-0.008710145113114475,patient11_window16s_stride1s-epo,beta
3366,-0.008558822967426315,patient11_window16s_stride1s-epo,beta
3367,-0.00806359832203224,patient11_window16s_stride1s-epo,beta
3368,-0.007928215938779716,patient11_window16s_stride1s-epo,beta
3369,-0.00901619623999806,patient11_window16s_stride1s-epo,beta
3370,-0.009030711279944679,patient11_window16s_stride1s-epo,beta
3371,-0.007791252090921856,patient11_window16s_stride1s-epo,beta
3372,-0.007694448455620837,patient11_window16s_stride1s-epo,beta
3373,-0.007112561199061445,patient11_window16s_stride1s-epo,beta
3374,-0.007667299639996795,patient11_window16s_stride1s-epo,beta
3375,-0.006994488661512085,patient11_window16s_stride1s-epo,beta
3376,-0.006105100760014924,patient11_window16s_stride1s-epo,beta
3377,-0.006500080038168223,patient11_window16s_stride1s-epo,beta
3378,-0.007403097181794217,patient11_window16s_stride1s-epo,beta
3379,-0.007286820163108686,patient11_window16s_stride1s-epo,beta
3380,-0.007430339841193221,patient11_window16s_stride1s-epo,beta
3381,-0.00679740166119617,patient11_window16s_stride1s-epo,beta
3382,-0.0060047611355073475,patient11_window16s_stride1s-epo,beta
3383,-0.00602980468142271,patient11_window16s_stride1s-epo,beta
3384,-0.005483079774336518,patient11_window16s_stride1s-epo,beta
3385,-0.004487162896998168,patient11_window16s_stride1s-epo,beta
3386,-0.005289505788749672,patient11_window16s_stride1s-epo,beta
3387,-0.005567367270329688,patient11_window16s_stride1s-epo,beta
3388,-0.006250736224607292,patient11_window16s_stride1s-epo,beta
3389,-0.0066657283760273,patient11_window16s_stride1s-epo,beta
3390,-0.007714063423271161,patient11_window16s_stride1s-epo,beta
3391,-0.007337216377809793,patient11_window16s_stride1s-epo,beta
3392,-0.006825787581845745,patient11_window16s_stride1s-epo,beta
3393,-0.00805164961187513,patient11_window16s_stride1s-epo,beta
3394,-0.00758691705002771,patient11_window16s_stride1s-epo,beta
3395,-0.007867934930351027,patient11_window16s_stride1s-epo,beta
3396,-0.0072915725090559455,patient11_window16s_stride1s-epo,beta
3397,-0.007909982786901788,patient11_window16s_stride1s-epo,beta
3398,-0.007875877303589459,patient11_window16s_stride1s-epo,beta
3399,-0.008103201934027679,patient11_window16s_stride1s-epo,beta
3400,-0.007425069235051907,patient11_window16s_stride1s-epo,beta
3401,-0.007942807048344906,patient11_window16s_stride1s-epo,beta
3402,-0.006223004584467124,patient11_window16s_stride1s-epo,beta
3403,-0.007549384035219981,patient11_window16s_stride1s-epo,beta
3404,-0.007521648966442374,patient11_window16s_stride1s-epo,beta
3405,-0.006281490150671385,patient11_window16s_stride1s-epo,beta
3406,-0.005794060384099667,patient11_window16s_stride1s-epo,beta
3407,-0.005187276857549271,patient11_window16s_stride1s-epo,beta
3408,-0.00523034323563667,patient11_window16s_stride1s-epo,beta
3409,-0.0051056824469648265,patient11_window16s_stride1s-epo,beta
3410,-0.0065132793093646115,patient11_window16s_stride1s-epo,beta
3411,-0.007250112847857512,patient11_window16s_stride1s-epo,beta
3412,-0.007445929889241797,patient11_window16s_stride1s-epo,beta
3413,-0.007199425958318449,patient11_window16s_stride1s-epo,beta
3414,-0.006848298431138258,patient11_window16s_stride1s-epo,beta
3415,-0.008218890225066436,patient11_window16s_stride1s-epo,beta
3416,-0.007682511473125975,patient11_window16s_stride1s-epo,beta
3417,-0.008227815685555334,patient11_window16s_stride1s-epo,beta
3418,-0.00794628216628425,patient11_window16s_stride1s-epo,beta
3419,-0.007799783857931593,patient11_window16s_stride1s-epo,beta
3420,-0.007753178437883691,patient11_window16s_stride1s-epo,beta
3421,-0.008856322321003507,patient11_window16s_stride1s-epo,beta
3422,-0.009313382171498928,patient11_window16s_stride1s-epo,beta
3423,-0.009470979249947735,patient11_window16s_stride1s-epo,beta
3424,-0.009724893251729566,patient11_window16s_stride1s-epo,beta
3425,-0.008720618969049986,patient11_window16s_stride1s-epo,beta
3426,-0.005911337066053237,patient11_window16s_stride1s-epo,beta
3427,-0.00603800603114802,patient11_window16s_stride1s-epo,beta
3428,-0.005750351601777746,patient11_window16s_stride1s-epo,beta
3429,-0.0062508413745075665,patient11_window16s_stride1s-epo,beta
3430,-0.0068919855113710096,patient11_window16s_stride1s-epo,beta
3431,-0.005885933887607629,patient11_window16s_stride1s-epo,beta
3432,-0.00534450123906867,patient11_window16s_stride1s-epo,beta
3433,-0.004266927380895607,patient11_window16s_stride1s-epo,beta
3434,-0.005004513286030593,patient11_window16s_stride1s-epo,beta
3435,-0.0051294450051884415,patient11_window16s_stride1s-epo,beta
3436,-0.006140712337662515,patient11_window16s_stride1s-epo,beta
3437,-0.005847295144489756,patient11_window16s_stride1s-epo,beta
3438,-0.007120435671345796,patient11_window16s_stride1s-epo,beta
3439,-0.00617744147434763,patient11_window16s_stride1s-epo,beta
3440,-0.005788637932331476,patient11_window16s_stride1s-epo,beta
3441,-0.006223425277965197,patient11_window16s_stride1s-epo,beta
3442,-0.005866771195015691,patient11_window16s_stride1s-epo,beta
3443,-0.005848453181753926,patient11_window16s_stride1s-epo,beta
3444,-0.004494385170331964,patient11_window16s_stride1s-epo,beta
3445,-0.0042630042398275675,patient11_window16s_stride1s-epo,beta
3446,-0.004806978253011515,patient11_window16s_stride1s-epo,beta
3447,-0.004664071471714466,patient11_window16s_stride1s-epo,beta
3448,-0.005991935001098449,patient11_window16s_stride1s-epo,beta
3449,-0.006685677666180438,patient11_window16s_stride1s-epo,beta
3450,-0.0062361204356920176,patient11_window16s_stride1s-epo,beta
3451,-0.004914755534963213,patient11_window16s_stride1s-epo,beta
3452,-0.0053337761109385155,patient11_window16s_stride1s-epo,beta
3453,-0.003558070450542695,patient11_window16s_stride1s-epo,beta
3454,-0.0035836030496884507,patient11_window16s_stride1s-epo,beta
3455,-0.003599683614080572,patient11_window16s_stride1s-epo,beta
3456,-0.004479672425810428,patient11_window16s_stride1s-epo,beta
3457,-0.005036201127030039,patient11_window16s_stride1s-epo,beta
3458,-0.004145040689483081,patient11_window16s_stride1s-epo,beta
3459,-0.004703425966976997,patient11_window16s_stride1s-epo,beta
3460,-0.003960728818897522,patient11_window16s_stride1s-epo,beta
3461,-0.0051618364247014705,patient11_window16s_stride1s-epo,beta
3462,-0.005047862929864346,patient11_window16s_stride1s-epo,beta
3463,-0.006946576431499628,patient11_window16s_stride1s-epo,beta
3464,-0.009253802551710618,patient11_window16s_stride1s-epo,beta
3465,-0.00893328243117666,patient11_window16s_stride1s-epo,beta
3466,-0.010212577757663878,patient11_window16s_stride1s-epo,beta
3467,-0.011453173714426662,patient11_window16s_stride1s-epo,beta
3468,-0.012444090361128618,patient11_window16s_stride1s-epo,beta
3469,-0.013518712539208852,patient11_window16s_stride1s-epo,beta
3470,-0.013226208994622764,patient11_window16s_stride1s-epo,beta
3471,-0.01346486748960772,patient11_window16s_stride1s-epo,beta
3472,-0.012463689293612443,patient11_window16s_stride1s-epo,beta
3473,-0.012382242416235775,patient11_window16s_stride1s-epo,beta
3474,-0.012721239420036806,patient11_window16s_stride1s-epo,beta
3475,-0.013382912354899575,patient11_window16s_stride1s-epo,beta
3476,-0.013166627866485042,patient11_window16s_stride1s-epo,beta
3477,-0.013258537544316551,patient11_window16s_stride1s-epo,beta
3478,-0.014117243931186983,patient11_window16s_stride1s-epo,beta
3479,-0.013390190117546621,patient11_window16s_stride1s-epo,beta
3480,-0.009585312749784242,patient11_window16s_stride1s-epo,beta
3481,-0.009684314771658788,patient11_window16s_stride1s-epo,beta
3482,-0.00942365752104974,patient11_window16s_stride1s-epo,beta
3483,-0.007698682134259737,patient11_window16s_stride1s-epo,beta
3484,-0.006014336440973957,patient11_window16s_stride1s-epo,beta
3485,-0.00702381446153135,patient11_window16s_stride1s-epo,beta
3486,-0.006921675950290705,patient11_window16s_stride1s-epo,beta
3487,-0.006435491976860063,patient11_window16s_stride1s-epo,beta
3488,-0.006313820157608887,patient11_window16s_stride1s-epo,beta
3489,-0.0074490554065242635,patient11_window16s_stride1s-epo,beta
3490,-0.007669102630879959,patient11_window16s_stride1s-epo,beta
3491,-0.00799127576051698,patient11_window16s_stride1s-epo,beta
3492,-0.007578559427553079,patient11_window16s_stride1s-epo,beta
3493,-0.006160677552786228,patient11_window16s_stride1s-epo,beta
3494,-0.005797270787615624,patient11_window16s_stride1s-epo,beta
3495,-0.0058014503510613645,patient11_window16s_stride1s-epo,beta
3496,-0.006207954689735416,patient11_window16s_stride1s-epo,beta
3497,-0.004976996358125427,patient11_window16s_stride1s-epo,beta
3498,-0.005393896220822689,patient11_window16s_stride1s-epo,beta
3499,-0.00611201293027704,patient11_window16s_stride1s-epo,beta
3500,-0.005870658820169245,patient11_window16s_stride1s-epo,beta
3501,-0.005442775619533541,patient11_window16s_stride1s-epo,beta
3502,-0.0057198969627030955,patient11_window16s_stride1s-epo,beta
3503,-0.008195957328836212,patient11_window16s_stride1s-epo,beta
3504,-0.007252090438964014,patient11_window16s_stride1s-epo,beta
3505,-0.006607838308310634,patient11_window16s_stride1s-epo,beta
3506,-0.008226669245131999,patient11_window16s_stride1s-epo,beta
3507,-0.0075677130019392415,patient11_window16s_stride1s-epo,beta
3508,-0.007588809376207811,patient11_window16s_stride1s-epo,beta
3509,-0.00799621968965168,patient11_window16s_stride1s-epo,beta
3510,-0.008599463109221599,patient11_window16s_stride1s-epo,beta
3511,-0.007790735880825935,patient11_window16s_stride1s-epo,beta
3512,-0.0082053484730045,patient11_window16s_stride1s-epo,beta
3513,-0.007929094452948721,patient11_window16s_stride1s-epo,beta
3514,-0.00643835364126884,patient11_window16s_stride1s-epo,beta
3515,-0.006737192285925088,patient11_window16s_stride1s-epo,beta
3516,-0.006265708829341647,patient11_window16s_stride1s-epo,beta
3517,-0.006497796077862196,patient11_window16s_stride1s-epo,beta
3518,-0.007853423501345401,patient11_window16s_stride1s-epo,beta
3519,-0.0061922071869772105,patient11_window16s_stride1s-epo,beta
3520,-0.006153869831395974,patient11_window16s_stride1s-epo,beta
3521,-0.005465229691187545,patient11_window16s_stride1s-epo,beta
3522,-0.006412507775249973,patient11_window16s_stride1s-epo,beta
3523,-0.006157724939736458,patient11_window16s_stride1s-epo,beta
3524,-0.007471214983736734,patient11_window16s_stride1s-epo,beta
3525,-0.0061525110310618435,patient11_window16s_stride1s-epo,beta
3526,-0.006852138756410228,patient11_window16s_stride1s-epo,beta
3527,-0.006051209198204776,patient11_window16s_stride1s-epo,beta
3528,-0.005663909693572324,patient11_window16s_stride1s-epo,beta
3529,-0.007563677430447028,patient11_window16s_stride1s-epo,beta
3530,-0.00819067768775033,patient11_window16s_stride1s-epo,beta
3531,-0.00810030374608369,patient11_window16s_stride1s-epo,beta
3532,-0.0077716228451628,patient11_window16s_stride1s-epo,beta
3533,-0.007092695140846639,patient11_window16s_stride1s-epo,beta
3534,-0.0063362323804503065,patient11_window16s_stride1s-epo,beta
3535,-0.007358521260053782,patient11_window16s_stride1s-epo,beta
3536,-0.0067598209310678415,patient11_window16s_stride1s-epo,beta
3537,-0.005261880137472903,patient11_window16s_stride1s-epo,beta
3538,-0.004181815851535205,patient11_window16s_stride1s-epo,beta
3539,-0.003728975975321574,patient11_window16s_stride1s-epo,beta
3540,-0.004019753978149318,patient11_window16s_stride1s-epo,beta
3541,-0.004671897941516431,patient11_window16s_stride1s-epo,beta
3542,-0.004717919219726812,patient11_window16s_stride1s-epo,beta
3543,-0.0036247122237888564,patient11_window16s_stride1s-epo,beta
3544,-0.005466195474870629,patient11_window16s_stride1s-epo,beta
3545,-0.00412501180540306,patient11_window16s_stride1s-epo,beta
3546,-0.004628473956055733,patient11_window16s_stride1s-epo,beta
3547,-0.004509491347845399,patient11_window16s_stride1s-epo,beta
3548,-0.004793467490037024,patient11_window16s_stride1s-epo,beta
3549,-0.004789182129336252,patient11_window16s_stride1s-epo,beta
3550,-0.003444813126294794,patient11_window16s_stride1s-epo,beta
3551,-0.004389419702656325,patient11_window16s_stride1s-epo,beta
3552,-0.0047344185175802545,patient11_window16s_stride1s-epo,beta
3553,-0.003906580918049,patient11_window16s_stride1s-epo,beta
3554,-0.00403670572980912,patient11_window16s_stride1s-epo,beta
3555,-0.0033313639330649347,patient11_window16s_stride1s-epo,beta
3556,-0.0037546959264004092,patient11_window16s_stride1s-epo,beta
3557,-0.004687413289800651,patient11_window16s_stride1s-epo,beta
3558,-0.005498488878127228,patient11_window16s_stride1s-epo,beta
3559,-0.0049135917143669425,patient11_window16s_stride1s-epo,beta
3560,-0.004523135714449072,patient11_window16s_stride1s-epo,beta
3561,-0.005433961942209538,patient11_window16s_stride1s-epo,beta
3562,-0.005442685524073704,patient11_window16s_stride1s-epo,beta
3563,-0.005328527664371767,patient11_window16s_stride1s-epo,beta
3564,-0.007241625752615093,patient11_window16s_stride1s-epo,beta
3565,-0.007270416359498945,patient11_window16s_stride1s-epo,beta
3566,-0.0070561633653655285,patient11_window16s_stride1s-epo,beta
3567,-0.006513712219522639,patient11_window16s_stride1s-epo,beta
3568,-0.006044655276357424,patient11_window16s_stride1s-epo,beta
3569,-0.006335713787332451,patient11_window16s_stride1s-epo,beta
3570,-0.0075985342135645164,patient11_window16s_stride1s-epo,beta
3571,-0.008774661614531148,patient11_window16s_stride1s-epo,beta
3572,-0.008971200991869842,patient11_window16s_stride1s-epo,beta
3573,-0.012085147314766044,patient11_window16s_stride1s-epo,beta
3574,-0.016316819860388118,patient11_window16s_stride1s-epo,beta
3575,-0.016439953748696983,patient11_window16s_stride1s-epo,beta
3576,-0.016036375200771353,patient11_window16s_stride1s-epo,beta
3577,-0.0160856714915878,patient11_window16s_stride1s-epo,beta
3578,-0.014479686764676935,patient11_window16s_stride1s-epo,beta
3579,-0.01765215334934496,patient11_window16s_stride1s-epo,beta
3580,-0.016581332150608814,patient11_window16s_stride1s-epo,beta
3581,-0.017000761181762948,patient11_window16s_stride1s-epo,beta
3582,-0.017498864250194084,patient11_window16s_stride1s-epo,beta
3583,-0.01996662889381325,patient11_window16s_stride1s-epo,beta
3584,-0.021508014979185804,patient11_window16s_stride1s-epo,beta
3585,-0.02083537803246445,patient11_window16s_stride1s-epo,beta
3586,-0.019657846210040877,patient11_window16s_stride1s-epo,beta
3587,-0.01912858470908924,patient11_window16s_stride1s-epo,beta
3588,-0.019198635636885338,patient11_window16s_stride1s-epo,beta
3589,-0.01631773270780442,patient11_window16s_stride1s-epo,beta
3590,-0.013130684772965202,patient11_window16s_stride1s-epo,beta
3591,-0.013484290953292328,patient11_window16s_stride1s-epo,beta
3592,-0.013512975282312118,patient11_window16s_stride1s-epo,beta
3593,-0.013467169981365436,patient11_window16s_stride1s-epo,beta
3594,-0.013007556545218535,patient11_window16s_stride1s-epo,beta
3595,-0.01077271438287282,patient11_window16s_stride1s-epo,beta
3596,-0.009423178678284782,patient11_window16s_stride1s-epo,beta
3597,-0.00983059467871768,patient11_window16s_stride1s-epo,beta
3598,-0.008665504082407818,patient11_window16s_stride1s-epo,beta
3599,-0.004365307425546797,patient11_window16s_stride1s-epo,beta
3600,-0.0032178273605314106,patient11_window16s_stride1s-epo,beta
3601,-0.0031637636314244427,patient11_window16s_stride1s-epo,beta
3602,-0.0033299509354062754,patient11_window16s_stride1s-epo,beta
3603,-0.0026672800402802025,patient11_window16s_stride1s-epo,beta
3604,-0.003440189409117404,patient11_window16s_stride1s-epo,beta
3605,-0.002578781173764811,patient11_window16s_stride1s-epo,beta
3606,-0.003275572986041687,patient11_window16s_stride1s-epo,beta
3607,-0.002731806823544529,patient11_window16s_stride1s-epo,beta
3608,-0.002803353322904548,patient11_window16s_stride1s-epo,beta
3609,-0.0031896242850507663,patient11_window16s_stride1s-epo,beta
3610,-0.0036429556256042787,patient11_window16s_stride1s-epo,beta
3611,-0.004584412053929118,patient11_window16s_stride1s-epo,beta
3612,-0.0058530276384359745,patient11_window16s_stride1s-epo,beta
3613,-0.007495311084846601,patient11_window16s_stride1s-epo,beta
3614,-0.00986329916759284,patient11_window16s_stride1s-epo,beta
3615,-0.01005410233666717,patient11_window16s_stride1s-epo,beta
3616,-0.011269727883569263,patient11_window16s_stride1s-epo,beta
3617,-0.013594198802978075,patient11_window16s_stride1s-epo,beta
3618,-0.015648043766347566,patient11_window16s_stride1s-epo,beta
3619,-0.015994827502642563,patient11_window16s_stride1s-epo,beta
3620,-0.017133318024753208,patient11_window16s_stride1s-epo,beta
3621,-0.017926233544420047,patient11_window16s_stride1s-epo,beta
3622,-0.017576226523424113,patient11_window16s_stride1s-epo,beta
3623,-0.01811817064261096,patient11_window16s_stride1s-epo,beta
3624,-0.016231200864394942,patient11_window16s_stride1s-epo,beta
3625,-0.01600115670305174,patient11_window16s_stride1s-epo,beta
3626,-0.015711492435731646,patient11_window16s_stride1s-epo,beta
3627,-0.015421896972110532,patient11_window16s_stride1s-epo,beta
3628,-0.014717447614785622,patient11_window16s_stride1s-epo,beta
3629,-0.013811672561096375,patient11_window16s_stride1s-epo,beta
3630,-0.012896893715010018,patient11_window16s_stride1s-epo,beta
3631,-0.012890111152516096,patient11_window16s_stride1s-epo,beta
3632,-0.01213907953008785,patient11_window16s_stride1s-epo,beta
3633,-0.008271847946899908,patient11_window16s_stride1s-epo,beta
3634,-0.006450917705338905,patient11_window16s_stride1s-epo,beta
3635,-0.004801437456601652,patient11_window16s_stride1s-epo,beta
3636,-0.0035908916385808767,patient11_window16s_stride1s-epo,beta
3637,-0.005375481530008202,patient11_window16s_stride1s-epo,beta
3638,-0.00672206759211184,patient11_window16s_stride1s-epo,beta
3639,-0.006645857095168598,patient11_window16s_stride1s-epo,beta
3640,-0.0069610118385856025,patient11_window16s_stride1s-epo,beta
3641,-0.00658703720705734,patient11_window16s_stride1s-epo,beta
3642,-0.007247808287054108,patient11_window16s_stride1s-epo,beta
3643,-0.006859946016214626,patient11_window16s_stride1s-epo,beta
3644,-0.007366142643413866,patient11_window16s_stride1s-epo,beta
3645,-0.006582104114988922,patient11_window16s_stride1s-epo,beta
3646,-0.00788540381789208,patient11_window16s_stride1s-epo,beta
3647,-0.00789249155674512,patient11_window16s_stride1s-epo,beta
3648,-0.008163175334998739,patient11_window16s_stride1s-epo,beta
3649,-0.009446246521716729,patient11_window16s_stride1s-epo,beta
3650,-0.010284842723985112,patient11_window16s_stride1s-epo,beta
3651,-0.0107468648222822,patient11_window16s_stride1s-epo,beta
3652,-0.010723366461135014,patient11_window16s_stride1s-epo,beta
3653,-0.010406715386449706,patient11_window16s_stride1s-epo,beta
3654,-0.009876764187479976,patient11_window16s_stride1s-epo,beta
3655,-0.01091165581764381,patient11_window16s_stride1s-epo,beta
3656,-0.011705435730291982,patient11_window16s_stride1s-epo,beta
3657,-0.01105231071431191,patient11_window16s_stride1s-epo,beta
3658,-0.011461496272663255,patient11_window16s_stride1s-epo,beta
3659,-0.012534910307861176,patient11_window16s_stride1s-epo,beta
3660,-0.012244100283795413,patient11_window16s_stride1s-epo,beta
3661,-0.012726339938905321,patient11_window16s_stride1s-epo,beta
3662,-0.011060336098153895,patient11_window16s_stride1s-epo,beta
3663,-0.011569313630723721,patient11_window16s_stride1s-epo,beta
3664,-0.010099415064285303,patient11_window16s_stride1s-epo,beta
3665,-0.009466789882982074,patient11_window16s_stride1s-epo,beta
3666,-0.008258371065235748,patient11_window16s_stride1s-epo,beta
3667,-0.0064497933882791845,patient11_window16s_stride1s-epo,beta
3668,-0.007030919486180877,patient11_window16s_stride1s-epo,beta
3669,-0.007692398552185965,patient11_window16s_stride1s-epo,beta
3670,-0.007837102904717215,patient11_window16s_stride1s-epo,beta
3671,-0.006799484874756734,patient11_window16s_stride1s-epo,beta
3672,-0.006916954921436094,patient11_window16s_stride1s-epo,beta
3673,-0.006971418261359133,patient11_window16s_stride1s-epo,beta
3674,-0.0069621973894054895,patient11_window16s_stride1s-epo,beta
3675,-0.007822321061156753,patient11_window16s_stride1s-epo,beta
3676,-0.0059469604681902785,patient11_window16s_stride1s-epo,beta
3677,-0.007479035605068954,patient11_window16s_stride1s-epo,beta
3678,-0.006635836841496469,patient11_window16s_stride1s-epo,beta
3679,-0.006662528410154309,patient11_window16s_stride1s-epo,beta
3680,-0.007657113567363635,patient11_window16s_stride1s-epo,beta
3681,-0.006959921608413606,patient11_window16s_stride1s-epo,beta
3682,-0.006552357095054927,patient11_window16s_stride1s-epo,beta
3683,-0.007158551326225712,patient11_window16s_stride1s-epo,beta
3684,-0.006707312801811031,patient11_window16s_stride1s-epo,beta
3685,-0.006885533600901041,patient11_window16s_stride1s-epo,beta
3686,-0.007049204456935471,patient11_window16s_stride1s-epo,beta
3687,-0.006621279395808861,patient11_window16s_stride1s-epo,beta
3688,-0.0072816873109812575,patient11_window16s_stride1s-epo,beta
3689,-0.007660954836651653,patient11_window16s_stride1s-epo,beta
3690,-0.006567310823516739,patient11_window16s_stride1s-epo,beta
3691,-0.007593147472178099,patient11_window16s_stride1s-epo,beta
3692,-0.007597950007165159,patient11_window16s_stride1s-epo,beta
3693,-0.008261644880918012,patient11_window16s_stride1s-epo,beta
3694,-0.007353787343382843,patient11_window16s_stride1s-epo,beta
3695,-0.006704400861341,patient11_window16s_stride1s-epo,beta
3696,-0.006306194505529605,patient11_window16s_stride1s-epo,beta
3697,-0.006292258501107704,patient11_window16s_stride1s-epo,beta
3698,-0.006152167340971838,patient11_window16s_stride1s-epo,beta
3699,-0.006154182833031418,patient11_window16s_stride1s-epo,beta
3700,-0.007333805721891194,patient11_window16s_stride1s-epo,beta
3701,-0.0069943818174269725,patient11_window16s_stride1s-epo,beta
3702,-0.007920838607644046,patient11_window16s_stride1s-epo,beta
3703,-0.006746347334978549,patient11_window16s_stride1s-epo,beta
3704,-0.006604871260164203,patient11_window16s_stride1s-epo,beta
3705,-0.00947887630437272,patient11_window16s_stride1s-epo,beta
3706,-0.010280883234611663,patient11_window16s_stride1s-epo,beta
3707,-0.009985291259888495,patient11_window16s_stride1s-epo,beta
3708,-0.00855888425381321,patient11_window16s_stride1s-epo,beta
3709,-0.00893631840601108,patient11_window16s_stride1s-epo,beta
3710,-0.009819582766167614,patient11_window16s_stride1s-epo,beta
3711,-0.010303521048463956,patient11_window16s_stride1s-epo,beta
3712,-0.01026193442314193,patient11_window16s_stride1s-epo,beta
3713,-0.009895488601091566,patient11_window16s_stride1s-epo,beta
3714,-0.01122117148107295,patient11_window16s_stride1s-epo,beta
3715,-0.013530424427829651,patient11_window16s_stride1s-epo,beta
3716,-0.013122990105240238,patient11_window16s_stride1s-epo,beta
3717,-0.013558595519554588,patient11_window16s_stride1s-epo,beta
3718,-0.014312873343775127,patient11_window16s_stride1s-epo,beta
3719,-0.013459921654554547,patient11_window16s_stride1s-epo,beta
3720,-0.013951796325317387,patient11_window16s_stride1s-epo,beta
3721,-0.011718470459941703,patient11_window16s_stride1s-epo,beta
3722,-0.011883972587517423,patient11_window16s_stride1s-epo,beta
3723,-0.011218066209900845,patient11_window16s_stride1s-epo,beta
3724,-0.011545759642859362,patient11_window16s_stride1s-epo,beta
3725,-0.011588693458981978,patient11_window16s_stride1s-epo,beta
3726,-0.009732196216666397,patient11_window16s_stride1s-epo,beta
3727,-0.01014252904269752,patient11_window16s_stride1s-epo,beta
3728,-0.010117661459734242,patient11_window16s_stride1s-epo,beta
3729,-0.009678920227533973,patient11_window16s_stride1s-epo,beta
3730,-0.008957242305861382,patient11_window16s_stride1s-epo,beta
3731,-0.0075275491719359105,patient11_window16s_stride1s-epo,beta
3732,-0.007820360879922585,patient11_window16s_stride1s-epo,beta
3733,-0.00797800805633111,patient11_window16s_stride1s-epo,beta
3734,-0.008590005279724125,patient11_window16s_stride1s-epo,beta
3735,-0.007132227970352646,patient11_window16s_stride1s-epo,beta
3736,-0.006420394129414815,patient11_window16s_stride1s-epo,beta
3737,-0.007613871963184265,patient11_window16s_stride1s-epo,beta
3738,-0.00702029351005113,patient11_window16s_stride1s-epo,beta
3739,-0.006306077051336892,patient11_window16s_stride1s-epo,beta
3740,-0.006180561306417857,patient11_window16s_stride1s-epo,beta
3741,-0.006600646723260292,patient11_window16s_stride1s-epo,beta
3742,-0.007213829644769795,patient11_window16s_stride1s-epo,beta
3743,-0.006899952545261498,patient11_window16s_stride1s-epo,beta
3744,-0.006129629488359894,patient11_window16s_stride1s-epo,beta
3745,-0.0065954822782768605,patient11_window16s_stride1s-epo,beta
3746,-0.005731302884343599,patient11_window16s_stride1s-epo,beta
3747,-0.006091151484662735,patient11_window16s_stride1s-epo,beta
3748,-0.005565815666762423,patient11_window16s_stride1s-epo,beta
3749,-0.006397207115645138,patient11_window16s_stride1s-epo,beta
3750,-0.006073987096406507,patient11_window16s_stride1s-epo,beta
3751,-0.006141648561479337,patient11_window16s_stride1s-epo,beta
3752,-0.005055008579345491,patient11_window16s_stride1s-epo,beta
3753,-0.00512096496511965,patient11_window16s_stride1s-epo,beta
3754,-0.0064684509216753954,patient11_window16s_stride1s-epo,beta
3755,-0.006693329061406563,patient11_window16s_stride1s-epo,beta
3756,-0.006096453397710033,patient11_window16s_stride1s-epo,beta
3757,-0.006773688795161905,patient11_window16s_stride1s-epo,beta
3758,-0.006381535860286635,patient11_window16s_stride1s-epo,beta
3759,-0.006939734251970719,patient11_window16s_stride1s-epo,beta
3760,-0.008625323129259378,patient11_window16s_stride1s-epo,beta
3761,-0.007614130000920396,patient11_window16s_stride1s-epo,beta
3762,-0.007665943581700358,patient11_window16s_stride1s-epo,beta
3763,-0.00832325360122923,patient11_window16s_stride1s-epo,beta
3764,-0.01000015645213507,patient11_window16s_stride1s-epo,beta
3765,-0.010172568836334677,patient11_window16s_stride1s-epo,beta
3766,-0.011452987149576951,patient11_window16s_stride1s-epo,beta
3767,-0.012006402455914075,patient11_window16s_stride1s-epo,beta
3768,-0.013136651183640305,patient11_window16s_stride1s-epo,beta
3769,-0.013144583909847251,patient11_window16s_stride1s-epo,beta
3770,-0.01331763834461287,patient11_window16s_stride1s-epo,beta
3771,-0.01113135093558361,patient11_window16s_stride1s-epo,beta
3772,-0.010610049173295052,patient11_window16s_stride1s-epo,beta
3773,-0.009612961743086982,patient11_window16s_stride1s-epo,beta
3774,-0.0106486395586116,patient11_window16s_stride1s-epo,beta
3775,-0.009903481431753123,patient11_window16s_stride1s-epo,beta
3776,-0.009670100591277275,patient11_window16s_stride1s-epo,beta
3777,-0.009315546343047957,patient11_window16s_stride1s-epo,beta
3778,-0.00938358592827176,patient11_window16s_stride1s-epo,beta
3779,-0.010051252878089976,patient11_window16s_stride1s-epo,beta
3780,-0.006795274810688725,patient11_window16s_stride1s-epo,beta
3781,-0.005764891464286331,patient11_window16s_stride1s-epo,beta
3782,-0.006206442458455429,patient11_window16s_stride1s-epo,beta
3783,-0.00555194398411898,patient11_window16s_stride1s-epo,beta
3784,-0.004556754291396462,patient11_window16s_stride1s-epo,beta
3785,-0.00563748065912762,patient11_window16s_stride1s-epo,beta
3786,-0.005950495727772676,patient11_window16s_stride1s-epo,beta
3787,-0.007682049777475444,patient11_window16s_stride1s-epo,beta
3788,-0.007380701640251572,patient11_window16s_stride1s-epo,beta
3789,-0.008862604555611886,patient11_window16s_stride1s-epo,beta
3790,-0.007091016052688168,patient11_window16s_stride1s-epo,beta
3791,-0.010921282864003859,patient11_window16s_stride1s-epo,beta
3792,-0.010518668797883681,patient11_window16s_stride1s-epo,beta
3793,-0.011027565930033319,patient11_window16s_stride1s-epo,beta
3794,-0.011769737935501954,patient11_window16s_stride1s-epo,beta
3795,-0.011905857097405987,patient11_window16s_stride1s-epo,beta
3796,-0.012942345635525704,patient11_window16s_stride1s-epo,beta
3797,-0.013868294845118243,patient11_window16s_stride1s-epo,beta
3798,-0.013885470975374153,patient11_window16s_stride1s-epo,beta
3799,-0.014223930996104802,patient11_window16s_stride1s-epo,beta
3800,-0.014252086074347184,patient11_window16s_stride1s-epo,beta
3801,-0.014270659362856063,patient11_window16s_stride1s-epo,beta
3802,-0.013785102387989136,patient11_window16s_stride1s-epo,beta
3803,-0.013582353787901905,patient11_window16s_stride1s-epo,beta
3804,-0.01367808550767435,patient11_window16s_stride1s-epo,beta
3805,-0.013599502539561863,patient11_window16s_stride1s-epo,beta
3806,-0.013677654178214151,patient11_window16s_stride1s-epo,beta
3807,-0.010567260763239618,patient11_window16s_stride1s-epo,beta
3808,-0.010638618863571425,patient11_window16s_stride1s-epo,beta
3809,-0.010443293879843187,patient11_window16s_stride1s-epo,beta
3810,-0.010562259371526151,patient11_window16s_stride1s-epo,beta
3811,-0.0098033360976174,patient11_window16s_stride1s-epo,beta
3812,-0.009164196355462534,patient11_window16s_stride1s-epo,beta
3813,-0.00806851128806284,patient11_window16s_stride1s-epo,beta
3814,-0.008500186614316828,patient11_window16s_stride1s-epo,beta
3815,-0.007768718315739404,patient11_window16s_stride1s-epo,beta
3816,-0.007016427618828159,patient11_window16s_stride1s-epo,beta
3817,-0.005628957702948759,patient11_window16s_stride1s-epo,beta
3818,-0.008147312956871378,patient11_window16s_stride1s-epo,beta
3819,-0.008229372745413577,patient11_window16s_stride1s-epo,beta
3820,-0.007927768930611886,patient11_window16s_stride1s-epo,beta
3821,-0.008470386028751614,patient11_window16s_stride1s-epo,beta
3822,-0.009318632424077034,patient11_window16s_stride1s-epo,beta
3823,-0.008749602041088943,patient11_window16s_stride1s-epo,beta
3824,-0.010199100780600857,patient11_window16s_stride1s-epo,beta
3825,-0.008300083331231192,patient11_window16s_stride1s-epo,beta
3826,-0.007690298538478576,patient11_window16s_stride1s-epo,beta
3827,-0.006809182732456459,patient11_window16s_stride1s-epo,beta
3828,-0.006771088072218202,patient11_window16s_stride1s-epo,beta
3829,-0.005857668187226083,patient11_window16s_stride1s-epo,beta
3830,-0.0060709582581945495,patient11_window16s_stride1s-epo,beta
3831,-0.006749769953472232,patient11_window16s_stride1s-epo,beta
3832,-0.006875850394280518,patient11_window16s_stride1s-epo,beta
3833,-0.00811663470800625,patient11_window16s_stride1s-epo,beta
3834,-0.010327144584828906,patient11_window16s_stride1s-epo,beta
3835,-0.011589965357104381,patient11_window16s_stride1s-epo,beta
3836,-0.011392379787253961,patient11_window16s_stride1s-epo,beta
3837,-0.009825045387019934,patient11_window16s_stride1s-epo,beta
3838,-0.008661258930606023,patient11_window16s_stride1s-epo,beta
3839,-0.010900906230305096,patient11_window16s_stride1s-epo,beta
3840,-0.009404023820247409,patient11_window16s_stride1s-epo,beta
3841,-0.010099731687536442,patient11_window16s_stride1s-epo,beta
3842,-0.010690682153071883,patient11_window16s_stride1s-epo,beta
3843,-0.011301364734141768,patient11_window16s_stride1s-epo,beta
3844,-0.010885110380282791,patient11_window16s_stride1s-epo,beta
3845,-0.010977250051567411,patient11_window16s_stride1s-epo,beta
3846,-0.011271090608799002,patient11_window16s_stride1s-epo,beta
3847,-0.011657685669997794,patient11_window16s_stride1s-epo,beta
3848,-0.010534923950507787,patient11_window16s_stride1s-epo,beta
3849,-0.011475434293176195,patient11_window16s_stride1s-epo,beta
3850,-0.006667278250026594,patient11_window16s_stride1s-epo,beta
3851,-0.005175224887886857,patient11_window16s_stride1s-epo,beta
3852,-0.005478066771059212,patient11_window16s_stride1s-epo,beta
3853,-0.008029551590574406,patient11_window16s_stride1s-epo,beta
3854,-0.008440427825078442,patient11_window16s_stride1s-epo,beta
3855,-0.00817144103479374,patient11_window16s_stride1s-epo,beta
3856,-0.0071723899833969216,patient11_window16s_stride1s-epo,beta
3857,-0.007642463011242444,patient11_window16s_stride1s-epo,beta
3858,-0.008179849140959546,patient11_window16s_stride1s-epo,beta
3859,-0.007196159372955842,patient11_window16s_stride1s-epo,beta
3860,-0.007682289083191004,patient11_window16s_stride1s-epo,beta
3861,-0.009741336594701729,patient11_window16s_stride1s-epo,beta
3862,-0.010156010247476956,patient11_window16s_stride1s-epo,beta
3863,-0.01408757051901591,patient11_window16s_stride1s-epo,beta
3864,-0.015631671535030447,patient11_window16s_stride1s-epo,beta
3865,-0.014342142922254919,patient11_window16s_stride1s-epo,beta
3866,-0.015921579443364156,patient11_window16s_stride1s-epo,beta
3867,-0.014812312709551401,patient11_window16s_stride1s-epo,beta
3868,-0.016548174462666362,patient11_window16s_stride1s-epo,beta
3869,-0.015617947558017375,patient11_window16s_stride1s-epo,beta
3870,-0.015408989263630787,patient11_window16s_stride1s-epo,beta
3871,-0.015859871515604917,patient11_window16s_stride1s-epo,beta
3872,-0.01697627670075854,patient11_window16s_stride1s-epo,beta
3873,-0.01698045037188463,patient11_window16s_stride1s-epo,beta
3874,-0.017258986706432954,patient11_window16s_stride1s-epo,beta
3875,-0.017575445444195446,patient11_window16s_stride1s-epo,beta
3876,-0.01667789890419523,patient11_window16s_stride1s-epo,beta
3877,-0.01537794235604242,patient11_window16s_stride1s-epo,beta
3878,-0.015111880751653343,patient11_window16s_stride1s-epo,beta
3879,-0.010180340747198039,patient11_window16s_stride1s-epo,beta
3880,-0.008292271821127227,patient11_window16s_stride1s-epo,beta
3881,-0.007771105256880538,patient11_window16s_stride1s-epo,beta
3882,-0.005809232686899299,patient11_window16s_stride1s-epo,beta
3883,-0.006202458077790712,patient11_window16s_stride1s-epo,beta
3884,-0.00686150621240079,patient11_window16s_stride1s-epo,beta
3885,-0.003203592136097677,patient11_window16s_stride1s-epo,beta
3886,-0.0028687519089437507,patient11_window16s_stride1s-epo,beta
3887,-0.0026576369558524446,patient11_window16s_stride1s-epo,beta
3888,-0.0017331635860710006,patient11_window16s_stride1s-epo,beta
3889,-0.0017319010134521629,patient11_window16s_stride1s-epo,beta
3890,-0.0023876478289455378,patient11_window16s_stride1s-epo,beta
3891,-0.001703572471776372,patient11_window16s_stride1s-epo,beta
3892,-0.0022543229713610957,patient11_window16s_stride1s-epo,beta
3893,-0.0024380786738505745,patient11_window16s_stride1s-epo,beta
3894,-0.00281981173014795,patient11_window16s_stride1s-epo,beta
3895,-0.002567203960912175,patient11_window16s_stride1s-epo,beta
3896,-0.004320302686928693,patient11_window16s_stride1s-epo,beta
3897,-0.004405940015140933,patient11_window16s_stride1s-epo,beta
3898,-0.006626432565980693,patient11_window16s_stride1s-epo,beta
3899,-0.005670163097146532,patient11_window16s_stride1s-epo,beta
3900,-0.007078886969989502,patient11_window16s_stride1s-epo,beta
3901,-0.006263662537642067,patient11_window16s_stride1s-epo,beta
3902,-0.007804123652023666,patient11_window16s_stride1s-epo,beta
3903,-0.008053998969891585,patient11_window16s_stride1s-epo,beta
3904,-0.01080351375589471,patient11_window16s_stride1s-epo,beta
3905,-0.010604366952412143,patient11_window16s_stride1s-epo,beta
3906,-0.010975950817717467,patient11_window16s_stride1s-epo,beta
3907,-0.011926103736119001,patient11_window16s_stride1s-epo,beta
3908,-0.012983448444000166,patient11_window16s_stride1s-epo,beta
3909,-0.01322078907531929,patient11_window16s_stride1s-epo,beta
3910,-0.01316666619523691,patient11_window16s_stride1s-epo,beta
3911,-0.012496208753003652,patient11_window16s_stride1s-epo,beta
3912,-0.011282937801746386,patient11_window16s_stride1s-epo,beta
3913,-0.012787420367399997,patient11_window16s_stride1s-epo,beta
3914,-0.010869308010289916,patient11_window16s_stride1s-epo,beta
3915,-0.0117537217286198,patient11_window16s_stride1s-epo,beta
3916,-0.012410341465480881,patient11_window16s_stride1s-epo,beta
3917,-0.01204426248898665,patient11_window16s_stride1s-epo,beta
3918,-0.01125185030813599,patient11_window16s_stride1s-epo,beta
3919,-0.010862308200921251,patient11_window16s_stride1s-epo,beta
3920,-0.008777270179419205,patient11_window16s_stride1s-epo,beta
3921,-0.008363745508186958,patient11_window16s_stride1s-epo,beta
3922,-0.008045596093153223,patient11_window16s_stride1s-epo,beta
3923,-0.007770706688242031,patient11_window16s_stride1s-epo,beta
3924,-0.007115973146296364,patient11_window16s_stride1s-epo,beta
3925,-0.008094198476969556,patient11_window16s_stride1s-epo,beta
3926,-0.0078376997361315,patient11_window16s_stride1s-epo,beta
3927,-0.009394158804856714,patient11_window16s_stride1s-epo,beta
3928,-0.010084045121858573,patient11_window16s_stride1s-epo,beta
3929,-0.009212876073026151,patient11_window16s_stride1s-epo,beta
3930,-0.008649279962147155,patient11_window16s_stride1s-epo,beta
3931,-0.008224726433153003,patient11_window16s_stride1s-epo,beta
3932,-0.007662098144583376,patient11_window16s_stride1s-epo,beta
3933,-0.0081522860132303,patient11_window16s_stride1s-epo,beta
3934,-0.008488353619001104,patient11_window16s_stride1s-epo,beta
3935,-0.009292806485828232,patient11_window16s_stride1s-epo,beta
3936,-0.00923086337865822,patient11_window16s_stride1s-epo,beta
3937,-0.010538173940928758,patient11_window16s_stride1s-epo,beta
3938,-0.009418622887292767,patient11_window16s_stride1s-epo,beta
3939,-0.009952481135983932,patient11_window16s_stride1s-epo,beta
3940,-0.010233486210464689,patient11_window16s_stride1s-epo,beta
3941,-0.009478228706829786,patient11_window16s_stride1s-epo,beta
3942,-0.01066753695502404,patient11_window16s_stride1s-epo,beta
3943,-0.007460536159353773,patient11_window16s_stride1s-epo,beta
3944,-0.007541663778378672,patient11_window16s_stride1s-epo,beta
3945,-0.007999323517970803,patient11_window16s_stride1s-epo,beta
3946,-0.012201654291560194,patient11_window16s_stride1s-epo,beta
3947,-0.01225942469978646,patient11_window16s_stride1s-epo,beta
3948,-0.01191275101088223,patient11_window16s_stride1s-epo,beta
3949,-0.0122955392015592,patient11_window16s_stride1s-epo,beta
3950,-0.009936335773772582,patient11_window16s_stride1s-epo,beta
3951,-0.010894030880653485,patient11_window16s_stride1s-epo,beta
3952,-0.010223859002351846,patient11_window16s_stride1s-epo,beta
3953,-0.009705732409993338,patient11_window16s_stride1s-epo,beta
3954,-0.010802229053236405,patient11_window16s_stride1s-epo,beta
3955,-0.011887517478053135,patient11_window16s_stride1s-epo,beta
3956,-0.01168544720829181,patient11_window16s_stride1s-epo,beta
3957,-0.01071464160069452,patient11_window16s_stride1s-epo,beta
3958,-0.011672602307562193,patient11_window16s_stride1s-epo,beta
3959,-0.012049087846743361,patient11_window16s_stride1s-epo,beta
3960,-0.012005465537511565,patient11_window16s_stride1s-epo,beta
3961,-0.012369105389249102,patient11_window16s_stride1s-epo,beta
3962,-0.01095502463254784,patient11_window16s_stride1s-epo,beta
3963,-0.010954203656090289,patient11_window16s_stride1s-epo,beta
3964,-0.012056823686582474,patient11_window16s_stride1s-epo,beta
3965,-0.011539929264125979,patient11_window16s_stride1s-epo,beta
3966,-0.011858386989600006,patient11_window16s_stride1s-epo,beta
3967,-0.012220011239299604,patient11_window16s_stride1s-epo,beta
3968,-0.012407500249147638,patient11_window16s_stride1s-epo,beta
3969,-0.013747129710703984,patient11_window16s_stride1s-epo,beta
3970,-0.014989568737733803,patient11_window16s_stride1s-epo,beta
3971,-0.013751718665729272,patient11_window16s_stride1s-epo,beta
3972,-0.011905548695416315,patient11_window16s_stride1s-epo,beta
3973,-0.014039899225489746,patient11_window16s_stride1s-epo,beta
3974,-0.013848832324808784,patient11_window16s_stride1s-epo,beta
3975,-0.013763588555529066,patient11_window16s_stride1s-epo,beta
3976,-0.012969682456839262,patient11_window16s_stride1s-epo,beta
3977,-0.012191164470943658,patient11_window16s_stride1s-epo,beta
3978,-0.012318497170865327,patient11_window16s_stride1s-epo,beta
3979,-0.012367565821057858,patient11_window16s_stride1s-epo,beta
3980,-0.011425280424512376,patient11_window16s_stride1s-epo,beta
3981,-0.010681386938575533,patient11_window16s_stride1s-epo,beta
3982,-0.011293285963492264,patient11_window16s_stride1s-epo,beta
3983,-0.009838796211740797,patient11_window16s_stride1s-epo,beta
3984,-0.010364009607280334,patient11_window16s_stride1s-epo,beta
3985,-0.00965199022373679,patient11_window16s_stride1s-epo,beta
3986,-0.00842570366205753,patient11_window16s_stride1s-epo,beta
3987,-0.00786217097782485,patient11_window16s_stride1s-epo,beta
3988,-0.007666716664446193,patient11_window16s_stride1s-epo,beta
3989,-0.006285776447395222,patient11_window16s_stride1s-epo,beta
3990,-0.006051094036504328,patient11_window16s_stride1s-epo,beta
3991,-0.006884611922680624,patient11_window16s_stride1s-epo,beta
3992,-0.006334749113680747,patient11_window16s_stride1s-epo,beta
3993,-0.006112275530483048,patient11_window16s_stride1s-epo,beta
3994,-0.006007368908386197,patient11_window16s_stride1s-epo,beta
3995,-0.005793077153411515,patient11_window16s_stride1s-epo,beta
3996,-0.005383624715473998,patient11_window16s_stride1s-epo,beta
3997,-0.0052809436847662495,patient11_window16s_stride1s-epo,beta
3998,-0.005520019716112404,patient11_window16s_stride1s-epo,beta
3999,-0.005590051592902943,patient11_window16s_stride1s-epo,beta
4000,-0.004181303085589957,patient11_window16s_stride1s-epo,beta
4001,-0.005724718579683188,patient11_window16s_stride1s-epo,beta
4002,-0.008463589299177478,patient11_window16s_stride1s-epo,beta
4003,-0.008761330412836598,patient11_window16s_stride1s-epo,beta
4004,-0.010150696971074033,patient11_window16s_stride1s-epo,beta
4005,-0.010744899423465334,patient11_window16s_stride1s-epo,beta
4006,-0.012772323892772977,patient11_window16s_stride1s-epo,beta
4007,-0.013833841444304131,patient11_window16s_stride1s-epo,beta
4008,-0.013288073044131437,patient11_window16s_stride1s-epo,beta
4009,-0.012431167733696208,patient11_window16s_stride1s-epo,beta
4010,-0.012927959964585184,patient11_window16s_stride1s-epo,beta
4011,-0.012339763324968394,patient11_window16s_stride1s-epo,beta
4012,-0.012106439150613789,patient11_window16s_stride1s-epo,beta
4013,-0.012561695172116095,patient11_window16s_stride1s-epo,beta
4014,-0.0121336635333837,patient11_window16s_stride1s-epo,beta
4015,-0.012624354605767506,patient11_window16s_stride1s-epo,beta
4016,-0.012589183746175592,patient11_window16s_stride1s-epo,beta
4017,-0.011685445873397742,patient11_window16s_stride1s-epo,beta
4018,-0.00995175008597322,patient11_window16s_stride1s-epo,beta
4019,-0.010338312044553705,patient11_window16s_stride1s-epo,beta
4020,-0.008927098999285617,patient11_window16s_stride1s-epo,beta
4021,-0.009703267758346687,patient11_window16s_stride1s-epo,beta
4022,-0.007650152652130079,patient11_window16s_stride1s-epo,beta
4023,-0.008346619251251769,patient11_window16s_stride1s-epo,beta
4024,-0.008051778428152615,patient11_window16s_stride1s-epo,beta
4025,-0.008353058607601436,patient11_window16s_stride1s-epo,beta
4026,-0.00923659694731082,patient11_window16s_stride1s-epo,beta
4027,-0.009125746885265273,patient11_window16s_stride1s-epo,beta
4028,-0.00926088509227982,patient11_window16s_stride1s-epo,beta
4029,-0.00798510881548169,patient11_window16s_stride1s-epo,beta
4030,-0.0072601474231949,patient11_window16s_stride1s-epo,beta
4031,-0.0071927317701383315,patient11_window16s_stride1s-epo,beta
4032,-0.00864014443567684,patient11_window16s_stride1s-epo,beta
4033,-0.00903608616541585,patient11_window16s_stride1s-epo,beta
4034,-0.0085957398420562,patient11_window16s_stride1s-epo,beta
4035,-0.008053054420785643,patient11_window16s_stride1s-epo,beta
4036,-0.008167537197568043,patient11_window16s_stride1s-epo,beta
4037,-0.007095819635560559,patient11_window16s_stride1s-epo,beta
4038,-0.006269095039582695,patient11_window16s_stride1s-epo,beta
4039,-0.006068161389696385,patient11_window16s_stride1s-epo,beta
4040,-0.006647738909845408,patient11_window16s_stride1s-epo,beta
4041,-0.005410617515596775,patient11_window16s_stride1s-epo,beta
4042,-0.006536180984192365,patient11_window16s_stride1s-epo,beta
4043,-0.006334918690127174,patient11_window16s_stride1s-epo,beta
4044,-0.006063133756661988,patient11_window16s_stride1s-epo,beta
4045,-0.007856490140681804,patient11_window16s_stride1s-epo,beta
4046,-0.008312989431880162,patient11_window16s_stride1s-epo,beta
4047,-0.007941586126463826,patient11_window16s_stride1s-epo,beta
4048,-0.006749703783582393,patient11_window16s_stride1s-epo,beta
4049,-0.006373954905333185,patient11_window16s_stride1s-epo,beta
4050,-0.005357639205362723,patient11_window16s_stride1s-epo,beta
4051,-0.00602957256162582,patient11_window16s_stride1s-epo,beta
4052,-0.00514033389187563,patient11_window16s_stride1s-epo,beta
4053,-0.006643298807263434,patient11_window16s_stride1s-epo,beta
4054,-0.006764894916794794,patient11_window16s_stride1s-epo,beta
4055,-0.006769847392516658,patient11_window16s_stride1s-epo,beta
4056,-0.0062812464975709244,patient11_window16s_stride1s-epo,beta
4057,-0.005915783730281629,patient11_window16s_stride1s-epo,beta
4058,-0.007080504212577149,patient11_window16s_stride1s-epo,beta
4059,-0.007841638978340629,patient11_window16s_stride1s-epo,beta
4060,-0.008533528934128018,patient11_window16s_stride1s-epo,beta
4061,-0.006444334897661984,patient11_window16s_stride1s-epo,beta
4062,-0.006720334288902519,patient11_window16s_stride1s-epo,beta
4063,-0.005481333362418113,patient11_window16s_stride1s-epo,beta
4064,-0.0060705142384548634,patient11_window16s_stride1s-epo,beta
4065,-0.006962975699197584,patient11_window16s_stride1s-epo,beta
4066,-0.006248022829349775,patient11_window16s_stride1s-epo,beta
4067,-0.005337472948241604,patient11_window16s_stride1s-epo,beta
4068,-0.007224926170669509,patient11_window16s_stride1s-epo,beta
4069,-0.006133967130267015,patient11_window16s_stride1s-epo,beta
4070,-0.0062328058478959576,patient11_window16s_stride1s-epo,beta
4071,-0.007013616147978829,patient11_window16s_stride1s-epo,beta
4072,-0.00733353386841241,patient11_window16s_stride1s-epo,beta
4073,-0.006257424327905105,patient11_window16s_stride1s-epo,beta
4074,-0.007905485979540515,patient11_window16s_stride1s-epo,beta
4075,-0.007120056554983207,patient11_window16s_stride1s-epo,beta
4076,-0.0065696983646205175,patient11_window16s_stride1s-epo,beta
4077,-0.007272774589715746,patient11_window16s_stride1s-epo,beta
4078,-0.007476823647006538,patient11_window16s_stride1s-epo,beta
4079,-0.006570853233137046,patient11_window16s_stride1s-epo,beta
4080,-0.008450822985206101,patient11_window16s_stride1s-epo,beta
4081,-0.009294752176566435,patient11_window16s_stride1s-epo,beta
4082,-0.008910890460656868,patient11_window16s_stride1s-epo,beta
4083,-0.009534679453755837,patient11_window16s_stride1s-epo,beta
4084,-0.00822496172532929,patient11_window16s_stride1s-epo,beta
4085,-0.007813551177885637,patient11_window16s_stride1s-epo,beta
4086,-0.009892221386432438,patient11_window16s_stride1s-epo,beta
4087,-0.008025812099686985,patient11_window16s_stride1s-epo,beta
4088,-0.007704472304962382,patient11_window16s_stride1s-epo,beta
4089,-0.0073449154364073335,patient11_window16s_stride1s-epo,beta
4090,-0.00778623625882509,patient11_window16s_stride1s-epo,beta
4091,-0.008099055668513303,patient11_window16s_stride1s-epo,beta
4092,-0.006779438578035523,patient11_window16s_stride1s-epo,beta
4093,-0.006857707565650968,patient11_window16s_stride1s-epo,beta
4094,-0.007531507678826053,patient11_window16s_stride1s-epo,beta
4095,-0.007431587024354976,patient11_window16s_stride1s-epo,beta
4096,-0.006441542776923159,patient11_window16s_stride1s-epo,beta
4097,-0.006284459709722927,patient11_window16s_stride1s-epo,beta
4098,-0.006288691259578065,patient11_window16s_stride1s-epo,beta
4099,-0.006939101841116755,patient11_window16s_stride1s-epo,beta
4100,-0.007616257909451052,patient11_window16s_stride1s-epo,beta
4101,-0.008075972867985993,patient11_window16s_stride1s-epo,beta
4102,-0.006197788331808574,patient11_window16s_stride1s-epo,beta
4103,-0.0069806378413621705,patient11_window16s_stride1s-epo,beta
4104,-0.008280427765431897,patient11_window16s_stride1s-epo,beta
4105,-0.006680224516245246,patient11_window16s_stride1s-epo,beta
4106,-0.006636122109130105,patient11_window16s_stride1s-epo,beta
4107,-0.006922714472136894,patient11_window16s_stride1s-epo,beta
4108,-0.006435800109215536,patient11_window16s_stride1s-epo,beta
4109,-0.005782924378208832,patient11_window16s_stride1s-epo,beta
4110,-0.007701466971664851,patient11_window16s_stride1s-epo,beta
4111,-0.009122758710131068,patient11_window16s_stride1s-epo,beta
4112,-0.009253034174344681,patient11_window16s_stride1s-epo,beta
4113,-0.0077147392613222815,patient11_window16s_stride1s-epo,beta
4114,-0.008656151957527263,patient11_window16s_stride1s-epo,beta
4115,-0.007335758559036505,patient11_window16s_stride1s-epo,beta
4116,-0.007242432051271825,patient11_window16s_stride1s-epo,beta
4117,-0.007412468282475105,patient11_window16s_stride1s-epo,beta
4118,-0.007401440552576037,patient11_window16s_stride1s-epo,beta
4119,-0.0075426458676620695,patient11_window16s_stride1s-epo,beta
4120,-0.007561622851096858,patient11_window16s_stride1s-epo,beta
4121,-0.008524917534657107,patient11_window16s_stride1s-epo,beta
4122,-0.009131323995901781,patient11_window16s_stride1s-epo,beta
4123,-0.008286255724448719,patient11_window16s_stride1s-epo,beta
4124,-0.008071275029388088,patient11_window16s_stride1s-epo,beta
4125,-0.008257173053484904,patient11_window16s_stride1s-epo,beta
4126,-0.0077455351028829335,patient11_window16s_stride1s-epo,beta
4127,-0.005646266395986636,patient11_window16s_stride1s-epo,beta
4128,-0.0056212467531076265,patient11_window16s_stride1s-epo,beta
4129,-0.006328408747567107,patient11_window16s_stride1s-epo,beta
4130,-0.005270695155252232,patient11_window16s_stride1s-epo,beta
4131,-0.005631387457287952,patient11_window16s_stride1s-epo,beta
4132,-0.006449171144973126,patient11_window16s_stride1s-epo,beta
4133,-0.00633872082821364,patient11_window16s_stride1s-epo,beta
4134,-0.007648955603316854,patient11_window16s_stride1s-epo,beta
4135,-0.008019877487389356,patient11_window16s_stride1s-epo,beta
4136,-0.006567116514894002,patient11_window16s_stride1s-epo,beta
4137,-0.005876919885994415,patient11_window16s_stride1s-epo,beta
4138,-0.004587899609145098,patient11_window16s_stride1s-epo,beta
4139,-0.00519154034011539,patient11_window16s_stride1s-epo,beta
4140,-0.005403895730991019,patient11_window16s_stride1s-epo,beta
4141,-0.003937902329769716,patient11_window16s_stride1s-epo,beta
4142,-0.00398862507885264,patient11_window16s_stride1s-epo,beta
4143,-0.00454550234934055,patient11_window16s_stride1s-epo,beta
4144,-0.004626837413632449,patient11_window16s_stride1s-epo,beta
4145,-0.004250938555046658,patient11_window16s_stride1s-epo,beta
4146,-0.004275247982862819,patient11_window16s_stride1s-epo,beta
4147,-0.004961022256099798,patient11_window16s_stride1s-epo,beta
4148,-0.005100838658589961,patient11_window16s_stride1s-epo,beta
4149,-0.004803409736889034,patient11_window16s_stride1s-epo,beta
4150,-0.0030261019482494852,patient11_window16s_stride1s-epo,beta
4151,-0.0021518055004830254,patient11_window16s_stride1s-epo,beta
4152,-0.0031848143300802494,patient11_window16s_stride1s-epo,beta
4153,-0.004181483548631998,patient11_window16s_stride1s-epo,beta
4154,-0.00456483457049152,patient11_window16s_stride1s-epo,beta
4155,-0.004867814421668785,patient11_window16s_stride1s-epo,beta
4156,-0.005605660761394615,patient11_window16s_stride1s-epo,beta
4157,-0.006303589139478434,patient11_window16s_stride1s-epo,beta
4158,-0.006458742741467662,patient11_window16s_stride1s-epo,beta
4159,-0.0061352905220773595,patient11_window16s_stride1s-epo,beta
4160,-0.007865268807455939,patient11_window16s_stride1s-epo,beta
4161,-0.009421208786498268,patient11_window16s_stride1s-epo,beta
4162,-0.009394410969553069,patient11_window16s_stride1s-epo,beta
4163,-0.009156036660460139,patient11_window16s_stride1s-epo,beta
4164,-0.00883560177012276,patient11_window16s_stride1s-epo,beta
4165,-0.010701850225461771,patient11_window16s_stride1s-epo,beta
4166,-0.014603962793235985,patient11_window16s_stride1s-epo,beta
4167,-0.014208782398162086,patient11_window16s_stride1s-epo,beta
4168,-0.01353911250210703,patient11_window16s_stride1s-epo,beta
4169,-0.012694817605108821,patient11_window16s_stride1s-epo,beta
4170,-0.011643743671149575,patient11_window16s_stride1s-epo,beta
4171,-0.012073993567255447,patient11_window16s_stride1s-epo,beta
4172,-0.012110639976156202,patient11_window16s_stride1s-epo,beta
4173,-0.01092470025420961,patient11_window16s_stride1s-epo,beta
4174,-0.010379912866092508,patient11_window16s_stride1s-epo,beta
4175,-0.01048394718092236,patient11_window16s_stride1s-epo,beta
4176,-0.007930642978261272,patient11_window16s_stride1s-epo,beta
4177,-0.007939313453338204,patient11_window16s_stride1s-epo,beta
4178,-0.008305355547948867,patient11_window16s_stride1s-epo,beta
4179,-0.009224024792485252,patient11_window16s_stride1s-epo,beta
4180,-0.008543474603943805,patient11_window16s_stride1s-epo,beta
4181,-0.008482134224741249,patient11_window16s_stride1s-epo,beta
4182,-0.004454930489438957,patient11_window16s_stride1s-epo,beta
4183,-0.004188041073719076,patient11_window16s_stride1s-epo,beta
4184,-0.00517165969745672,patient11_window16s_stride1s-epo,beta
4185,-0.0069097728957553655,patient11_window16s_stride1s-epo,beta
4186,-0.0074593708335395055,patient11_window16s_stride1s-epo,beta
4187,-0.00747704865836125,patient11_window16s_stride1s-epo,beta
4188,-0.007905476800656092,patient11_window16s_stride1s-epo,beta
4189,-0.007586242561426024,patient11_window16s_stride1s-epo,beta
4190,-0.008527249930129613,patient11_window16s_stride1s-epo,beta
4191,-0.008923033885457838,patient11_window16s_stride1s-epo,beta
4192,-0.008696326619806176,patient11_window16s_stride1s-epo,beta
4193,-0.010159804620537146,patient11_window16s_stride1s-epo,beta
4194,-0.009793837032345615,patient11_window16s_stride1s-epo,beta
4195,-0.0098676189995345,patient11_window16s_stride1s-epo,beta
4196,-0.009587028230848223,patient11_window16s_stride1s-epo,beta
4197,-0.009430157362470337,patient11_window16s_stride1s-epo,beta
4198,-0.010910744503395676,patient11_window16s_stride1s-epo,beta
4199,-0.009463096100575859,patient11_window16s_stride1s-epo,beta
4200,-0.009192884462782583,patient11_window16s_stride1s-epo,beta
4201,-0.006679525039841487,patient11_window16s_stride1s-epo,beta
4202,-0.004800214599959427,patient11_window16s_stride1s-epo,beta
4203,-0.0054476178871983765,patient11_window16s_stride1s-epo,beta
4204,-0.005157671466825127,patient11_window16s_stride1s-epo,beta
4205,-0.006468999759660607,patient11_window16s_stride1s-epo,beta
4206,-0.0056010103658040164,patient11_window16s_stride1s-epo,beta
4207,-0.005807148033376355,patient11_window16s_stride1s-epo,beta
4208,-0.005321889986193379,patient11_window16s_stride1s-epo,beta
4209,-0.005181760122394609,patient11_window16s_stride1s-epo,beta
4210,-0.004909117148573572,patient11_window16s_stride1s-epo,beta
4211,-0.0044561079327298594,patient11_window16s_stride1s-epo,beta
4212,-0.004048055043567512,patient11_window16s_stride1s-epo,beta
4213,-0.004608669661645196,patient11_window16s_stride1s-epo,beta
4214,-0.004322560674928659,patient11_window16s_stride1s-epo,beta
4215,-0.0043193593296499124,patient11_window16s_stride1s-epo,beta
4216,-0.0037849033451552378,patient11_window16s_stride1s-epo,beta
4217,-0.004188913403571133,patient11_window16s_stride1s-epo,beta
4218,-0.0047821415051006394,patient11_window16s_stride1s-epo,beta
4219,-0.004139098698159559,patient11_window16s_stride1s-epo,beta
4220,-0.005720692257922075,patient11_window16s_stride1s-epo,beta
4221,-0.0052561762475667,patient11_window16s_stride1s-epo,beta
4222,-0.005411825129102858,patient11_window16s_stride1s-epo,beta
4223,-0.005957786739600189,patient11_window16s_stride1s-epo,beta
4224,-0.006558589768839333,patient11_window16s_stride1s-epo,beta
4225,-0.006184481001364957,patient11_window16s_stride1s-epo,beta
4226,-0.007791998334227968,patient11_window16s_stride1s-epo,beta
4227,-0.00813096005742291,patient11_window16s_stride1s-epo,beta
4228,-0.005894625016936595,patient11_window16s_stride1s-epo,beta
4229,-0.006147301068107056,patient11_window16s_stride1s-epo,beta
4230,-0.007233940354285565,patient11_window16s_stride1s-epo,beta
4231,-0.008421898517787107,patient11_window16s_stride1s-epo,beta
4232,-0.008200243637129671,patient11_window16s_stride1s-epo,beta
4233,-0.007542006599889448,patient11_window16s_stride1s-epo,beta
4234,-0.007748650297798856,patient11_window16s_stride1s-epo,beta
4235,-0.007375412704934851,patient11_window16s_stride1s-epo,beta
4236,-0.007083904370380806,patient11_window16s_stride1s-epo,beta
4237,-0.006802753786766881,patient11_window16s_stride1s-epo,beta
4238,-0.008908198076744854,patient11_window16s_stride1s-epo,beta
4239,-0.007877697769584495,patient11_window16s_stride1s-epo,beta
4240,-0.007123511159996208,patient11_window16s_stride1s-epo,beta
4241,-0.006072139711008599,patient11_window16s_stride1s-epo,beta
4242,-0.006087943695727148,patient11_window16s_stride1s-epo,beta
4243,-0.006018961678285057,patient11_window16s_stride1s-epo,beta
4244,-0.007623569953513666,patient11_window16s_stride1s-epo,beta
4245,-0.006640831557064272,patient11_window16s_stride1s-epo,beta
4246,-0.0074532473766809795,patient11_window16s_stride1s-epo,beta
4247,-0.0077482735023382855,patient11_window16s_stride1s-epo,beta
4248,-0.007064282173486587,patient11_window16s_stride1s-epo,beta
4249,-0.005624496049554468,patient11_window16s_stride1s-epo,beta
4250,-0.006787962381516368,patient11_window16s_stride1s-epo,beta
4251,-0.008042683043073439,patient11_window16s_stride1s-epo,beta
4252,-0.006284482604156717,patient11_window16s_stride1s-epo,beta
4253,-0.006274668209126482,patient11_window16s_stride1s-epo,beta
4254,-0.007583967946176842,patient11_window16s_stride1s-epo,beta
4255,-0.009634364945365766,patient11_window16s_stride1s-epo,beta
4256,-0.00980830366850483,patient11_window16s_stride1s-epo,beta
4257,-0.011557561150935008,patient11_window16s_stride1s-epo,beta
4258,-0.012652048146764338,patient11_window16s_stride1s-epo,beta
4259,-0.012081943159738272,patient11_window16s_stride1s-epo,beta
4260,-0.01264804499776007,patient11_window16s_stride1s-epo,beta
4261,-0.012655297380725407,patient11_window16s_stride1s-epo,beta
4262,-0.011818078543233385,patient11_window16s_stride1s-epo,beta
4263,-0.013250007167885514,patient11_window16s_stride1s-epo,beta
4264,-0.011885923710433259,patient11_window16s_stride1s-epo,beta
4265,-0.012847928161792293,patient11_window16s_stride1s-epo,beta
4266,-0.013975610911013325,patient11_window16s_stride1s-epo,beta
4267,-0.014381341441996163,patient11_window16s_stride1s-epo,beta
4268,-0.01854820025994924,patient11_window16s_stride1s-epo,beta
4269,-0.01898964477436181,patient11_window16s_stride1s-epo,beta
4270,-0.0181261626890533,patient11_window16s_stride1s-epo,beta
4271,-0.01642865006168247,patient11_window16s_stride1s-epo,beta
4272,-0.014354369885218057,patient11_window16s_stride1s-epo,beta
4273,-0.013069205133823215,patient11_window16s_stride1s-epo,beta
4274,-0.012125178746879116,patient11_window16s_stride1s-epo,beta
4275,-0.012674840395172278,patient11_window16s_stride1s-epo,beta
4276,-0.013485900021731865,patient11_window16s_stride1s-epo,beta
4277,-0.012532466070772933,patient11_window16s_stride1s-epo,beta
4278,-0.011506262893954598,patient11_window16s_stride1s-epo,beta
4279,-0.011292450351545183,patient11_window16s_stride1s-epo,beta
4280,-0.012444677098396903,patient11_window16s_stride1s-epo,beta
4281,-0.01133638554224534,patient11_window16s_stride1s-epo,beta
4282,-0.010854992045594543,patient11_window16s_stride1s-epo,beta
4283,-0.011679608206610544,patient11_window16s_stride1s-epo,beta
4284,-0.008541608235461327,patient11_window16s_stride1s-epo,beta
4285,-0.008076549149713227,patient11_window16s_stride1s-epo,beta
4286,-0.00703908657031262,patient11_window16s_stride1s-epo,beta
4287,-0.008037059787041055,patient11_window16s_stride1s-epo,beta
4288,-0.00818122536770809,patient11_window16s_stride1s-epo,beta
4289,-0.008608553625638705,patient11_window16s_stride1s-epo,beta
4290,-0.007789616401912998,patient11_window16s_stride1s-epo,beta
4291,-0.010157094591577539,patient11_window16s_stride1s-epo,beta
4292,-0.010644348454447814,patient11_window16s_stride1s-epo,beta
4293,-0.01098606107608298,patient11_window16s_stride1s-epo,beta
4294,-0.011726752345960424,patient11_window16s_stride1s-epo,beta
4295,-0.010656690724560974,patient11_window16s_stride1s-epo,beta
4296,-0.010374178868693807,patient11_window16s_stride1s-epo,beta
4297,-0.009960263264548883,patient11_window16s_stride1s-epo,beta
4298,-0.009554246741581394,patient11_window16s_stride1s-epo,beta
4299,-0.008003229739037727,patient11_window16s_stride1s-epo,beta
4300,-0.007572334954832862,patient11_window16s_stride1s-epo,beta
4301,-0.00835339801623498,patient11_window16s_stride1s-epo,beta
4302,-0.006792524080997404,patient11_window16s_stride1s-epo,beta
4303,-0.007644398614277294,patient11_window16s_stride1s-epo,beta
4304,-0.008616088040910118,patient11_window16s_stride1s-epo,beta
4305,-0.009225739592707994,patient11_window16s_stride1s-epo,beta
4306,-0.008775442417861752,patient11_window16s_stride1s-epo,beta
4307,-0.007298650194222995,patient11_window16s_stride1s-epo,beta
4308,-0.007936604080884146,patient11_window16s_stride1s-epo,beta
4309,-0.007721072850937307,patient11_window16s_stride1s-epo,beta
4310,-0.0077088409096771485,patient11_window16s_stride1s-epo,beta
4311,-0.007993080763407889,patient11_window16s_stride1s-epo,beta
4312,-0.008605249176842768,patient11_window16s_stride1s-epo,beta
4313,-0.008591848473347992,patient11_window16s_stride1s-epo,beta
4314,-0.009522111183063776,patient11_window16s_stride1s-epo,beta
4315,-0.008781099755031736,patient11_window16s_stride1s-epo,beta
4316,-0.0077037776722190116,patient11_window16s_stride1s-epo,beta
4317,-0.0074805430552573795,patient11_window16s_stride1s-epo,beta
4318,-0.006833662000245964,patient11_window16s_stride1s-epo,beta
4319,-0.005909679620728198,patient11_window16s_stride1s-epo,beta
4320,-0.005882106999452463,patient11_window16s_stride1s-epo,beta
4321,-0.005477362939288422,patient11_window16s_stride1s-epo,beta
4322,-0.006070795523806383,patient11_window16s_stride1s-epo,beta
4323,-0.006023350355746215,patient11_window16s_stride1s-epo,beta
4324,-0.00512122125495829,patient11_window16s_stride1s-epo,beta
4325,-0.003993165781901606,patient11_window16s_stride1s-epo,beta
4326,-0.005004006251764194,patient11_window16s_stride1s-epo,beta
4327,-0.005229711416291642,patient11_window16s_stride1s-epo,beta
4328,-0.00501307691190974,patient11_window16s_stride1s-epo,beta
4329,-0.0055111460609005725,patient11_window16s_stride1s-epo,beta
4330,-0.0056505684898408735,patient11_window16s_stride1s-epo,beta
4331,-0.0064551665437875445,patient11_window16s_stride1s-epo,beta
4332,-0.006998724641164999,patient11_window16s_stride1s-epo,beta
4333,-0.00666133900537273,patient11_window16s_stride1s-epo,beta
4334,-0.00710853328290727,patient11_window16s_stride1s-epo,beta
4335,-0.006604853661474393,patient11_window16s_stride1s-epo,beta
4336,-0.007234673379000988,patient11_window16s_stride1s-epo,beta
4337,-0.010173099454783046,patient11_window16s_stride1s-epo,beta
4338,-0.00939144356435629,patient11_window16s_stride1s-epo,beta
4339,-0.010985176980177076,patient11_window16s_stride1s-epo,beta
4340,-0.012750202027893506,patient11_window16s_stride1s-epo,beta
4341,-0.01260694784931128,patient11_window16s_stride1s-epo,beta
4342,-0.013107177543966148,patient11_window16s_stride1s-epo,beta
4343,-0.013652488644382909,patient11_window16s_stride1s-epo,beta
4344,-0.013563730083286799,patient11_window16s_stride1s-epo,beta
4345,-0.013452017128192842,patient11_window16s_stride1s-epo,beta
4346,-0.012979144455312073,patient11_window16s_stride1s-epo,beta
4347,-0.01340137890756837,patient11_window16s_stride1s-epo,beta
4348,-0.012713101598720569,patient11_window16s_stride1s-epo,beta
4349,-0.01176125316940512,patient11_window16s_stride1s-epo,beta
4350,-0.012536323538524657,patient11_window16s_stride1s-epo,beta
4351,-0.011303190347858467,patient11_window16s_stride1s-epo,beta
4352,-0.011518524646414865,patient11_window16s_stride1s-epo,beta
4353,-0.008977382829390002,patient11_window16s_stride1s-epo,beta
4354,-0.008692689962107678,patient11_window16s_stride1s-epo,beta
4355,-0.007503144548823162,patient11_window16s_stride1s-epo,beta
4356,-0.008099872341625961,patient11_window16s_stride1s-epo,beta
4357,-0.009226760676180121,patient11_window16s_stride1s-epo,beta
4358,-0.007418855516832637,patient11_window16s_stride1s-epo,beta
4359,-0.008056026596221375,patient11_window16s_stride1s-epo,beta
4360,-0.007327801376542164,patient11_window16s_stride1s-epo,beta
4361,-0.007359904552497956,patient11_window16s_stride1s-epo,beta
4362,-0.007035418593238406,patient11_window16s_stride1s-epo,beta
4363,-0.006569864608539824,patient11_window16s_stride1s-epo,beta
4364,-0.006454886560440469,patient11_window16s_stride1s-epo,beta
4365,-0.005818951657322156,patient11_window16s_stride1s-epo,beta
4366,-0.006087744439983633,patient11_window16s_stride1s-epo,beta
4367,-0.006190659673707992,patient11_window16s_stride1s-epo,beta
4368,-0.005792439905026105,patient11_window16s_stride1s-epo,beta
4369,-0.006308090966482808,patient11_window16s_stride1s-epo,beta
4370,-0.006251642250176069,patient11_window16s_stride1s-epo,beta
4371,-0.006645752221977376,patient11_window16s_stride1s-epo,beta
4372,-0.005680428855177741,patient11_window16s_stride1s-epo,beta
4373,-0.005415106406546052,patient11_window16s_stride1s-epo,beta
4374,-0.004085498227716144,patient11_window16s_stride1s-epo,beta
4375,-0.006277774238714136,patient11_window16s_stride1s-epo,beta
4376,-0.005942221473958809,patient11_window16s_stride1s-epo,beta
4377,-0.00637675361647311,patient11_window16s_stride1s-epo,beta
4378,-0.006313177252075469,patient11_window16s_stride1s-epo,beta
4379,-0.009075016092421303,patient11_window16s_stride1s-epo,beta
4380,-0.007681469503547005,patient11_window16s_stride1s-epo,beta
4381,-0.009475529263893195,patient11_window16s_stride1s-epo,beta
4382,-0.008314971914122561,patient11_window16s_stride1s-epo,beta
4383,-0.00878072522579614,patient11_window16s_stride1s-epo,beta
4384,-0.008990110124271054,patient11_window16s_stride1s-epo,beta
4385,-0.009237689438392755,patient11_window16s_stride1s-epo,beta
4386,-0.010456334060841845,patient11_window16s_stride1s-epo,beta
4387,-0.0113667928070127,patient11_window16s_stride1s-epo,beta
4388,-0.011216503870853285,patient11_window16s_stride1s-epo,beta
4389,-0.010249841529815125,patient11_window16s_stride1s-epo,beta
4390,-0.010254340422936768,patient11_window16s_stride1s-epo,beta
4391,-0.010090265088568716,patient11_window16s_stride1s-epo,beta
4392,-0.010284705294714256,patient11_window16s_stride1s-epo,beta
4393,-0.010363534735142316,patient11_window16s_stride1s-epo,beta
4394,-0.010387796029444793,patient11_window16s_stride1s-epo,beta
4395,-0.008131310368877561,patient11_window16s_stride1s-epo,beta
4396,-0.010045303621517725,patient11_window16s_stride1s-epo,beta
4397,-0.010422197865608232,patient11_window16s_stride1s-epo,beta
4398,-0.010296914749908473,patient11_window16s_stride1s-epo,beta
4399,-0.010526674519183004,patient11_window16s_stride1s-epo,beta
4400,-0.012618949703917656,patient11_window16s_stride1s-epo,beta
4401,-0.012392173880415618,patient11_window16s_stride1s-epo,beta
4402,-0.011698125960537542,patient11_window16s_stride1s-epo,beta
4403,-0.01175513060050374,patient11_window16s_stride1s-epo,beta
4404,-0.013526483029681582,patient11_window16s_stride1s-epo,beta
4405,-0.015027281203009057,patient11_window16s_stride1s-epo,beta
4406,-0.01391315428853781,patient11_window16s_stride1s-epo,beta
4407,-0.013410560532774627,patient11_window16s_stride1s-epo,beta
4408,-0.01548444398483698,patient11_window16s_stride1s-epo,beta
4409,-0.01580779345104572,patient11_window16s_stride1s-epo,beta
4410,-0.01502271201748116,patient11_window16s_stride1s-epo,beta
4411,-0.013165431992676656,patient11_window16s_stride1s-epo,beta
4412,-0.01160008296213276,patient11_window16s_stride1s-epo,beta
4413,-0.011801167031675094,patient11_window16s_stride1s-epo,beta
4414,-0.011953942092681644,patient11_window16s_stride1s-epo,beta
4415,-0.010590287772271112,patient11_window16s_stride1s-epo,beta
4416,-0.009467227575309907,patient11_window16s_stride1s-epo,beta
4417,-0.008399015333146796,patient11_window16s_stride1s-epo,beta
4418,-0.00879836405999439,patient11_window16s_stride1s-epo,beta
4419,-0.007828232912737376,patient11_window16s_stride1s-epo,beta
4420,-0.008121796862627272,patient11_window16s_stride1s-epo,beta
4421,-0.008136390061051173,patient11_window16s_stride1s-epo,beta
4422,-0.007139677765208613,patient11_window16s_stride1s-epo,beta
4423,-0.008156402292069641,patient11_window16s_stride1s-epo,beta
4424,-0.0059166045861056265,patient11_window16s_stride1s-epo,beta
4425,-0.006147744123461778,patient11_window16s_stride1s-epo,beta
4426,-0.005805722112016892,patient11_window16s_stride1s-epo,beta
4427,-0.00665870508690895,patient11_window16s_stride1s-epo,beta
4428,-0.008446820450792857,patient11_window16s_stride1s-epo,beta
4429,-0.006846435745752092,patient11_window16s_stride1s-epo,beta
4430,-0.006433172690335536,patient11_window16s_stride1s-epo,beta
4431,-0.006149128828740706,patient11_window16s_stride1s-epo,beta
4432,-0.006016348362106979,patient11_window16s_stride1s-epo,beta
4433,-0.007243872073468012,patient11_window16s_stride1s-epo,beta
4434,-0.006393979025203475,patient11_window16s_stride1s-epo,beta
4435,-0.00685965392425748,patient11_window16s_stride1s-epo,beta
4436,-0.005716746011653658,patient11_window16s_stride1s-epo,beta
4437,-0.005453956125080015,patient11_window16s_stride1s-epo,beta
4438,-0.006710014647291262,patient11_window16s_stride1s-epo,beta
4439,-0.0054683545047077686,patient11_window16s_stride1s-epo,beta
4440,-0.00590760440889835,patient11_window16s_stride1s-epo,beta
4441,-0.006319653921770504,patient11_window16s_stride1s-epo,beta
4442,-0.007324380322976071,patient11_window16s_stride1s-epo,beta
4443,-0.00795566960389954,patient11_window16s_stride1s-epo,beta
4444,-0.006396825345382843,patient11_window16s_stride1s-epo,beta
4445,-0.007396782313876807,patient11_window16s_stride1s-epo,beta
4446,-0.007586591883633526,patient11_window16s_stride1s-epo,beta
4447,-0.007539998773507203,patient11_window16s_stride1s-epo,beta
4448,-0.008209274441256957,patient11_window16s_stride1s-epo,beta
4449,-0.00854606073416845,patient11_window16s_stride1s-epo,beta
4450,-0.007990090965653899,patient11_window16s_stride1s-epo,beta
4451,-0.008592164582326072,patient11_window16s_stride1s-epo,beta
4452,-0.00771392948658462,patient11_window16s_stride1s-epo,beta
4453,-0.008035185774552823,patient11_window16s_stride1s-epo,beta
4454,-0.00735539700594337,patient11_window16s_stride1s-epo,beta
4455,-0.007916158521543093,patient11_window16s_stride1s-epo,beta
4456,-0.00716777075462288,patient11_window16s_stride1s-epo,beta
4457,-0.007156847750375606,patient11_window16s_stride1s-epo,beta
4458,-0.007266836254555694,patient11_window16s_stride1s-epo,beta
4459,-0.006572183320633426,patient11_window16s_stride1s-epo,beta
4460,-0.0074769338247542535,patient11_window16s_stride1s-epo,beta
4461,-0.007512039868203287,patient11_window16s_stride1s-epo,beta
4462,-0.009425743807564849,patient11_window16s_stride1s-epo,beta
4463,-0.008519139028692384,patient11_window16s_stride1s-epo,beta
4464,-0.008538242407519242,patient11_window16s_stride1s-epo,beta
4465,-0.006867414606519823,patient11_window16s_stride1s-epo,beta
4466,-0.0077923586609803756,patient11_window16s_stride1s-epo,beta
4467,-0.008487384684948984,patient11_window16s_stride1s-epo,beta
4468,-0.005725234462727659,patient11_window16s_stride1s-epo,beta
4469,-0.007258142492817275,patient11_window16s_stride1s-epo,beta
4470,-0.008173747492955453,patient11_window16s_stride1s-epo,beta
4471,-0.007861931706258396,patient11_window16s_stride1s-epo,beta
4472,-0.007766573082602843,patient11_window16s_stride1s-epo,beta
4473,-0.008668710561987559,patient11_window16s_stride1s-epo,beta
4474,-0.007841747221224217,patient11_window16s_stride1s-epo,beta
4475,-0.006776642667438694,patient11_window16s_stride1s-epo,beta
4476,-0.0062706039778388295,patient11_window16s_stride1s-epo,beta
4477,-0.00647319794243859,patient11_window16s_stride1s-epo,beta
4478,-0.010933963942503669,patient11_window16s_stride1s-epo,beta
4479,-0.010233159045824041,patient11_window16s_stride1s-epo,beta
4480,-0.010178012615253874,patient11_window16s_stride1s-epo,beta
4481,-0.011587717540797324,patient11_window16s_stride1s-epo,beta
4482,-0.011022204918260062,patient11_window16s_stride1s-epo,beta
4483,-0.010953382501013612,patient11_window16s_stride1s-epo,beta
4484,-0.011370113148904836,patient11_window16s_stride1s-epo,beta
4485,-0.010130323857835343,patient11_window16s_stride1s-epo,beta
4486,-0.009448945954893682,patient11_window16s_stride1s-epo,beta
4487,-0.009744453263485539,patient11_window16s_stride1s-epo,beta
4488,-0.01189681579088578,patient11_window16s_stride1s-epo,beta
4489,-0.012439028899216083,patient11_window16s_stride1s-epo,beta
4490,-0.01141071851710456,patient11_window16s_stride1s-epo,beta
4491,-0.010690961525566105,patient11_window16s_stride1s-epo,beta
4492,-0.011808121724134282,patient11_window16s_stride1s-epo,beta
4493,-0.009854395349370776,patient11_window16s_stride1s-epo,beta
4494,-0.00925918521955142,patient11_window16s_stride1s-epo,beta
4495,-0.010278012055805684,patient11_window16s_stride1s-epo,beta
4496,-0.009770414203456496,patient11_window16s_stride1s-epo,beta
4497,-0.009621571857834136,patient11_window16s_stride1s-epo,beta
4498,-0.010866875137762204,patient11_window16s_stride1s-epo,beta
4499,-0.009367283404449065,patient11_window16s_stride1s-epo,beta
4500,-0.010729740043481312,patient11_window16s_stride1s-epo,beta
4501,-0.010749467087432095,patient11_window16s_stride1s-epo,beta
4502,-0.015532947288248413,patient11_window16s_stride1s-epo,beta
4503,-0.015767010518292244,patient11_window16s_stride1s-epo,beta
4504,-0.01569022279610672,patient11_window16s_stride1s-epo,beta
4505,-0.016181194193447865,patient11_window16s_stride1s-epo,beta
4506,-0.015826890571528036,patient11_window16s_stride1s-epo,beta
4507,-0.016333953528889906,patient11_window16s_stride1s-epo,beta
4508,-0.014092389018540203,patient11_window16s_stride1s-epo,beta
4509,-0.011760191542576126,patient11_window16s_stride1s-epo,beta
4510,-0.011960009010341378,patient11_window16s_stride1s-epo,beta
4511,-0.014550454597084449,patient11_window16s_stride1s-epo,beta
4512,-0.013191564732518162,patient11_window16s_stride1s-epo,beta
4513,-0.013258067737460156,patient11_window16s_stride1s-epo,beta
4514,-0.013700104028057101,patient11_window16s_stride1s-epo,beta
4515,-0.014222980634599505,patient11_window16s_stride1s-epo,beta
4516,-0.01024811330992837,patient11_window16s_stride1s-epo,beta
4517,-0.009695662362915943,patient11_window16s_stride1s-epo,beta
4518,-0.009669832359722201,patient11_window16s_stride1s-epo,beta
4519,-0.008996557401591204,patient11_window16s_stride1s-epo,beta
4520,-0.008516420485472924,patient11_window16s_stride1s-epo,beta
4521,-0.008839971333067726,patient11_window16s_stride1s-epo,beta
4522,-0.007974017429346829,patient11_window16s_stride1s-epo,beta
4523,-0.00846607176834317,patient11_window16s_stride1s-epo,beta
4524,-0.008910482691716185,patient11_window16s_stride1s-epo,beta
4525,-0.0074960347898696674,patient11_window16s_stride1s-epo,beta
4526,-0.00876421035608892,patient11_window16s_stride1s-epo,beta
4527,-0.007848066714124247,patient11_window16s_stride1s-epo,beta
4528,-0.0067948614078449775,patient11_window16s_stride1s-epo,beta
4529,-0.006930710902634815,patient11_window16s_stride1s-epo,beta
4530,-0.005110728876421951,patient11_window16s_stride1s-epo,beta
4531,-0.006274509663977129,patient11_window16s_stride1s-epo,beta
4532,-0.00836140509123788,patient11_window16s_stride1s-epo,beta
4533,-0.008020206597670254,patient11_window16s_stride1s-epo,beta
4534,-0.00919168168334779,patient11_window16s_stride1s-epo,beta
4535,-0.008924596396965651,patient11_window16s_stride1s-epo,beta
4536,-0.008881584580290248,patient11_window16s_stride1s-epo,beta
4537,-0.009359769168604041,patient11_window16s_stride1s-epo,beta
4538,-0.008348248048500175,patient11_window16s_stride1s-epo,beta
4539,-0.008344002218562702,patient11_window16s_stride1s-epo,beta
4540,-0.009889780989834776,patient11_window16s_stride1s-epo,beta
4541,-0.010335067641275187,patient11_window16s_stride1s-epo,beta
4542,-0.010229501133835013,patient11_window16s_stride1s-epo,beta
4543,-0.010066395810964596,patient11_window16s_stride1s-epo,beta
4544,-0.01122064755930928,patient11_window16s_stride1s-epo,beta
4545,-0.011673059502819163,patient11_window16s_stride1s-epo,beta
4546,-0.012051619546695024,patient11_window16s_stride1s-epo,beta
4547,-0.011508037539114236,patient11_window16s_stride1s-epo,beta
4548,-0.012323758265937141,patient11_window16s_stride1s-epo,beta
4549,-0.012139529840904396,patient11_window16s_stride1s-epo,beta
4550,-0.01148569480525709,patient11_window16s_stride1s-epo,beta
4551,-0.011089617680593139,patient11_window16s_stride1s-epo,beta
4552,-0.010813631211985326,patient11_window16s_stride1s-epo,beta
4553,-0.011446533577620063,patient11_window16s_stride1s-epo,beta
4554,-0.012170962145115347,patient11_window16s_stride1s-epo,beta
4555,-0.013522469788562443,patient11_window16s_stride1s-epo,beta
4556,-0.01311050713555369,patient11_window16s_stride1s-epo,beta
4557,-0.013909593983840946,patient11_window16s_stride1s-epo,beta
4558,-0.012632242037630132,patient11_window16s_stride1s-epo,beta
4559,-0.012647383581023387,patient11_window16s_stride1s-epo,beta
4560,-0.013491580980786306,patient11_window16s_stride1s-epo,beta
4561,-0.012821517121048686,patient11_window16s_stride1s-epo,beta
4562,-0.010426993385183722,patient11_window16s_stride1s-epo,beta
4563,-0.01100091252099089,patient11_window16s_stride1s-epo,beta
4564,-0.010838361445295729,patient11_window16s_stride1s-epo,beta
4565,-0.010997271949180723,patient11_window16s_stride1s-epo,beta
4566,-0.01217130568466587,patient11_window16s_stride1s-epo,beta
4567,-0.014033044106002824,patient11_window16s_stride1s-epo,beta
4568,-0.015551751605057763,patient11_window16s_stride1s-epo,beta
4569,-0.01675612076614497,patient11_window16s_stride1s-epo,beta
4570,-0.016840353733543777,patient11_window16s_stride1s-epo,beta
4571,-0.01472647565622133,patient11_window16s_stride1s-epo,beta
4572,-0.015284393018799547,patient11_window16s_stride1s-epo,beta
4573,-0.01442096967130743,patient11_window16s_stride1s-epo,beta
4574,-0.013775252981808421,patient11_window16s_stride1s-epo,beta
4575,-0.012761256476554881,patient11_window16s_stride1s-epo,beta
4576,-0.013006107092066257,patient11_window16s_stride1s-epo,beta
4577,-0.013549885451489104,patient11_window16s_stride1s-epo,beta
4578,-0.01422603691196021,patient11_window16s_stride1s-epo,beta
4579,-0.015051694884342288,patient11_window16s_stride1s-epo,beta
4580,-0.016617479249299336,patient11_window16s_stride1s-epo,beta
4581,-0.016259118411313438,patient11_window16s_stride1s-epo,beta
4582,-0.01640545908281705,patient11_window16s_stride1s-epo,beta
4583,-0.01562572257147497,patient11_window16s_stride1s-epo,beta
4584,-0.014379909370959227,patient11_window16s_stride1s-epo,beta
4585,-0.01198199988596984,patient11_window16s_stride1s-epo,beta
4586,-0.011509827323903472,patient11_window16s_stride1s-epo,beta
4587,-0.011897251400239362,patient11_window16s_stride1s-epo,beta
4588,-0.011348517931077547,patient11_window16s_stride1s-epo,beta
4589,-0.011484338513318912,patient11_window16s_stride1s-epo,beta
4590,-0.011492257557451785,patient11_window16s_stride1s-epo,beta
4591,-0.01131394373125673,patient11_window16s_stride1s-epo,beta
4592,-0.012181679540410675,patient11_window16s_stride1s-epo,beta
4593,-0.011641166542013479,patient11_window16s_stride1s-epo,beta
4594,-0.011847111780722999,patient11_window16s_stride1s-epo,beta
4595,-0.01144150515469062,patient11_window16s_stride1s-epo,beta
4596,-0.007010399225892258,patient11_window16s_stride1s-epo,beta
4597,-0.007277335388166421,patient11_window16s_stride1s-epo,beta
4598,-0.00606311149824665,patient11_window16s_stride1s-epo,beta
4599,-0.0043597449885098075,patient11_window16s_stride1s-epo,beta
4600,-0.005161459010022399,patient11_window16s_stride1s-epo,beta
4601,-0.0057486213664739985,patient11_window16s_stride1s-epo,beta
4602,-0.00610735777355385,patient11_window16s_stride1s-epo,beta
4603,-0.00550083541893273,patient11_window16s_stride1s-epo,beta
4604,-0.005278668302917767,patient11_window16s_stride1s-epo,beta
4605,-0.006130911296269366,patient11_window16s_stride1s-epo,beta
4606,-0.005446352103800304,patient11_window16s_stride1s-epo,beta
4607,-0.005541210444568073,patient11_window16s_stride1s-epo,beta
4608,-0.005618606516983077,patient11_window16s_stride1s-epo,beta
4609,-0.004900978476821731,patient11_window16s_stride1s-epo,beta
4610,-0.005407460561009633,patient11_window16s_stride1s-epo,beta
4611,-0.005695368678164215,patient11_window16s_stride1s-epo,beta
4612,-0.004376221236398826,patient11_window16s_stride1s-epo,beta
4613,-0.004329516817428985,patient11_window16s_stride1s-epo,beta
4614,-0.004343703240827021,patient11_window16s_stride1s-epo,beta
4615,-0.004407884416906238,patient11_window16s_stride1s-epo,beta
4616,-0.005160709279949438,patient11_window16s_stride1s-epo,beta
4617,-0.005057632215149138,patient11_window16s_stride1s-epo,beta
4618,-0.003379890978920414,patient11_window16s_stride1s-epo,beta
4619,-0.0037228545589487,patient11_window16s_stride1s-epo,beta
4620,-0.004243432862699868,patient11_window16s_stride1s-epo,beta
4621,-0.004441498674522029,patient11_window16s_stride1s-epo,beta
4622,-0.004455883575074101,patient11_window16s_stride1s-epo,beta
4623,-0.004517963253138493,patient11_window16s_stride1s-epo,beta
4624,-0.00401625814061652,patient11_window16s_stride1s-epo,beta
4625,-0.003530324767801688,patient11_window16s_stride1s-epo,beta
4626,-0.004127052591319543,patient11_window16s_stride1s-epo,beta
4627,-0.005262802950053228,patient11_window16s_stride1s-epo,beta
4628,-0.005169286302712712,patient11_window16s_stride1s-epo,beta
4629,-0.00469215833576297,patient11_window16s_stride1s-epo,beta
4630,-0.003458454742829005,patient11_window16s_stride1s-epo,beta
4631,-0.003258067881550158,patient11_window16s_stride1s-epo,beta
4632,-0.0044817151612219506,patient11_window16s_stride1s-epo,beta
4633,-0.005518358592113454,patient11_window16s_stride1s-epo,beta
4634,-0.005053637544915889,patient11_window16s_stride1s-epo,beta
4635,-0.005238478221125485,patient11_window16s_stride1s-epo,beta
4636,-0.00487436294875245,patient11_window16s_stride1s-epo,beta
4637,-0.0055947182367988265,patient11_window16s_stride1s-epo,beta
4638,-0.0054787504811651365,patient11_window16s_stride1s-epo,beta
4639,-0.006173514357303062,patient11_window16s_stride1s-epo,beta
4640,-0.00630543672316335,patient11_window16s_stride1s-epo,beta
4641,-0.006846631636112121,patient11_window16s_stride1s-epo,beta
4642,-0.007890628006028627,patient11_window16s_stride1s-epo,beta
4643,-0.007315998778908905,patient11_window16s_stride1s-epo,beta
4644,-0.0075643818552173885,patient11_window16s_stride1s-epo,beta
4645,-0.009338179415204827,patient11_window16s_stride1s-epo,beta
4646,-0.010483876856720063,patient11_window16s_stride1s-epo,beta
4647,-0.008928930799095666,patient11_window16s_stride1s-epo,beta
4648,-0.008370745445906835,patient11_window16s_stride1s-epo,beta
4649,-0.007279011807765236,patient11_window16s_stride1s-epo,beta
4650,-0.008173749588611884,patient11_window16s_stride1s-epo,beta
4651,-0.00866221965999764,patient11_window16s_stride1s-epo,beta
4652,-0.008593487358171495,patient11_window16s_stride1s-epo,beta
4653,-0.008682617973276848,patient11_window16s_stride1s-epo,beta
4654,-0.009344039219918105,patient11_window16s_stride1s-epo,beta
4655,-0.009432140664883288,patient11_window16s_stride1s-epo,beta
4656,-0.007984964742198494,patient11_window16s_stride1s-epo,beta
4657,-0.007556764318312771,patient11_window16s_stride1s-epo,beta
4658,-0.0068635268383315405,patient11_window16s_stride1s-epo,beta
4659,-0.007118988957920172,patient11_window16s_stride1s-epo,beta
4660,-0.005569157934962176,patient11_window16s_stride1s-epo,beta
4661,-0.0059888799590305675,patient11_window16s_stride1s-epo,beta
4662,-0.006189971472371137,patient11_window16s_stride1s-epo,beta
4663,-0.009840383975396402,patient11_window16s_stride1s-epo,beta
4664,-0.009418580123409837,patient11_window16s_stride1s-epo,beta
4665,-0.008578521241959474,patient11_window16s_stride1s-epo,beta
4666,-0.00781692449519913,patient11_window16s_stride1s-epo,beta
4667,-0.00972320089572154,patient11_window16s_stride1s-epo,beta
4668,-0.010469101709388506,patient11_window16s_stride1s-epo,beta
4669,-0.009094307964456611,patient11_window16s_stride1s-epo,beta
4670,-0.008510452258538708,patient11_window16s_stride1s-epo,beta
4671,-0.00863006152478148,patient11_window16s_stride1s-epo,beta
4672,-0.009497476912828458,patient11_window16s_stride1s-epo,beta
4673,-0.009507419555825533,patient11_window16s_stride1s-epo,beta
4674,-0.009523616058343318,patient11_window16s_stride1s-epo,beta
4675,-0.010884953922971348,patient11_window16s_stride1s-epo,beta
4676,-0.010151593773690303,patient11_window16s_stride1s-epo,beta
4677,-0.011650308414986368,patient11_window16s_stride1s-epo,beta
4678,-0.010688819335787235,patient11_window16s_stride1s-epo,beta
4679,-0.00872723639129779,patient11_window16s_stride1s-epo,beta
4680,-0.009219974241835568,patient11_window16s_stride1s-epo,beta
4681,-0.009831703600481741,patient11_window16s_stride1s-epo,beta
4682,-0.008616621109231488,patient11_window16s_stride1s-epo,beta
4683,-0.008263623968258369,patient11_window16s_stride1s-epo,beta
4684,-0.007080047390229308,patient11_window16s_stride1s-epo,beta
4685,-0.007407846685793186,patient11_window16s_stride1s-epo,beta
4686,-0.007986194652511056,patient11_window16s_stride1s-epo,beta
4687,-0.00870120048750211,patient11_window16s_stride1s-epo,beta
4688,-0.007473301931631749,patient11_window16s_stride1s-epo,beta
4689,-0.0072241108074017095,patient11_window16s_stride1s-epo,beta
4690,-0.007028369824015775,patient11_window16s_stride1s-epo,beta
4691,-0.005440027127713833,patient11_window16s_stride1s-epo,beta
4692,-0.00953307938527535,patient11_window16s_stride1s-epo,beta
4693,-0.008793578919491932,patient11_window16s_stride1s-epo,beta
4694,-0.009720283439056792,patient11_window16s_stride1s-epo,beta
4695,-0.008052184721183358,patient11_window16s_stride1s-epo,beta
4696,-0.00865624185542921,patient11_window16s_stride1s-epo,beta
4697,-0.007645965233615879,patient11_window16s_stride1s-epo,beta
4698,-0.008688882620659892,patient11_window16s_stride1s-epo,beta
4699,-0.008467806921250239,patient11_window16s_stride1s-epo,beta
4700,-0.008739277796979108,patient11_window16s_stride1s-epo,beta
4701,-0.008756136699176055,patient11_window16s_stride1s-epo,beta
4702,-0.010203479789840646,patient11_window16s_stride1s-epo,beta
4703,-0.009630510628865474,patient11_window16s_stride1s-epo,beta
4704,-0.010250873808756155,patient11_window16s_stride1s-epo,beta
4705,-0.01014964413064787,patient11_window16s_stride1s-epo,beta
4706,-0.009496940641543515,patient11_window16s_stride1s-epo,beta
4707,-0.008985227926763484,patient11_window16s_stride1s-epo,beta
4708,-0.008877891883367857,patient11_window16s_stride1s-epo,beta
4709,-0.007816294523269745,patient11_window16s_stride1s-epo,beta
4710,-0.006540731041946785,patient11_window16s_stride1s-epo,beta
4711,-0.006762189167902185,patient11_window16s_stride1s-epo,beta
4712,-0.007152138695634196,patient11_window16s_stride1s-epo,beta
4713,-0.00729898805034735,patient11_window16s_stride1s-epo,beta
4714,-0.005997647693087732,patient11_window16s_stride1s-epo,beta
4715,-0.004599058698457045,patient11_window16s_stride1s-epo,beta
4716,-0.004697663268436505,patient11_window16s_stride1s-epo,beta
4717,-0.0047534331235686575,patient11_window16s_stride1s-epo,beta
4718,-0.004698951428181069,patient11_window16s_stride1s-epo,beta
4719,-0.0054313986178629765,patient11_window16s_stride1s-epo,beta
4720,-0.005919985594847573,patient11_window16s_stride1s-epo,beta
4721,-0.006044661869539418,patient11_window16s_stride1s-epo,beta
4722,-0.005563911958683411,patient11_window16s_stride1s-epo,beta
4723,-0.004627039032098114,patient11_window16s_stride1s-epo,beta
4724,-0.0036354238243865864,patient11_window16s_stride1s-epo,beta
4725,-0.00543957313397365,patient11_window16s_stride1s-epo,beta
4726,-0.005175898914351447,patient11_window16s_stride1s-epo,beta
4727,-0.0046902514653097875,patient11_window16s_stride1s-epo,beta
4728,-0.00439777030423107,patient11_window16s_stride1s-epo,beta
4729,-0.005202392749122233,patient11_window16s_stride1s-epo,beta
4730,-0.0053532192511961734,patient11_window16s_stride1s-epo,beta
4731,-0.005127282404082276,patient11_window16s_stride1s-epo,beta
4732,-0.005029401319167818,patient11_window16s_stride1s-epo,beta
4733,-0.0038022620936627722,patient11_window16s_stride1s-epo,beta
4734,-0.004543427103686498,patient11_window16s_stride1s-epo,beta
4735,-0.003750277012411029,patient11_window16s_stride1s-epo,beta
4736,-0.005134722230817477,patient11_window16s_stride1s-epo,beta
4737,-0.005102779650329771,patient11_window16s_stride1s-epo,beta
4738,-0.005144447329722756,patient11_window16s_stride1s-epo,beta
4739,-0.0066211878246637546,patient11_window16s_stride1s-epo,beta
4740,-0.007009593069393181,patient11_window16s_stride1s-epo,beta
4741,-0.006723506933089568,patient11_window16s_stride1s-epo,beta
4742,-0.005117933548839085,patient11_window16s_stride1s-epo,beta
4743,-0.004041959824490328,patient11_window16s_stride1s-epo,beta
4744,-0.006148532222949471,patient11_window16s_stride1s-epo,beta
4745,-0.005848741429129305,patient11_window16s_stride1s-epo,beta
4746,-0.0054507810513626746,patient11_window16s_stride1s-epo,beta
4747,-0.005349809673704907,patient11_window16s_stride1s-epo,beta
4748,-0.0049737166196232915,patient11_window16s_stride1s-epo,beta
4749,-0.00536007964375896,patient11_window16s_stride1s-epo,beta
4750,-0.005247579493084431,patient11_window16s_stride1s-epo,beta
4751,-0.006043117345499698,patient11_window16s_stride1s-epo,beta
4752,-0.005500398934715135,patient11_window16s_stride1s-epo,beta
4753,-0.005121626001912725,patient11_window16s_stride1s-epo,beta
4754,-0.004742558958197153,patient11_window16s_stride1s-epo,beta
4755,-0.003233434025010925,patient11_window16s_stride1s-epo,beta
4756,-0.004303132587358412,patient11_window16s_stride1s-epo,beta
4757,-0.004266518452769629,patient11_window16s_stride1s-epo,beta
4758,-0.006030786056808077,patient11_window16s_stride1s-epo,beta
4759,-0.005410080481523304,patient11_window16s_stride1s-epo,beta
4760,-0.006302759548725119,patient11_window16s_stride1s-epo,beta
4761,-0.006884747164227429,patient11_window16s_stride1s-epo,beta
4762,-0.006423344452422745,patient11_window16s_stride1s-epo,beta
4763,-0.006886432464433459,patient11_window16s_stride1s-epo,beta
4764,-0.006071261245885379,patient11_window16s_stride1s-epo,beta
4765,-0.006790571621468048,patient11_window16s_stride1s-epo,beta
4766,-0.006262930574730991,patient11_window16s_stride1s-epo,beta
4767,-0.007167731136259424,patient11_window16s_stride1s-epo,beta
4768,-0.006917442413067718,patient11_window16s_stride1s-epo,beta
4769,-0.006857151907246548,patient11_window16s_stride1s-epo,beta
4770,-0.007771101329068732,patient11_window16s_stride1s-epo,beta
4771,-0.008287906202713361,patient11_window16s_stride1s-epo,beta
4772,-0.008045373573028668,patient11_window16s_stride1s-epo,beta
4773,-0.008552810832095898,patient11_window16s_stride1s-epo,beta
4774,-0.007753204280205638,patient11_window16s_stride1s-epo,beta
4775,-0.007575929854082047,patient11_window16s_stride1s-epo,beta
4776,-0.007909212122428866,patient11_window16s_stride1s-epo,beta
4777,-0.007428155241689693,patient11_window16s_stride1s-epo,beta
4778,-0.0069830689484969895,patient11_window16s_stride1s-epo,beta
4779,-0.005697055336122715,patient11_window16s_stride1s-epo,beta
4780,-0.005227904540937903,patient11_window16s_stride1s-epo,beta
4781,-0.005301315370517052,patient11_window16s_stride1s-epo,beta
4782,-0.005205902999751462,patient11_window16s_stride1s-epo,beta
4783,-0.00437261442646677,patient11_window16s_stride1s-epo,beta
4784,-0.0034622149981381163,patient11_window16s_stride1s-epo,beta
4785,-0.002451751502628672,patient11_window16s_stride1s-epo,beta
4786,-0.0036832699853545535,patient11_window16s_stride1s-epo,beta
4787,-0.0025339499465574407,patient11_window16s_stride1s-epo,beta
4788,-0.002280930628181404,patient11_window16s_stride1s-epo,beta
4789,-0.0017705374320144422,patient11_window16s_stride1s-epo,beta
4790,-0.0022208361969807255,patient11_window16s_stride1s-epo,beta
4791,-0.0031500580326048987,patient11_window16s_stride1s-epo,beta
4792,-0.002288472054526588,patient11_window16s_stride1s-epo,beta
4793,-0.0025022898919912087,patient11_window16s_stride1s-epo,beta
4794,-0.003253834181521876,patient11_window16s_stride1s-epo,beta
4795,-0.004184984283229778,patient11_window16s_stride1s-epo,beta
4796,-0.004542113137475892,patient11_window16s_stride1s-epo,beta
4797,-0.0045004400967929275,patient11_window16s_stride1s-epo,beta
4798,-0.005890897448486177,patient11_window16s_stride1s-epo,beta
4799,-0.005416526523041016,patient11_window16s_stride1s-epo,beta
4800,-0.006479215289578181,patient11_window16s_stride1s-epo,beta
4801,-0.005388962415733329,patient11_window16s_stride1s-epo,beta
4802,-0.004586306330947082,patient11_window16s_stride1s-epo,beta
4803,-0.005194121661954039,patient11_window16s_stride1s-epo,beta
4804,-0.006112987431941737,patient11_window16s_stride1s-epo,beta
4805,-0.006232222567857375,patient11_window16s_stride1s-epo,beta
4806,-0.007444750822933774,patient11_window16s_stride1s-epo,beta
4807,-0.006785589978367788,patient11_window16s_stride1s-epo,beta
4808,-0.007220321640749802,patient11_window16s_stride1s-epo,beta
4809,-0.007504516820389164,patient11_window16s_stride1s-epo,beta
4810,-0.0071125035332109685,patient11_window16s_stride1s-epo,beta
4811,-0.007226186544230604,patient11_window16s_stride1s-epo,beta
4812,-0.007285495204615235,patient11_window16s_stride1s-epo,beta
4813,-0.0074252991676750256,patient11_window16s_stride1s-epo,beta
4814,-0.007474174653494582,patient11_window16s_stride1s-epo,beta
4815,-0.007798689990854787,patient11_window16s_stride1s-epo,beta
4816,-0.007812913993386518,patient11_window16s_stride1s-epo,beta
4817,-0.009262523889257808,patient11_window16s_stride1s-epo,beta
4818,-0.009199074798190866,patient11_window16s_stride1s-epo,beta
4819,-0.009469419565047842,patient11_window16s_stride1s-epo,beta
4820,-0.009968904947835668,patient11_window16s_stride1s-epo,beta
4821,-0.008869249350901179,patient11_window16s_stride1s-epo,beta
4822,-0.009050637058459357,patient11_window16s_stride1s-epo,beta
4823,-0.008240138880942974,patient11_window16s_stride1s-epo,beta
4824,-0.010962090455520612,patient11_window16s_stride1s-epo,beta
4825,-0.011137123618001673,patient11_window16s_stride1s-epo,beta
4826,-0.011007970492725316,patient11_window16s_stride1s-epo,beta
4827,-0.011475880819909924,patient11_window16s_stride1s-epo,beta
4828,-0.012087459932568736,patient11_window16s_stride1s-epo,beta
4829,-0.01102618887260303,patient11_window16s_stride1s-epo,beta
4830,-0.010123338349034653,patient11_window16s_stride1s-epo,beta
4831,-0.010964528392844324,patient11_window16s_stride1s-epo,beta
4832,-0.011553770404655047,patient11_window16s_stride1s-epo,beta
4833,-0.010897470801906428,patient11_window16s_stride1s-epo,beta
4834,-0.010470210319963076,patient11_window16s_stride1s-epo,beta
4835,-0.01023175140196505,patient11_window16s_stride1s-epo,beta
