epoch_index,wsmi_scalar,subject_id,band
0,0.0021532477017059417,patient12_window16s_stride1s-epo,theta
1,0.003198315238219397,patient12_window16s_stride1s-epo,theta
2,0.0023470735317736515,patient12_window16s_stride1s-epo,theta
3,0.002303107559099602,patient12_window16s_stride1s-epo,theta
4,0.004089308966623961,patient12_window16s_stride1s-epo,theta
5,0.004751883204429412,patient12_window16s_stride1s-epo,theta
6,0.0032768560380322734,patient12_window16s_stride1s-epo,theta
7,0.0025686525714988125,patient12_window16s_stride1s-epo,theta
8,0.003057287512019247,patient12_window16s_stride1s-epo,theta
9,0.0015176990141695722,patient12_window16s_stride1s-epo,theta
10,0.0011608123461200894,patient12_window16s_stride1s-epo,theta
11,0.002778243418354803,patient12_window16s_stride1s-epo,theta
12,0.0035778417855834607,patient12_window16s_stride1s-epo,theta
13,0.003492743364065247,patient12_window16s_stride1s-epo,theta
14,0.001803438038293322,patient12_window16s_stride1s-epo,theta
15,-0.0003578164231807835,patient12_window16s_stride1s-epo,theta
16,0.0006624962250065526,patient12_window16s_stride1s-epo,theta
17,0.0009825132274128671,patient12_window16s_stride1s-epo,theta
18,-0.0003659642361019178,patient12_window16s_stride1s-epo,theta
19,-0.00010741950608318466,patient12_window16s_stride1s-epo,theta
20,-0.000705033053768918,patient12_window16s_stride1s-epo,theta
21,-0.0010492557655062994,patient12_window16s_stride1s-epo,theta
22,-0.0012752337205243147,patient12_window16s_stride1s-epo,theta
23,-0.002323128494076674,patient12_window16s_stride1s-epo,theta
24,-0.001990079993590199,patient12_window16s_stride1s-epo,theta
25,-0.0023733762419369656,patient12_window16s_stride1s-epo,theta
26,-0.003874598113249666,patient12_window16s_stride1s-epo,theta
27,-0.003198379470830903,patient12_window16s_stride1s-epo,theta
28,-0.003711777529318294,patient12_window16s_stride1s-epo,theta
29,-0.0030433462088197798,patient12_window16s_stride1s-epo,theta
30,-0.002429654383836363,patient12_window16s_stride1s-epo,theta
31,-0.0022650900531410154,patient12_window16s_stride1s-epo,theta
32,-0.0023922078382477003,patient12_window16s_stride1s-epo,theta
33,-0.004006703089751419,patient12_window16s_stride1s-epo,theta
34,-0.0033576698036560633,patient12_window16s_stride1s-epo,theta
35,-0.004037613959429801,patient12_window16s_stride1s-epo,theta
36,-0.0029234410757125713,patient12_window16s_stride1s-epo,theta
37,-0.002771374088760029,patient12_window16s_stride1s-epo,theta
38,-0.002311308034865979,patient12_window16s_stride1s-epo,theta
39,-0.0009357903713821105,patient12_window16s_stride1s-epo,theta
40,-0.0022307923577763993,patient12_window16s_stride1s-epo,theta
41,-7.749410489020645e-05,patient12_window16s_stride1s-epo,theta
42,0.0009613376537064248,patient12_window16s_stride1s-epo,theta
43,0.001597884193026235,patient12_window16s_stride1s-epo,theta
44,0.0025660104004185794,patient12_window16s_stride1s-epo,theta
45,0.002339413878716853,patient12_window16s_stride1s-epo,theta
46,0.001350584639466242,patient12_window16s_stride1s-epo,theta
47,1.8118259856343185e-05,patient12_window16s_stride1s-epo,theta
48,-0.0013327996628444787,patient12_window16s_stride1s-epo,theta
49,0.00026650693846023423,patient12_window16s_stride1s-epo,theta
50,-0.0010499563215579071,patient12_window16s_stride1s-epo,theta
51,0.00038176987465853284,patient12_window16s_stride1s-epo,theta
52,-0.0002720298133340679,patient12_window16s_stride1s-epo,theta
53,-0.00032272548307518543,patient12_window16s_stride1s-epo,theta
54,-0.0007986675106031216,patient12_window16s_stride1s-epo,theta
55,-0.0008247551109597291,patient12_window16s_stride1s-epo,theta
56,-0.001369859251962061,patient12_window16s_stride1s-epo,theta
57,-0.001367244795278459,patient12_window16s_stride1s-epo,theta
58,-0.0024671916333667493,patient12_window16s_stride1s-epo,theta
59,-0.0029614292555640723,patient12_window16s_stride1s-epo,theta
60,-0.0018816174632272195,patient12_window16s_stride1s-epo,theta
61,-0.003288849416831446,patient12_window16s_stride1s-epo,theta
62,-0.002585696092126853,patient12_window16s_stride1s-epo,theta
63,-0.0017274567295770134,patient12_window16s_stride1s-epo,theta
64,-0.0017364600207084822,patient12_window16s_stride1s-epo,theta
65,-0.0035227700961932835,patient12_window16s_stride1s-epo,theta
66,-0.002338055833606406,patient12_window16s_stride1s-epo,theta
67,-0.0025255189110089567,patient12_window16s_stride1s-epo,theta
68,-0.0025013086713145394,patient12_window16s_stride1s-epo,theta
69,-0.0023828698135776854,patient12_window16s_stride1s-epo,theta
70,-0.0019170794670650322,patient12_window16s_stride1s-epo,theta
71,-0.0010451286480410355,patient12_window16s_stride1s-epo,theta
72,-0.003378889978523905,patient12_window16s_stride1s-epo,theta
73,-0.002712240706475424,patient12_window16s_stride1s-epo,theta
74,-0.0025190682698982016,patient12_window16s_stride1s-epo,theta
75,-0.0029445832262933323,patient12_window16s_stride1s-epo,theta
76,-0.0022867613543607044,patient12_window16s_stride1s-epo,theta
77,-0.003018203860137198,patient12_window16s_stride1s-epo,theta
78,-0.0037381146269038134,patient12_window16s_stride1s-epo,theta
79,-0.002554608828811869,patient12_window16s_stride1s-epo,theta
80,-0.0027628767242477872,patient12_window16s_stride1s-epo,theta
81,-0.0009524956262280816,patient12_window16s_stride1s-epo,theta
82,-0.002100100540817372,patient12_window16s_stride1s-epo,theta
83,-0.00243216566533268,patient12_window16s_stride1s-epo,theta
84,-0.003006271781233091,patient12_window16s_stride1s-epo,theta
85,-0.0018973419647848222,patient12_window16s_stride1s-epo,theta
86,-0.001051047495262248,patient12_window16s_stride1s-epo,theta
87,-0.0012785015518787823,patient12_window16s_stride1s-epo,theta
88,-0.0027370397837682497,patient12_window16s_stride1s-epo,theta
89,-0.0043364181276706985,patient12_window16s_stride1s-epo,theta
90,-0.003640902888118907,patient12_window16s_stride1s-epo,theta
91,-0.00300347258082419,patient12_window16s_stride1s-epo,theta
92,-0.003357776920417024,patient12_window16s_stride1s-epo,theta
93,-0.002021739117844131,patient12_window16s_stride1s-epo,theta
94,-0.002224683804732301,patient12_window16s_stride1s-epo,theta
95,-0.0029163375712455606,patient12_window16s_stride1s-epo,theta
96,-0.0012348720289344147,patient12_window16s_stride1s-epo,theta
97,0.0008326287973882066,patient12_window16s_stride1s-epo,theta
98,-3.140839932535214e-05,patient12_window16s_stride1s-epo,theta
99,0.00010610777532493111,patient12_window16s_stride1s-epo,theta
100,0.0006325371414643221,patient12_window16s_stride1s-epo,theta
101,0.001140570969999763,patient12_window16s_stride1s-epo,theta
102,-0.000507704203441504,patient12_window16s_stride1s-epo,theta
103,-0.0007465462258584684,patient12_window16s_stride1s-epo,theta
104,-0.0014980485273307213,patient12_window16s_stride1s-epo,theta
105,0.0007316163290239325,patient12_window16s_stride1s-epo,theta
106,0.0009813202559284335,patient12_window16s_stride1s-epo,theta
107,9.029602974639257e-05,patient12_window16s_stride1s-epo,theta
108,0.0008591283246407646,patient12_window16s_stride1s-epo,theta
109,0.0005817584412302711,patient12_window16s_stride1s-epo,theta
110,0.000461559751089724,patient12_window16s_stride1s-epo,theta
111,0.0006644638807152228,patient12_window16s_stride1s-epo,theta
112,-0.00018493640981123838,patient12_window16s_stride1s-epo,theta
113,-0.0001269952594953293,patient12_window16s_stride1s-epo,theta
114,-0.000343419024888053,patient12_window16s_stride1s-epo,theta
115,0.0009531664560734024,patient12_window16s_stride1s-epo,theta
116,-0.0001958410271408249,patient12_window16s_stride1s-epo,theta
117,-0.0015871274161908346,patient12_window16s_stride1s-epo,theta
118,-0.002417694622876154,patient12_window16s_stride1s-epo,theta
119,-0.003225660044253087,patient12_window16s_stride1s-epo,theta
120,-0.0026237052000311523,patient12_window16s_stride1s-epo,theta
121,-0.00415630121835293,patient12_window16s_stride1s-epo,theta
122,-0.0031157561518323656,patient12_window16s_stride1s-epo,theta
123,-0.004751061395407413,patient12_window16s_stride1s-epo,theta
124,-0.0047417475993588604,patient12_window16s_stride1s-epo,theta
125,-0.0043296211970490625,patient12_window16s_stride1s-epo,theta
126,-0.0044275985587493285,patient12_window16s_stride1s-epo,theta
127,-0.005190324668536735,patient12_window16s_stride1s-epo,theta
128,-0.005302675171732784,patient12_window16s_stride1s-epo,theta
129,-0.00462740636530278,patient12_window16s_stride1s-epo,theta
130,-0.004423468331828375,patient12_window16s_stride1s-epo,theta
131,-0.004581657971842277,patient12_window16s_stride1s-epo,theta
132,-0.0033939491292361394,patient12_window16s_stride1s-epo,theta
133,-0.003485483918044149,patient12_window16s_stride1s-epo,theta
134,-0.0020023599076428233,patient12_window16s_stride1s-epo,theta
135,-0.0016338553674024533,patient12_window16s_stride1s-epo,theta
136,-0.000870718990091716,patient12_window16s_stride1s-epo,theta
137,-0.0019391219475770817,patient12_window16s_stride1s-epo,theta
138,-0.002259769616373493,patient12_window16s_stride1s-epo,theta
139,-0.0010464232154832117,patient12_window16s_stride1s-epo,theta
140,-0.0017919447423880334,patient12_window16s_stride1s-epo,theta
141,-0.0037558349545495015,patient12_window16s_stride1s-epo,theta
142,-0.003504951883648528,patient12_window16s_stride1s-epo,theta
143,-0.002245580475717067,patient12_window16s_stride1s-epo,theta
144,-0.002392989531774578,patient12_window16s_stride1s-epo,theta
145,-0.0017740321330761437,patient12_window16s_stride1s-epo,theta
146,-0.0007634312776891735,patient12_window16s_stride1s-epo,theta
147,-0.0003071026061137596,patient12_window16s_stride1s-epo,theta
148,-0.00045796365037710453,patient12_window16s_stride1s-epo,theta
149,-0.0016306921403662312,patient12_window16s_stride1s-epo,theta
150,-0.002231843403225776,patient12_window16s_stride1s-epo,theta
151,-0.0011174609415439624,patient12_window16s_stride1s-epo,theta
152,-0.0008508943774143483,patient12_window16s_stride1s-epo,theta
153,-0.0010690411008476063,patient12_window16s_stride1s-epo,theta
154,-0.0010859479767470817,patient12_window16s_stride1s-epo,theta
155,-0.00024277298191429248,patient12_window16s_stride1s-epo,theta
156,-0.001160069803852737,patient12_window16s_stride1s-epo,theta
157,-0.001177181323285734,patient12_window16s_stride1s-epo,theta
158,-0.0024670631579079222,patient12_window16s_stride1s-epo,theta
159,-0.0025281513038080137,patient12_window16s_stride1s-epo,theta
160,-0.0026059814142248682,patient12_window16s_stride1s-epo,theta
161,-0.0019126348921714273,patient12_window16s_stride1s-epo,theta
162,-0.001561689958408795,patient12_window16s_stride1s-epo,theta
163,-0.001962826951898083,patient12_window16s_stride1s-epo,theta
164,-0.004017285480553328,patient12_window16s_stride1s-epo,theta
165,-0.0029629932812805172,patient12_window16s_stride1s-epo,theta
166,-0.004357403854406022,patient12_window16s_stride1s-epo,theta
167,-0.004966101375351877,patient12_window16s_stride1s-epo,theta
168,-0.004654484258098342,patient12_window16s_stride1s-epo,theta
169,-0.004477201870552295,patient12_window16s_stride1s-epo,theta
170,-0.004223387937181221,patient12_window16s_stride1s-epo,theta
171,-0.005312055194724253,patient12_window16s_stride1s-epo,theta
172,-0.0062961536634544,patient12_window16s_stride1s-epo,theta
173,-0.00611089107738488,patient12_window16s_stride1s-epo,theta
174,-0.004686175292151615,patient12_window16s_stride1s-epo,theta
175,-0.003908972220245228,patient12_window16s_stride1s-epo,theta
176,-0.004785726390989347,patient12_window16s_stride1s-epo,theta
177,-0.004700567879974292,patient12_window16s_stride1s-epo,theta
178,-0.005167037815841317,patient12_window16s_stride1s-epo,theta
179,-0.004611802998645435,patient12_window16s_stride1s-epo,theta
180,-0.0021772663743664135,patient12_window16s_stride1s-epo,theta
181,-0.0022656976104813618,patient12_window16s_stride1s-epo,theta
182,-0.0017538562662079739,patient12_window16s_stride1s-epo,theta
183,-0.002880514475480493,patient12_window16s_stride1s-epo,theta
184,-0.0026051220490445927,patient12_window16s_stride1s-epo,theta
185,-0.002778038528474073,patient12_window16s_stride1s-epo,theta
186,-0.0035826989108989297,patient12_window16s_stride1s-epo,theta
187,-0.0019874846266487965,patient12_window16s_stride1s-epo,theta
188,-0.0011073254183877625,patient12_window16s_stride1s-epo,theta
189,-0.0008201271230708414,patient12_window16s_stride1s-epo,theta
190,-0.0016289053720711939,patient12_window16s_stride1s-epo,theta
191,-0.0018629856843053556,patient12_window16s_stride1s-epo,theta
192,-0.003439211707622262,patient12_window16s_stride1s-epo,theta
193,-0.0019879548241355845,patient12_window16s_stride1s-epo,theta
194,-0.0016985647887344316,patient12_window16s_stride1s-epo,theta
195,-0.0017293687357311004,patient12_window16s_stride1s-epo,theta
196,-0.0031052434887917394,patient12_window16s_stride1s-epo,theta
197,-0.0027802399968980245,patient12_window16s_stride1s-epo,theta
198,-0.0029964240915857456,patient12_window16s_stride1s-epo,theta
199,-0.0015856018200538675,patient12_window16s_stride1s-epo,theta
200,-0.0022050343736635357,patient12_window16s_stride1s-epo,theta
201,-0.0018196231019852657,patient12_window16s_stride1s-epo,theta
202,-0.0036527837562372874,patient12_window16s_stride1s-epo,theta
203,-0.005881680683930551,patient12_window16s_stride1s-epo,theta
204,-0.005911680090257969,patient12_window16s_stride1s-epo,theta
205,-0.005853908106631635,patient12_window16s_stride1s-epo,theta
206,-0.00575474540001787,patient12_window16s_stride1s-epo,theta
207,-0.005385797120460876,patient12_window16s_stride1s-epo,theta
208,-0.004774422496615207,patient12_window16s_stride1s-epo,theta
209,-0.005315524854810239,patient12_window16s_stride1s-epo,theta
210,-0.0043510621606512,patient12_window16s_stride1s-epo,theta
211,-0.0038157475218867695,patient12_window16s_stride1s-epo,theta
212,-0.003082448655830817,patient12_window16s_stride1s-epo,theta
213,-0.003638268973386672,patient12_window16s_stride1s-epo,theta
214,-0.0024472670643214223,patient12_window16s_stride1s-epo,theta
215,-0.003636052235272619,patient12_window16s_stride1s-epo,theta
216,-0.003440034395093304,patient12_window16s_stride1s-epo,theta
217,-0.0022772157776067446,patient12_window16s_stride1s-epo,theta
218,-0.0017780666966651973,patient12_window16s_stride1s-epo,theta
219,-0.0014706868426278788,patient12_window16s_stride1s-epo,theta
220,-0.000931647785300141,patient12_window16s_stride1s-epo,theta
221,-0.001146127086174758,patient12_window16s_stride1s-epo,theta
222,-0.0034849440696784004,patient12_window16s_stride1s-epo,theta
223,-0.0017685095261309467,patient12_window16s_stride1s-epo,theta
224,-0.002083598472057705,patient12_window16s_stride1s-epo,theta
225,-0.0028689366725268054,patient12_window16s_stride1s-epo,theta
226,-0.003683906254274216,patient12_window16s_stride1s-epo,theta
227,-0.0024514607165784376,patient12_window16s_stride1s-epo,theta
228,-0.002326748604175369,patient12_window16s_stride1s-epo,theta
229,-0.0028622452263372504,patient12_window16s_stride1s-epo,theta
230,-0.0030259152204217842,patient12_window16s_stride1s-epo,theta
231,-0.00196281565735719,patient12_window16s_stride1s-epo,theta
232,-0.0021490210383680462,patient12_window16s_stride1s-epo,theta
233,-0.003123224544330034,patient12_window16s_stride1s-epo,theta
234,-0.0015470916135621592,patient12_window16s_stride1s-epo,theta
235,-0.0016128494244661289,patient12_window16s_stride1s-epo,theta
236,-0.0015238119461781783,patient12_window16s_stride1s-epo,theta
237,-0.002280308857958024,patient12_window16s_stride1s-epo,theta
238,-0.0022856747249926177,patient12_window16s_stride1s-epo,theta
239,-0.003420589742870865,patient12_window16s_stride1s-epo,theta
240,-0.002696932992660562,patient12_window16s_stride1s-epo,theta
241,-0.0024911589557580533,patient12_window16s_stride1s-epo,theta
242,-0.0023827946485710976,patient12_window16s_stride1s-epo,theta
243,-0.0028926355543449395,patient12_window16s_stride1s-epo,theta
244,-0.0028891762125668507,patient12_window16s_stride1s-epo,theta
245,-0.0027596936084341964,patient12_window16s_stride1s-epo,theta
246,-0.001779215752656057,patient12_window16s_stride1s-epo,theta
247,-0.001776732802208007,patient12_window16s_stride1s-epo,theta
248,-0.0010854803008939057,patient12_window16s_stride1s-epo,theta
249,-0.0018507155924898785,patient12_window16s_stride1s-epo,theta
250,-0.0023627344198645377,patient12_window16s_stride1s-epo,theta
251,-0.0020736690805276048,patient12_window16s_stride1s-epo,theta
252,-0.0022408567079357095,patient12_window16s_stride1s-epo,theta
253,-0.0016412138134640048,patient12_window16s_stride1s-epo,theta
254,-0.0016297239878482715,patient12_window16s_stride1s-epo,theta
255,-0.0010608066979236198,patient12_window16s_stride1s-epo,theta
256,-0.001484433816148983,patient12_window16s_stride1s-epo,theta
257,-0.0021435972898592834,patient12_window16s_stride1s-epo,theta
258,-0.0019671811707499503,patient12_window16s_stride1s-epo,theta
259,-0.0006748566357759267,patient12_window16s_stride1s-epo,theta
260,-0.0008102381014313158,patient12_window16s_stride1s-epo,theta
261,-0.0020413974047597235,patient12_window16s_stride1s-epo,theta
262,-0.0025683132470358683,patient12_window16s_stride1s-epo,theta
263,-0.0028242813008323856,patient12_window16s_stride1s-epo,theta
264,-0.001658973819024554,patient12_window16s_stride1s-epo,theta
265,-0.0020561148786377554,patient12_window16s_stride1s-epo,theta
266,-0.0026621921483675733,patient12_window16s_stride1s-epo,theta
267,-0.0028390125411283293,patient12_window16s_stride1s-epo,theta
268,-0.002531078353391381,patient12_window16s_stride1s-epo,theta
269,-0.0028158890954223,patient12_window16s_stride1s-epo,theta
270,-0.002697631179428271,patient12_window16s_stride1s-epo,theta
271,-0.0024576008171403514,patient12_window16s_stride1s-epo,theta
272,-0.0021545942279817777,patient12_window16s_stride1s-epo,theta
273,0.0003102033039131035,patient12_window16s_stride1s-epo,theta
274,-0.0008633351357634057,patient12_window16s_stride1s-epo,theta
275,-0.0021269973523421423,patient12_window16s_stride1s-epo,theta
276,-0.002216552055290689,patient12_window16s_stride1s-epo,theta
277,-0.0029748625887915307,patient12_window16s_stride1s-epo,theta
278,-0.002353655219386137,patient12_window16s_stride1s-epo,theta
279,-0.00229790742919797,patient12_window16s_stride1s-epo,theta
280,-0.0013952208122601753,patient12_window16s_stride1s-epo,theta
281,-0.0018438807840593827,patient12_window16s_stride1s-epo,theta
282,-0.0022126397647132244,patient12_window16s_stride1s-epo,theta
283,-0.0015437806310052828,patient12_window16s_stride1s-epo,theta
284,-0.0010181685746745719,patient12_window16s_stride1s-epo,theta
285,-0.0005903933148927872,patient12_window16s_stride1s-epo,theta
286,0.00016574176014596677,patient12_window16s_stride1s-epo,theta
287,-0.0012954446290767147,patient12_window16s_stride1s-epo,theta
288,-0.0009676536017441544,patient12_window16s_stride1s-epo,theta
289,-0.0005107276109319155,patient12_window16s_stride1s-epo,theta
290,-0.00014106195933544048,patient12_window16s_stride1s-epo,theta
291,-0.00038348972376568875,patient12_window16s_stride1s-epo,theta
292,0.00029724949373327917,patient12_window16s_stride1s-epo,theta
293,0.0010439218882681586,patient12_window16s_stride1s-epo,theta
294,0.001050252322811736,patient12_window16s_stride1s-epo,theta
295,0.001360822978135673,patient12_window16s_stride1s-epo,theta
296,0.0006168179939231643,patient12_window16s_stride1s-epo,theta
297,0.0017232120400162128,patient12_window16s_stride1s-epo,theta
298,0.001132124157262638,patient12_window16s_stride1s-epo,theta
299,0.0012960641173754158,patient12_window16s_stride1s-epo,theta
300,0.00043738514056293877,patient12_window16s_stride1s-epo,theta
301,-0.0007586558897775874,patient12_window16s_stride1s-epo,theta
302,-0.0023283239188022766,patient12_window16s_stride1s-epo,theta
303,-0.0030671951563584613,patient12_window16s_stride1s-epo,theta
304,-0.003522801718404378,patient12_window16s_stride1s-epo,theta
305,-0.004696632659795344,patient12_window16s_stride1s-epo,theta
306,-0.003127219354848157,patient12_window16s_stride1s-epo,theta
307,-0.005810379855912202,patient12_window16s_stride1s-epo,theta
308,-0.005425175261389867,patient12_window16s_stride1s-epo,theta
309,-0.004407751145084676,patient12_window16s_stride1s-epo,theta
310,-0.004636866852787398,patient12_window16s_stride1s-epo,theta
311,-0.004612868340122113,patient12_window16s_stride1s-epo,theta
312,-0.005328955702019896,patient12_window16s_stride1s-epo,theta
313,-0.005642434156879126,patient12_window16s_stride1s-epo,theta
314,-0.005947513902545893,patient12_window16s_stride1s-epo,theta
315,-0.005347222688757987,patient12_window16s_stride1s-epo,theta
316,-0.006567216057588635,patient12_window16s_stride1s-epo,theta
317,-0.0059251834179621455,patient12_window16s_stride1s-epo,theta
318,-0.005185704492772807,patient12_window16s_stride1s-epo,theta
319,-0.0053682447921902,patient12_window16s_stride1s-epo,theta
320,-0.004791419840053377,patient12_window16s_stride1s-epo,theta
321,-0.005959103079053088,patient12_window16s_stride1s-epo,theta
322,-0.005011455754282425,patient12_window16s_stride1s-epo,theta
323,-0.005388745102086765,patient12_window16s_stride1s-epo,theta
324,-0.005901229665368665,patient12_window16s_stride1s-epo,theta
325,-0.005279148758050547,patient12_window16s_stride1s-epo,theta
326,-0.004157033018334695,patient12_window16s_stride1s-epo,theta
327,-0.004141578698817675,patient12_window16s_stride1s-epo,theta
328,-0.00486328098545774,patient12_window16s_stride1s-epo,theta
329,-0.003978816004612785,patient12_window16s_stride1s-epo,theta
330,-0.0035925158489707254,patient12_window16s_stride1s-epo,theta
331,-0.002963523128652575,patient12_window16s_stride1s-epo,theta
332,-0.0015676055511038222,patient12_window16s_stride1s-epo,theta
333,-0.001990146608000547,patient12_window16s_stride1s-epo,theta
334,-0.0021522964839558356,patient12_window16s_stride1s-epo,theta
335,-0.001229653683768583,patient12_window16s_stride1s-epo,theta
336,-0.001414756865583986,patient12_window16s_stride1s-epo,theta
337,-0.000679537735946812,patient12_window16s_stride1s-epo,theta
338,-0.0020505984418246405,patient12_window16s_stride1s-epo,theta
339,-0.0016944183934071665,patient12_window16s_stride1s-epo,theta
340,-0.003323021874100694,patient12_window16s_stride1s-epo,theta
341,-0.002624005828697853,patient12_window16s_stride1s-epo,theta
342,-0.002372588055822011,patient12_window16s_stride1s-epo,theta
343,-0.003123619217247416,patient12_window16s_stride1s-epo,theta
344,-0.0031226979461838164,patient12_window16s_stride1s-epo,theta
345,-0.0035682219984849795,patient12_window16s_stride1s-epo,theta
346,-0.003324493590634544,patient12_window16s_stride1s-epo,theta
347,-0.0028735441296740562,patient12_window16s_stride1s-epo,theta
348,-0.003661631485531196,patient12_window16s_stride1s-epo,theta
349,-0.0027795928920202394,patient12_window16s_stride1s-epo,theta
350,-0.0028741107661178988,patient12_window16s_stride1s-epo,theta
351,-0.003742207750676643,patient12_window16s_stride1s-epo,theta
352,-0.003772648110709315,patient12_window16s_stride1s-epo,theta
353,-0.0053468340821556165,patient12_window16s_stride1s-epo,theta
354,-0.004610635547666591,patient12_window16s_stride1s-epo,theta
355,-0.004144948641366992,patient12_window16s_stride1s-epo,theta
356,-0.003884508156487299,patient12_window16s_stride1s-epo,theta
357,-0.004975792607294681,patient12_window16s_stride1s-epo,theta
358,-0.004229593476093758,patient12_window16s_stride1s-epo,theta
359,-0.0030846410448915644,patient12_window16s_stride1s-epo,theta
360,-0.0036469412707670857,patient12_window16s_stride1s-epo,theta
361,-0.0027512120763881803,patient12_window16s_stride1s-epo,theta
362,-0.0037113683499297996,patient12_window16s_stride1s-epo,theta
363,-0.0042957492813337364,patient12_window16s_stride1s-epo,theta
364,-0.005852334293864561,patient12_window16s_stride1s-epo,theta
365,-0.0065933473225487805,patient12_window16s_stride1s-epo,theta
366,-0.0055051018774904805,patient12_window16s_stride1s-epo,theta
367,-0.005523983660098188,patient12_window16s_stride1s-epo,theta
368,-0.00491499746612358,patient12_window16s_stride1s-epo,theta
369,-0.0038887905117268654,patient12_window16s_stride1s-epo,theta
370,-0.004211821957062122,patient12_window16s_stride1s-epo,theta
371,-0.004208953757662536,patient12_window16s_stride1s-epo,theta
372,-0.003932177247810055,patient12_window16s_stride1s-epo,theta
373,-0.004066733882678043,patient12_window16s_stride1s-epo,theta
374,-0.002488222330804137,patient12_window16s_stride1s-epo,theta
375,-0.0042632459848560315,patient12_window16s_stride1s-epo,theta
376,-0.002608106910649239,patient12_window16s_stride1s-epo,theta
377,-0.0037218688511726113,patient12_window16s_stride1s-epo,theta
378,-0.0028487666747316533,patient12_window16s_stride1s-epo,theta
379,-0.0032285612194295483,patient12_window16s_stride1s-epo,theta
380,-0.002840528584159718,patient12_window16s_stride1s-epo,theta
381,-0.002390881874561102,patient12_window16s_stride1s-epo,theta
382,-0.001052368429472325,patient12_window16s_stride1s-epo,theta
383,-0.0011929838558768873,patient12_window16s_stride1s-epo,theta
384,-0.0006886612762342333,patient12_window16s_stride1s-epo,theta
385,-0.0003381399862633688,patient12_window16s_stride1s-epo,theta
386,0.00038231086314150805,patient12_window16s_stride1s-epo,theta
387,0.0006439602027558326,patient12_window16s_stride1s-epo,theta
388,-0.00041960974394142435,patient12_window16s_stride1s-epo,theta
389,-0.000903497329910349,patient12_window16s_stride1s-epo,theta
390,-0.0021767116600808285,patient12_window16s_stride1s-epo,theta
391,-0.0022340629693843126,patient12_window16s_stride1s-epo,theta
392,0.00023739286027674825,patient12_window16s_stride1s-epo,theta
393,0.0007599387735088266,patient12_window16s_stride1s-epo,theta
394,0.0013827860019910902,patient12_window16s_stride1s-epo,theta
395,0.0019035986017547828,patient12_window16s_stride1s-epo,theta
396,0.0009001589665606147,patient12_window16s_stride1s-epo,theta
397,-0.0004855955173111163,patient12_window16s_stride1s-epo,theta
398,-0.0014393420689797994,patient12_window16s_stride1s-epo,theta
399,-0.001397830011143575,patient12_window16s_stride1s-epo,theta
400,-0.000688662258385324,patient12_window16s_stride1s-epo,theta
401,-0.002371026564462076,patient12_window16s_stride1s-epo,theta
402,-0.0022420699936235118,patient12_window16s_stride1s-epo,theta
403,-0.002467941050657469,patient12_window16s_stride1s-epo,theta
404,-0.0013819311201274194,patient12_window16s_stride1s-epo,theta
405,-0.0007683725211256833,patient12_window16s_stride1s-epo,theta
406,0.0006913675101700917,patient12_window16s_stride1s-epo,theta
407,-0.0007344268418415505,patient12_window16s_stride1s-epo,theta
408,-0.0016335161161735974,patient12_window16s_stride1s-epo,theta
409,-0.0009169879020505507,patient12_window16s_stride1s-epo,theta
410,-0.0015486834861503783,patient12_window16s_stride1s-epo,theta
411,-0.0013140573431776844,patient12_window16s_stride1s-epo,theta
412,-0.0009216815869155064,patient12_window16s_stride1s-epo,theta
413,-0.0003884598581177027,patient12_window16s_stride1s-epo,theta
414,-0.0025540439188570015,patient12_window16s_stride1s-epo,theta
415,-0.002690969742074418,patient12_window16s_stride1s-epo,theta
416,-0.002254988587896949,patient12_window16s_stride1s-epo,theta
417,-0.0016495075188109245,patient12_window16s_stride1s-epo,theta
418,-0.002203725711644533,patient12_window16s_stride1s-epo,theta
419,-0.0020313744688345574,patient12_window16s_stride1s-epo,theta
420,-0.0009126627011586278,patient12_window16s_stride1s-epo,theta
421,-0.0005701004464000384,patient12_window16s_stride1s-epo,theta
422,-0.0014759634004636822,patient12_window16s_stride1s-epo,theta
423,-0.003298506417789997,patient12_window16s_stride1s-epo,theta
424,-0.0012323721249441139,patient12_window16s_stride1s-epo,theta
425,-0.002228881104874354,patient12_window16s_stride1s-epo,theta
426,-0.0013184136669032774,patient12_window16s_stride1s-epo,theta
427,-0.0009090249129851436,patient12_window16s_stride1s-epo,theta
428,-0.0005398096148710901,patient12_window16s_stride1s-epo,theta
429,-0.0015339782534131905,patient12_window16s_stride1s-epo,theta
430,-0.0008885197203739281,patient12_window16s_stride1s-epo,theta
431,-0.0016191489184485088,patient12_window16s_stride1s-epo,theta
432,-0.00033176636032298146,patient12_window16s_stride1s-epo,theta
433,-0.003384396361563767,patient12_window16s_stride1s-epo,theta
434,-0.0036068715463029523,patient12_window16s_stride1s-epo,theta
435,-0.0037756836270041436,patient12_window16s_stride1s-epo,theta
436,-0.004779507527682159,patient12_window16s_stride1s-epo,theta
437,-0.004310045806230227,patient12_window16s_stride1s-epo,theta
438,-0.0035355290048895466,patient12_window16s_stride1s-epo,theta
439,-0.0029589136444859955,patient12_window16s_stride1s-epo,theta
440,-0.003176254171858837,patient12_window16s_stride1s-epo,theta
441,-0.004762211555784643,patient12_window16s_stride1s-epo,theta
442,-0.00426738581967831,patient12_window16s_stride1s-epo,theta
443,-0.006084751173813243,patient12_window16s_stride1s-epo,theta
444,-0.0038434742066989188,patient12_window16s_stride1s-epo,theta
445,-0.0035004494357692814,patient12_window16s_stride1s-epo,theta
446,-0.0036397058478728765,patient12_window16s_stride1s-epo,theta
447,-0.0029023621245338827,patient12_window16s_stride1s-epo,theta
448,-0.0027371633374545373,patient12_window16s_stride1s-epo,theta
449,-0.00015678255786354142,patient12_window16s_stride1s-epo,theta
450,0.0003553413521616311,patient12_window16s_stride1s-epo,theta
451,0.00014965992670462768,patient12_window16s_stride1s-epo,theta
452,-0.00014370313928205373,patient12_window16s_stride1s-epo,theta
453,-0.0012478402994431624,patient12_window16s_stride1s-epo,theta
454,-0.002660131615662864,patient12_window16s_stride1s-epo,theta
455,-0.0022258263772090814,patient12_window16s_stride1s-epo,theta
456,-0.0018544883464051418,patient12_window16s_stride1s-epo,theta
457,-0.0017836948586866864,patient12_window16s_stride1s-epo,theta
458,-0.0006278661697539837,patient12_window16s_stride1s-epo,theta
459,-0.0011998262259422122,patient12_window16s_stride1s-epo,theta
460,-0.0018860885958799222,patient12_window16s_stride1s-epo,theta
461,-0.0006966311422333313,patient12_window16s_stride1s-epo,theta
462,-0.0026012383575565227,patient12_window16s_stride1s-epo,theta
463,-0.0027991030223812456,patient12_window16s_stride1s-epo,theta
464,-0.0016997315852985985,patient12_window16s_stride1s-epo,theta
465,-0.0021928071653949826,patient12_window16s_stride1s-epo,theta
466,-0.0028991289065294005,patient12_window16s_stride1s-epo,theta
467,-0.002355105961659778,patient12_window16s_stride1s-epo,theta
468,-0.0018881921956806825,patient12_window16s_stride1s-epo,theta
469,-0.002811640866458485,patient12_window16s_stride1s-epo,theta
470,-0.0024090917544544706,patient12_window16s_stride1s-epo,theta
471,-0.0017552018496090425,patient12_window16s_stride1s-epo,theta
472,-0.002884923028440852,patient12_window16s_stride1s-epo,theta
473,-0.0019693728207459895,patient12_window16s_stride1s-epo,theta
474,-0.002008293401525611,patient12_window16s_stride1s-epo,theta
475,-0.0026760980610232733,patient12_window16s_stride1s-epo,theta
476,-0.0012012615744480014,patient12_window16s_stride1s-epo,theta
477,-0.0021994407102967025,patient12_window16s_stride1s-epo,theta
478,-0.0007567079413538921,patient12_window16s_stride1s-epo,theta
479,5.568795083480796e-06,patient12_window16s_stride1s-epo,theta
480,-0.0005328843426845099,patient12_window16s_stride1s-epo,theta
481,-0.0009783195473428907,patient12_window16s_stride1s-epo,theta
482,-0.0011490348116443166,patient12_window16s_stride1s-epo,theta
483,-0.0004497638813866019,patient12_window16s_stride1s-epo,theta
484,0.0002636868112017704,patient12_window16s_stride1s-epo,theta
485,-0.00037279171081356705,patient12_window16s_stride1s-epo,theta
486,-0.0011646196235778718,patient12_window16s_stride1s-epo,theta
487,-0.002792699804186608,patient12_window16s_stride1s-epo,theta
488,-0.002244851886554459,patient12_window16s_stride1s-epo,theta
489,-0.00381599682050815,patient12_window16s_stride1s-epo,theta
490,-0.0034691525590674005,patient12_window16s_stride1s-epo,theta
491,-0.0040928179274692155,patient12_window16s_stride1s-epo,theta
492,-0.004923654616134473,patient12_window16s_stride1s-epo,theta
493,-0.004667783021353723,patient12_window16s_stride1s-epo,theta
494,-0.004900201951534801,patient12_window16s_stride1s-epo,theta
495,-0.006907644227879869,patient12_window16s_stride1s-epo,theta
496,-0.006769032138969088,patient12_window16s_stride1s-epo,theta
497,-0.006576865984708031,patient12_window16s_stride1s-epo,theta
498,-0.00644940494615291,patient12_window16s_stride1s-epo,theta
499,-0.0066219595920236655,patient12_window16s_stride1s-epo,theta
500,-0.006481701415703978,patient12_window16s_stride1s-epo,theta
501,-0.007212745361022646,patient12_window16s_stride1s-epo,theta
502,-0.006387574525838109,patient12_window16s_stride1s-epo,theta
503,-0.004906051270056478,patient12_window16s_stride1s-epo,theta
504,-0.005921212839829607,patient12_window16s_stride1s-epo,theta
505,-0.003803711132243307,patient12_window16s_stride1s-epo,theta
506,-0.0032041993698390067,patient12_window16s_stride1s-epo,theta
507,-0.0027095518097835004,patient12_window16s_stride1s-epo,theta
508,-0.0032921148771130086,patient12_window16s_stride1s-epo,theta
509,-0.0018067906451064498,patient12_window16s_stride1s-epo,theta
510,-0.002621692580027392,patient12_window16s_stride1s-epo,theta
511,-0.0013128470720749704,patient12_window16s_stride1s-epo,theta
512,-0.0008343209849330076,patient12_window16s_stride1s-epo,theta
513,-0.0034507572244743766,patient12_window16s_stride1s-epo,theta
514,-0.001962238163711139,patient12_window16s_stride1s-epo,theta
515,-0.002094914846993107,patient12_window16s_stride1s-epo,theta
516,-0.0026377235874492752,patient12_window16s_stride1s-epo,theta
517,-0.0004246385577542952,patient12_window16s_stride1s-epo,theta
518,-0.0004305087562996363,patient12_window16s_stride1s-epo,theta
519,-0.0004566708297468996,patient12_window16s_stride1s-epo,theta
520,-0.0013454693302237068,patient12_window16s_stride1s-epo,theta
521,-0.0013378096824498097,patient12_window16s_stride1s-epo,theta
522,-0.002504409657861436,patient12_window16s_stride1s-epo,theta
523,0.00013709423994655922,patient12_window16s_stride1s-epo,theta
524,-0.0009571272089855346,patient12_window16s_stride1s-epo,theta
525,-0.0024279174310532408,patient12_window16s_stride1s-epo,theta
526,-0.0033069290958275296,patient12_window16s_stride1s-epo,theta
527,-0.0026399213329633226,patient12_window16s_stride1s-epo,theta
528,-0.0027668714344922813,patient12_window16s_stride1s-epo,theta
529,-0.0021689605354803672,patient12_window16s_stride1s-epo,theta
530,-0.0017460966839029884,patient12_window16s_stride1s-epo,theta
531,-0.002250582584927395,patient12_window16s_stride1s-epo,theta
532,-0.0031258063351321573,patient12_window16s_stride1s-epo,theta
533,-0.003424145049723543,patient12_window16s_stride1s-epo,theta
534,-0.0013568159738247252,patient12_window16s_stride1s-epo,theta
535,-0.003968097459223437,patient12_window16s_stride1s-epo,theta
536,-0.002569210948812191,patient12_window16s_stride1s-epo,theta
537,-0.0024227750747175293,patient12_window16s_stride1s-epo,theta
538,-0.004144861597823003,patient12_window16s_stride1s-epo,theta
539,-0.005901741767410617,patient12_window16s_stride1s-epo,theta
540,-0.006225834452450493,patient12_window16s_stride1s-epo,theta
541,-0.00728807557565406,patient12_window16s_stride1s-epo,theta
542,-0.0064668940554583445,patient12_window16s_stride1s-epo,theta
543,-0.008337425240133887,patient12_window16s_stride1s-epo,theta
544,-0.009086153680884853,patient12_window16s_stride1s-epo,theta
545,-0.009086879261417552,patient12_window16s_stride1s-epo,theta
546,-0.008660148893495912,patient12_window16s_stride1s-epo,theta
547,-0.00863322059967911,patient12_window16s_stride1s-epo,theta
548,-0.0059871681126807946,patient12_window16s_stride1s-epo,theta
549,-0.005042204199146773,patient12_window16s_stride1s-epo,theta
550,-0.00458411706362799,patient12_window16s_stride1s-epo,theta
551,-0.004185789765139691,patient12_window16s_stride1s-epo,theta
552,-0.003747890000306061,patient12_window16s_stride1s-epo,theta
553,-0.003435765681768406,patient12_window16s_stride1s-epo,theta
554,-0.00437418590543186,patient12_window16s_stride1s-epo,theta
555,-0.003030987958883659,patient12_window16s_stride1s-epo,theta
556,-0.002271833338231278,patient12_window16s_stride1s-epo,theta
557,-0.001744600542199752,patient12_window16s_stride1s-epo,theta
558,-0.0013874921319108847,patient12_window16s_stride1s-epo,theta
559,-0.002156877696507853,patient12_window16s_stride1s-epo,theta
560,0.00022509706931771726,patient12_window16s_stride1s-epo,theta
561,0.0004822734749463154,patient12_window16s_stride1s-epo,theta
562,-0.0006007954684418927,patient12_window16s_stride1s-epo,theta
563,0.00024557896479036835,patient12_window16s_stride1s-epo,theta
564,-0.0027136334502575613,patient12_window16s_stride1s-epo,theta
565,-0.004099796870010715,patient12_window16s_stride1s-epo,theta
566,-0.001669861179276576,patient12_window16s_stride1s-epo,theta
567,-0.0015005740921560167,patient12_window16s_stride1s-epo,theta
568,-0.00044869606304644486,patient12_window16s_stride1s-epo,theta
569,-0.0005170173922850576,patient12_window16s_stride1s-epo,theta
570,-0.0002699919978111585,patient12_window16s_stride1s-epo,theta
571,-0.00041614533103612487,patient12_window16s_stride1s-epo,theta
572,-0.0010130933217605493,patient12_window16s_stride1s-epo,theta
573,-0.001239737052252964,patient12_window16s_stride1s-epo,theta
574,-0.0014674141688088827,patient12_window16s_stride1s-epo,theta
575,-0.001306100887311301,patient12_window16s_stride1s-epo,theta
576,-0.0006912049547087383,patient12_window16s_stride1s-epo,theta
577,-0.001143126083372758,patient12_window16s_stride1s-epo,theta
578,-0.0007929019125010206,patient12_window16s_stride1s-epo,theta
579,-0.0014123925685438764,patient12_window16s_stride1s-epo,theta
580,0.0016633189573765866,patient12_window16s_stride1s-epo,theta
581,0.0008021606371324573,patient12_window16s_stride1s-epo,theta
582,-0.0015004495566374877,patient12_window16s_stride1s-epo,theta
583,-0.001502390315717371,patient12_window16s_stride1s-epo,theta
584,0.0002473518198920615,patient12_window16s_stride1s-epo,theta
585,-9.785985503879626e-05,patient12_window16s_stride1s-epo,theta
586,-0.0007233996783578964,patient12_window16s_stride1s-epo,theta
587,-0.0003734953381741813,patient12_window16s_stride1s-epo,theta
588,-0.001005168437023071,patient12_window16s_stride1s-epo,theta
589,-0.0001631561734159547,patient12_window16s_stride1s-epo,theta
590,-0.0012530499435660302,patient12_window16s_stride1s-epo,theta
591,-0.002217528829174851,patient12_window16s_stride1s-epo,theta
592,-0.0014140123012102385,patient12_window16s_stride1s-epo,theta
593,-0.0036059039642086467,patient12_window16s_stride1s-epo,theta
594,-0.004316199020570524,patient12_window16s_stride1s-epo,theta
595,-0.0023836385131993346,patient12_window16s_stride1s-epo,theta
596,-0.004402780818630124,patient12_window16s_stride1s-epo,theta
597,-0.005143651443198308,patient12_window16s_stride1s-epo,theta
598,-0.0037893036773827627,patient12_window16s_stride1s-epo,theta
599,-0.0042373304793950645,patient12_window16s_stride1s-epo,theta
600,-0.0030092395570592797,patient12_window16s_stride1s-epo,theta
601,-0.002944913694721753,patient12_window16s_stride1s-epo,theta
602,-0.003981363692276367,patient12_window16s_stride1s-epo,theta
603,-0.004304515881470426,patient12_window16s_stride1s-epo,theta
604,-0.003864912787452199,patient12_window16s_stride1s-epo,theta
605,-0.0046833116458012206,patient12_window16s_stride1s-epo,theta
606,-0.0039710440221176905,patient12_window16s_stride1s-epo,theta
607,-0.004633183081285149,patient12_window16s_stride1s-epo,theta
608,-0.004410272612441687,patient12_window16s_stride1s-epo,theta
609,-0.004577885258494961,patient12_window16s_stride1s-epo,theta
610,-0.004744602276912803,patient12_window16s_stride1s-epo,theta
611,-0.004625243399157936,patient12_window16s_stride1s-epo,theta
612,-0.004880202065724761,patient12_window16s_stride1s-epo,theta
613,-0.005021361675796786,patient12_window16s_stride1s-epo,theta
614,-0.0037908362451633116,patient12_window16s_stride1s-epo,theta
615,-0.0029378171934229956,patient12_window16s_stride1s-epo,theta
616,-0.001815618640470782,patient12_window16s_stride1s-epo,theta
617,-0.0009934474435491815,patient12_window16s_stride1s-epo,theta
618,-0.003473473013249466,patient12_window16s_stride1s-epo,theta
619,-0.002967918821658582,patient12_window16s_stride1s-epo,theta
620,-0.0015468050302073408,patient12_window16s_stride1s-epo,theta
621,-0.001095478528062849,patient12_window16s_stride1s-epo,theta
622,-0.0013576033646358144,patient12_window16s_stride1s-epo,theta
623,-0.0018179063094895464,patient12_window16s_stride1s-epo,theta
624,-0.0038866768829448747,patient12_window16s_stride1s-epo,theta
625,-0.0017994610448882956,patient12_window16s_stride1s-epo,theta
626,-0.00367158555783671,patient12_window16s_stride1s-epo,theta
627,-0.004736325346936596,patient12_window16s_stride1s-epo,theta
628,-0.005006436900069922,patient12_window16s_stride1s-epo,theta
629,-0.00563879897118726,patient12_window16s_stride1s-epo,theta
630,-0.006483726524603792,patient12_window16s_stride1s-epo,theta
631,-0.005989817507404522,patient12_window16s_stride1s-epo,theta
632,-0.0077822300805973155,patient12_window16s_stride1s-epo,theta
633,-0.005751588760267971,patient12_window16s_stride1s-epo,theta
634,-0.005074349839535908,patient12_window16s_stride1s-epo,theta
635,-0.005035326096217241,patient12_window16s_stride1s-epo,theta
636,-0.005594564094451469,patient12_window16s_stride1s-epo,theta
637,-0.00475894352811958,patient12_window16s_stride1s-epo,theta
638,-0.003686695708444053,patient12_window16s_stride1s-epo,theta
639,-0.0026704076038041335,patient12_window16s_stride1s-epo,theta
640,-0.0013923429784662659,patient12_window16s_stride1s-epo,theta
641,-0.002829321854465414,patient12_window16s_stride1s-epo,theta
642,-0.002294076427126025,patient12_window16s_stride1s-epo,theta
643,-0.0002946349268752916,patient12_window16s_stride1s-epo,theta
644,0.00014337714466109314,patient12_window16s_stride1s-epo,theta
645,-0.0009847503642418506,patient12_window16s_stride1s-epo,theta
646,-0.0007739178387741991,patient12_window16s_stride1s-epo,theta
647,-2.586425454564667e-05,patient12_window16s_stride1s-epo,theta
648,-0.0010837087829481216,patient12_window16s_stride1s-epo,theta
649,-0.0031588316400623898,patient12_window16s_stride1s-epo,theta
650,-0.00358806392852298,patient12_window16s_stride1s-epo,theta
651,-0.002905873609073513,patient12_window16s_stride1s-epo,theta
652,-0.0020673865301940354,patient12_window16s_stride1s-epo,theta
653,-0.00258159770740544,patient12_window16s_stride1s-epo,theta
654,-0.00408895381451194,patient12_window16s_stride1s-epo,theta
655,-0.004945379120415618,patient12_window16s_stride1s-epo,theta
656,-0.004445629181802302,patient12_window16s_stride1s-epo,theta
657,-0.004143749521909663,patient12_window16s_stride1s-epo,theta
658,-0.0057550355795021714,patient12_window16s_stride1s-epo,theta
659,-0.0058264488978926905,patient12_window16s_stride1s-epo,theta
660,-0.006129771379614507,patient12_window16s_stride1s-epo,theta
661,-0.005558657980218896,patient12_window16s_stride1s-epo,theta
662,-0.005388552075404104,patient12_window16s_stride1s-epo,theta
663,-0.006070501652483172,patient12_window16s_stride1s-epo,theta
664,-0.004963673469115871,patient12_window16s_stride1s-epo,theta
665,-0.00423732952220204,patient12_window16s_stride1s-epo,theta
666,-0.004814711224280139,patient12_window16s_stride1s-epo,theta
667,-0.006101233498089666,patient12_window16s_stride1s-epo,theta
668,-0.006696519409033715,patient12_window16s_stride1s-epo,theta
669,-0.0068932090179476425,patient12_window16s_stride1s-epo,theta
670,-0.007502363162101817,patient12_window16s_stride1s-epo,theta
671,-0.0075496933941952594,patient12_window16s_stride1s-epo,theta
672,-0.006138624745551821,patient12_window16s_stride1s-epo,theta
673,-0.004805384299741923,patient12_window16s_stride1s-epo,theta
674,-0.004400441685729636,patient12_window16s_stride1s-epo,theta
675,-0.005764640678266225,patient12_window16s_stride1s-epo,theta
676,-0.005720916712047676,patient12_window16s_stride1s-epo,theta
677,-0.005769062948397553,patient12_window16s_stride1s-epo,theta
678,-0.006320977638349332,patient12_window16s_stride1s-epo,theta
679,-0.006185038364514785,patient12_window16s_stride1s-epo,theta
680,-0.006202636553230472,patient12_window16s_stride1s-epo,theta
681,-0.006002683012484512,patient12_window16s_stride1s-epo,theta
682,-0.006413115290822073,patient12_window16s_stride1s-epo,theta
683,-0.005768012966673827,patient12_window16s_stride1s-epo,theta
684,-0.003807382085567632,patient12_window16s_stride1s-epo,theta
685,-0.002640086618724783,patient12_window16s_stride1s-epo,theta
686,-0.0028330517550100463,patient12_window16s_stride1s-epo,theta
687,-0.0025652309382616007,patient12_window16s_stride1s-epo,theta
688,-0.001694787382086598,patient12_window16s_stride1s-epo,theta
689,-9.868830801674206e-05,patient12_window16s_stride1s-epo,theta
690,-0.0002781153263498573,patient12_window16s_stride1s-epo,theta
691,-0.001073031965527316,patient12_window16s_stride1s-epo,theta
692,0.0005258074459966337,patient12_window16s_stride1s-epo,theta
693,2.6124684624097288e-05,patient12_window16s_stride1s-epo,theta
694,-0.0018133681746123613,patient12_window16s_stride1s-epo,theta
695,-0.0011832103078263513,patient12_window16s_stride1s-epo,theta
696,-0.0008185014623909813,patient12_window16s_stride1s-epo,theta
697,-0.001859886563549356,patient12_window16s_stride1s-epo,theta
698,0.00033167737977216353,patient12_window16s_stride1s-epo,theta
699,-0.0005052579471430655,patient12_window16s_stride1s-epo,theta
700,-0.0004865207680450423,patient12_window16s_stride1s-epo,theta
701,-0.001717852070934609,patient12_window16s_stride1s-epo,theta
702,-0.0021545000643115307,patient12_window16s_stride1s-epo,theta
703,0.0011314922902380775,patient12_window16s_stride1s-epo,theta
704,0.0016819213538021185,patient12_window16s_stride1s-epo,theta
705,-0.0005547060004078772,patient12_window16s_stride1s-epo,theta
706,0.0003895423815221379,patient12_window16s_stride1s-epo,theta
707,-0.0005458957841947116,patient12_window16s_stride1s-epo,theta
708,-0.0010373115162971194,patient12_window16s_stride1s-epo,theta
709,7.596369442756975e-05,patient12_window16s_stride1s-epo,theta
710,-6.81156773252768e-05,patient12_window16s_stride1s-epo,theta
711,0.001173556908576658,patient12_window16s_stride1s-epo,theta
712,0.0004145526381668282,patient12_window16s_stride1s-epo,theta
713,0.0006742495643224033,patient12_window16s_stride1s-epo,theta
714,0.0002858771750432768,patient12_window16s_stride1s-epo,theta
715,0.0002831056843720019,patient12_window16s_stride1s-epo,theta
716,-0.001695854062391519,patient12_window16s_stride1s-epo,theta
717,-0.0008042966450958037,patient12_window16s_stride1s-epo,theta
718,-0.001043168887155846,patient12_window16s_stride1s-epo,theta
719,7.837213885514203e-05,patient12_window16s_stride1s-epo,theta
720,-0.002489251903856689,patient12_window16s_stride1s-epo,theta
721,-0.0016260204123727457,patient12_window16s_stride1s-epo,theta
722,-0.0007348111081016286,patient12_window16s_stride1s-epo,theta
723,-0.0017809123636614121,patient12_window16s_stride1s-epo,theta
724,-0.0028882446818053243,patient12_window16s_stride1s-epo,theta
725,-0.0030230036025628054,patient12_window16s_stride1s-epo,theta
726,-0.002554719436466805,patient12_window16s_stride1s-epo,theta
727,-0.0022919104851936954,patient12_window16s_stride1s-epo,theta
728,-0.004393242345675074,patient12_window16s_stride1s-epo,theta
729,-0.003357629842774239,patient12_window16s_stride1s-epo,theta
730,-0.002745248277014237,patient12_window16s_stride1s-epo,theta
731,-0.0030800903441334944,patient12_window16s_stride1s-epo,theta
732,-0.002936510186127267,patient12_window16s_stride1s-epo,theta
733,-0.004239450097084791,patient12_window16s_stride1s-epo,theta
734,-0.003848878572971538,patient12_window16s_stride1s-epo,theta
735,-0.0038177344705212428,patient12_window16s_stride1s-epo,theta
736,-0.003169190205998426,patient12_window16s_stride1s-epo,theta
737,-0.003991316114884879,patient12_window16s_stride1s-epo,theta
738,-0.001807513955946783,patient12_window16s_stride1s-epo,theta
739,0.0013199041103911487,patient12_window16s_stride1s-epo,theta
740,0.0006348609760613573,patient12_window16s_stride1s-epo,theta
741,-0.0007016534145736703,patient12_window16s_stride1s-epo,theta
742,-0.0017936267246210684,patient12_window16s_stride1s-epo,theta
743,-0.0020016662377919914,patient12_window16s_stride1s-epo,theta
744,-0.0010346248686242331,patient12_window16s_stride1s-epo,theta
745,-0.0016687698756580505,patient12_window16s_stride1s-epo,theta
746,-0.0030063919279754796,patient12_window16s_stride1s-epo,theta
747,-0.0026995883490089057,patient12_window16s_stride1s-epo,theta
748,-0.0013682771491702788,patient12_window16s_stride1s-epo,theta
749,-0.0020268299342959214,patient12_window16s_stride1s-epo,theta
750,-0.0022768309467624884,patient12_window16s_stride1s-epo,theta
751,-0.001500475876926731,patient12_window16s_stride1s-epo,theta
752,-0.0012072594540443909,patient12_window16s_stride1s-epo,theta
753,-0.0025298277857397442,patient12_window16s_stride1s-epo,theta
754,-0.0032635210814502542,patient12_window16s_stride1s-epo,theta
755,-0.0033031052908614306,patient12_window16s_stride1s-epo,theta
756,-0.0026120775683419373,patient12_window16s_stride1s-epo,theta
757,-0.002069724700621459,patient12_window16s_stride1s-epo,theta
758,-0.001730985884013853,patient12_window16s_stride1s-epo,theta
759,-0.0005988753971296795,patient12_window16s_stride1s-epo,theta
760,-0.0020850299944629577,patient12_window16s_stride1s-epo,theta
761,-0.0029837104372790785,patient12_window16s_stride1s-epo,theta
762,-0.002499221788378756,patient12_window16s_stride1s-epo,theta
763,-0.0036052566666689868,patient12_window16s_stride1s-epo,theta
764,-0.005965684863951252,patient12_window16s_stride1s-epo,theta
765,-0.005441053346233471,patient12_window16s_stride1s-epo,theta
766,-0.007764667478390143,patient12_window16s_stride1s-epo,theta
767,-0.007839269371185214,patient12_window16s_stride1s-epo,theta
768,-0.007491616941823037,patient12_window16s_stride1s-epo,theta
769,-0.00808755113030015,patient12_window16s_stride1s-epo,theta
770,-0.007686832021762133,patient12_window16s_stride1s-epo,theta
771,-0.0065326677543163765,patient12_window16s_stride1s-epo,theta
772,-0.005204517372359658,patient12_window16s_stride1s-epo,theta
773,-0.006168264328754954,patient12_window16s_stride1s-epo,theta
774,-0.006952273700072977,patient12_window16s_stride1s-epo,theta
775,-0.006030071900992945,patient12_window16s_stride1s-epo,theta
776,-0.00726630846722856,patient12_window16s_stride1s-epo,theta
777,-0.006781055929268242,patient12_window16s_stride1s-epo,theta
778,-0.0053544610970820755,patient12_window16s_stride1s-epo,theta
779,-0.004541915904368356,patient12_window16s_stride1s-epo,theta
780,-0.00366995051038634,patient12_window16s_stride1s-epo,theta
781,-0.002020873450438525,patient12_window16s_stride1s-epo,theta
782,-0.002907974241717199,patient12_window16s_stride1s-epo,theta
783,-0.0034962065634896824,patient12_window16s_stride1s-epo,theta
784,-0.0020748235393732066,patient12_window16s_stride1s-epo,theta
785,-0.002953072889404495,patient12_window16s_stride1s-epo,theta
786,-0.003648756956391455,patient12_window16s_stride1s-epo,theta
787,-0.004377987487126955,patient12_window16s_stride1s-epo,theta
788,-0.004715860950153863,patient12_window16s_stride1s-epo,theta
789,-0.004756277768427636,patient12_window16s_stride1s-epo,theta
790,-0.004076561216315571,patient12_window16s_stride1s-epo,theta
791,-0.004709618318663386,patient12_window16s_stride1s-epo,theta
792,-0.005230246956775216,patient12_window16s_stride1s-epo,theta
793,-0.004775792872896485,patient12_window16s_stride1s-epo,theta
794,-0.003981598981772273,patient12_window16s_stride1s-epo,theta
795,-0.004658021462136319,patient12_window16s_stride1s-epo,theta
796,-0.004988124716449018,patient12_window16s_stride1s-epo,theta
797,-0.005123093529755452,patient12_window16s_stride1s-epo,theta
798,-0.0032686005522673867,patient12_window16s_stride1s-epo,theta
799,-0.0027885922118168526,patient12_window16s_stride1s-epo,theta
800,-0.0033589940581259543,patient12_window16s_stride1s-epo,theta
801,-0.0027214405149110815,patient12_window16s_stride1s-epo,theta
802,-0.0012799332057234726,patient12_window16s_stride1s-epo,theta
803,-0.0010854510076754127,patient12_window16s_stride1s-epo,theta
804,-0.0006191457041628477,patient12_window16s_stride1s-epo,theta
805,-0.002184905962100469,patient12_window16s_stride1s-epo,theta
806,-0.0012109178557061229,patient12_window16s_stride1s-epo,theta
807,-0.0010733273741643757,patient12_window16s_stride1s-epo,theta
808,-0.002055748422573923,patient12_window16s_stride1s-epo,theta
809,-0.0020332399549921622,patient12_window16s_stride1s-epo,theta
810,-0.0011092860912340723,patient12_window16s_stride1s-epo,theta
811,-0.0016159016441243252,patient12_window16s_stride1s-epo,theta
812,-0.002787874737956558,patient12_window16s_stride1s-epo,theta
813,-0.0029259793742128747,patient12_window16s_stride1s-epo,theta
814,-0.0023744767471158648,patient12_window16s_stride1s-epo,theta
815,-0.002583000239373933,patient12_window16s_stride1s-epo,theta
816,-0.0020546447227086833,patient12_window16s_stride1s-epo,theta
817,-0.001415914711600709,patient12_window16s_stride1s-epo,theta
818,-0.0018173974883828041,patient12_window16s_stride1s-epo,theta
819,-0.0019842296807785274,patient12_window16s_stride1s-epo,theta
820,-0.0004600859091392418,patient12_window16s_stride1s-epo,theta
821,-0.00029559372815738706,patient12_window16s_stride1s-epo,theta
822,-0.0002938344644606607,patient12_window16s_stride1s-epo,theta
823,-0.0002844299153658503,patient12_window16s_stride1s-epo,theta
824,3.304248255822539e-05,patient12_window16s_stride1s-epo,theta
825,0.000746020646348124,patient12_window16s_stride1s-epo,theta
826,0.00044853800274989103,patient12_window16s_stride1s-epo,theta
827,0.0005835915766210874,patient12_window16s_stride1s-epo,theta
828,0.00028372069543191496,patient12_window16s_stride1s-epo,theta
829,0.0012142003958090012,patient12_window16s_stride1s-epo,theta
830,-0.0003246961583223359,patient12_window16s_stride1s-epo,theta
831,0.0012456189127676683,patient12_window16s_stride1s-epo,theta
832,-0.0003911016172731108,patient12_window16s_stride1s-epo,theta
833,-0.0009850595522363703,patient12_window16s_stride1s-epo,theta
834,-0.0018549747420825696,patient12_window16s_stride1s-epo,theta
835,-0.000648896064099595,patient12_window16s_stride1s-epo,theta
836,-0.0008039264027946388,patient12_window16s_stride1s-epo,theta
837,0.001115499610866046,patient12_window16s_stride1s-epo,theta
838,0.001232357034665891,patient12_window16s_stride1s-epo,theta
839,0.0027995031341341743,patient12_window16s_stride1s-epo,theta
840,0.0030149095714654497,patient12_window16s_stride1s-epo,theta
841,0.002051281651839766,patient12_window16s_stride1s-epo,theta
842,0.0022038386412915867,patient12_window16s_stride1s-epo,theta
843,0.0018022613362815257,patient12_window16s_stride1s-epo,theta
844,0.0017828425143584707,patient12_window16s_stride1s-epo,theta
845,1.2024393740353998e-05,patient12_window16s_stride1s-epo,theta
846,-0.0011266812374155293,patient12_window16s_stride1s-epo,theta
847,-0.0015174899260881583,patient12_window16s_stride1s-epo,theta
848,-0.001396751959325544,patient12_window16s_stride1s-epo,theta
849,-0.0016658672779802752,patient12_window16s_stride1s-epo,theta
850,-0.0004944029669590917,patient12_window16s_stride1s-epo,theta
851,-0.002335434307701831,patient12_window16s_stride1s-epo,theta
852,-0.0023043750378237645,patient12_window16s_stride1s-epo,theta
853,-0.0033495656697951,patient12_window16s_stride1s-epo,theta
854,-0.002655403442196728,patient12_window16s_stride1s-epo,theta
855,-0.004004934492840833,patient12_window16s_stride1s-epo,theta
856,-0.003282934557773095,patient12_window16s_stride1s-epo,theta
857,-0.0010238711497893961,patient12_window16s_stride1s-epo,theta
858,-0.0012654100919433646,patient12_window16s_stride1s-epo,theta
859,-0.001832548675376202,patient12_window16s_stride1s-epo,theta
860,-0.0020029205788160975,patient12_window16s_stride1s-epo,theta
861,-0.002291467605237732,patient12_window16s_stride1s-epo,theta
862,-0.0018844777150498133,patient12_window16s_stride1s-epo,theta
863,-0.0026642357907725417,patient12_window16s_stride1s-epo,theta
864,-0.0021702123276671464,patient12_window16s_stride1s-epo,theta
865,-0.004065193524110947,patient12_window16s_stride1s-epo,theta
866,-0.0052012305419558485,patient12_window16s_stride1s-epo,theta
867,-0.006461428680012284,patient12_window16s_stride1s-epo,theta
868,-0.0057601873791969325,patient12_window16s_stride1s-epo,theta
869,-0.004893282415434824,patient12_window16s_stride1s-epo,theta
870,-0.004258709906066628,patient12_window16s_stride1s-epo,theta
871,-0.004701109707020942,patient12_window16s_stride1s-epo,theta
872,-0.0054462256687917545,patient12_window16s_stride1s-epo,theta
873,-0.004670956048848551,patient12_window16s_stride1s-epo,theta
874,-0.0037919650990494848,patient12_window16s_stride1s-epo,theta
875,-0.004103191462268953,patient12_window16s_stride1s-epo,theta
876,-0.0040139003018462354,patient12_window16s_stride1s-epo,theta
877,-0.0029459418279485965,patient12_window16s_stride1s-epo,theta
878,-0.002531937646545041,patient12_window16s_stride1s-epo,theta
879,0.0004551962869835568,patient12_window16s_stride1s-epo,theta
880,6.323861248081638e-05,patient12_window16s_stride1s-epo,theta
881,0.0013277545705219058,patient12_window16s_stride1s-epo,theta
882,0.0004312006240941918,patient12_window16s_stride1s-epo,theta
883,-4.470658525657625e-05,patient12_window16s_stride1s-epo,theta
884,-0.0016002032126650658,patient12_window16s_stride1s-epo,theta
885,-0.0008324165373572695,patient12_window16s_stride1s-epo,theta
886,-0.0025879663097090637,patient12_window16s_stride1s-epo,theta
887,-0.0031527479718707215,patient12_window16s_stride1s-epo,theta
888,-0.0042781304391159595,patient12_window16s_stride1s-epo,theta
889,-0.004313897087031699,patient12_window16s_stride1s-epo,theta
890,-0.005297741035022388,patient12_window16s_stride1s-epo,theta
891,-0.004546467234360058,patient12_window16s_stride1s-epo,theta
892,-0.005869615279226978,patient12_window16s_stride1s-epo,theta
893,-0.0058486247005010246,patient12_window16s_stride1s-epo,theta
894,-0.006059798130240003,patient12_window16s_stride1s-epo,theta
895,-0.006997661867642425,patient12_window16s_stride1s-epo,theta
896,-0.006923848101998615,patient12_window16s_stride1s-epo,theta
897,-0.006865030143204553,patient12_window16s_stride1s-epo,theta
898,-0.0069658590522720535,patient12_window16s_stride1s-epo,theta
899,-0.006722159260687188,patient12_window16s_stride1s-epo,theta
900,-0.005372754541855005,patient12_window16s_stride1s-epo,theta
901,-0.007415515561790324,patient12_window16s_stride1s-epo,theta
902,-0.005405648015198295,patient12_window16s_stride1s-epo,theta
903,-0.005414610271568832,patient12_window16s_stride1s-epo,theta
904,-0.005354874080348563,patient12_window16s_stride1s-epo,theta
905,-0.005887600553233847,patient12_window16s_stride1s-epo,theta
906,-0.0057230790383106835,patient12_window16s_stride1s-epo,theta
907,-0.006820251007116297,patient12_window16s_stride1s-epo,theta
908,-0.005353998680262624,patient12_window16s_stride1s-epo,theta
909,-0.0047751859762386875,patient12_window16s_stride1s-epo,theta
910,-0.005517671853877583,patient12_window16s_stride1s-epo,theta
911,-0.0063437335414451125,patient12_window16s_stride1s-epo,theta
912,-0.007411298816335821,patient12_window16s_stride1s-epo,theta
913,-0.007556899630557425,patient12_window16s_stride1s-epo,theta
914,-0.006482265015215829,patient12_window16s_stride1s-epo,theta
915,-0.006637591328285362,patient12_window16s_stride1s-epo,theta
916,-0.008537127848213423,patient12_window16s_stride1s-epo,theta
917,-0.008635343194985524,patient12_window16s_stride1s-epo,theta
918,-0.008060705507204034,patient12_window16s_stride1s-epo,theta
919,-0.008261088416224572,patient12_window16s_stride1s-epo,theta
920,-0.00808407949338711,patient12_window16s_stride1s-epo,theta
921,-0.007170323422802998,patient12_window16s_stride1s-epo,theta
922,-0.00719087385011377,patient12_window16s_stride1s-epo,theta
923,-0.00426966395425435,patient12_window16s_stride1s-epo,theta
924,-0.004232730781918767,patient12_window16s_stride1s-epo,theta
925,-0.004167444318572511,patient12_window16s_stride1s-epo,theta
926,-0.004636945186897019,patient12_window16s_stride1s-epo,theta
927,-0.004922895097409105,patient12_window16s_stride1s-epo,theta
928,-0.004313176861056871,patient12_window16s_stride1s-epo,theta
929,-0.006423047961829854,patient12_window16s_stride1s-epo,theta
930,-0.005987827800516964,patient12_window16s_stride1s-epo,theta
931,-0.0059159691379773605,patient12_window16s_stride1s-epo,theta
932,-0.004136951026294529,patient12_window16s_stride1s-epo,theta
933,-0.0011819681266448906,patient12_window16s_stride1s-epo,theta
934,-0.002364085798984566,patient12_window16s_stride1s-epo,theta
935,-0.004179453894823591,patient12_window16s_stride1s-epo,theta
936,-0.0032863949864777287,patient12_window16s_stride1s-epo,theta
937,-0.0038453998306707,patient12_window16s_stride1s-epo,theta
938,-0.005567524211236185,patient12_window16s_stride1s-epo,theta
939,-0.006102297507887513,patient12_window16s_stride1s-epo,theta
940,-0.006018461994753838,patient12_window16s_stride1s-epo,theta
941,-0.007057921066309559,patient12_window16s_stride1s-epo,theta
942,-0.007461709175017582,patient12_window16s_stride1s-epo,theta
943,-0.007975450361898973,patient12_window16s_stride1s-epo,theta
944,-0.007497869862259792,patient12_window16s_stride1s-epo,theta
945,-0.0074999880295252355,patient12_window16s_stride1s-epo,theta
946,-0.0066862170365961,patient12_window16s_stride1s-epo,theta
947,-0.006469586711818016,patient12_window16s_stride1s-epo,theta
948,-0.006467228947935272,patient12_window16s_stride1s-epo,theta
949,-0.006467433345523035,patient12_window16s_stride1s-epo,theta
950,-0.0065116483636793,patient12_window16s_stride1s-epo,theta
951,-0.0042840514934796535,patient12_window16s_stride1s-epo,theta
952,-0.0044731603784149135,patient12_window16s_stride1s-epo,theta
953,-0.004722448633300117,patient12_window16s_stride1s-epo,theta
954,-0.00251913761618962,patient12_window16s_stride1s-epo,theta
955,-0.00405623321354897,patient12_window16s_stride1s-epo,theta
956,-0.003258825328802701,patient12_window16s_stride1s-epo,theta
957,-0.0024296845931753323,patient12_window16s_stride1s-epo,theta
958,-0.0034258162766530893,patient12_window16s_stride1s-epo,theta
959,-0.0020095799319773512,patient12_window16s_stride1s-epo,theta
960,-0.0015602835531770955,patient12_window16s_stride1s-epo,theta
961,-0.0016282686113408915,patient12_window16s_stride1s-epo,theta
962,-0.002170522483787977,patient12_window16s_stride1s-epo,theta
963,-0.00027058066932406793,patient12_window16s_stride1s-epo,theta
964,0.0008577592461827214,patient12_window16s_stride1s-epo,theta
965,-0.0007583286505052842,patient12_window16s_stride1s-epo,theta
966,-0.000980353479036726,patient12_window16s_stride1s-epo,theta
967,-0.0011727943391961417,patient12_window16s_stride1s-epo,theta
968,-0.001327594665689263,patient12_window16s_stride1s-epo,theta
969,-0.0004809920984691712,patient12_window16s_stride1s-epo,theta
970,0.0005810735131023719,patient12_window16s_stride1s-epo,theta
971,0.0009200244429822725,patient12_window16s_stride1s-epo,theta
972,-0.000453337450325503,patient12_window16s_stride1s-epo,theta
973,-0.0019478552197664527,patient12_window16s_stride1s-epo,theta
974,-0.0006983148795448864,patient12_window16s_stride1s-epo,theta
975,-0.0015082681169542103,patient12_window16s_stride1s-epo,theta
976,-0.000945573336045551,patient12_window16s_stride1s-epo,theta
977,-0.0012367575071698565,patient12_window16s_stride1s-epo,theta
978,-0.0015929079243481104,patient12_window16s_stride1s-epo,theta
979,-0.0032151000349564876,patient12_window16s_stride1s-epo,theta
980,-0.004105847729220293,patient12_window16s_stride1s-epo,theta
981,-0.0030394776267850623,patient12_window16s_stride1s-epo,theta
982,-0.004721328993662117,patient12_window16s_stride1s-epo,theta
983,-0.003788986648148437,patient12_window16s_stride1s-epo,theta
984,-0.0029700620318843427,patient12_window16s_stride1s-epo,theta
985,-0.003587014795430709,patient12_window16s_stride1s-epo,theta
986,-0.004394752441025302,patient12_window16s_stride1s-epo,theta
987,-0.004144530390819679,patient12_window16s_stride1s-epo,theta
988,-0.004574202838164023,patient12_window16s_stride1s-epo,theta
989,-0.0038057884571527133,patient12_window16s_stride1s-epo,theta
990,-0.003621680372194427,patient12_window16s_stride1s-epo,theta
991,-0.004699559494155666,patient12_window16s_stride1s-epo,theta
992,-0.0028361709154045693,patient12_window16s_stride1s-epo,theta
993,-0.004048819200115193,patient12_window16s_stride1s-epo,theta
994,-0.0038237003642764174,patient12_window16s_stride1s-epo,theta
995,-0.0032319646464682404,patient12_window16s_stride1s-epo,theta
996,-0.002791523572447426,patient12_window16s_stride1s-epo,theta
997,-0.00345012789787051,patient12_window16s_stride1s-epo,theta
998,-0.001178581323799571,patient12_window16s_stride1s-epo,theta
999,-0.0012752029446169574,patient12_window16s_stride1s-epo,theta
1000,-0.001196403000001957,patient12_window16s_stride1s-epo,theta
1001,-0.0024945748491672177,patient12_window16s_stride1s-epo,theta
1002,-0.0017493700132424849,patient12_window16s_stride1s-epo,theta
1003,-0.00174345803827551,patient12_window16s_stride1s-epo,theta
1004,-0.0017113214822700898,patient12_window16s_stride1s-epo,theta
1005,-0.00108024708145757,patient12_window16s_stride1s-epo,theta
1006,-0.0008389579471842322,patient12_window16s_stride1s-epo,theta
1007,0.0003788625512690864,patient12_window16s_stride1s-epo,theta
1008,-0.001190501360543773,patient12_window16s_stride1s-epo,theta
1009,-0.0006308849304844894,patient12_window16s_stride1s-epo,theta
1010,-0.0015659547164011938,patient12_window16s_stride1s-epo,theta
1011,-0.0002506698256187297,patient12_window16s_stride1s-epo,theta
1012,0.00011650178990046825,patient12_window16s_stride1s-epo,theta
1013,0.00031544928735107087,patient12_window16s_stride1s-epo,theta
1014,0.00013734900845878672,patient12_window16s_stride1s-epo,theta
1015,-0.000583415330316668,patient12_window16s_stride1s-epo,theta
1016,-0.001037730950697705,patient12_window16s_stride1s-epo,theta
1017,0.0007566017312420881,patient12_window16s_stride1s-epo,theta
1018,-0.00015573657238074733,patient12_window16s_stride1s-epo,theta
1019,0.0017539303314885004,patient12_window16s_stride1s-epo,theta
1020,-0.00015597804819013288,patient12_window16s_stride1s-epo,theta
1021,-0.0019839164605322023,patient12_window16s_stride1s-epo,theta
1022,-0.0020970263902616556,patient12_window16s_stride1s-epo,theta
1023,-0.0029656184486638003,patient12_window16s_stride1s-epo,theta
1024,-0.002760275063046473,patient12_window16s_stride1s-epo,theta
1025,-0.0006841667178902833,patient12_window16s_stride1s-epo,theta
1026,-0.001147098616463173,patient12_window16s_stride1s-epo,theta
1027,-0.0007020145707165919,patient12_window16s_stride1s-epo,theta
1028,-0.0015408869990045843,patient12_window16s_stride1s-epo,theta
1029,-0.0005962046717864856,patient12_window16s_stride1s-epo,theta
1030,-0.00015599820737897976,patient12_window16s_stride1s-epo,theta
1031,0.0008865315890000124,patient12_window16s_stride1s-epo,theta
1032,-0.000449441995415622,patient12_window16s_stride1s-epo,theta
1033,-0.0021162661560274777,patient12_window16s_stride1s-epo,theta
1034,-0.0031696952919300202,patient12_window16s_stride1s-epo,theta
1035,-0.002684411619154881,patient12_window16s_stride1s-epo,theta
1036,-0.003087860081869996,patient12_window16s_stride1s-epo,theta
1037,-0.002047125755827399,patient12_window16s_stride1s-epo,theta
1038,-1.9565872739816203e-05,patient12_window16s_stride1s-epo,theta
1039,-0.0018455207207310298,patient12_window16s_stride1s-epo,theta
1040,-0.0024120169592526837,patient12_window16s_stride1s-epo,theta
1041,-0.002915595024223302,patient12_window16s_stride1s-epo,theta
1042,-0.0015393012307450982,patient12_window16s_stride1s-epo,theta
1043,-0.002505737183468299,patient12_window16s_stride1s-epo,theta
1044,-0.0020848787696684913,patient12_window16s_stride1s-epo,theta
1045,-0.0024403940782052732,patient12_window16s_stride1s-epo,theta
1046,-0.0026371891729434203,patient12_window16s_stride1s-epo,theta
1047,-0.002106722037297434,patient12_window16s_stride1s-epo,theta
1048,-0.0003271883970290604,patient12_window16s_stride1s-epo,theta
1049,-0.0003592823541756764,patient12_window16s_stride1s-epo,theta
1050,-0.000852443128888473,patient12_window16s_stride1s-epo,theta
1051,0.0010021452181009376,patient12_window16s_stride1s-epo,theta
1052,-0.0004094383538993502,patient12_window16s_stride1s-epo,theta
1053,-0.0011261237473033372,patient12_window16s_stride1s-epo,theta
1054,-0.001300157399180535,patient12_window16s_stride1s-epo,theta
1055,-0.0008292815477644541,patient12_window16s_stride1s-epo,theta
1056,-5.708299494726953e-05,patient12_window16s_stride1s-epo,theta
1057,0.0003026856314878118,patient12_window16s_stride1s-epo,theta
1058,0.00014546416116623513,patient12_window16s_stride1s-epo,theta
1059,0.0007502201942230225,patient12_window16s_stride1s-epo,theta
1060,-0.0012162346062832027,patient12_window16s_stride1s-epo,theta
1061,-0.00030256086917343565,patient12_window16s_stride1s-epo,theta
1062,-0.00014672240712663566,patient12_window16s_stride1s-epo,theta
1063,-0.0011930541167791315,patient12_window16s_stride1s-epo,theta
1064,-0.0024889968476878854,patient12_window16s_stride1s-epo,theta
1065,-0.004254702244640845,patient12_window16s_stride1s-epo,theta
1066,-0.00523293814772127,patient12_window16s_stride1s-epo,theta
1067,-0.005753868529947088,patient12_window16s_stride1s-epo,theta
1068,-0.006455908152747076,patient12_window16s_stride1s-epo,theta
1069,-0.006650091111640642,patient12_window16s_stride1s-epo,theta
1070,-0.006087285964659483,patient12_window16s_stride1s-epo,theta
1071,-0.006546752897782695,patient12_window16s_stride1s-epo,theta
1072,-0.0059432012615131535,patient12_window16s_stride1s-epo,theta
1073,-0.00628428053625603,patient12_window16s_stride1s-epo,theta
1074,-0.00540507354307346,patient12_window16s_stride1s-epo,theta
1075,-0.005503349646587218,patient12_window16s_stride1s-epo,theta
1076,-0.003573555054522038,patient12_window16s_stride1s-epo,theta
1077,-0.003298906472323673,patient12_window16s_stride1s-epo,theta
1078,-0.004501497107968707,patient12_window16s_stride1s-epo,theta
1079,-0.003942240679728743,patient12_window16s_stride1s-epo,theta
1080,-0.0029233874044497766,patient12_window16s_stride1s-epo,theta
1081,-0.0008027584103204662,patient12_window16s_stride1s-epo,theta
1082,-0.0012868392437954703,patient12_window16s_stride1s-epo,theta
1083,-0.0006440425535385891,patient12_window16s_stride1s-epo,theta
1084,0.000572781107814384,patient12_window16s_stride1s-epo,theta
1085,0.0008316311052695356,patient12_window16s_stride1s-epo,theta
1086,0.0018979439535646314,patient12_window16s_stride1s-epo,theta
1087,0.0005905591067523216,patient12_window16s_stride1s-epo,theta
1088,-0.00024999950245839693,patient12_window16s_stride1s-epo,theta
1089,7.552582916254363e-05,patient12_window16s_stride1s-epo,theta
1090,-4.346791003011688e-05,patient12_window16s_stride1s-epo,theta
1091,-0.001006796086668501,patient12_window16s_stride1s-epo,theta
1092,-0.0005435109917185778,patient12_window16s_stride1s-epo,theta
1093,-0.0016390219700334206,patient12_window16s_stride1s-epo,theta
1094,0.00048708794074585235,patient12_window16s_stride1s-epo,theta
1095,1.5476919371788273e-05,patient12_window16s_stride1s-epo,theta
1096,-0.0005207907575785941,patient12_window16s_stride1s-epo,theta
1097,-0.0019034188316956724,patient12_window16s_stride1s-epo,theta
1098,-0.003776390285859882,patient12_window16s_stride1s-epo,theta
1099,-0.0013960801163750871,patient12_window16s_stride1s-epo,theta
1100,-0.0019904460074211022,patient12_window16s_stride1s-epo,theta
1101,-0.001147339772033196,patient12_window16s_stride1s-epo,theta
1102,-0.002470893143014784,patient12_window16s_stride1s-epo,theta
1103,-0.0018144828965168248,patient12_window16s_stride1s-epo,theta
1104,-0.002194230018528913,patient12_window16s_stride1s-epo,theta
1105,-0.0027378145093588722,patient12_window16s_stride1s-epo,theta
1106,-0.0040176762725571006,patient12_window16s_stride1s-epo,theta
1107,-0.003330336228401756,patient12_window16s_stride1s-epo,theta
1108,-0.0033936055744109113,patient12_window16s_stride1s-epo,theta
1109,-0.0024798787176464887,patient12_window16s_stride1s-epo,theta
1110,-0.0019419402376119879,patient12_window16s_stride1s-epo,theta
1111,-0.0020081318458845146,patient12_window16s_stride1s-epo,theta
1112,-0.002771057844206865,patient12_window16s_stride1s-epo,theta
1113,-0.001677554494616922,patient12_window16s_stride1s-epo,theta
1114,-0.0032179566143811207,patient12_window16s_stride1s-epo,theta
1115,-0.002876392972727774,patient12_window16s_stride1s-epo,theta
1116,-0.002122916907936276,patient12_window16s_stride1s-epo,theta
1117,-0.005151948074159631,patient12_window16s_stride1s-epo,theta
1118,-0.005471367836591877,patient12_window16s_stride1s-epo,theta
1119,-0.005983189881262193,patient12_window16s_stride1s-epo,theta
1120,-0.0046396085573537325,patient12_window16s_stride1s-epo,theta
1121,-0.005199340511660075,patient12_window16s_stride1s-epo,theta
1122,-0.005722344329209218,patient12_window16s_stride1s-epo,theta
1123,-0.003952314183149615,patient12_window16s_stride1s-epo,theta
1124,-0.005338883901990614,patient12_window16s_stride1s-epo,theta
1125,-0.006756793756972946,patient12_window16s_stride1s-epo,theta
1126,-0.006352888835973767,patient12_window16s_stride1s-epo,theta
1127,-0.005038857310301884,patient12_window16s_stride1s-epo,theta
1128,-0.004946008027405128,patient12_window16s_stride1s-epo,theta
1129,-0.004885940447908589,patient12_window16s_stride1s-epo,theta
1130,-0.0045914747606498225,patient12_window16s_stride1s-epo,theta
1131,-0.0027752678352716675,patient12_window16s_stride1s-epo,theta
1132,-0.003128605858680483,patient12_window16s_stride1s-epo,theta
1133,-0.00013334380950110814,patient12_window16s_stride1s-epo,theta
1134,0.0005746585831709694,patient12_window16s_stride1s-epo,theta
1135,0.0014983804239464141,patient12_window16s_stride1s-epo,theta
1136,0.003701022533782623,patient12_window16s_stride1s-epo,theta
1137,0.0012085266848393759,patient12_window16s_stride1s-epo,theta
1138,0.00042807303089022224,patient12_window16s_stride1s-epo,theta
1139,0.002909500268843825,patient12_window16s_stride1s-epo,theta
1140,0.0024403348510883224,patient12_window16s_stride1s-epo,theta
1141,0.002133998083516632,patient12_window16s_stride1s-epo,theta
1142,0.0028008238348040744,patient12_window16s_stride1s-epo,theta
1143,0.003162177948803726,patient12_window16s_stride1s-epo,theta
1144,0.004682995636528984,patient12_window16s_stride1s-epo,theta
1145,0.004830349013094953,patient12_window16s_stride1s-epo,theta
1146,0.006540546257654222,patient12_window16s_stride1s-epo,theta
1147,0.002961009936538805,patient12_window16s_stride1s-epo,theta
1148,0.0029316107516354764,patient12_window16s_stride1s-epo,theta
1149,0.001669451923668942,patient12_window16s_stride1s-epo,theta
1150,-0.00026734337155546664,patient12_window16s_stride1s-epo,theta
1151,-0.0013255143235071604,patient12_window16s_stride1s-epo,theta
1152,-0.002134980762139227,patient12_window16s_stride1s-epo,theta
1153,-0.002056900438682558,patient12_window16s_stride1s-epo,theta
1154,-0.001410618478850892,patient12_window16s_stride1s-epo,theta
1155,-0.0014288268994605137,patient12_window16s_stride1s-epo,theta
1156,-0.0020084339207979657,patient12_window16s_stride1s-epo,theta
1157,-0.001957680874047455,patient12_window16s_stride1s-epo,theta
1158,-0.0014245247293891343,patient12_window16s_stride1s-epo,theta
1159,-0.0034085852740408013,patient12_window16s_stride1s-epo,theta
1160,-0.0027002461227255688,patient12_window16s_stride1s-epo,theta
1161,-0.003125285785966473,patient12_window16s_stride1s-epo,theta
1162,-0.003517384952548739,patient12_window16s_stride1s-epo,theta
1163,-0.002466126439478853,patient12_window16s_stride1s-epo,theta
1164,-0.0035478850608733964,patient12_window16s_stride1s-epo,theta
1165,-0.00428270024565111,patient12_window16s_stride1s-epo,theta
1166,-0.0030128759475599857,patient12_window16s_stride1s-epo,theta
1167,-0.0027943024307228387,patient12_window16s_stride1s-epo,theta
1168,-0.003191614152142774,patient12_window16s_stride1s-epo,theta
1169,-0.00497142508748372,patient12_window16s_stride1s-epo,theta
1170,-0.005058912147357673,patient12_window16s_stride1s-epo,theta
1171,-0.005738034913851282,patient12_window16s_stride1s-epo,theta
1172,-0.004868230579536612,patient12_window16s_stride1s-epo,theta
1173,-0.005680891541384857,patient12_window16s_stride1s-epo,theta
1174,-0.00427044935071504,patient12_window16s_stride1s-epo,theta
1175,-0.0052648604248484426,patient12_window16s_stride1s-epo,theta
1176,-0.005298466765990543,patient12_window16s_stride1s-epo,theta
1177,-0.005150669100740155,patient12_window16s_stride1s-epo,theta
1178,-0.004812593269983037,patient12_window16s_stride1s-epo,theta
1179,-0.004284248583292854,patient12_window16s_stride1s-epo,theta
1180,-0.0035179823708409493,patient12_window16s_stride1s-epo,theta
1181,-0.002611452269914225,patient12_window16s_stride1s-epo,theta
1182,-0.004214005751080871,patient12_window16s_stride1s-epo,theta
1183,-0.0031418750912806377,patient12_window16s_stride1s-epo,theta
1184,-0.001680129015228295,patient12_window16s_stride1s-epo,theta
1185,-0.0009094181882664317,patient12_window16s_stride1s-epo,theta
1186,0.002326302958879268,patient12_window16s_stride1s-epo,theta
1187,0.0007605165763249596,patient12_window16s_stride1s-epo,theta
1188,0.0005648804724942433,patient12_window16s_stride1s-epo,theta
1189,-0.00012100536746987862,patient12_window16s_stride1s-epo,theta
1190,-0.00034223229205810056,patient12_window16s_stride1s-epo,theta
1191,0.0012395119387821952,patient12_window16s_stride1s-epo,theta
1192,0.00048814957887384036,patient12_window16s_stride1s-epo,theta
1193,0.0006210604285228766,patient12_window16s_stride1s-epo,theta
1194,0.0008265181696704409,patient12_window16s_stride1s-epo,theta
1195,0.000575804629859859,patient12_window16s_stride1s-epo,theta
1196,0.0013291741285862383,patient12_window16s_stride1s-epo,theta
1197,-0.00011035602749050717,patient12_window16s_stride1s-epo,theta
1198,0.00010869278907379884,patient12_window16s_stride1s-epo,theta
1199,0.0004247380702005448,patient12_window16s_stride1s-epo,theta
1200,0.00023448734171157139,patient12_window16s_stride1s-epo,theta
1201,0.0012242809954480047,patient12_window16s_stride1s-epo,theta
1202,0.0005806837472318906,patient12_window16s_stride1s-epo,theta
1203,0.0007187054234984328,patient12_window16s_stride1s-epo,theta
1204,0.0022093064650777292,patient12_window16s_stride1s-epo,theta
1205,0.00310439230485572,patient12_window16s_stride1s-epo,theta
1206,0.0015877910998478048,patient12_window16s_stride1s-epo,theta
1207,0.0017124625999776816,patient12_window16s_stride1s-epo,theta
1208,0.0027996426268715327,patient12_window16s_stride1s-epo,theta
1209,0.002960263031093959,patient12_window16s_stride1s-epo,theta
1210,0.0025945959725836984,patient12_window16s_stride1s-epo,theta
1211,0.0028904335706541142,patient12_window16s_stride1s-epo,theta
1212,0.0026959559753578304,patient12_window16s_stride1s-epo,theta
1213,0.003721810340596735,patient12_window16s_stride1s-epo,theta
1214,0.002926882470717167,patient12_window16s_stride1s-epo,theta
1215,0.001805714947983459,patient12_window16s_stride1s-epo,theta
1216,0.0003523661897722972,patient12_window16s_stride1s-epo,theta
1217,-0.000657051033903208,patient12_window16s_stride1s-epo,theta
1218,0.0007991995211506822,patient12_window16s_stride1s-epo,theta
1219,-0.00016723017335514535,patient12_window16s_stride1s-epo,theta
1220,-0.0002076417532370377,patient12_window16s_stride1s-epo,theta
1221,0.0010511181185089578,patient12_window16s_stride1s-epo,theta
1222,0.0007220334389498944,patient12_window16s_stride1s-epo,theta
1223,0.001717701872898887,patient12_window16s_stride1s-epo,theta
1224,-0.0020100568107538626,patient12_window16s_stride1s-epo,theta
1225,-0.0017988963817739808,patient12_window16s_stride1s-epo,theta
1226,-0.0019251222577918703,patient12_window16s_stride1s-epo,theta
1227,-0.0015235039437099503,patient12_window16s_stride1s-epo,theta
1228,0.0005127288536686606,patient12_window16s_stride1s-epo,theta
1229,0.0005105418434349764,patient12_window16s_stride1s-epo,theta
1230,0.0017238482814191539,patient12_window16s_stride1s-epo,theta
1231,0.002180158466574091,patient12_window16s_stride1s-epo,theta
1232,0.0022276668799441775,patient12_window16s_stride1s-epo,theta
1233,0.001879513682213291,patient12_window16s_stride1s-epo,theta
1234,0.0005940715145313486,patient12_window16s_stride1s-epo,theta
1235,0.001235592875175389,patient12_window16s_stride1s-epo,theta
1236,0.0015956127212106927,patient12_window16s_stride1s-epo,theta
1237,0.0005662643383019736,patient12_window16s_stride1s-epo,theta
1238,-0.00034820497594854937,patient12_window16s_stride1s-epo,theta
1239,-0.0017559570887328549,patient12_window16s_stride1s-epo,theta
1240,-0.0007379281339678727,patient12_window16s_stride1s-epo,theta
1241,-0.0010084065340113981,patient12_window16s_stride1s-epo,theta
1242,-0.00022426285815347488,patient12_window16s_stride1s-epo,theta
1243,-0.0020147512229562693,patient12_window16s_stride1s-epo,theta
1244,-0.002314810924503446,patient12_window16s_stride1s-epo,theta
1245,-0.0025402375842698234,patient12_window16s_stride1s-epo,theta
1246,-0.001256765601900161,patient12_window16s_stride1s-epo,theta
1247,-0.001714895764401747,patient12_window16s_stride1s-epo,theta
1248,-0.002136323073003857,patient12_window16s_stride1s-epo,theta
1249,-0.002194713687732972,patient12_window16s_stride1s-epo,theta
1250,-0.004186165158928022,patient12_window16s_stride1s-epo,theta
1251,-0.0030554944036949175,patient12_window16s_stride1s-epo,theta
1252,-0.002581287744749209,patient12_window16s_stride1s-epo,theta
1253,-0.00304214394241738,patient12_window16s_stride1s-epo,theta
1254,-0.0007165734265369307,patient12_window16s_stride1s-epo,theta
1255,-0.003928290602533859,patient12_window16s_stride1s-epo,theta
1256,-0.004551472511714666,patient12_window16s_stride1s-epo,theta
1257,-0.002847140696268212,patient12_window16s_stride1s-epo,theta
1258,-0.003469788533073686,patient12_window16s_stride1s-epo,theta
1259,-0.0030107139513854578,patient12_window16s_stride1s-epo,theta
1260,-0.0031034934931035347,patient12_window16s_stride1s-epo,theta
1261,-0.0019667699275036405,patient12_window16s_stride1s-epo,theta
1262,-0.001975713992536978,patient12_window16s_stride1s-epo,theta
1263,-0.004076933524532559,patient12_window16s_stride1s-epo,theta
1264,-0.002963767418115095,patient12_window16s_stride1s-epo,theta
1265,-0.0027506338104705797,patient12_window16s_stride1s-epo,theta
1266,-0.0012433378552963038,patient12_window16s_stride1s-epo,theta
1267,-0.002254356072012039,patient12_window16s_stride1s-epo,theta
1268,-0.002541976222508562,patient12_window16s_stride1s-epo,theta
1269,-0.0007514613270229105,patient12_window16s_stride1s-epo,theta
1270,-0.001841635363502408,patient12_window16s_stride1s-epo,theta
1271,0.0007942733046170042,patient12_window16s_stride1s-epo,theta
1272,0.00023411392210039218,patient12_window16s_stride1s-epo,theta
1273,-0.0011313739602798088,patient12_window16s_stride1s-epo,theta
1274,-0.0008287081774331352,patient12_window16s_stride1s-epo,theta
1275,0.0003463584861506835,patient12_window16s_stride1s-epo,theta
1276,-0.001469358823517108,patient12_window16s_stride1s-epo,theta
1277,-0.0019258957454373784,patient12_window16s_stride1s-epo,theta
1278,-0.0035661723607567242,patient12_window16s_stride1s-epo,theta
1279,-0.0025513077508374565,patient12_window16s_stride1s-epo,theta
1280,-0.003428602047040266,patient12_window16s_stride1s-epo,theta
1281,-0.001929748294181287,patient12_window16s_stride1s-epo,theta
1282,-0.0028525106342678053,patient12_window16s_stride1s-epo,theta
1283,-0.0025282940068041965,patient12_window16s_stride1s-epo,theta
1284,-0.0002442583989002699,patient12_window16s_stride1s-epo,theta
1285,-0.0017586654930124004,patient12_window16s_stride1s-epo,theta
1286,-0.001684564810768075,patient12_window16s_stride1s-epo,theta
1287,-0.0025248526691948256,patient12_window16s_stride1s-epo,theta
1288,-0.003637528085351583,patient12_window16s_stride1s-epo,theta
1289,-0.0028750471269636383,patient12_window16s_stride1s-epo,theta
1290,-0.0034569792505289823,patient12_window16s_stride1s-epo,theta
1291,-0.004257665340708778,patient12_window16s_stride1s-epo,theta
1292,-0.002187936492227496,patient12_window16s_stride1s-epo,theta
1293,-0.00310892198128845,patient12_window16s_stride1s-epo,theta
1294,-0.005264562031338352,patient12_window16s_stride1s-epo,theta
1295,-0.0030950010803907167,patient12_window16s_stride1s-epo,theta
1296,-0.00442922794301655,patient12_window16s_stride1s-epo,theta
1297,-0.005449994573154702,patient12_window16s_stride1s-epo,theta
1298,-0.003494677896092906,patient12_window16s_stride1s-epo,theta
1299,-0.0042936019053270045,patient12_window16s_stride1s-epo,theta
1300,-0.0038681749245877356,patient12_window16s_stride1s-epo,theta
1301,-0.0033396644460146367,patient12_window16s_stride1s-epo,theta
1302,-0.0029702492650006017,patient12_window16s_stride1s-epo,theta
1303,-0.0035319567618036156,patient12_window16s_stride1s-epo,theta
1304,-0.0049706615593722945,patient12_window16s_stride1s-epo,theta
1305,-0.0038933791410581983,patient12_window16s_stride1s-epo,theta
1306,-0.002843030114464975,patient12_window16s_stride1s-epo,theta
1307,-0.004173830682422327,patient12_window16s_stride1s-epo,theta
1308,-0.004745496188132717,patient12_window16s_stride1s-epo,theta
1309,-0.004516186376059496,patient12_window16s_stride1s-epo,theta
1310,-0.002664781470994873,patient12_window16s_stride1s-epo,theta
1311,-0.001648647951370295,patient12_window16s_stride1s-epo,theta
1312,-0.0025479263931527454,patient12_window16s_stride1s-epo,theta
1313,0.00012210645656414844,patient12_window16s_stride1s-epo,theta
1314,-0.0011862022658425573,patient12_window16s_stride1s-epo,theta
1315,-0.0013313364381242485,patient12_window16s_stride1s-epo,theta
1316,-0.0018514253131782234,patient12_window16s_stride1s-epo,theta
1317,-0.002712890686900626,patient12_window16s_stride1s-epo,theta
1318,-0.0026335743729573686,patient12_window16s_stride1s-epo,theta
1319,-0.00301487502645873,patient12_window16s_stride1s-epo,theta
1320,-0.0005082663887578189,patient12_window16s_stride1s-epo,theta
1321,-0.0025385629380038598,patient12_window16s_stride1s-epo,theta
1322,-0.0019390952501368935,patient12_window16s_stride1s-epo,theta
1323,-0.0011953642248850526,patient12_window16s_stride1s-epo,theta
1324,-0.0019351158121729333,patient12_window16s_stride1s-epo,theta
1325,0.0005539089400275505,patient12_window16s_stride1s-epo,theta
1326,-8.667503759165886e-05,patient12_window16s_stride1s-epo,theta
1327,-0.0014322744372827836,patient12_window16s_stride1s-epo,theta
1328,-0.0035310719502542405,patient12_window16s_stride1s-epo,theta
1329,-0.0031256468550527046,patient12_window16s_stride1s-epo,theta
1330,-0.004211466096678213,patient12_window16s_stride1s-epo,theta
1331,-0.003770901098846652,patient12_window16s_stride1s-epo,theta
1332,-0.0034777202127119246,patient12_window16s_stride1s-epo,theta
1333,-0.004269253984913079,patient12_window16s_stride1s-epo,theta
1334,-0.004325911873279197,patient12_window16s_stride1s-epo,theta
1335,-0.003961422919821879,patient12_window16s_stride1s-epo,theta
1336,-0.0050580407300612855,patient12_window16s_stride1s-epo,theta
1337,-0.005909931106246286,patient12_window16s_stride1s-epo,theta
1338,-0.0061331621617297695,patient12_window16s_stride1s-epo,theta
1339,-0.007363114364669302,patient12_window16s_stride1s-epo,theta
1340,-0.00648485124254636,patient12_window16s_stride1s-epo,theta
1341,-0.007307069467429847,patient12_window16s_stride1s-epo,theta
1342,-0.0069320384442839314,patient12_window16s_stride1s-epo,theta
1343,-0.00648654733326502,patient12_window16s_stride1s-epo,theta
1344,-0.0056172553528773,patient12_window16s_stride1s-epo,theta
1345,-0.0038223565323456314,patient12_window16s_stride1s-epo,theta
1346,-0.004255928324880475,patient12_window16s_stride1s-epo,theta
1347,-0.003931762935285139,patient12_window16s_stride1s-epo,theta
1348,-0.00269030150030807,patient12_window16s_stride1s-epo,theta
1349,-0.0014902822121316973,patient12_window16s_stride1s-epo,theta
1350,-0.0020971157969447195,patient12_window16s_stride1s-epo,theta
1351,-0.0014207319370074893,patient12_window16s_stride1s-epo,theta
1352,-0.0025189942563966375,patient12_window16s_stride1s-epo,theta
1353,-0.0027814955396651725,patient12_window16s_stride1s-epo,theta
1354,-0.001393750334822514,patient12_window16s_stride1s-epo,theta
1355,-0.0005957169910800246,patient12_window16s_stride1s-epo,theta
1356,-0.0017881862259195981,patient12_window16s_stride1s-epo,theta
1357,-0.0011720439164934898,patient12_window16s_stride1s-epo,theta
1358,-0.0015849601403823967,patient12_window16s_stride1s-epo,theta
1359,-0.0021625406420954303,patient12_window16s_stride1s-epo,theta
1360,-0.0030505732317044113,patient12_window16s_stride1s-epo,theta
1361,-0.002752437150993951,patient12_window16s_stride1s-epo,theta
1362,-0.002794897657256609,patient12_window16s_stride1s-epo,theta
1363,-0.0026134236358750424,patient12_window16s_stride1s-epo,theta
1364,-0.0025285113176087655,patient12_window16s_stride1s-epo,theta
1365,-0.0007321457988945706,patient12_window16s_stride1s-epo,theta
1366,-0.0020915429219058807,patient12_window16s_stride1s-epo,theta
1367,-0.002830391836321216,patient12_window16s_stride1s-epo,theta
1368,-0.0007719584418580796,patient12_window16s_stride1s-epo,theta
1369,0.00039708670988246455,patient12_window16s_stride1s-epo,theta
1370,-0.00037874008424141123,patient12_window16s_stride1s-epo,theta
1371,0.00031184807731019886,patient12_window16s_stride1s-epo,theta
1372,-0.00030211380543885045,patient12_window16s_stride1s-epo,theta
1373,-0.003006534428501755,patient12_window16s_stride1s-epo,theta
1374,-0.0024851613594851006,patient12_window16s_stride1s-epo,theta
1375,-0.00202035255430539,patient12_window16s_stride1s-epo,theta
1376,-0.0012681775625888608,patient12_window16s_stride1s-epo,theta
1377,-0.0019207688675276489,patient12_window16s_stride1s-epo,theta
1378,-0.001619337157332609,patient12_window16s_stride1s-epo,theta
1379,-0.001799061801644733,patient12_window16s_stride1s-epo,theta
1380,-0.0027947691787140456,patient12_window16s_stride1s-epo,theta
1381,-0.0013496310952248157,patient12_window16s_stride1s-epo,theta
1382,-0.0016341713114028003,patient12_window16s_stride1s-epo,theta
1383,-0.0030229397842149626,patient12_window16s_stride1s-epo,theta
1384,-0.0024038000862215045,patient12_window16s_stride1s-epo,theta
1385,-0.0006396988938583922,patient12_window16s_stride1s-epo,theta
1386,-0.0012321504466676404,patient12_window16s_stride1s-epo,theta
1387,0.0005235087413251095,patient12_window16s_stride1s-epo,theta
1388,0.0025108436306928456,patient12_window16s_stride1s-epo,theta
1389,0.002757512967870428,patient12_window16s_stride1s-epo,theta
1390,0.0019487556745118135,patient12_window16s_stride1s-epo,theta
1391,0.001458801847852021,patient12_window16s_stride1s-epo,theta
1392,0.0016654324410438292,patient12_window16s_stride1s-epo,theta
1393,0.0012866902649865026,patient12_window16s_stride1s-epo,theta
1394,-0.0008860151823188422,patient12_window16s_stride1s-epo,theta
1395,-0.0009848369963237093,patient12_window16s_stride1s-epo,theta
1396,-0.002613199667909235,patient12_window16s_stride1s-epo,theta
1397,-0.0034966345900974247,patient12_window16s_stride1s-epo,theta
1398,-0.0022689200774913903,patient12_window16s_stride1s-epo,theta
1399,-0.002617477182890886,patient12_window16s_stride1s-epo,theta
1400,-0.0009991725075326693,patient12_window16s_stride1s-epo,theta
1401,-0.0012414844615800565,patient12_window16s_stride1s-epo,theta
1402,-0.0005755174884066845,patient12_window16s_stride1s-epo,theta
1403,-0.0019627934367137463,patient12_window16s_stride1s-epo,theta
1404,-0.0029729864624761944,patient12_window16s_stride1s-epo,theta
1405,-0.004343928813017272,patient12_window16s_stride1s-epo,theta
1406,-0.004065014165112371,patient12_window16s_stride1s-epo,theta
1407,-0.0020881246724129172,patient12_window16s_stride1s-epo,theta
1408,-0.0039682095860542055,patient12_window16s_stride1s-epo,theta
1409,-0.0023222516453815607,patient12_window16s_stride1s-epo,theta
1410,-0.001140861943172931,patient12_window16s_stride1s-epo,theta
1411,-0.00040708268882504026,patient12_window16s_stride1s-epo,theta
1412,-0.0017103614615197242,patient12_window16s_stride1s-epo,theta
1413,-0.0029602391993838557,patient12_window16s_stride1s-epo,theta
1414,-0.002211411268634761,patient12_window16s_stride1s-epo,theta
1415,-0.0034491083719225177,patient12_window16s_stride1s-epo,theta
1416,-0.0038703786478758422,patient12_window16s_stride1s-epo,theta
1417,-0.0012342912826634046,patient12_window16s_stride1s-epo,theta
1418,-0.0003965216740512687,patient12_window16s_stride1s-epo,theta
1419,-0.0001933579371510247,patient12_window16s_stride1s-epo,theta
1420,-0.0009207707963667329,patient12_window16s_stride1s-epo,theta
1421,-0.0009076432993471403,patient12_window16s_stride1s-epo,theta
1422,-0.0021880128982562337,patient12_window16s_stride1s-epo,theta
1423,-0.003574138393706045,patient12_window16s_stride1s-epo,theta
1424,-0.002125999435324102,patient12_window16s_stride1s-epo,theta
1425,-0.0034894827359471313,patient12_window16s_stride1s-epo,theta
1426,-0.002499687325092651,patient12_window16s_stride1s-epo,theta
1427,-0.0010574169750104717,patient12_window16s_stride1s-epo,theta
1428,-0.0007344200964292003,patient12_window16s_stride1s-epo,theta
1429,-0.0015819252010092224,patient12_window16s_stride1s-epo,theta
1430,-0.0037304252209702927,patient12_window16s_stride1s-epo,theta
1431,-0.0011646939856833124,patient12_window16s_stride1s-epo,theta
1432,-0.0012750756329523067,patient12_window16s_stride1s-epo,theta
1433,-0.003007703282865858,patient12_window16s_stride1s-epo,theta
1434,-0.0027479958585402047,patient12_window16s_stride1s-epo,theta
1435,-0.004104223751684838,patient12_window16s_stride1s-epo,theta
1436,-0.004018345105895334,patient12_window16s_stride1s-epo,theta
1437,-0.00398977112384768,patient12_window16s_stride1s-epo,theta
1438,-0.002943581292150184,patient12_window16s_stride1s-epo,theta
1439,-0.002376110516231344,patient12_window16s_stride1s-epo,theta
1440,-0.001939429215554674,patient12_window16s_stride1s-epo,theta
1441,-0.003967248110112403,patient12_window16s_stride1s-epo,theta
1442,-0.0043835107736778555,patient12_window16s_stride1s-epo,theta
1443,-0.002731133888341351,patient12_window16s_stride1s-epo,theta
1444,-0.0020064477859807832,patient12_window16s_stride1s-epo,theta
1445,-0.0030384000573584554,patient12_window16s_stride1s-epo,theta
1446,-0.003546365596110423,patient12_window16s_stride1s-epo,theta
1447,-0.004810910325762777,patient12_window16s_stride1s-epo,theta
1448,-0.0030677091482498157,patient12_window16s_stride1s-epo,theta
1449,-0.00430563521152342,patient12_window16s_stride1s-epo,theta
1450,-0.0031736201263430153,patient12_window16s_stride1s-epo,theta
1451,-0.0025599528966254764,patient12_window16s_stride1s-epo,theta
1452,-0.0028149553998251782,patient12_window16s_stride1s-epo,theta
1453,-0.001095612479827021,patient12_window16s_stride1s-epo,theta
1454,-0.0036902856061875595,patient12_window16s_stride1s-epo,theta
1455,-0.004200591645582152,patient12_window16s_stride1s-epo,theta
1456,-0.003798717085262905,patient12_window16s_stride1s-epo,theta
1457,-0.0036775188422368287,patient12_window16s_stride1s-epo,theta
1458,-0.0032352924676229853,patient12_window16s_stride1s-epo,theta
1459,-0.0038376137987418957,patient12_window16s_stride1s-epo,theta
1460,-0.002890345614881082,patient12_window16s_stride1s-epo,theta
1461,-0.004601945278247513,patient12_window16s_stride1s-epo,theta
1462,-0.004034066567014578,patient12_window16s_stride1s-epo,theta
1463,-0.0035813888921458815,patient12_window16s_stride1s-epo,theta
1464,-0.004002076474516808,patient12_window16s_stride1s-epo,theta
1465,-0.003094131641410279,patient12_window16s_stride1s-epo,theta
1466,-0.0056684570013060456,patient12_window16s_stride1s-epo,theta
1467,-0.00549492383201827,patient12_window16s_stride1s-epo,theta
1468,-0.004955430713809253,patient12_window16s_stride1s-epo,theta
1469,-0.0050286097796448746,patient12_window16s_stride1s-epo,theta
1470,-0.004322478945492381,patient12_window16s_stride1s-epo,theta
1471,-0.004603280284814637,patient12_window16s_stride1s-epo,theta
1472,-0.007004125520727165,patient12_window16s_stride1s-epo,theta
1473,-0.007057143778544297,patient12_window16s_stride1s-epo,theta
1474,-0.00819637934194836,patient12_window16s_stride1s-epo,theta
1475,-0.008533531909027845,patient12_window16s_stride1s-epo,theta
1476,-0.008209200320409496,patient12_window16s_stride1s-epo,theta
1477,-0.007519360680993132,patient12_window16s_stride1s-epo,theta
1478,-0.007329453917896938,patient12_window16s_stride1s-epo,theta
1479,-0.00506625053131585,patient12_window16s_stride1s-epo,theta
1480,-0.0039021208820063952,patient12_window16s_stride1s-epo,theta
1481,-0.005012029553464419,patient12_window16s_stride1s-epo,theta
1482,-0.004662817607333772,patient12_window16s_stride1s-epo,theta
1483,-0.004895806769806833,patient12_window16s_stride1s-epo,theta
1484,-0.004588775785495468,patient12_window16s_stride1s-epo,theta
1485,-0.004802919624479515,patient12_window16s_stride1s-epo,theta
1486,-0.004070997015245954,patient12_window16s_stride1s-epo,theta
1487,-0.004285437523999109,patient12_window16s_stride1s-epo,theta
1488,-0.0017536901127318781,patient12_window16s_stride1s-epo,theta
1489,-0.001703090721314436,patient12_window16s_stride1s-epo,theta
1490,-0.0005847922504520681,patient12_window16s_stride1s-epo,theta
1491,-0.00036814746208268135,patient12_window16s_stride1s-epo,theta
1492,0.0001661698929326805,patient12_window16s_stride1s-epo,theta
1493,-0.0005745267746003425,patient12_window16s_stride1s-epo,theta
1494,0.0005024572302824691,patient12_window16s_stride1s-epo,theta
1495,-0.0005099623135299291,patient12_window16s_stride1s-epo,theta
1496,-0.0005090878212442306,patient12_window16s_stride1s-epo,theta
1497,0.0010967324429519176,patient12_window16s_stride1s-epo,theta
1498,-0.00045517992715683986,patient12_window16s_stride1s-epo,theta
1499,0.0005511063493741651,patient12_window16s_stride1s-epo,theta
1500,-0.0021106600481311153,patient12_window16s_stride1s-epo,theta
1501,-0.0018114737728593645,patient12_window16s_stride1s-epo,theta
1502,-0.0006083997739584188,patient12_window16s_stride1s-epo,theta
1503,-0.0012460036016380713,patient12_window16s_stride1s-epo,theta
1504,-0.0027227837260007954,patient12_window16s_stride1s-epo,theta
1505,-0.0033970109099909886,patient12_window16s_stride1s-epo,theta
1506,-0.00411480657587392,patient12_window16s_stride1s-epo,theta
1507,-0.0026471611332551962,patient12_window16s_stride1s-epo,theta
1508,-0.0025326145651852028,patient12_window16s_stride1s-epo,theta
1509,-0.00226161005370764,patient12_window16s_stride1s-epo,theta
1510,-0.0008154104223262928,patient12_window16s_stride1s-epo,theta
1511,-0.0002467095587795907,patient12_window16s_stride1s-epo,theta
1512,-0.003368257250289052,patient12_window16s_stride1s-epo,theta
1513,-0.0027709022821091125,patient12_window16s_stride1s-epo,theta
1514,-0.002462009922171969,patient12_window16s_stride1s-epo,theta
1515,-0.004257140745783116,patient12_window16s_stride1s-epo,theta
1516,-0.004171541055781111,patient12_window16s_stride1s-epo,theta
1517,-0.003416551988498162,patient12_window16s_stride1s-epo,theta
1518,-0.003806144089842509,patient12_window16s_stride1s-epo,theta
1519,-0.003331225445913465,patient12_window16s_stride1s-epo,theta
1520,-0.0024441261020214378,patient12_window16s_stride1s-epo,theta
1521,-0.00280898759675562,patient12_window16s_stride1s-epo,theta
1522,-0.003835859022125094,patient12_window16s_stride1s-epo,theta
1523,-0.004752366993319259,patient12_window16s_stride1s-epo,theta
1524,-0.003315207121392341,patient12_window16s_stride1s-epo,theta
1525,-0.0020689699977084457,patient12_window16s_stride1s-epo,theta
1526,-0.0022808196631894924,patient12_window16s_stride1s-epo,theta
1527,-0.0032331579281685147,patient12_window16s_stride1s-epo,theta
1528,-0.0011341979586280667,patient12_window16s_stride1s-epo,theta
1529,-0.0005051234601706162,patient12_window16s_stride1s-epo,theta
1530,-0.0007823578012304677,patient12_window16s_stride1s-epo,theta
1531,-0.0014682131890013494,patient12_window16s_stride1s-epo,theta
1532,-0.002082045236157918,patient12_window16s_stride1s-epo,theta
1533,-0.0051982291914266995,patient12_window16s_stride1s-epo,theta
1534,-0.005460622506491632,patient12_window16s_stride1s-epo,theta
1535,-0.0054806039557908715,patient12_window16s_stride1s-epo,theta
1536,-0.004957084059477882,patient12_window16s_stride1s-epo,theta
1537,-0.0040894318849321615,patient12_window16s_stride1s-epo,theta
1538,-0.004275674715561226,patient12_window16s_stride1s-epo,theta
1539,-0.003276914446536135,patient12_window16s_stride1s-epo,theta
1540,-0.004559271066006293,patient12_window16s_stride1s-epo,theta
1541,-0.005983887200716713,patient12_window16s_stride1s-epo,theta
1542,-0.004434634234949346,patient12_window16s_stride1s-epo,theta
1543,-0.0035327977684145827,patient12_window16s_stride1s-epo,theta
1544,-0.004122580350103115,patient12_window16s_stride1s-epo,theta
1545,-0.0047989123123059205,patient12_window16s_stride1s-epo,theta
1546,-0.004999350544051858,patient12_window16s_stride1s-epo,theta
1547,-0.005256430036730344,patient12_window16s_stride1s-epo,theta
1548,-0.004593547934280914,patient12_window16s_stride1s-epo,theta
1549,-0.001978891833998222,patient12_window16s_stride1s-epo,theta
1550,-0.0017259562397509592,patient12_window16s_stride1s-epo,theta
1551,-0.0024877856500677494,patient12_window16s_stride1s-epo,theta
1552,-0.0007896679404535193,patient12_window16s_stride1s-epo,theta
1553,-0.0025533007283485816,patient12_window16s_stride1s-epo,theta
1554,-0.0010105037778759536,patient12_window16s_stride1s-epo,theta
1555,-0.0011364030074902912,patient12_window16s_stride1s-epo,theta
1556,-0.00041955130223534205,patient12_window16s_stride1s-epo,theta
1557,-8.826564907841523e-05,patient12_window16s_stride1s-epo,theta
1558,-0.0008412414389612503,patient12_window16s_stride1s-epo,theta
1559,-0.0001420044013505927,patient12_window16s_stride1s-epo,theta
1560,-0.0024268336587861318,patient12_window16s_stride1s-epo,theta
1561,-0.001359883217017172,patient12_window16s_stride1s-epo,theta
1562,-0.0010316062863297603,patient12_window16s_stride1s-epo,theta
1563,-0.0005161127646097197,patient12_window16s_stride1s-epo,theta
1564,0.00013824435734519297,patient12_window16s_stride1s-epo,theta
1565,-0.0005332015814129655,patient12_window16s_stride1s-epo,theta
1566,-0.0012154024134942796,patient12_window16s_stride1s-epo,theta
1567,0.0013421071876660103,patient12_window16s_stride1s-epo,theta
1568,-0.0008740884228948783,patient12_window16s_stride1s-epo,theta
1569,0.00013910800986077044,patient12_window16s_stride1s-epo,theta
1570,0.0009607544959817878,patient12_window16s_stride1s-epo,theta
1571,0.0005875842973570481,patient12_window16s_stride1s-epo,theta
1572,0.0011143764739625526,patient12_window16s_stride1s-epo,theta
1573,0.0014303032872206936,patient12_window16s_stride1s-epo,theta
1574,0.0012289794639551016,patient12_window16s_stride1s-epo,theta
1575,0.0007246410171208162,patient12_window16s_stride1s-epo,theta
1576,-0.0011724649697669527,patient12_window16s_stride1s-epo,theta
1577,-0.0017119671836959558,patient12_window16s_stride1s-epo,theta
1578,-0.00018860995091708553,patient12_window16s_stride1s-epo,theta
1579,-0.0015432844926576619,patient12_window16s_stride1s-epo,theta
1580,-0.0012570017211222442,patient12_window16s_stride1s-epo,theta
1581,-0.004297166728562747,patient12_window16s_stride1s-epo,theta
1582,-0.002904786011872095,patient12_window16s_stride1s-epo,theta
1583,-0.0033549159631864078,patient12_window16s_stride1s-epo,theta
1584,-0.003805404056948183,patient12_window16s_stride1s-epo,theta
1585,-0.004898163500248253,patient12_window16s_stride1s-epo,theta
1586,-0.006194666863396801,patient12_window16s_stride1s-epo,theta
1587,-0.004802674830283595,patient12_window16s_stride1s-epo,theta
1588,-0.003814541038727434,patient12_window16s_stride1s-epo,theta
1589,-0.0044333822370211185,patient12_window16s_stride1s-epo,theta
1590,-0.004527289615230493,patient12_window16s_stride1s-epo,theta
1591,-0.004089160409655697,patient12_window16s_stride1s-epo,theta
1592,-0.003966384339247485,patient12_window16s_stride1s-epo,theta
1593,-0.00423453960691426,patient12_window16s_stride1s-epo,theta
1594,-0.0051727272771545435,patient12_window16s_stride1s-epo,theta
1595,-0.005157788063800179,patient12_window16s_stride1s-epo,theta
1596,-0.004686703792108355,patient12_window16s_stride1s-epo,theta
1597,-0.0031545561483459785,patient12_window16s_stride1s-epo,theta
1598,-0.0025240064210914036,patient12_window16s_stride1s-epo,theta
1599,-0.0025604458946119585,patient12_window16s_stride1s-epo,theta
1600,-0.003171958162900197,patient12_window16s_stride1s-epo,theta
1601,-0.0018925968171910417,patient12_window16s_stride1s-epo,theta
1602,-0.0020918132634039337,patient12_window16s_stride1s-epo,theta
1603,-0.0012672115299580825,patient12_window16s_stride1s-epo,theta
1604,-0.0021072805058891205,patient12_window16s_stride1s-epo,theta
1605,-0.002425204490205265,patient12_window16s_stride1s-epo,theta
1606,-0.0018225169606702288,patient12_window16s_stride1s-epo,theta
1607,-0.0027139228272304045,patient12_window16s_stride1s-epo,theta
1608,-0.0011841076992340986,patient12_window16s_stride1s-epo,theta
1609,-0.0021981891255351735,patient12_window16s_stride1s-epo,theta
1610,-0.0009678689033346811,patient12_window16s_stride1s-epo,theta
1611,-0.0006825819851678956,patient12_window16s_stride1s-epo,theta
1612,-0.00019852755691007317,patient12_window16s_stride1s-epo,theta
1613,-0.0017878483987437618,patient12_window16s_stride1s-epo,theta
1614,-0.003190059914322669,patient12_window16s_stride1s-epo,theta
1615,-0.0007824989924246111,patient12_window16s_stride1s-epo,theta
1616,-0.0017563058683872812,patient12_window16s_stride1s-epo,theta
1617,-0.002888077430083209,patient12_window16s_stride1s-epo,theta
1618,-0.002282246981284337,patient12_window16s_stride1s-epo,theta
1619,-0.0031043368234181406,patient12_window16s_stride1s-epo,theta
1620,-0.003695894793668105,patient12_window16s_stride1s-epo,theta
1621,-0.0032548095661956416,patient12_window16s_stride1s-epo,theta
1622,-0.003833820529146584,patient12_window16s_stride1s-epo,theta
1623,-0.002106560839748283,patient12_window16s_stride1s-epo,theta
1624,-0.0025056563049372406,patient12_window16s_stride1s-epo,theta
1625,-0.002581574353892796,patient12_window16s_stride1s-epo,theta
1626,-0.002989987893811758,patient12_window16s_stride1s-epo,theta
1627,-0.0040836063566749336,patient12_window16s_stride1s-epo,theta
1628,-0.00475875783601133,patient12_window16s_stride1s-epo,theta
1629,-0.004794532874813811,patient12_window16s_stride1s-epo,theta
1630,-0.005542724875619376,patient12_window16s_stride1s-epo,theta
1631,-0.004690610223894524,patient12_window16s_stride1s-epo,theta
1632,-0.004143742075753697,patient12_window16s_stride1s-epo,theta
1633,-0.003388798018592925,patient12_window16s_stride1s-epo,theta
1634,-0.0021782840673077587,patient12_window16s_stride1s-epo,theta
1635,-0.0006662061769104787,patient12_window16s_stride1s-epo,theta
1636,0.00037622577039739946,patient12_window16s_stride1s-epo,theta
1637,0.002274540161984417,patient12_window16s_stride1s-epo,theta
1638,0.0021976677750540708,patient12_window16s_stride1s-epo,theta
1639,0.002709674138525702,patient12_window16s_stride1s-epo,theta
1640,0.0020252427735575566,patient12_window16s_stride1s-epo,theta
1641,0.0034628174477077714,patient12_window16s_stride1s-epo,theta
1642,0.004315722634596014,patient12_window16s_stride1s-epo,theta
1643,0.00383501483188032,patient12_window16s_stride1s-epo,theta
1644,0.005641581132404399,patient12_window16s_stride1s-epo,theta
1645,0.004444018497867014,patient12_window16s_stride1s-epo,theta
1646,0.003948526316489125,patient12_window16s_stride1s-epo,theta
1647,0.0028685555143278378,patient12_window16s_stride1s-epo,theta
1648,0.0023725888196329463,patient12_window16s_stride1s-epo,theta
1649,0.0009135483157944093,patient12_window16s_stride1s-epo,theta
1650,0.0015463159633967913,patient12_window16s_stride1s-epo,theta
1651,-0.0017434690724989507,patient12_window16s_stride1s-epo,theta
1652,-0.0016804463420758526,patient12_window16s_stride1s-epo,theta
1653,-0.002988373474952728,patient12_window16s_stride1s-epo,theta
1654,-0.0027643106155585593,patient12_window16s_stride1s-epo,theta
1655,-0.006122602262639797,patient12_window16s_stride1s-epo,theta
1656,-0.006018480905783906,patient12_window16s_stride1s-epo,theta
1657,-0.0054750750224344304,patient12_window16s_stride1s-epo,theta
1658,-0.005753725770514809,patient12_window16s_stride1s-epo,theta
1659,-0.004400055169555201,patient12_window16s_stride1s-epo,theta
1660,-0.004224555234523857,patient12_window16s_stride1s-epo,theta
1661,-0.004231255300833557,patient12_window16s_stride1s-epo,theta
1662,-0.003489575022729006,patient12_window16s_stride1s-epo,theta
1663,-0.0007723231948546973,patient12_window16s_stride1s-epo,theta
1664,-0.0010447579268663158,patient12_window16s_stride1s-epo,theta
1665,-0.0011325002358788326,patient12_window16s_stride1s-epo,theta
1666,-0.0024395872052824573,patient12_window16s_stride1s-epo,theta
1667,-0.0029742957753541074,patient12_window16s_stride1s-epo,theta
1668,-0.002099653884605431,patient12_window16s_stride1s-epo,theta
1669,-0.0017993563815727094,patient12_window16s_stride1s-epo,theta
1670,-0.0024200019769706625,patient12_window16s_stride1s-epo,theta
1671,-0.0008314113232353666,patient12_window16s_stride1s-epo,theta
1672,-0.0008965446188569221,patient12_window16s_stride1s-epo,theta
1673,-0.0013813086664001503,patient12_window16s_stride1s-epo,theta
1674,-0.001246946390098848,patient12_window16s_stride1s-epo,theta
1675,-0.0018180314661297651,patient12_window16s_stride1s-epo,theta
1676,-0.0022786106778656876,patient12_window16s_stride1s-epo,theta
1677,-0.002677503083050173,patient12_window16s_stride1s-epo,theta
1678,-0.0032609542936559545,patient12_window16s_stride1s-epo,theta
1679,-0.0035793287476778464,patient12_window16s_stride1s-epo,theta
1680,-0.003349612544418099,patient12_window16s_stride1s-epo,theta
1681,-0.0046507244222950125,patient12_window16s_stride1s-epo,theta
1682,-0.0058546379935056625,patient12_window16s_stride1s-epo,theta
1683,-0.0051603625641638215,patient12_window16s_stride1s-epo,theta
1684,-0.005351666581361803,patient12_window16s_stride1s-epo,theta
1685,-0.0037892595991792623,patient12_window16s_stride1s-epo,theta
1686,-0.0025674237282171026,patient12_window16s_stride1s-epo,theta
1687,-0.0030399339147901046,patient12_window16s_stride1s-epo,theta
1688,-0.003977516054322207,patient12_window16s_stride1s-epo,theta
1689,-0.004109302338505324,patient12_window16s_stride1s-epo,theta
1690,-0.003353349906966055,patient12_window16s_stride1s-epo,theta
1691,-0.0047693328748152465,patient12_window16s_stride1s-epo,theta
1692,-0.004301061065711053,patient12_window16s_stride1s-epo,theta
1693,-0.005550661341804224,patient12_window16s_stride1s-epo,theta
1694,-0.0050600688960633295,patient12_window16s_stride1s-epo,theta
1695,-0.003049815901788524,patient12_window16s_stride1s-epo,theta
1696,-0.0035321130270836534,patient12_window16s_stride1s-epo,theta
1697,-0.0027281068258190907,patient12_window16s_stride1s-epo,theta
1698,-0.003455085546695848,patient12_window16s_stride1s-epo,theta
1699,-0.0024176112977039427,patient12_window16s_stride1s-epo,theta
1700,-0.0020937020936971306,patient12_window16s_stride1s-epo,theta
1701,-0.0022527510959306535,patient12_window16s_stride1s-epo,theta
1702,-0.0029691030013480483,patient12_window16s_stride1s-epo,theta
1703,-0.0029204015177876535,patient12_window16s_stride1s-epo,theta
1704,-0.00405732057540458,patient12_window16s_stride1s-epo,theta
1705,-0.003198625622127038,patient12_window16s_stride1s-epo,theta
1706,-0.0031777046829423007,patient12_window16s_stride1s-epo,theta
1707,-0.0019615386046687067,patient12_window16s_stride1s-epo,theta
1708,-0.0020255395628525894,patient12_window16s_stride1s-epo,theta
1709,-0.0016188523156066507,patient12_window16s_stride1s-epo,theta
1710,-0.0027855529221460073,patient12_window16s_stride1s-epo,theta
1711,-0.0015531176435838216,patient12_window16s_stride1s-epo,theta
1712,-0.00262820991035067,patient12_window16s_stride1s-epo,theta
1713,-0.001755215104912311,patient12_window16s_stride1s-epo,theta
1714,-0.004302819996726412,patient12_window16s_stride1s-epo,theta
1715,-0.004753504310390132,patient12_window16s_stride1s-epo,theta
1716,-0.003835798052174362,patient12_window16s_stride1s-epo,theta
1717,-0.0046119006979035045,patient12_window16s_stride1s-epo,theta
1718,-0.004609897228383245,patient12_window16s_stride1s-epo,theta
1719,-0.004296416541278568,patient12_window16s_stride1s-epo,theta
1720,-0.002729844239902034,patient12_window16s_stride1s-epo,theta
1721,-0.0018872267392655454,patient12_window16s_stride1s-epo,theta
1722,-0.0017641283852401718,patient12_window16s_stride1s-epo,theta
1723,-0.001926164527656174,patient12_window16s_stride1s-epo,theta
1724,-0.0015548157015416303,patient12_window16s_stride1s-epo,theta
1725,-0.0011610832295408456,patient12_window16s_stride1s-epo,theta
1726,0.00045330984534442054,patient12_window16s_stride1s-epo,theta
1727,-0.0017243704698425974,patient12_window16s_stride1s-epo,theta
1728,-0.0007322549636062466,patient12_window16s_stride1s-epo,theta
1729,-0.002151756150693301,patient12_window16s_stride1s-epo,theta
1730,-0.00026004759742829527,patient12_window16s_stride1s-epo,theta
1731,0.001569295331847881,patient12_window16s_stride1s-epo,theta
1732,-0.0006813560941799589,patient12_window16s_stride1s-epo,theta
1733,4.0342018100059274e-05,patient12_window16s_stride1s-epo,theta
1734,-0.0013016940795266183,patient12_window16s_stride1s-epo,theta
1735,0.0011437209566428975,patient12_window16s_stride1s-epo,theta
1736,0.0016848386675314215,patient12_window16s_stride1s-epo,theta
1737,0.0014788111093527207,patient12_window16s_stride1s-epo,theta
1738,0.00332279392459421,patient12_window16s_stride1s-epo,theta
1739,0.002370673068123369,patient12_window16s_stride1s-epo,theta
1740,-0.00024557794549320556,patient12_window16s_stride1s-epo,theta
1741,0.0021683627885688466,patient12_window16s_stride1s-epo,theta
1742,-0.0013749408618718738,patient12_window16s_stride1s-epo,theta
1743,-0.00017153992835053757,patient12_window16s_stride1s-epo,theta
1744,0.00017491439563125614,patient12_window16s_stride1s-epo,theta
1745,0.0010683896915694537,patient12_window16s_stride1s-epo,theta
1746,-0.0003364228699060377,patient12_window16s_stride1s-epo,theta
1747,-0.0005747410573467234,patient12_window16s_stride1s-epo,theta
1748,0.0016504171247403064,patient12_window16s_stride1s-epo,theta
1749,0.0005968539426760309,patient12_window16s_stride1s-epo,theta
1750,0.00035529809622700085,patient12_window16s_stride1s-epo,theta
1751,-0.001393086740089366,patient12_window16s_stride1s-epo,theta
1752,-0.0015360749928486767,patient12_window16s_stride1s-epo,theta
1753,-0.002156069845299155,patient12_window16s_stride1s-epo,theta
1754,-0.0028172742710271207,patient12_window16s_stride1s-epo,theta
1755,-0.0027648632775378007,patient12_window16s_stride1s-epo,theta
1756,-0.0018934552305387097,patient12_window16s_stride1s-epo,theta
1757,-0.0034916717817801797,patient12_window16s_stride1s-epo,theta
1758,-0.002613772622139674,patient12_window16s_stride1s-epo,theta
1759,-0.0016433933122067868,patient12_window16s_stride1s-epo,theta
1760,-0.0002757947851906859,patient12_window16s_stride1s-epo,theta
1761,0.00023076876303490505,patient12_window16s_stride1s-epo,theta
1762,-0.0010310037481744926,patient12_window16s_stride1s-epo,theta
1763,0.000321166855714387,patient12_window16s_stride1s-epo,theta
1764,-0.001260023339506048,patient12_window16s_stride1s-epo,theta
1765,-0.0010110095280357655,patient12_window16s_stride1s-epo,theta
1766,0.0011292327503866304,patient12_window16s_stride1s-epo,theta
1767,0.0016043342815178453,patient12_window16s_stride1s-epo,theta
1768,0.002807062332511301,patient12_window16s_stride1s-epo,theta
1769,0.0014762004433366903,patient12_window16s_stride1s-epo,theta
1770,-7.070802515348786e-05,patient12_window16s_stride1s-epo,theta
1771,-8.341549500805753e-05,patient12_window16s_stride1s-epo,theta
1772,-0.0016175221743095268,patient12_window16s_stride1s-epo,theta
1773,-0.0023494356261039434,patient12_window16s_stride1s-epo,theta
1774,-0.0013011351125993414,patient12_window16s_stride1s-epo,theta
1775,-0.00183145374584573,patient12_window16s_stride1s-epo,theta
1776,-0.0038958406533795794,patient12_window16s_stride1s-epo,theta
1777,-0.005039609674518134,patient12_window16s_stride1s-epo,theta
1778,-0.004828771321056117,patient12_window16s_stride1s-epo,theta
1779,-0.0036668892751151186,patient12_window16s_stride1s-epo,theta
1780,-0.0033331701156096238,patient12_window16s_stride1s-epo,theta
1781,-0.0053533499913470855,patient12_window16s_stride1s-epo,theta
1782,-0.004176265723107445,patient12_window16s_stride1s-epo,theta
1783,-0.0055258548405814276,patient12_window16s_stride1s-epo,theta
1784,-0.004130799259983552,patient12_window16s_stride1s-epo,theta
1785,-0.004201566679236103,patient12_window16s_stride1s-epo,theta
1786,-0.004190811995576207,patient12_window16s_stride1s-epo,theta
1787,-0.0022677364576451768,patient12_window16s_stride1s-epo,theta
1788,-0.0006003399267911879,patient12_window16s_stride1s-epo,theta
1789,-0.0014291259284698495,patient12_window16s_stride1s-epo,theta
1790,-0.0017587302430448393,patient12_window16s_stride1s-epo,theta
1791,-0.0022768735220502364,patient12_window16s_stride1s-epo,theta
1792,-0.002054503790006144,patient12_window16s_stride1s-epo,theta
1793,0.00029882148470684525,patient12_window16s_stride1s-epo,theta
1794,-0.0007715868107499598,patient12_window16s_stride1s-epo,theta
1795,-0.0028449316746132977,patient12_window16s_stride1s-epo,theta
1796,-0.0022189804284744943,patient12_window16s_stride1s-epo,theta
1797,-0.003950553477695104,patient12_window16s_stride1s-epo,theta
1798,-0.005360023325064442,patient12_window16s_stride1s-epo,theta
1799,-0.003688441764518942,patient12_window16s_stride1s-epo,theta
1800,-0.003392771607952038,patient12_window16s_stride1s-epo,theta
1801,-0.0022713396754882992,patient12_window16s_stride1s-epo,theta
1802,-0.0018914156273658312,patient12_window16s_stride1s-epo,theta
1803,-0.00462678349396267,patient12_window16s_stride1s-epo,theta
1804,-0.00525614646383794,patient12_window16s_stride1s-epo,theta
1805,-0.006412774322322227,patient12_window16s_stride1s-epo,theta
1806,-0.008366743775544111,patient12_window16s_stride1s-epo,theta
1807,-0.006472020886930611,patient12_window16s_stride1s-epo,theta
1808,-0.005593407662389012,patient12_window16s_stride1s-epo,theta
1809,-0.006742652570815606,patient12_window16s_stride1s-epo,theta
1810,-0.006183578522899257,patient12_window16s_stride1s-epo,theta
1811,-0.005470054012008452,patient12_window16s_stride1s-epo,theta
1812,-0.005320418170473317,patient12_window16s_stride1s-epo,theta
1813,-0.003462645144238742,patient12_window16s_stride1s-epo,theta
1814,-0.0031097468517871604,patient12_window16s_stride1s-epo,theta
1815,-0.0021925798900179444,patient12_window16s_stride1s-epo,theta
1816,-0.0036019922961957837,patient12_window16s_stride1s-epo,theta
1817,-0.005548773036152555,patient12_window16s_stride1s-epo,theta
1818,-0.005067408078759629,patient12_window16s_stride1s-epo,theta
1819,-0.006275050866176935,patient12_window16s_stride1s-epo,theta
1820,-0.004265391300506302,patient12_window16s_stride1s-epo,theta
1821,-0.004678571271297098,patient12_window16s_stride1s-epo,theta
1822,-0.0021149530134990206,patient12_window16s_stride1s-epo,theta
1823,-0.0041684401068380564,patient12_window16s_stride1s-epo,theta
1824,-0.0052226698724135105,patient12_window16s_stride1s-epo,theta
1825,-0.0047928706678535705,patient12_window16s_stride1s-epo,theta
1826,-0.003765771910893304,patient12_window16s_stride1s-epo,theta
1827,-0.0018080625688871156,patient12_window16s_stride1s-epo,theta
1828,-0.0032027471121272993,patient12_window16s_stride1s-epo,theta
1829,-0.0021227405231710053,patient12_window16s_stride1s-epo,theta
1830,-0.0016422489546457954,patient12_window16s_stride1s-epo,theta
1831,-0.0024936291519464587,patient12_window16s_stride1s-epo,theta
1832,-0.002901933971548751,patient12_window16s_stride1s-epo,theta
1833,-0.0018352730705887095,patient12_window16s_stride1s-epo,theta
1834,-0.0025600759053205063,patient12_window16s_stride1s-epo,theta
1835,0.00025902364219138356,patient12_window16s_stride1s-epo,theta
1836,-0.001253920275490431,patient12_window16s_stride1s-epo,theta
1837,-0.0013978944102541943,patient12_window16s_stride1s-epo,theta
1838,-0.0017610963392823162,patient12_window16s_stride1s-epo,theta
1839,-0.002409553192652359,patient12_window16s_stride1s-epo,theta
1840,-0.0006783351492498243,patient12_window16s_stride1s-epo,theta
1841,-0.0015539492443560536,patient12_window16s_stride1s-epo,theta
1842,-0.001876637310245443,patient12_window16s_stride1s-epo,theta
1843,-0.0028146378874205507,patient12_window16s_stride1s-epo,theta
1844,-0.002140049526112944,patient12_window16s_stride1s-epo,theta
1845,-0.0035484109143009168,patient12_window16s_stride1s-epo,theta
1846,-0.002441523433114954,patient12_window16s_stride1s-epo,theta
1847,-0.002846903659624858,patient12_window16s_stride1s-epo,theta
1848,-0.0010724689708544244,patient12_window16s_stride1s-epo,theta
1849,-0.0008509953113781257,patient12_window16s_stride1s-epo,theta
1850,-0.0007609830710950612,patient12_window16s_stride1s-epo,theta
1851,-0.0005970700598280219,patient12_window16s_stride1s-epo,theta
1852,0.00013939086342527462,patient12_window16s_stride1s-epo,theta
1853,-0.00042162366841010855,patient12_window16s_stride1s-epo,theta
1854,-0.001360669608740743,patient12_window16s_stride1s-epo,theta
1855,0.00034840376279075054,patient12_window16s_stride1s-epo,theta
1856,-0.0001965176624241213,patient12_window16s_stride1s-epo,theta
1857,0.0017470388925700092,patient12_window16s_stride1s-epo,theta
1858,0.0014139412132743202,patient12_window16s_stride1s-epo,theta
1859,0.0012025501159224133,patient12_window16s_stride1s-epo,theta
1860,0.0005454899684543756,patient12_window16s_stride1s-epo,theta
1861,0.0007884365123186441,patient12_window16s_stride1s-epo,theta
1862,-0.0006893343050779773,patient12_window16s_stride1s-epo,theta
1863,-0.0010427625023717443,patient12_window16s_stride1s-epo,theta
1864,-0.0006899841326603067,patient12_window16s_stride1s-epo,theta
1865,-0.0014211280714018502,patient12_window16s_stride1s-epo,theta
1866,-0.0019125918950810838,patient12_window16s_stride1s-epo,theta
1867,-0.0006406860422128125,patient12_window16s_stride1s-epo,theta
1868,-0.0021574383425908526,patient12_window16s_stride1s-epo,theta
1869,0.00034086268875135287,patient12_window16s_stride1s-epo,theta
1870,0.001995800101179712,patient12_window16s_stride1s-epo,theta
1871,0.00415624220536692,patient12_window16s_stride1s-epo,theta
1872,0.004658211377808296,patient12_window16s_stride1s-epo,theta
1873,0.0038570969924756346,patient12_window16s_stride1s-epo,theta
1874,0.00410114433236115,patient12_window16s_stride1s-epo,theta
1875,0.003677231673808777,patient12_window16s_stride1s-epo,theta
1876,0.0028504317396307287,patient12_window16s_stride1s-epo,theta
1877,0.003678488941730182,patient12_window16s_stride1s-epo,theta
1878,0.001570186859305132,patient12_window16s_stride1s-epo,theta
1879,-0.0004056927982660325,patient12_window16s_stride1s-epo,theta
1880,0.0011066312831394332,patient12_window16s_stride1s-epo,theta
1881,0.0007801063761901251,patient12_window16s_stride1s-epo,theta
1882,0.0016814807625069588,patient12_window16s_stride1s-epo,theta
1883,0.0013200416422698895,patient12_window16s_stride1s-epo,theta
1884,0.0016939757181597013,patient12_window16s_stride1s-epo,theta
1885,0.0020586970079904065,patient12_window16s_stride1s-epo,theta
1886,-0.0008476222289209603,patient12_window16s_stride1s-epo,theta
1887,-0.0013314711603753218,patient12_window16s_stride1s-epo,theta
1888,-0.0012683451189469132,patient12_window16s_stride1s-epo,theta
1889,-0.0025126271271746644,patient12_window16s_stride1s-epo,theta
1890,-0.003068894524905046,patient12_window16s_stride1s-epo,theta
1891,-0.0020822630531044297,patient12_window16s_stride1s-epo,theta
1892,-0.0021852676476728033,patient12_window16s_stride1s-epo,theta
1893,-0.004366763389658392,patient12_window16s_stride1s-epo,theta
1894,-0.002023087021200454,patient12_window16s_stride1s-epo,theta
1895,-0.0014193815805529874,patient12_window16s_stride1s-epo,theta
1896,-0.0029982404670892515,patient12_window16s_stride1s-epo,theta
1897,-0.0006641242348593417,patient12_window16s_stride1s-epo,theta
1898,-0.002391914109535011,patient12_window16s_stride1s-epo,theta
1899,-0.0032749702883046856,patient12_window16s_stride1s-epo,theta
1900,-0.006030868617067761,patient12_window16s_stride1s-epo,theta
1901,-0.006204083596364052,patient12_window16s_stride1s-epo,theta
1902,-0.006482467527516979,patient12_window16s_stride1s-epo,theta
1903,-0.006999430293317077,patient12_window16s_stride1s-epo,theta
1904,-0.007568699119845637,patient12_window16s_stride1s-epo,theta
1905,-0.005941254662545827,patient12_window16s_stride1s-epo,theta
1906,-0.0063737745669190165,patient12_window16s_stride1s-epo,theta
1907,-0.004546425416836702,patient12_window16s_stride1s-epo,theta
1908,-0.004639896336539795,patient12_window16s_stride1s-epo,theta
1909,-0.00334405588570918,patient12_window16s_stride1s-epo,theta
1910,-0.002630700260660708,patient12_window16s_stride1s-epo,theta
1911,-0.0023381043364007494,patient12_window16s_stride1s-epo,theta
1912,-0.0045182505744197346,patient12_window16s_stride1s-epo,theta
1913,-0.003449285511668232,patient12_window16s_stride1s-epo,theta
1914,-0.002453257884776607,patient12_window16s_stride1s-epo,theta
1915,-0.0022997592002695555,patient12_window16s_stride1s-epo,theta
1916,-0.003854866931584054,patient12_window16s_stride1s-epo,theta
1917,-0.0035373155903096684,patient12_window16s_stride1s-epo,theta
1918,-0.0008236110420564856,patient12_window16s_stride1s-epo,theta
1919,-0.0014457894633777102,patient12_window16s_stride1s-epo,theta
1920,-0.00011510062762277006,patient12_window16s_stride1s-epo,theta
1921,-0.001512468799057498,patient12_window16s_stride1s-epo,theta
1922,-0.0008581003830175709,patient12_window16s_stride1s-epo,theta
1923,-0.0011672408508681489,patient12_window16s_stride1s-epo,theta
1924,-0.0004307130202591108,patient12_window16s_stride1s-epo,theta
1925,-0.00024063450420691752,patient12_window16s_stride1s-epo,theta
1926,-0.0009651294127514577,patient12_window16s_stride1s-epo,theta
1927,-0.002288779780531947,patient12_window16s_stride1s-epo,theta
1928,-0.0019148899858201652,patient12_window16s_stride1s-epo,theta
1929,-0.001259670093628326,patient12_window16s_stride1s-epo,theta
1930,-0.00138136006535704,patient12_window16s_stride1s-epo,theta
1931,-0.0029158218240639697,patient12_window16s_stride1s-epo,theta
1932,-0.003756764783109733,patient12_window16s_stride1s-epo,theta
1933,-0.0038088462744960317,patient12_window16s_stride1s-epo,theta
1934,-0.005522253700971647,patient12_window16s_stride1s-epo,theta
1935,-0.004977058142378224,patient12_window16s_stride1s-epo,theta
1936,-0.0026855060409148495,patient12_window16s_stride1s-epo,theta
1937,-0.0032461182868493816,patient12_window16s_stride1s-epo,theta
1938,-0.0052817919858683185,patient12_window16s_stride1s-epo,theta
1939,-0.0062729993609265625,patient12_window16s_stride1s-epo,theta
1940,-0.005453036043369785,patient12_window16s_stride1s-epo,theta
1941,-0.006290045207769212,patient12_window16s_stride1s-epo,theta
1942,-0.006201846260851276,patient12_window16s_stride1s-epo,theta
1943,-0.004632097142926456,patient12_window16s_stride1s-epo,theta
1944,-0.006356604704417109,patient12_window16s_stride1s-epo,theta
1945,-0.0058450681516802674,patient12_window16s_stride1s-epo,theta
1946,-0.005891134663648053,patient12_window16s_stride1s-epo,theta
1947,-0.004038469928729572,patient12_window16s_stride1s-epo,theta
1948,-0.003226853842980884,patient12_window16s_stride1s-epo,theta
1949,-0.004273607535383467,patient12_window16s_stride1s-epo,theta
1950,-0.001682420506111309,patient12_window16s_stride1s-epo,theta
1951,-0.0032243300843460047,patient12_window16s_stride1s-epo,theta
1952,-0.0038577969164989073,patient12_window16s_stride1s-epo,theta
1953,-0.003961104216035512,patient12_window16s_stride1s-epo,theta
1954,-0.0033705368897319478,patient12_window16s_stride1s-epo,theta
1955,-0.0028492229662966983,patient12_window16s_stride1s-epo,theta
1956,-0.0035331145783785156,patient12_window16s_stride1s-epo,theta
1957,-0.0034635550561507127,patient12_window16s_stride1s-epo,theta
1958,-0.003991799521011947,patient12_window16s_stride1s-epo,theta
1959,-0.005349980632470013,patient12_window16s_stride1s-epo,theta
1960,-0.005106995892538913,patient12_window16s_stride1s-epo,theta
1961,-0.004545627681653897,patient12_window16s_stride1s-epo,theta
1962,-0.0042339806558996836,patient12_window16s_stride1s-epo,theta
1963,-0.005098645885809164,patient12_window16s_stride1s-epo,theta
1964,-0.004084497388054262,patient12_window16s_stride1s-epo,theta
1965,-0.005240169398556109,patient12_window16s_stride1s-epo,theta
1966,-0.004795578176337263,patient12_window16s_stride1s-epo,theta
1967,-0.006533807505183369,patient12_window16s_stride1s-epo,theta
1968,-0.006363072257804311,patient12_window16s_stride1s-epo,theta
1969,-0.006186680673181392,patient12_window16s_stride1s-epo,theta
1970,-0.004846090757030087,patient12_window16s_stride1s-epo,theta
1971,-0.00507900935103817,patient12_window16s_stride1s-epo,theta
1972,-0.002077539903605709,patient12_window16s_stride1s-epo,theta
1973,-0.003525540691145701,patient12_window16s_stride1s-epo,theta
1974,-0.0038470780970079237,patient12_window16s_stride1s-epo,theta
1975,-0.0017231642895067945,patient12_window16s_stride1s-epo,theta
1976,-0.004759146565311135,patient12_window16s_stride1s-epo,theta
1977,-0.005892810698471059,patient12_window16s_stride1s-epo,theta
1978,-0.005498902680982898,patient12_window16s_stride1s-epo,theta
1979,-0.004796096093643358,patient12_window16s_stride1s-epo,theta
1980,-0.0034440900967725673,patient12_window16s_stride1s-epo,theta
1981,-0.004183303062332145,patient12_window16s_stride1s-epo,theta
1982,-0.004099793587786154,patient12_window16s_stride1s-epo,theta
1983,-0.0016439116458185038,patient12_window16s_stride1s-epo,theta
1984,-0.0016293585574318596,patient12_window16s_stride1s-epo,theta
1985,-0.0021991462243076743,patient12_window16s_stride1s-epo,theta
1986,-0.0024540656927342767,patient12_window16s_stride1s-epo,theta
1987,-0.004556706665395368,patient12_window16s_stride1s-epo,theta
1988,-0.00717136907209472,patient12_window16s_stride1s-epo,theta
1989,-0.004707171449730558,patient12_window16s_stride1s-epo,theta
1990,-0.005377623635834151,patient12_window16s_stride1s-epo,theta
1991,-0.004394189721187593,patient12_window16s_stride1s-epo,theta
1992,-0.003213584256363171,patient12_window16s_stride1s-epo,theta
1993,-0.0013863775298724058,patient12_window16s_stride1s-epo,theta
1994,-0.0022971499339839566,patient12_window16s_stride1s-epo,theta
1995,-0.002004190861013916,patient12_window16s_stride1s-epo,theta
1996,-0.0004481590648350572,patient12_window16s_stride1s-epo,theta
1997,-0.00022534315262108905,patient12_window16s_stride1s-epo,theta
1998,-0.0004433731677910538,patient12_window16s_stride1s-epo,theta
1999,0.000683028214906491,patient12_window16s_stride1s-epo,theta
2000,-3.196342754462535e-05,patient12_window16s_stride1s-epo,theta
2001,0.001020166302843003,patient12_window16s_stride1s-epo,theta
2002,0.000397950822376264,patient12_window16s_stride1s-epo,theta
2003,0.0002728260761433933,patient12_window16s_stride1s-epo,theta
2004,-0.0005452675415740704,patient12_window16s_stride1s-epo,theta
2005,-0.00023643499450285183,patient12_window16s_stride1s-epo,theta
2006,-0.000765864440703286,patient12_window16s_stride1s-epo,theta
2007,-0.0005602083889384297,patient12_window16s_stride1s-epo,theta
2008,-0.0009189987817392606,patient12_window16s_stride1s-epo,theta
2009,-0.0018336309869975888,patient12_window16s_stride1s-epo,theta
2010,-0.0012564945113744345,patient12_window16s_stride1s-epo,theta
2011,-0.0018148660190041113,patient12_window16s_stride1s-epo,theta
2012,-0.001625238951125234,patient12_window16s_stride1s-epo,theta
2013,-0.0021047953857261806,patient12_window16s_stride1s-epo,theta
2014,-0.0020265867030415017,patient12_window16s_stride1s-epo,theta
2015,-0.002200037387221436,patient12_window16s_stride1s-epo,theta
2016,-0.0021003151808112897,patient12_window16s_stride1s-epo,theta
2017,-0.002787679059869522,patient12_window16s_stride1s-epo,theta
2018,-0.0024692841403216054,patient12_window16s_stride1s-epo,theta
2019,-0.0029300289827983972,patient12_window16s_stride1s-epo,theta
2020,-0.00322422996908763,patient12_window16s_stride1s-epo,theta
2021,-0.003809575067213787,patient12_window16s_stride1s-epo,theta
2022,-0.0025577269899230474,patient12_window16s_stride1s-epo,theta
2023,-0.0039622125178230315,patient12_window16s_stride1s-epo,theta
2024,-0.002234952807751289,patient12_window16s_stride1s-epo,theta
2025,-0.0019010687577995767,patient12_window16s_stride1s-epo,theta
2026,-0.003690888481538625,patient12_window16s_stride1s-epo,theta
2027,-0.0024867718264157514,patient12_window16s_stride1s-epo,theta
2028,-0.002824796194646236,patient12_window16s_stride1s-epo,theta
2029,-0.0026358579141475933,patient12_window16s_stride1s-epo,theta
2030,-0.0033566816890933508,patient12_window16s_stride1s-epo,theta
2031,-0.002768862868122071,patient12_window16s_stride1s-epo,theta
2032,-0.004590921727403124,patient12_window16s_stride1s-epo,theta
2033,-0.005343864173410644,patient12_window16s_stride1s-epo,theta
2034,-0.006275500715664745,patient12_window16s_stride1s-epo,theta
2035,-0.005522790530779656,patient12_window16s_stride1s-epo,theta
2036,-0.006019451976690955,patient12_window16s_stride1s-epo,theta
2037,-0.007655085687514916,patient12_window16s_stride1s-epo,theta
2038,-0.008324842831246314,patient12_window16s_stride1s-epo,theta
2039,-0.00796299621878604,patient12_window16s_stride1s-epo,theta
2040,-0.006858085061234309,patient12_window16s_stride1s-epo,theta
2041,-0.007651590046469681,patient12_window16s_stride1s-epo,theta
2042,-0.007702686945951637,patient12_window16s_stride1s-epo,theta
2043,-0.008272904895421507,patient12_window16s_stride1s-epo,theta
2044,-0.00899618122888685,patient12_window16s_stride1s-epo,theta
2045,-0.006416324819084901,patient12_window16s_stride1s-epo,theta
2046,-0.0061605847727309645,patient12_window16s_stride1s-epo,theta
2047,-0.00652599120021439,patient12_window16s_stride1s-epo,theta
2048,-0.005943064084246904,patient12_window16s_stride1s-epo,theta
2049,-0.004157407304358148,patient12_window16s_stride1s-epo,theta
2050,-0.00473954700843927,patient12_window16s_stride1s-epo,theta
2051,-0.004533493172617452,patient12_window16s_stride1s-epo,theta
2052,-0.0042760203036868805,patient12_window16s_stride1s-epo,theta
2053,-0.003426801911726951,patient12_window16s_stride1s-epo,theta
2054,-0.002405104386716404,patient12_window16s_stride1s-epo,theta
2055,-0.002866862357182317,patient12_window16s_stride1s-epo,theta
2056,-0.003489959154339881,patient12_window16s_stride1s-epo,theta
2057,-0.004206797797765584,patient12_window16s_stride1s-epo,theta
2058,-0.002877885254328597,patient12_window16s_stride1s-epo,theta
2059,-0.0029014240868304774,patient12_window16s_stride1s-epo,theta
2060,-0.0015155724929650485,patient12_window16s_stride1s-epo,theta
2061,-0.0018719116483047842,patient12_window16s_stride1s-epo,theta
2062,-0.002115785713567818,patient12_window16s_stride1s-epo,theta
2063,-0.0011309862315641587,patient12_window16s_stride1s-epo,theta
2064,-0.0012678370567570892,patient12_window16s_stride1s-epo,theta
2065,-0.001008046683563788,patient12_window16s_stride1s-epo,theta
2066,-0.0009928285211111298,patient12_window16s_stride1s-epo,theta
2067,-0.0013669626365075793,patient12_window16s_stride1s-epo,theta
2068,-0.0009677414874678373,patient12_window16s_stride1s-epo,theta
2069,-0.0015689504556016562,patient12_window16s_stride1s-epo,theta
2070,-0.0003154515148761175,patient12_window16s_stride1s-epo,theta
2071,-0.0012743207686366153,patient12_window16s_stride1s-epo,theta
2072,-0.0010916699625450905,patient12_window16s_stride1s-epo,theta
2073,-0.0011959383789646471,patient12_window16s_stride1s-epo,theta
2074,-0.0030099209437950154,patient12_window16s_stride1s-epo,theta
2075,-0.00267322605762623,patient12_window16s_stride1s-epo,theta
2076,-0.0021750245315863954,patient12_window16s_stride1s-epo,theta
2077,-0.0032108256501613332,patient12_window16s_stride1s-epo,theta
2078,-0.003007140831064974,patient12_window16s_stride1s-epo,theta
2079,-0.0025642859383102636,patient12_window16s_stride1s-epo,theta
2080,-0.003676073290422976,patient12_window16s_stride1s-epo,theta
2081,-0.003427768568948837,patient12_window16s_stride1s-epo,theta
2082,-0.003967062409523782,patient12_window16s_stride1s-epo,theta
2083,-0.002455027203168639,patient12_window16s_stride1s-epo,theta
2084,-0.002980862179809035,patient12_window16s_stride1s-epo,theta
2085,-0.003623121298026745,patient12_window16s_stride1s-epo,theta
2086,-0.00573598031064036,patient12_window16s_stride1s-epo,theta
2087,-0.005170685487961959,patient12_window16s_stride1s-epo,theta
2088,-0.00517819569380499,patient12_window16s_stride1s-epo,theta
2089,-0.005292248753461018,patient12_window16s_stride1s-epo,theta
2090,-0.0037500384901292833,patient12_window16s_stride1s-epo,theta
2091,-0.004114363939041091,patient12_window16s_stride1s-epo,theta
2092,-0.0037573896820701736,patient12_window16s_stride1s-epo,theta
2093,-0.0012611293757248245,patient12_window16s_stride1s-epo,theta
2094,-0.0018083626914456045,patient12_window16s_stride1s-epo,theta
2095,-0.0019725969118622533,patient12_window16s_stride1s-epo,theta
2096,-0.0026875803965095905,patient12_window16s_stride1s-epo,theta
2097,-0.0032374528850722616,patient12_window16s_stride1s-epo,theta
2098,-0.00227288401765796,patient12_window16s_stride1s-epo,theta
2099,-0.0029255136474393177,patient12_window16s_stride1s-epo,theta
2100,-0.003353265450898724,patient12_window16s_stride1s-epo,theta
2101,-0.0037718364974250683,patient12_window16s_stride1s-epo,theta
2102,-0.0033608126841517304,patient12_window16s_stride1s-epo,theta
2103,-0.0028047441947786876,patient12_window16s_stride1s-epo,theta
2104,-0.0022955030732630275,patient12_window16s_stride1s-epo,theta
2105,-0.002822878189616386,patient12_window16s_stride1s-epo,theta
2106,-0.0027738839619491336,patient12_window16s_stride1s-epo,theta
2107,-0.0036926073126464475,patient12_window16s_stride1s-epo,theta
2108,-0.004376885827738538,patient12_window16s_stride1s-epo,theta
2109,-0.003920898405135512,patient12_window16s_stride1s-epo,theta
2110,-0.004669942779078082,patient12_window16s_stride1s-epo,theta
2111,-0.004732864645256262,patient12_window16s_stride1s-epo,theta
2112,-0.002880768650676547,patient12_window16s_stride1s-epo,theta
2113,-0.0025011101173981216,patient12_window16s_stride1s-epo,theta
2114,-0.0025764521417157614,patient12_window16s_stride1s-epo,theta
2115,-0.004595802357469383,patient12_window16s_stride1s-epo,theta
2116,-0.005602211860837314,patient12_window16s_stride1s-epo,theta
2117,-0.003888311536792431,patient12_window16s_stride1s-epo,theta
2118,-0.003798475064750841,patient12_window16s_stride1s-epo,theta
2119,-0.001981055871254965,patient12_window16s_stride1s-epo,theta
2120,-0.00074768348666766,patient12_window16s_stride1s-epo,theta
2121,-0.0014055933240505706,patient12_window16s_stride1s-epo,theta
2122,-0.0011843247125384556,patient12_window16s_stride1s-epo,theta
2123,-0.00037117026797413636,patient12_window16s_stride1s-epo,theta
2124,-0.0010611201707029848,patient12_window16s_stride1s-epo,theta
2125,-0.0020155918917715717,patient12_window16s_stride1s-epo,theta
2126,-0.001938303946163777,patient12_window16s_stride1s-epo,theta
2127,-0.0010251558586908762,patient12_window16s_stride1s-epo,theta
2128,-0.0014423346862891444,patient12_window16s_stride1s-epo,theta
2129,-0.004109401673055417,patient12_window16s_stride1s-epo,theta
2130,-0.0028294981477416394,patient12_window16s_stride1s-epo,theta
2131,-0.0013516247317447373,patient12_window16s_stride1s-epo,theta
2132,-0.0018791611887039787,patient12_window16s_stride1s-epo,theta
2133,-0.0036655180373507774,patient12_window16s_stride1s-epo,theta
2134,-0.004655951242840077,patient12_window16s_stride1s-epo,theta
2135,-0.006765948332215616,patient12_window16s_stride1s-epo,theta
2136,-0.007303962238999439,patient12_window16s_stride1s-epo,theta
2137,-0.008968706511339932,patient12_window16s_stride1s-epo,theta
2138,-0.009533001873253844,patient12_window16s_stride1s-epo,theta
2139,-0.010424147886744417,patient12_window16s_stride1s-epo,theta
2140,-0.0081631102209693,patient12_window16s_stride1s-epo,theta
2141,-0.009055648203001473,patient12_window16s_stride1s-epo,theta
2142,-0.007909738226289606,patient12_window16s_stride1s-epo,theta
2143,-0.007673158830471318,patient12_window16s_stride1s-epo,theta
2144,-0.006763073281171324,patient12_window16s_stride1s-epo,theta
2145,-0.0076320874442307556,patient12_window16s_stride1s-epo,theta
2146,-0.007658491206784191,patient12_window16s_stride1s-epo,theta
2147,-0.008120618618505446,patient12_window16s_stride1s-epo,theta
2148,-0.00799880182955931,patient12_window16s_stride1s-epo,theta
2149,-0.007329134609982485,patient12_window16s_stride1s-epo,theta
2150,-0.005241931407539273,patient12_window16s_stride1s-epo,theta
2151,-0.0049545573004297445,patient12_window16s_stride1s-epo,theta
2152,-0.002350895351912758,patient12_window16s_stride1s-epo,theta
2153,-0.0023595235103067557,patient12_window16s_stride1s-epo,theta
2154,-0.002860089013350792,patient12_window16s_stride1s-epo,theta
2155,-0.002149163121901774,patient12_window16s_stride1s-epo,theta
2156,-0.00296602039208759,patient12_window16s_stride1s-epo,theta
2157,-0.0035261033588804263,patient12_window16s_stride1s-epo,theta
2158,-0.0031134340347513476,patient12_window16s_stride1s-epo,theta
2159,-0.0049807158963500455,patient12_window16s_stride1s-epo,theta
2160,-0.005303633734464147,patient12_window16s_stride1s-epo,theta
2161,-0.005378172911699505,patient12_window16s_stride1s-epo,theta
2162,-0.004062472987934852,patient12_window16s_stride1s-epo,theta
2163,-0.0036642064097706572,patient12_window16s_stride1s-epo,theta
2164,-0.0035034843635008955,patient12_window16s_stride1s-epo,theta
2165,-0.0033038552090532422,patient12_window16s_stride1s-epo,theta
2166,-0.0026362776305720544,patient12_window16s_stride1s-epo,theta
2167,-0.0031487015982377023,patient12_window16s_stride1s-epo,theta
2168,-0.0035091535470237432,patient12_window16s_stride1s-epo,theta
2169,-0.004803596863026218,patient12_window16s_stride1s-epo,theta
2170,-0.002524395338289499,patient12_window16s_stride1s-epo,theta
2171,-0.003073365818652307,patient12_window16s_stride1s-epo,theta
2172,-0.004047277316077586,patient12_window16s_stride1s-epo,theta
2173,-0.003941118111802893,patient12_window16s_stride1s-epo,theta
2174,-0.0038535887700085394,patient12_window16s_stride1s-epo,theta
2175,-0.0029729141332597675,patient12_window16s_stride1s-epo,theta
2176,-0.0018888804828266338,patient12_window16s_stride1s-epo,theta
2177,-0.0013903968442491857,patient12_window16s_stride1s-epo,theta
2178,-0.0007216181353499848,patient12_window16s_stride1s-epo,theta
2179,-0.0005683392901613151,patient12_window16s_stride1s-epo,theta
2180,0.00018865034538495984,patient12_window16s_stride1s-epo,theta
2181,0.00032847485509287735,patient12_window16s_stride1s-epo,theta
2182,0.0008403903885837535,patient12_window16s_stride1s-epo,theta
2183,0.0010426851621892065,patient12_window16s_stride1s-epo,theta
2184,0.0007075998672639181,patient12_window16s_stride1s-epo,theta
2185,0.0023171875181051873,patient12_window16s_stride1s-epo,theta
2186,0.0015958973884704023,patient12_window16s_stride1s-epo,theta
2187,0.0033282510930056617,patient12_window16s_stride1s-epo,theta
2188,0.0011939639434440739,patient12_window16s_stride1s-epo,theta
2189,0.0009055259941669097,patient12_window16s_stride1s-epo,theta
2190,0.0006508293518616338,patient12_window16s_stride1s-epo,theta
2191,-0.0013694242083905457,patient12_window16s_stride1s-epo,theta
2192,-0.0018755098420065025,patient12_window16s_stride1s-epo,theta
2193,-0.0020175560325612608,patient12_window16s_stride1s-epo,theta
2194,-0.0021585111250589577,patient12_window16s_stride1s-epo,theta
2195,-0.004194826193167356,patient12_window16s_stride1s-epo,theta
2196,-0.0045942123018565244,patient12_window16s_stride1s-epo,theta
2197,-0.003897060597778611,patient12_window16s_stride1s-epo,theta
2198,-0.0032810212855965636,patient12_window16s_stride1s-epo,theta
2199,-0.005243076017891977,patient12_window16s_stride1s-epo,theta
2200,-0.0035316313578442316,patient12_window16s_stride1s-epo,theta
2201,-0.0046429373580632385,patient12_window16s_stride1s-epo,theta
2202,-0.003963398898982946,patient12_window16s_stride1s-epo,theta
2203,-0.003782446093551992,patient12_window16s_stride1s-epo,theta
2204,-0.004018037436916181,patient12_window16s_stride1s-epo,theta
2205,-0.0021952724314979453,patient12_window16s_stride1s-epo,theta
2206,-0.0018370894639597435,patient12_window16s_stride1s-epo,theta
2207,-0.002707884363829218,patient12_window16s_stride1s-epo,theta
2208,-0.0036693187144741977,patient12_window16s_stride1s-epo,theta
2209,8.814601797053038e-05,patient12_window16s_stride1s-epo,theta
2210,-0.00150270690777296,patient12_window16s_stride1s-epo,theta
2211,4.158199687777759e-05,patient12_window16s_stride1s-epo,theta
2212,-4.363690912850578e-05,patient12_window16s_stride1s-epo,theta
2213,-0.0006649584393135211,patient12_window16s_stride1s-epo,theta
2214,-0.0019871292246570684,patient12_window16s_stride1s-epo,theta
2215,-0.0002390980774893908,patient12_window16s_stride1s-epo,theta
2216,0.0012105912916507537,patient12_window16s_stride1s-epo,theta
2217,-0.0011076222343259356,patient12_window16s_stride1s-epo,theta
2218,-0.003789694293384093,patient12_window16s_stride1s-epo,theta
2219,-0.004929881284603637,patient12_window16s_stride1s-epo,theta
2220,-0.005365308237958994,patient12_window16s_stride1s-epo,theta
2221,-0.003296736372947346,patient12_window16s_stride1s-epo,theta
2222,-0.002930634168268893,patient12_window16s_stride1s-epo,theta
2223,-0.0022289498270176306,patient12_window16s_stride1s-epo,theta
2224,-0.0015579950144396773,patient12_window16s_stride1s-epo,theta
2225,-0.001071489481737264,patient12_window16s_stride1s-epo,theta
2226,-0.0025735439850278524,patient12_window16s_stride1s-epo,theta
2227,0.0005421919059437349,patient12_window16s_stride1s-epo,theta
2228,-0.0021136224138887483,patient12_window16s_stride1s-epo,theta
2229,0.00028930446435293733,patient12_window16s_stride1s-epo,theta
2230,-0.0014995325302359884,patient12_window16s_stride1s-epo,theta
2231,-0.004693536054053453,patient12_window16s_stride1s-epo,theta
2232,-0.008578162273874902,patient12_window16s_stride1s-epo,theta
2233,-0.006887205540218542,patient12_window16s_stride1s-epo,theta
2234,-0.003543761467332022,patient12_window16s_stride1s-epo,theta
2235,-0.003474281190890828,patient12_window16s_stride1s-epo,theta
2236,-0.004515198044542391,patient12_window16s_stride1s-epo,theta
2237,-0.004465416150678501,patient12_window16s_stride1s-epo,theta
2238,-0.005994056457913821,patient12_window16s_stride1s-epo,theta
2239,-0.005528778979188875,patient12_window16s_stride1s-epo,theta
2240,-0.005079169552889722,patient12_window16s_stride1s-epo,theta
2241,-0.0058645558404868256,patient12_window16s_stride1s-epo,theta
2242,-0.006771793919986604,patient12_window16s_stride1s-epo,theta
2243,-0.008492321502713793,patient12_window16s_stride1s-epo,theta
2244,-0.006845304172183175,patient12_window16s_stride1s-epo,theta
2245,-0.008769807356222742,patient12_window16s_stride1s-epo,theta
2246,-0.00617565429693258,patient12_window16s_stride1s-epo,theta
2247,-0.005811905483963531,patient12_window16s_stride1s-epo,theta
2248,-0.005696184592852882,patient12_window16s_stride1s-epo,theta
2249,-0.0036485952830719775,patient12_window16s_stride1s-epo,theta
2250,-0.004179389466970957,patient12_window16s_stride1s-epo,theta
2251,-0.0034825660161366657,patient12_window16s_stride1s-epo,theta
2252,-0.0038844032927829618,patient12_window16s_stride1s-epo,theta
2253,-0.005729058350192848,patient12_window16s_stride1s-epo,theta
2254,-0.005049034912172399,patient12_window16s_stride1s-epo,theta
2255,-0.004967542928257969,patient12_window16s_stride1s-epo,theta
2256,-0.005255362130915017,patient12_window16s_stride1s-epo,theta
2257,-0.005575468306896997,patient12_window16s_stride1s-epo,theta
2258,-0.005142076407786769,patient12_window16s_stride1s-epo,theta
2259,-0.005449201771125693,patient12_window16s_stride1s-epo,theta
2260,-0.004833551931129135,patient12_window16s_stride1s-epo,theta
2261,-0.0038446005645094887,patient12_window16s_stride1s-epo,theta
2262,-0.005758976988874312,patient12_window16s_stride1s-epo,theta
2263,-0.004596409749742914,patient12_window16s_stride1s-epo,theta
2264,-0.004807557120980008,patient12_window16s_stride1s-epo,theta
2265,-0.004965261500302067,patient12_window16s_stride1s-epo,theta
2266,-0.006729090618077474,patient12_window16s_stride1s-epo,theta
2267,-0.007118692694158007,patient12_window16s_stride1s-epo,theta
2268,-0.006455377625330439,patient12_window16s_stride1s-epo,theta
2269,-0.005065759333333704,patient12_window16s_stride1s-epo,theta
2270,-0.005479414298826088,patient12_window16s_stride1s-epo,theta
2271,-0.00540761138450265,patient12_window16s_stride1s-epo,theta
2272,-0.006223793372640589,patient12_window16s_stride1s-epo,theta
2273,-0.0062741087609214305,patient12_window16s_stride1s-epo,theta
2274,-0.005997506528585152,patient12_window16s_stride1s-epo,theta
2275,-0.004734305463913106,patient12_window16s_stride1s-epo,theta
2276,-0.003771169045060962,patient12_window16s_stride1s-epo,theta
2277,-0.0048366658726433035,patient12_window16s_stride1s-epo,theta
2278,-0.0030109726294875227,patient12_window16s_stride1s-epo,theta
2279,-0.0038731400285479034,patient12_window16s_stride1s-epo,theta
2280,-0.002652445789004671,patient12_window16s_stride1s-epo,theta
2281,-0.002600257150188017,patient12_window16s_stride1s-epo,theta
2282,-0.0006560048745276777,patient12_window16s_stride1s-epo,theta
2283,-0.00021291319847289682,patient12_window16s_stride1s-epo,theta
2284,-0.0012847403475861215,patient12_window16s_stride1s-epo,theta
2285,-0.0013965874903623951,patient12_window16s_stride1s-epo,theta
2286,-0.0022075125189423652,patient12_window16s_stride1s-epo,theta
2287,-0.0025818167880412093,patient12_window16s_stride1s-epo,theta
2288,-0.0028309926614737786,patient12_window16s_stride1s-epo,theta
2289,-0.0026092973161774614,patient12_window16s_stride1s-epo,theta
2290,-0.004835284133666669,patient12_window16s_stride1s-epo,theta
2291,-0.004873208952585328,patient12_window16s_stride1s-epo,theta
2292,-0.004824986459401505,patient12_window16s_stride1s-epo,theta
2293,-0.003968618941972151,patient12_window16s_stride1s-epo,theta
2294,-0.005898616308377621,patient12_window16s_stride1s-epo,theta
2295,-0.004133723928278021,patient12_window16s_stride1s-epo,theta
2296,-0.004518077982982303,patient12_window16s_stride1s-epo,theta
2297,-0.004883573857265662,patient12_window16s_stride1s-epo,theta
2298,-0.005322116633159783,patient12_window16s_stride1s-epo,theta
2299,-0.005497597763280383,patient12_window16s_stride1s-epo,theta
2300,-0.006121997754558704,patient12_window16s_stride1s-epo,theta
2301,-0.004035285797921372,patient12_window16s_stride1s-epo,theta
2302,-0.0028146226181339127,patient12_window16s_stride1s-epo,theta
2303,-0.002452548615378913,patient12_window16s_stride1s-epo,theta
2304,-0.003158359838529937,patient12_window16s_stride1s-epo,theta
2305,-0.002831815340880184,patient12_window16s_stride1s-epo,theta
2306,-0.004356478444022238,patient12_window16s_stride1s-epo,theta
2307,-0.004522690437198454,patient12_window16s_stride1s-epo,theta
2308,-0.00475316552944006,patient12_window16s_stride1s-epo,theta
2309,-0.004358059463789845,patient12_window16s_stride1s-epo,theta
2310,-0.004269752799536172,patient12_window16s_stride1s-epo,theta
2311,-0.004558003303248674,patient12_window16s_stride1s-epo,theta
2312,-0.00472359392552667,patient12_window16s_stride1s-epo,theta
2313,-0.002480337537050453,patient12_window16s_stride1s-epo,theta
2314,-0.002282127789004631,patient12_window16s_stride1s-epo,theta
2315,-0.003316319189453089,patient12_window16s_stride1s-epo,theta
2316,-0.0019803405709637586,patient12_window16s_stride1s-epo,theta
2317,-0.003533967520271464,patient12_window16s_stride1s-epo,theta
2318,-0.0025737489470640923,patient12_window16s_stride1s-epo,theta
2319,-0.0031502102093128185,patient12_window16s_stride1s-epo,theta
2320,-0.003752324902508945,patient12_window16s_stride1s-epo,theta
2321,-0.00329222027098748,patient12_window16s_stride1s-epo,theta
2322,-0.000361593112543464,patient12_window16s_stride1s-epo,theta
2323,0.0002556422987089158,patient12_window16s_stride1s-epo,theta
2324,-0.00015748947921831,patient12_window16s_stride1s-epo,theta
2325,0.00013301209957363867,patient12_window16s_stride1s-epo,theta
2326,-3.408870419474248e-05,patient12_window16s_stride1s-epo,theta
2327,5.263357174159236e-05,patient12_window16s_stride1s-epo,theta
2328,-0.00042831769317295946,patient12_window16s_stride1s-epo,theta
2329,7.6994084434395e-07,patient12_window16s_stride1s-epo,theta
2330,0.00014181823558543234,patient12_window16s_stride1s-epo,theta
2331,-8.219354340012838e-05,patient12_window16s_stride1s-epo,theta
2332,-0.0009468409804879024,patient12_window16s_stride1s-epo,theta
2333,0.0008456683369821651,patient12_window16s_stride1s-epo,theta
2334,0.0014880945104346148,patient12_window16s_stride1s-epo,theta
2335,0.0014037785951195089,patient12_window16s_stride1s-epo,theta
2336,0.0018640610402789939,patient12_window16s_stride1s-epo,theta
2337,7.425169076208987e-05,patient12_window16s_stride1s-epo,theta
2338,-0.0011548796350192934,patient12_window16s_stride1s-epo,theta
2339,-0.0016255358539941883,patient12_window16s_stride1s-epo,theta
2340,-0.0016909802360366914,patient12_window16s_stride1s-epo,theta
2341,-0.0006616809399546217,patient12_window16s_stride1s-epo,theta
2342,-0.002864293313741448,patient12_window16s_stride1s-epo,theta
2343,-0.002337288534745489,patient12_window16s_stride1s-epo,theta
2344,-0.003072224870735495,patient12_window16s_stride1s-epo,theta
2345,-0.0029875325076475718,patient12_window16s_stride1s-epo,theta
2346,-0.0011307908038139195,patient12_window16s_stride1s-epo,theta
2347,-0.002320432351564084,patient12_window16s_stride1s-epo,theta
2348,-0.0023543455431886805,patient12_window16s_stride1s-epo,theta
2349,-0.002028006333614934,patient12_window16s_stride1s-epo,theta
2350,-0.0001553540357822116,patient12_window16s_stride1s-epo,theta
2351,0.00020788049379846552,patient12_window16s_stride1s-epo,theta
2352,-0.0004822905315147005,patient12_window16s_stride1s-epo,theta
2353,0.0006140979147106846,patient12_window16s_stride1s-epo,theta
2354,0.0019530575526457731,patient12_window16s_stride1s-epo,theta
2355,0.0012974227558966915,patient12_window16s_stride1s-epo,theta
2356,0.002999462160827109,patient12_window16s_stride1s-epo,theta
2357,0.0018545697629404154,patient12_window16s_stride1s-epo,theta
2358,0.0033684352867622363,patient12_window16s_stride1s-epo,theta
2359,0.001881811143050806,patient12_window16s_stride1s-epo,theta
2360,0.0006012952911438519,patient12_window16s_stride1s-epo,theta
2361,-0.0004506639828757605,patient12_window16s_stride1s-epo,theta
2362,-0.0012684496292658068,patient12_window16s_stride1s-epo,theta
2363,-0.00015445299220154173,patient12_window16s_stride1s-epo,theta
2364,0.0003580069072455069,patient12_window16s_stride1s-epo,theta
2365,-0.00016001953442761383,patient12_window16s_stride1s-epo,theta
2366,-0.00037958123041627366,patient12_window16s_stride1s-epo,theta
2367,0.0007139230384722504,patient12_window16s_stride1s-epo,theta
2368,-0.0001732141289426535,patient12_window16s_stride1s-epo,theta
2369,0.0003839153004195511,patient12_window16s_stride1s-epo,theta
2370,0.00024055374496992403,patient12_window16s_stride1s-epo,theta
2371,0.002524504330053972,patient12_window16s_stride1s-epo,theta
2372,0.0023611915174126374,patient12_window16s_stride1s-epo,theta
2373,0.00228518709329568,patient12_window16s_stride1s-epo,theta
2374,0.0016887722176939454,patient12_window16s_stride1s-epo,theta
2375,0.0006151432981275178,patient12_window16s_stride1s-epo,theta
2376,0.0019031068483705532,patient12_window16s_stride1s-epo,theta
2377,-0.0002447927876481852,patient12_window16s_stride1s-epo,theta
2378,-0.0014771988721685749,patient12_window16s_stride1s-epo,theta
2379,-0.0015157397913417641,patient12_window16s_stride1s-epo,theta
2380,-0.0014277311757170971,patient12_window16s_stride1s-epo,theta
2381,-0.0014354708669216869,patient12_window16s_stride1s-epo,theta
2382,-3.540269270771414e-05,patient12_window16s_stride1s-epo,theta
2383,-0.0009730291844331015,patient12_window16s_stride1s-epo,theta
2384,-0.002611222817373621,patient12_window16s_stride1s-epo,theta
2385,-0.001173204912103377,patient12_window16s_stride1s-epo,theta
2386,-0.0012229443580410834,patient12_window16s_stride1s-epo,theta
2387,-0.0023806708626933175,patient12_window16s_stride1s-epo,theta
2388,-0.0025575879036171954,patient12_window16s_stride1s-epo,theta
2389,-0.0028271132204238385,patient12_window16s_stride1s-epo,theta
2390,-0.002346668574802791,patient12_window16s_stride1s-epo,theta
2391,-0.002762478601288502,patient12_window16s_stride1s-epo,theta
2392,-0.00363707919929279,patient12_window16s_stride1s-epo,theta
2393,-0.005710278925985349,patient12_window16s_stride1s-epo,theta
2394,-0.00602624219055818,patient12_window16s_stride1s-epo,theta
2395,-0.005153940153265855,patient12_window16s_stride1s-epo,theta
2396,-0.006559233456784673,patient12_window16s_stride1s-epo,theta
2397,-0.004536524906335104,patient12_window16s_stride1s-epo,theta
2398,-0.005842054854884824,patient12_window16s_stride1s-epo,theta
2399,-0.006027157996530312,patient12_window16s_stride1s-epo,theta
2400,-0.006896918532914428,patient12_window16s_stride1s-epo,theta
2401,-0.006063514037487074,patient12_window16s_stride1s-epo,theta
2402,-0.006606112962071674,patient12_window16s_stride1s-epo,theta
2403,-0.007111184347034966,patient12_window16s_stride1s-epo,theta
2404,-0.009007024172905321,patient12_window16s_stride1s-epo,theta
2405,-0.008460814858391471,patient12_window16s_stride1s-epo,theta
2406,-0.008954611764211714,patient12_window16s_stride1s-epo,theta
2407,-0.007581041702698064,patient12_window16s_stride1s-epo,theta
2408,-0.007262760137020456,patient12_window16s_stride1s-epo,theta
2409,-0.006639913528122748,patient12_window16s_stride1s-epo,theta
2410,-0.006696517609165223,patient12_window16s_stride1s-epo,theta
2411,-0.0068646537618548215,patient12_window16s_stride1s-epo,theta
2412,-0.007480141381007594,patient12_window16s_stride1s-epo,theta
2413,-0.007706010309151683,patient12_window16s_stride1s-epo,theta
2414,-0.007772002498283565,patient12_window16s_stride1s-epo,theta
2415,-0.006553043704146237,patient12_window16s_stride1s-epo,theta
2416,-0.005095349948212158,patient12_window16s_stride1s-epo,theta
2417,-0.005037821052492061,patient12_window16s_stride1s-epo,theta
2418,-0.0042211081825696516,patient12_window16s_stride1s-epo,theta
2419,-0.004766399443726034,patient12_window16s_stride1s-epo,theta
2420,-0.0031347916411574774,patient12_window16s_stride1s-epo,theta
2421,-0.0030495720678450624,patient12_window16s_stride1s-epo,theta
2422,-0.002431493507915726,patient12_window16s_stride1s-epo,theta
2423,-0.003534556689116928,patient12_window16s_stride1s-epo,theta
2424,-0.0038443902308271547,patient12_window16s_stride1s-epo,theta
2425,-0.0029053484693309707,patient12_window16s_stride1s-epo,theta
2426,-0.0012472194405396698,patient12_window16s_stride1s-epo,theta
2427,-0.0005793345563597022,patient12_window16s_stride1s-epo,theta
2428,-0.0009752222770729406,patient12_window16s_stride1s-epo,theta
2429,0.00017902739473511813,patient12_window16s_stride1s-epo,theta
2430,0.0012292810780552299,patient12_window16s_stride1s-epo,theta
2431,0.001229813808309841,patient12_window16s_stride1s-epo,theta
2432,0.0011452556436943977,patient12_window16s_stride1s-epo,theta
2433,0.0005978049492042085,patient12_window16s_stride1s-epo,theta
2434,0.00036855993750699306,patient12_window16s_stride1s-epo,theta
2435,-0.0002679045064505844,patient12_window16s_stride1s-epo,theta
2436,0.00019370009581391504,patient12_window16s_stride1s-epo,theta
2437,0.0013958717522215827,patient12_window16s_stride1s-epo,theta
2438,0.002068601281749588,patient12_window16s_stride1s-epo,theta
2439,0.0025744746234575206,patient12_window16s_stride1s-epo,theta
2440,0.002869971632978285,patient12_window16s_stride1s-epo,theta
2441,0.0029071390700582244,patient12_window16s_stride1s-epo,theta
2442,0.001235486287726748,patient12_window16s_stride1s-epo,theta
2443,0.0008898437542486195,patient12_window16s_stride1s-epo,theta
2444,0.0023222109515563956,patient12_window16s_stride1s-epo,theta
2445,0.0027727333205116926,patient12_window16s_stride1s-epo,theta
2446,4.007960102434979e-05,patient12_window16s_stride1s-epo,theta
2447,0.0002703183129175199,patient12_window16s_stride1s-epo,theta
2448,-0.0013716108773380354,patient12_window16s_stride1s-epo,theta
2449,0.0001450003424357484,patient12_window16s_stride1s-epo,theta
2450,-0.0016934264153874437,patient12_window16s_stride1s-epo,theta
2451,-0.0018792043764003594,patient12_window16s_stride1s-epo,theta
2452,-0.000395101369116652,patient12_window16s_stride1s-epo,theta
2453,-0.003718784409526425,patient12_window16s_stride1s-epo,theta
2454,-0.004868562898755512,patient12_window16s_stride1s-epo,theta
2455,-0.006614096821366043,patient12_window16s_stride1s-epo,theta
2456,-0.00714490604221723,patient12_window16s_stride1s-epo,theta
2457,-0.007354787441851963,patient12_window16s_stride1s-epo,theta
2458,-0.0050638041168883504,patient12_window16s_stride1s-epo,theta
2459,-0.004597347996017105,patient12_window16s_stride1s-epo,theta
2460,-0.006112845753064352,patient12_window16s_stride1s-epo,theta
2461,-0.005828619566825142,patient12_window16s_stride1s-epo,theta
2462,-0.006500657669627655,patient12_window16s_stride1s-epo,theta
2463,-0.00568736164098896,patient12_window16s_stride1s-epo,theta
2464,-0.005240916322953913,patient12_window16s_stride1s-epo,theta
2465,-0.004749278996088366,patient12_window16s_stride1s-epo,theta
2466,-0.0035979329596052844,patient12_window16s_stride1s-epo,theta
2467,-0.004819691862315383,patient12_window16s_stride1s-epo,theta
2468,-0.005394247982662117,patient12_window16s_stride1s-epo,theta
2469,-0.004306473388039983,patient12_window16s_stride1s-epo,theta
2470,-0.004649232187374927,patient12_window16s_stride1s-epo,theta
2471,-0.004073642588736346,patient12_window16s_stride1s-epo,theta
2472,-0.0024411114091900726,patient12_window16s_stride1s-epo,theta
2473,-0.004474702477680847,patient12_window16s_stride1s-epo,theta
2474,-0.0050511405280987305,patient12_window16s_stride1s-epo,theta
2475,-0.005232969919324331,patient12_window16s_stride1s-epo,theta
2476,-0.0037059820073289135,patient12_window16s_stride1s-epo,theta
2477,-0.003048393155092968,patient12_window16s_stride1s-epo,theta
2478,-0.00291374645338643,patient12_window16s_stride1s-epo,theta
2479,-0.002796032738267832,patient12_window16s_stride1s-epo,theta
2480,-0.0023136577566403613,patient12_window16s_stride1s-epo,theta
2481,-0.0033906672124600387,patient12_window16s_stride1s-epo,theta
2482,-0.0032785607030888218,patient12_window16s_stride1s-epo,theta
2483,-0.004043660246346,patient12_window16s_stride1s-epo,theta
2484,-0.003185120074760941,patient12_window16s_stride1s-epo,theta
2485,-0.002983259429420029,patient12_window16s_stride1s-epo,theta
2486,-0.005222203425094923,patient12_window16s_stride1s-epo,theta
2487,-0.004130825183980305,patient12_window16s_stride1s-epo,theta
2488,-0.0035419747310071335,patient12_window16s_stride1s-epo,theta
2489,-0.0022672974951589765,patient12_window16s_stride1s-epo,theta
2490,-0.003383541237442468,patient12_window16s_stride1s-epo,theta
2491,-0.0012927851810221424,patient12_window16s_stride1s-epo,theta
2492,-0.0009592423297591175,patient12_window16s_stride1s-epo,theta
2493,-0.002105971644980912,patient12_window16s_stride1s-epo,theta
2494,-0.0006361881851202265,patient12_window16s_stride1s-epo,theta
2495,-0.0013463767650967484,patient12_window16s_stride1s-epo,theta
2496,-0.0009765141684509157,patient12_window16s_stride1s-epo,theta
2497,-0.0012973582710237165,patient12_window16s_stride1s-epo,theta
2498,-0.00178988158165799,patient12_window16s_stride1s-epo,theta
2499,-0.0018753053453608578,patient12_window16s_stride1s-epo,theta
2500,-0.0015276768820768273,patient12_window16s_stride1s-epo,theta
2501,-0.004365901861242052,patient12_window16s_stride1s-epo,theta
2502,-0.0026580551802398615,patient12_window16s_stride1s-epo,theta
2503,-0.002701549886721659,patient12_window16s_stride1s-epo,theta
2504,-0.0029091993676348066,patient12_window16s_stride1s-epo,theta
2505,-0.0035310392649735957,patient12_window16s_stride1s-epo,theta
2506,-0.003989569158512404,patient12_window16s_stride1s-epo,theta
2507,-0.004577518813241802,patient12_window16s_stride1s-epo,theta
2508,-0.005513300562714719,patient12_window16s_stride1s-epo,theta
2509,-0.0059036431102971075,patient12_window16s_stride1s-epo,theta
2510,-0.0059913328356920904,patient12_window16s_stride1s-epo,theta
2511,-0.008262683606349075,patient12_window16s_stride1s-epo,theta
2512,-0.0068338108773108265,patient12_window16s_stride1s-epo,theta
2513,-0.006233893998006899,patient12_window16s_stride1s-epo,theta
2514,-0.007261556752126116,patient12_window16s_stride1s-epo,theta
2515,-0.007938649876550005,patient12_window16s_stride1s-epo,theta
2516,-0.010299170476305804,patient12_window16s_stride1s-epo,theta
2517,-0.007898946295953202,patient12_window16s_stride1s-epo,theta
2518,-0.008338300741975228,patient12_window16s_stride1s-epo,theta
2519,-0.00797287399853448,patient12_window16s_stride1s-epo,theta
2520,-0.008689911402700028,patient12_window16s_stride1s-epo,theta
2521,-0.00731256028666576,patient12_window16s_stride1s-epo,theta
2522,-0.008052590899356945,patient12_window16s_stride1s-epo,theta
2523,-0.0068691206082184654,patient12_window16s_stride1s-epo,theta
2524,-0.007109499710959703,patient12_window16s_stride1s-epo,theta
2525,-0.007149392440115796,patient12_window16s_stride1s-epo,theta
2526,-0.006212330578055032,patient12_window16s_stride1s-epo,theta
2527,-0.005675158893083301,patient12_window16s_stride1s-epo,theta
2528,-0.0036633015109300456,patient12_window16s_stride1s-epo,theta
2529,-0.004118810031193009,patient12_window16s_stride1s-epo,theta
2530,-0.004062140229167974,patient12_window16s_stride1s-epo,theta
2531,-0.002107523119872775,patient12_window16s_stride1s-epo,theta
2532,-0.0030562817166881707,patient12_window16s_stride1s-epo,theta
2533,-0.0036658670590359777,patient12_window16s_stride1s-epo,theta
2534,-0.002194056575386127,patient12_window16s_stride1s-epo,theta
2535,-0.0007057396411165326,patient12_window16s_stride1s-epo,theta
2536,-0.0008765383987093865,patient12_window16s_stride1s-epo,theta
2537,-0.0028431312730961907,patient12_window16s_stride1s-epo,theta
2538,-0.003580138269029005,patient12_window16s_stride1s-epo,theta
2539,-0.004953749583690845,patient12_window16s_stride1s-epo,theta
2540,-0.004289236243011711,patient12_window16s_stride1s-epo,theta
2541,-0.00400234694857474,patient12_window16s_stride1s-epo,theta
2542,-0.0036118386795086117,patient12_window16s_stride1s-epo,theta
2543,-0.005193129857362991,patient12_window16s_stride1s-epo,theta
2544,-0.005745282628167499,patient12_window16s_stride1s-epo,theta
2545,-0.007027723534869899,patient12_window16s_stride1s-epo,theta
2546,-0.007837657004248629,patient12_window16s_stride1s-epo,theta
2547,-0.008190363008015764,patient12_window16s_stride1s-epo,theta
2548,-0.007157720508125329,patient12_window16s_stride1s-epo,theta
2549,-0.0064186256781419435,patient12_window16s_stride1s-epo,theta
2550,-0.00658199290958639,patient12_window16s_stride1s-epo,theta
2551,-0.007228823081490586,patient12_window16s_stride1s-epo,theta
2552,-0.006733907886805579,patient12_window16s_stride1s-epo,theta
2553,-0.005682569915990185,patient12_window16s_stride1s-epo,theta
2554,-0.004130563020942128,patient12_window16s_stride1s-epo,theta
2555,-0.002983489309171788,patient12_window16s_stride1s-epo,theta
2556,-0.003819911295047303,patient12_window16s_stride1s-epo,theta
2557,-0.00226743379376277,patient12_window16s_stride1s-epo,theta
2558,-0.000635234489376063,patient12_window16s_stride1s-epo,theta
2559,-0.0019946434145722857,patient12_window16s_stride1s-epo,theta
2560,-0.0021052682050782608,patient12_window16s_stride1s-epo,theta
2561,-0.002356715470602146,patient12_window16s_stride1s-epo,theta
2562,-0.0019811533460998947,patient12_window16s_stride1s-epo,theta
2563,-0.004056627422235082,patient12_window16s_stride1s-epo,theta
2564,-0.0034742631173512325,patient12_window16s_stride1s-epo,theta
2565,-0.002885888782248431,patient12_window16s_stride1s-epo,theta
2566,-0.003458330231428264,patient12_window16s_stride1s-epo,theta
2567,-0.004059871940852215,patient12_window16s_stride1s-epo,theta
2568,-0.0035097529277324535,patient12_window16s_stride1s-epo,theta
2569,-0.0028004542293496816,patient12_window16s_stride1s-epo,theta
2570,-0.002416901503933446,patient12_window16s_stride1s-epo,theta
2571,-0.004025968661199246,patient12_window16s_stride1s-epo,theta
2572,-0.0031347451772579466,patient12_window16s_stride1s-epo,theta
2573,-0.0039249632587575745,patient12_window16s_stride1s-epo,theta
2574,-0.004817500274346756,patient12_window16s_stride1s-epo,theta
2575,-0.004503249248735137,patient12_window16s_stride1s-epo,theta
2576,-0.00400387866314379,patient12_window16s_stride1s-epo,theta
2577,-0.004619649079441267,patient12_window16s_stride1s-epo,theta
2578,-0.0050910906156411825,patient12_window16s_stride1s-epo,theta
2579,-0.004438170524152102,patient12_window16s_stride1s-epo,theta
2580,-0.004966084036201306,patient12_window16s_stride1s-epo,theta
2581,-0.006455532876988995,patient12_window16s_stride1s-epo,theta
2582,-0.006016552423243835,patient12_window16s_stride1s-epo,theta
2583,-0.007465345463168867,patient12_window16s_stride1s-epo,theta
2584,-0.006663134466682315,patient12_window16s_stride1s-epo,theta
2585,-0.007643117716205186,patient12_window16s_stride1s-epo,theta
2586,-0.008889461027428743,patient12_window16s_stride1s-epo,theta
2587,-0.00882514980559437,patient12_window16s_stride1s-epo,theta
2588,-0.008554399310926483,patient12_window16s_stride1s-epo,theta
2589,-0.008628690857790545,patient12_window16s_stride1s-epo,theta
2590,-0.0073442997422996535,patient12_window16s_stride1s-epo,theta
2591,-0.005697354333939318,patient12_window16s_stride1s-epo,theta
2592,-0.006446607836731846,patient12_window16s_stride1s-epo,theta
2593,-0.006343966646403454,patient12_window16s_stride1s-epo,theta
2594,-0.00485736870394191,patient12_window16s_stride1s-epo,theta
2595,-0.004515269413698408,patient12_window16s_stride1s-epo,theta
2596,-0.004625765721919471,patient12_window16s_stride1s-epo,theta
2597,-0.0037102875516563994,patient12_window16s_stride1s-epo,theta
2598,-0.005859431222288291,patient12_window16s_stride1s-epo,theta
2599,-0.004588705923190675,patient12_window16s_stride1s-epo,theta
2600,-0.004577315845715809,patient12_window16s_stride1s-epo,theta
2601,-0.0035320611424203745,patient12_window16s_stride1s-epo,theta
2602,-0.002744404305011236,patient12_window16s_stride1s-epo,theta
2603,-0.002160365747684051,patient12_window16s_stride1s-epo,theta
2604,-0.0025721261099035447,patient12_window16s_stride1s-epo,theta
2605,-0.0024137626756298544,patient12_window16s_stride1s-epo,theta
2606,-0.0014060389442759754,patient12_window16s_stride1s-epo,theta
2607,-0.001754104392584474,patient12_window16s_stride1s-epo,theta
2608,-0.0011251218818595222,patient12_window16s_stride1s-epo,theta
2609,-0.0018218509222571334,patient12_window16s_stride1s-epo,theta
2610,-0.0023873975074939968,patient12_window16s_stride1s-epo,theta
2611,-0.002844309434361903,patient12_window16s_stride1s-epo,theta
2612,-0.0019576101946745315,patient12_window16s_stride1s-epo,theta
2613,0.0015143254117412621,patient12_window16s_stride1s-epo,theta
2614,0.0016171563917175592,patient12_window16s_stride1s-epo,theta
2615,0.0017948600669217007,patient12_window16s_stride1s-epo,theta
2616,-4.606265306192321e-05,patient12_window16s_stride1s-epo,theta
2617,-0.0010539216769314419,patient12_window16s_stride1s-epo,theta
2618,-0.0014541973581954724,patient12_window16s_stride1s-epo,theta
2619,-0.002900002667703205,patient12_window16s_stride1s-epo,theta
2620,-0.0005884403184872908,patient12_window16s_stride1s-epo,theta
2621,-0.0029340046966079315,patient12_window16s_stride1s-epo,theta
2622,-0.002833995514161035,patient12_window16s_stride1s-epo,theta
2623,-0.00280573266451816,patient12_window16s_stride1s-epo,theta
2624,-0.0043120829342994365,patient12_window16s_stride1s-epo,theta
2625,-0.004641261646409433,patient12_window16s_stride1s-epo,theta
2626,-0.005292477350091583,patient12_window16s_stride1s-epo,theta
2627,-0.004086254350811631,patient12_window16s_stride1s-epo,theta
2628,-0.004555551481274381,patient12_window16s_stride1s-epo,theta
2629,-0.005181703836500351,patient12_window16s_stride1s-epo,theta
2630,-0.005696163018985475,patient12_window16s_stride1s-epo,theta
2631,-0.006242229980271904,patient12_window16s_stride1s-epo,theta
2632,-0.005927720564537221,patient12_window16s_stride1s-epo,theta
2633,-0.006220557725789925,patient12_window16s_stride1s-epo,theta
2634,-0.006284681557273829,patient12_window16s_stride1s-epo,theta
2635,-0.005258232929366455,patient12_window16s_stride1s-epo,theta
2636,-0.006279381645685639,patient12_window16s_stride1s-epo,theta
2637,-0.004709193598326444,patient12_window16s_stride1s-epo,theta
2638,-0.003992160893226443,patient12_window16s_stride1s-epo,theta
2639,-0.004641551167312868,patient12_window16s_stride1s-epo,theta
2640,-0.004549754660945751,patient12_window16s_stride1s-epo,theta
2641,-0.00393719949223413,patient12_window16s_stride1s-epo,theta
2642,-0.003348974445900437,patient12_window16s_stride1s-epo,theta
2643,-0.004026796275139941,patient12_window16s_stride1s-epo,theta
2644,-0.004365105638938287,patient12_window16s_stride1s-epo,theta
2645,-0.003415860977011596,patient12_window16s_stride1s-epo,theta
2646,-0.0025389622011692996,patient12_window16s_stride1s-epo,theta
2647,-0.0010041524149759608,patient12_window16s_stride1s-epo,theta
2648,-0.002090391503231961,patient12_window16s_stride1s-epo,theta
2649,-0.0021355390036086504,patient12_window16s_stride1s-epo,theta
2650,-0.0029086189828750495,patient12_window16s_stride1s-epo,theta
2651,-0.004287083662591326,patient12_window16s_stride1s-epo,theta
2652,-0.006372368389550578,patient12_window16s_stride1s-epo,theta
2653,-0.00478000264987601,patient12_window16s_stride1s-epo,theta
2654,-0.003907569323249536,patient12_window16s_stride1s-epo,theta
2655,-0.003961042010287763,patient12_window16s_stride1s-epo,theta
2656,-0.00449553303541364,patient12_window16s_stride1s-epo,theta
2657,-0.004666521616173799,patient12_window16s_stride1s-epo,theta
2658,-0.005692286860942011,patient12_window16s_stride1s-epo,theta
2659,-0.006394642491696265,patient12_window16s_stride1s-epo,theta
2660,-0.006185086329343686,patient12_window16s_stride1s-epo,theta
2661,-0.007502672870472294,patient12_window16s_stride1s-epo,theta
2662,-0.007656027567185893,patient12_window16s_stride1s-epo,theta
2663,-0.008967488381266871,patient12_window16s_stride1s-epo,theta
2664,-0.007148086693697582,patient12_window16s_stride1s-epo,theta
2665,-0.006372386189707516,patient12_window16s_stride1s-epo,theta
2666,-0.0054810333600768795,patient12_window16s_stride1s-epo,theta
2667,-0.003932669377607743,patient12_window16s_stride1s-epo,theta
2668,-0.0035491928216527064,patient12_window16s_stride1s-epo,theta
2669,-0.004993832791528606,patient12_window16s_stride1s-epo,theta
2670,-0.0043590521934536094,patient12_window16s_stride1s-epo,theta
2671,-0.004084084718443893,patient12_window16s_stride1s-epo,theta
2672,-0.0034728951876103,patient12_window16s_stride1s-epo,theta
2673,-0.0004580793703872321,patient12_window16s_stride1s-epo,theta
2674,-0.002160096305493192,patient12_window16s_stride1s-epo,theta
2675,-0.0015225352524368683,patient12_window16s_stride1s-epo,theta
2676,-0.0019474892504813411,patient12_window16s_stride1s-epo,theta
2677,-0.002017393393079748,patient12_window16s_stride1s-epo,theta
2678,-0.001306020401704364,patient12_window16s_stride1s-epo,theta
2679,0.00048766898305645717,patient12_window16s_stride1s-epo,theta
2680,0.0007978929481163815,patient12_window16s_stride1s-epo,theta
2681,-1.601602944249725e-05,patient12_window16s_stride1s-epo,theta
2682,-0.0007250667974571385,patient12_window16s_stride1s-epo,theta
2683,-0.0009572328658101936,patient12_window16s_stride1s-epo,theta
2684,-9.902589294463107e-05,patient12_window16s_stride1s-epo,theta
2685,-0.00026018454521995426,patient12_window16s_stride1s-epo,theta
2686,-0.0022656872766694037,patient12_window16s_stride1s-epo,theta
2687,-0.0005036516669496608,patient12_window16s_stride1s-epo,theta
2688,-0.0022237639558067165,patient12_window16s_stride1s-epo,theta
2689,-0.003732852924064424,patient12_window16s_stride1s-epo,theta
2690,-0.001174806798718081,patient12_window16s_stride1s-epo,theta
2691,-0.001695442801538601,patient12_window16s_stride1s-epo,theta
2692,-0.0007642183498639412,patient12_window16s_stride1s-epo,theta
2693,-0.0005539046736355142,patient12_window16s_stride1s-epo,theta
2694,-0.0009037335425028449,patient12_window16s_stride1s-epo,theta
2695,-0.0027119234895727653,patient12_window16s_stride1s-epo,theta
2696,-0.002958319652721871,patient12_window16s_stride1s-epo,theta
2697,-0.0038170697973813417,patient12_window16s_stride1s-epo,theta
2698,-0.0031399229018056734,patient12_window16s_stride1s-epo,theta
2699,-0.002216242651145535,patient12_window16s_stride1s-epo,theta
2700,-0.0012057980462014167,patient12_window16s_stride1s-epo,theta
2701,-0.0014019442180868802,patient12_window16s_stride1s-epo,theta
2702,-0.0009653825042912786,patient12_window16s_stride1s-epo,theta
2703,-0.002426177677344023,patient12_window16s_stride1s-epo,theta
2704,-0.0035317750689433922,patient12_window16s_stride1s-epo,theta
2705,-0.003822287908278756,patient12_window16s_stride1s-epo,theta
2706,-0.0032963701299706786,patient12_window16s_stride1s-epo,theta
2707,-0.004189437429898734,patient12_window16s_stride1s-epo,theta
2708,-0.004457713739364856,patient12_window16s_stride1s-epo,theta
2709,-0.005974404551395244,patient12_window16s_stride1s-epo,theta
2710,-0.0076493517640564175,patient12_window16s_stride1s-epo,theta
2711,-0.007095332762184433,patient12_window16s_stride1s-epo,theta
2712,-0.00572537777666113,patient12_window16s_stride1s-epo,theta
2713,-0.005838191976662094,patient12_window16s_stride1s-epo,theta
2714,-0.005755930701633627,patient12_window16s_stride1s-epo,theta
2715,-0.005030486895541174,patient12_window16s_stride1s-epo,theta
2716,-0.004813928749448137,patient12_window16s_stride1s-epo,theta
2717,-0.0052063015759783735,patient12_window16s_stride1s-epo,theta
2718,-0.003957357624329752,patient12_window16s_stride1s-epo,theta
2719,-0.0019461959136483076,patient12_window16s_stride1s-epo,theta
2720,-0.0006912652609412763,patient12_window16s_stride1s-epo,theta
2721,-0.0013804638882392397,patient12_window16s_stride1s-epo,theta
2722,-0.0007711318682896735,patient12_window16s_stride1s-epo,theta
2723,-0.0006982449139051631,patient12_window16s_stride1s-epo,theta
2724,-0.0015793850411911414,patient12_window16s_stride1s-epo,theta
2725,-0.0017951585655830648,patient12_window16s_stride1s-epo,theta
2726,-3.341738241362345e-05,patient12_window16s_stride1s-epo,theta
2727,-0.0007181113625229458,patient12_window16s_stride1s-epo,theta
2728,-0.002752697432165656,patient12_window16s_stride1s-epo,theta
2729,-0.0012777594077929527,patient12_window16s_stride1s-epo,theta
2730,-0.0007771775317209927,patient12_window16s_stride1s-epo,theta
2731,-0.00022083076958057866,patient12_window16s_stride1s-epo,theta
2732,-0.0005813360204226813,patient12_window16s_stride1s-epo,theta
2733,-0.0018199849034821866,patient12_window16s_stride1s-epo,theta
2734,-0.0025232005257124295,patient12_window16s_stride1s-epo,theta
2735,-0.0035647866551271434,patient12_window16s_stride1s-epo,theta
2736,-0.002390600250320501,patient12_window16s_stride1s-epo,theta
2737,-0.004052785301184248,patient12_window16s_stride1s-epo,theta
2738,-0.0038540199161845633,patient12_window16s_stride1s-epo,theta
2739,-0.0019906862426774183,patient12_window16s_stride1s-epo,theta
2740,-0.00159286278048871,patient12_window16s_stride1s-epo,theta
2741,-0.0007366069751270641,patient12_window16s_stride1s-epo,theta
2742,-0.001463758119415563,patient12_window16s_stride1s-epo,theta
2743,-0.0009885645082590203,patient12_window16s_stride1s-epo,theta
2744,-0.000725205109355818,patient12_window16s_stride1s-epo,theta
2745,-0.0031244407908388476,patient12_window16s_stride1s-epo,theta
2746,-0.002963525382522072,patient12_window16s_stride1s-epo,theta
2747,-0.00279747047943279,patient12_window16s_stride1s-epo,theta
2748,-0.003957482632584657,patient12_window16s_stride1s-epo,theta
2749,-0.0028384763527323684,patient12_window16s_stride1s-epo,theta
2750,-0.004835870369538775,patient12_window16s_stride1s-epo,theta
2751,-0.004019050957098142,patient12_window16s_stride1s-epo,theta
2752,-0.004120606934974932,patient12_window16s_stride1s-epo,theta
2753,-0.0038213785491640158,patient12_window16s_stride1s-epo,theta
2754,-0.004232035229279632,patient12_window16s_stride1s-epo,theta
2755,-0.004286718071975763,patient12_window16s_stride1s-epo,theta
2756,-0.0046434340396912565,patient12_window16s_stride1s-epo,theta
2757,-0.005039649567704034,patient12_window16s_stride1s-epo,theta
2758,-0.005668997557165315,patient12_window16s_stride1s-epo,theta
2759,-0.006256456264611947,patient12_window16s_stride1s-epo,theta
2760,-0.005351555585162378,patient12_window16s_stride1s-epo,theta
2761,-0.005914085324920719,patient12_window16s_stride1s-epo,theta
2762,-0.008637309433302608,patient12_window16s_stride1s-epo,theta
2763,-0.008928143479088584,patient12_window16s_stride1s-epo,theta
2764,-0.008631106142306895,patient12_window16s_stride1s-epo,theta
2765,-0.007558992000610561,patient12_window16s_stride1s-epo,theta
2766,-0.004979274185852381,patient12_window16s_stride1s-epo,theta
2767,-0.005499525513884987,patient12_window16s_stride1s-epo,theta
2768,-0.0063871084623002535,patient12_window16s_stride1s-epo,theta
2769,-0.004921699016741248,patient12_window16s_stride1s-epo,theta
2770,-0.007109485603110806,patient12_window16s_stride1s-epo,theta
2771,-0.0060530493627708,patient12_window16s_stride1s-epo,theta
2772,-0.006485164913787917,patient12_window16s_stride1s-epo,theta
2773,-0.007558757829460822,patient12_window16s_stride1s-epo,theta
2774,-0.006854371032976925,patient12_window16s_stride1s-epo,theta
2775,-0.005944194564472287,patient12_window16s_stride1s-epo,theta
2776,-0.00561860484157645,patient12_window16s_stride1s-epo,theta
2777,-0.005978750167851818,patient12_window16s_stride1s-epo,theta
2778,-0.006427406120233752,patient12_window16s_stride1s-epo,theta
2779,-0.006530650953397501,patient12_window16s_stride1s-epo,theta
2780,-0.006386948775877346,patient12_window16s_stride1s-epo,theta
2781,-0.007458656299024676,patient12_window16s_stride1s-epo,theta
2782,-0.007515218416013368,patient12_window16s_stride1s-epo,theta
2783,-0.006623292717032293,patient12_window16s_stride1s-epo,theta
2784,-0.007536672974043566,patient12_window16s_stride1s-epo,theta
2785,-0.008387069376650002,patient12_window16s_stride1s-epo,theta
2786,-0.0065957822851340385,patient12_window16s_stride1s-epo,theta
2787,-0.007236308322477076,patient12_window16s_stride1s-epo,theta
2788,-0.006001247740541615,patient12_window16s_stride1s-epo,theta
2789,-0.0018337304624775118,patient12_window16s_stride1s-epo,theta
2790,-0.002869327298261867,patient12_window16s_stride1s-epo,theta
2791,-0.002089042832739343,patient12_window16s_stride1s-epo,theta
2792,-0.002544323221413597,patient12_window16s_stride1s-epo,theta
2793,-0.002328868801511468,patient12_window16s_stride1s-epo,theta
2794,-0.0019256235537210061,patient12_window16s_stride1s-epo,theta
2795,-0.001719170970091434,patient12_window16s_stride1s-epo,theta
2796,-0.0011365998605368617,patient12_window16s_stride1s-epo,theta
2797,-0.0021889097907491013,patient12_window16s_stride1s-epo,theta
2798,-0.0019372313950160723,patient12_window16s_stride1s-epo,theta
2799,-0.001799018936793128,patient12_window16s_stride1s-epo,theta
2800,-0.0013911374646537668,patient12_window16s_stride1s-epo,theta
2801,-0.0023645269242430524,patient12_window16s_stride1s-epo,theta
2802,-0.0015212508413379215,patient12_window16s_stride1s-epo,theta
2803,-0.0012991435934302585,patient12_window16s_stride1s-epo,theta
2804,-0.001199942049286754,patient12_window16s_stride1s-epo,theta
2805,-0.0030879549028497103,patient12_window16s_stride1s-epo,theta
2806,-0.0044064735730484535,patient12_window16s_stride1s-epo,theta
2807,-0.0046904049968720446,patient12_window16s_stride1s-epo,theta
2808,-0.00671607586405681,patient12_window16s_stride1s-epo,theta
2809,-0.0059895731136188,patient12_window16s_stride1s-epo,theta
2810,-0.0067339501862177485,patient12_window16s_stride1s-epo,theta
2811,-0.006286284335998986,patient12_window16s_stride1s-epo,theta
2812,-0.004946067775533022,patient12_window16s_stride1s-epo,theta
2813,-0.004297290038583706,patient12_window16s_stride1s-epo,theta
2814,-0.00499757396036992,patient12_window16s_stride1s-epo,theta
2815,-0.004586127304556459,patient12_window16s_stride1s-epo,theta
2816,-0.0037548231980021668,patient12_window16s_stride1s-epo,theta
2817,-0.004036699503953793,patient12_window16s_stride1s-epo,theta
2818,-0.0038466122112069522,patient12_window16s_stride1s-epo,theta
2819,-0.003470590411402431,patient12_window16s_stride1s-epo,theta
2820,-0.002388014403414063,patient12_window16s_stride1s-epo,theta
2821,-0.0008397953486310067,patient12_window16s_stride1s-epo,theta
2822,-0.0003059299972263623,patient12_window16s_stride1s-epo,theta
2823,9.267963376958676e-05,patient12_window16s_stride1s-epo,theta
2824,0.0013557189234071516,patient12_window16s_stride1s-epo,theta
2825,0.001730221677857275,patient12_window16s_stride1s-epo,theta
2826,0.0014497154452749103,patient12_window16s_stride1s-epo,theta
2827,-0.00032460666200904574,patient12_window16s_stride1s-epo,theta
2828,-0.0010759492420297663,patient12_window16s_stride1s-epo,theta
2829,-0.0013258203887402788,patient12_window16s_stride1s-epo,theta
2830,2.4235081468624624e-06,patient12_window16s_stride1s-epo,theta
2831,-0.0003635563295032844,patient12_window16s_stride1s-epo,theta
2832,-0.0005326361295467413,patient12_window16s_stride1s-epo,theta
2833,0.00027630014776558085,patient12_window16s_stride1s-epo,theta
2834,-0.0017989798915501612,patient12_window16s_stride1s-epo,theta
2835,-0.002555845898032134,patient12_window16s_stride1s-epo,theta
2836,-0.004203003596790494,patient12_window16s_stride1s-epo,theta
2837,-0.004894309837906623,patient12_window16s_stride1s-epo,theta
2838,-0.005425406293425155,patient12_window16s_stride1s-epo,theta
2839,-0.004591201441531091,patient12_window16s_stride1s-epo,theta
2840,-0.004626710895018184,patient12_window16s_stride1s-epo,theta
2841,-0.0038133834461693402,patient12_window16s_stride1s-epo,theta
2842,-0.0035165509227371157,patient12_window16s_stride1s-epo,theta
2843,-0.0028085773089968685,patient12_window16s_stride1s-epo,theta
2844,-0.0032883297094875867,patient12_window16s_stride1s-epo,theta
2845,-0.002366823102120944,patient12_window16s_stride1s-epo,theta
2846,-0.0013665763845657434,patient12_window16s_stride1s-epo,theta
2847,-0.002064115400154565,patient12_window16s_stride1s-epo,theta
2848,-0.002300712601333697,patient12_window16s_stride1s-epo,theta
2849,-0.0006035579867883883,patient12_window16s_stride1s-epo,theta
2850,-0.0009247516578644382,patient12_window16s_stride1s-epo,theta
2851,-0.0007210279022585976,patient12_window16s_stride1s-epo,theta
2852,-0.0010524182016577377,patient12_window16s_stride1s-epo,theta
2853,0.00021378781721452015,patient12_window16s_stride1s-epo,theta
2854,0.0007494746075912643,patient12_window16s_stride1s-epo,theta
2855,-0.0005238095140476533,patient12_window16s_stride1s-epo,theta
2856,-0.0005774526415512273,patient12_window16s_stride1s-epo,theta
2857,6.637615768226573e-05,patient12_window16s_stride1s-epo,theta
2858,-0.00040708162232841515,patient12_window16s_stride1s-epo,theta
2859,0.0003892232436230064,patient12_window16s_stride1s-epo,theta
2860,-0.000862199532820354,patient12_window16s_stride1s-epo,theta
2861,0.0005816981407728149,patient12_window16s_stride1s-epo,theta
2862,-0.0018907082600687982,patient12_window16s_stride1s-epo,theta
2863,0.00034254914110712836,patient12_window16s_stride1s-epo,theta
2864,0.00044986728651941297,patient12_window16s_stride1s-epo,theta
2865,0.000628398997454168,patient12_window16s_stride1s-epo,theta
2866,-0.0006163092165637015,patient12_window16s_stride1s-epo,theta
2867,0.0009116918440063324,patient12_window16s_stride1s-epo,theta
2868,0.0001227519405533079,patient12_window16s_stride1s-epo,theta
2869,0.0005720421273859063,patient12_window16s_stride1s-epo,theta
2870,0.0003715783432433399,patient12_window16s_stride1s-epo,theta
2871,0.0005814876518859646,patient12_window16s_stride1s-epo,theta
2872,-0.0023499712952931304,patient12_window16s_stride1s-epo,theta
2873,-0.0015369598795787187,patient12_window16s_stride1s-epo,theta
2874,-0.0011524932340526916,patient12_window16s_stride1s-epo,theta
2875,-0.0013621007426323822,patient12_window16s_stride1s-epo,theta
2876,-0.001137194147169204,patient12_window16s_stride1s-epo,theta
2877,-0.0010223279923847583,patient12_window16s_stride1s-epo,theta
2878,-0.0013269499671730405,patient12_window16s_stride1s-epo,theta
2879,-0.0015669058670805943,patient12_window16s_stride1s-epo,theta
2880,-0.002798070268472769,patient12_window16s_stride1s-epo,theta
2881,-0.0030182599232307086,patient12_window16s_stride1s-epo,theta
2882,-0.002872650530848212,patient12_window16s_stride1s-epo,theta
2883,-0.0029798684013142124,patient12_window16s_stride1s-epo,theta
2884,-0.0037397359171214674,patient12_window16s_stride1s-epo,theta
2885,-0.0040099275885863706,patient12_window16s_stride1s-epo,theta
2886,-0.0037616695689240923,patient12_window16s_stride1s-epo,theta
2887,-0.0028764227074728416,patient12_window16s_stride1s-epo,theta
2888,-0.002157437522953157,patient12_window16s_stride1s-epo,theta
2889,-0.0018697816871994027,patient12_window16s_stride1s-epo,theta
2890,-0.001939088286433617,patient12_window16s_stride1s-epo,theta
2891,-0.0019266935789145046,patient12_window16s_stride1s-epo,theta
2892,-0.002583736079678821,patient12_window16s_stride1s-epo,theta
2893,-0.004568565525662953,patient12_window16s_stride1s-epo,theta
2894,-0.003770437618742566,patient12_window16s_stride1s-epo,theta
2895,-0.0038681317824920914,patient12_window16s_stride1s-epo,theta
2896,-0.0022468312158543816,patient12_window16s_stride1s-epo,theta
2897,-0.002676096051587305,patient12_window16s_stride1s-epo,theta
2898,-0.0012719862264372705,patient12_window16s_stride1s-epo,theta
2899,-0.0007837057070994843,patient12_window16s_stride1s-epo,theta
2900,-0.001786878958024992,patient12_window16s_stride1s-epo,theta
2901,-0.0017490120013984108,patient12_window16s_stride1s-epo,theta
2902,-0.0022970534774380907,patient12_window16s_stride1s-epo,theta
2903,-0.0033582811090209297,patient12_window16s_stride1s-epo,theta
2904,-0.0030275251492895548,patient12_window16s_stride1s-epo,theta
2905,-0.002898295471510645,patient12_window16s_stride1s-epo,theta
2906,-0.0018563863901260068,patient12_window16s_stride1s-epo,theta
2907,-0.004335833029859999,patient12_window16s_stride1s-epo,theta
2908,-0.004129963361643197,patient12_window16s_stride1s-epo,theta
2909,-0.001790707542378762,patient12_window16s_stride1s-epo,theta
2910,-0.003287111462683571,patient12_window16s_stride1s-epo,theta
2911,-0.004103582699034657,patient12_window16s_stride1s-epo,theta
2912,-0.004862424400611401,patient12_window16s_stride1s-epo,theta
2913,-0.005549318843970185,patient12_window16s_stride1s-epo,theta
2914,-0.006144873472101285,patient12_window16s_stride1s-epo,theta
2915,-0.005897021371946177,patient12_window16s_stride1s-epo,theta
2916,-0.007272519714886849,patient12_window16s_stride1s-epo,theta
2917,-0.007257462566233955,patient12_window16s_stride1s-epo,theta
2918,-0.005291492581000398,patient12_window16s_stride1s-epo,theta
2919,-0.003802787503574414,patient12_window16s_stride1s-epo,theta
2920,-0.0034214243024100056,patient12_window16s_stride1s-epo,theta
2921,-0.0040882233574762415,patient12_window16s_stride1s-epo,theta
2922,-0.004954102075579258,patient12_window16s_stride1s-epo,theta
2923,-0.004732094581889254,patient12_window16s_stride1s-epo,theta
2924,-0.004408066372423834,patient12_window16s_stride1s-epo,theta
2925,-0.003733351953175674,patient12_window16s_stride1s-epo,theta
2926,-0.004371344502023566,patient12_window16s_stride1s-epo,theta
2927,-0.005059231667001604,patient12_window16s_stride1s-epo,theta
2928,-0.005453375941429792,patient12_window16s_stride1s-epo,theta
2929,-0.00420858171385591,patient12_window16s_stride1s-epo,theta
2930,-0.0056107922152394095,patient12_window16s_stride1s-epo,theta
2931,-0.007260028895857756,patient12_window16s_stride1s-epo,theta
2932,-0.004668056672527,patient12_window16s_stride1s-epo,theta
2933,-0.004232140375366223,patient12_window16s_stride1s-epo,theta
2934,-0.006411922993260279,patient12_window16s_stride1s-epo,theta
2935,-0.006001152722181242,patient12_window16s_stride1s-epo,theta
2936,-0.005788927380546823,patient12_window16s_stride1s-epo,theta
2937,-0.004506297526999622,patient12_window16s_stride1s-epo,theta
2938,-0.005634509156991239,patient12_window16s_stride1s-epo,theta
2939,-0.004664716119016462,patient12_window16s_stride1s-epo,theta
2940,-0.005666439218382331,patient12_window16s_stride1s-epo,theta
2941,-0.0041380592388100546,patient12_window16s_stride1s-epo,theta
2942,-0.003948219860177699,patient12_window16s_stride1s-epo,theta
2943,-0.004386403632153035,patient12_window16s_stride1s-epo,theta
2944,-0.003947313602367606,patient12_window16s_stride1s-epo,theta
2945,-0.004661704690801836,patient12_window16s_stride1s-epo,theta
2946,-0.0018715737052514873,patient12_window16s_stride1s-epo,theta
2947,-0.001114770590695519,patient12_window16s_stride1s-epo,theta
2948,-0.002225634057588564,patient12_window16s_stride1s-epo,theta
2949,-0.0029024990634822123,patient12_window16s_stride1s-epo,theta
2950,-0.00301395742304187,patient12_window16s_stride1s-epo,theta
2951,-0.003749543565281307,patient12_window16s_stride1s-epo,theta
2952,-0.003654596488078501,patient12_window16s_stride1s-epo,theta
2953,-0.0038406533753652643,patient12_window16s_stride1s-epo,theta
2954,-0.0029535401144862453,patient12_window16s_stride1s-epo,theta
2955,-0.0035822311630425434,patient12_window16s_stride1s-epo,theta
2956,-0.002971970762894984,patient12_window16s_stride1s-epo,theta
2957,-0.0023121266449508387,patient12_window16s_stride1s-epo,theta
2958,-0.0029136163178610074,patient12_window16s_stride1s-epo,theta
2959,-0.0018553985159923021,patient12_window16s_stride1s-epo,theta
2960,-0.0028493309505544457,patient12_window16s_stride1s-epo,theta
2961,-0.0028658974599518063,patient12_window16s_stride1s-epo,theta
2962,-0.0018670995540893745,patient12_window16s_stride1s-epo,theta
2963,-0.0022909361415474148,patient12_window16s_stride1s-epo,theta
2964,-0.0038695602951498258,patient12_window16s_stride1s-epo,theta
2965,-0.0034952000767196055,patient12_window16s_stride1s-epo,theta
2966,-0.0014000425399561,patient12_window16s_stride1s-epo,theta
2967,-0.002842060970848963,patient12_window16s_stride1s-epo,theta
2968,-0.0037788318495497685,patient12_window16s_stride1s-epo,theta
2969,-0.0032910703544599697,patient12_window16s_stride1s-epo,theta
2970,-0.004646706832910962,patient12_window16s_stride1s-epo,theta
2971,-0.003976025737741946,patient12_window16s_stride1s-epo,theta
2972,-0.002310866448375775,patient12_window16s_stride1s-epo,theta
2973,-0.0036060185939231115,patient12_window16s_stride1s-epo,theta
2974,-0.0005402390581005251,patient12_window16s_stride1s-epo,theta
2975,-0.003681415786000689,patient12_window16s_stride1s-epo,theta
2976,-0.001849052953521366,patient12_window16s_stride1s-epo,theta
2977,-0.0011747518495846818,patient12_window16s_stride1s-epo,theta
2978,-0.001222676973988491,patient12_window16s_stride1s-epo,theta
2979,-0.00014689122586224401,patient12_window16s_stride1s-epo,theta
2980,0.0008622574854086454,patient12_window16s_stride1s-epo,theta
2981,-0.0015019528617100674,patient12_window16s_stride1s-epo,theta
2982,-0.0014539607817778651,patient12_window16s_stride1s-epo,theta
2983,0.00047489444204404656,patient12_window16s_stride1s-epo,theta
2984,0.0025565471160618808,patient12_window16s_stride1s-epo,theta
2985,0.0014503912548673012,patient12_window16s_stride1s-epo,theta
2986,0.0016849762319896319,patient12_window16s_stride1s-epo,theta
2987,0.0008206188834553658,patient12_window16s_stride1s-epo,theta
2988,0.0027639133303533235,patient12_window16s_stride1s-epo,theta
2989,0.0005644552531191075,patient12_window16s_stride1s-epo,theta
2990,-6.232487213893439e-05,patient12_window16s_stride1s-epo,theta
2991,0.0007075272762726601,patient12_window16s_stride1s-epo,theta
2992,-0.0006138476996716653,patient12_window16s_stride1s-epo,theta
2993,-0.0004543410636501613,patient12_window16s_stride1s-epo,theta
2994,-0.002543149271341991,patient12_window16s_stride1s-epo,theta
2995,-0.0031939513546651267,patient12_window16s_stride1s-epo,theta
2996,-0.0046858749836374315,patient12_window16s_stride1s-epo,theta
2997,-0.005591310515291071,patient12_window16s_stride1s-epo,theta
2998,-0.0067372043346582405,patient12_window16s_stride1s-epo,theta
2999,-0.004988779236199672,patient12_window16s_stride1s-epo,theta
3000,-0.005295034927610132,patient12_window16s_stride1s-epo,theta
3001,-0.006250517587740218,patient12_window16s_stride1s-epo,theta
3002,-0.006187532852928602,patient12_window16s_stride1s-epo,theta
3003,-0.0057447841428864485,patient12_window16s_stride1s-epo,theta
3004,-0.007837489444274329,patient12_window16s_stride1s-epo,theta
3005,-0.007723876317074807,patient12_window16s_stride1s-epo,theta
3006,-0.006734494411984118,patient12_window16s_stride1s-epo,theta
3007,-0.006276574133305482,patient12_window16s_stride1s-epo,theta
3008,-0.00709069310564962,patient12_window16s_stride1s-epo,theta
3009,-0.005219671182558005,patient12_window16s_stride1s-epo,theta
3010,-0.004594322167545561,patient12_window16s_stride1s-epo,theta
3011,-0.004167176001616058,patient12_window16s_stride1s-epo,theta
3012,-0.005605884203499841,patient12_window16s_stride1s-epo,theta
3013,-0.004742356965304668,patient12_window16s_stride1s-epo,theta
3014,-0.004348422844080674,patient12_window16s_stride1s-epo,theta
3015,-0.005128031180252612,patient12_window16s_stride1s-epo,theta
3016,-0.006284290299812916,patient12_window16s_stride1s-epo,theta
3017,-0.005922482252902065,patient12_window16s_stride1s-epo,theta
3018,-0.007151349157863011,patient12_window16s_stride1s-epo,theta
3019,-0.007677303028557773,patient12_window16s_stride1s-epo,theta
3020,-0.0074027857224765944,patient12_window16s_stride1s-epo,theta
3021,-0.006134680396172824,patient12_window16s_stride1s-epo,theta
3022,-0.006860101447308518,patient12_window16s_stride1s-epo,theta
3023,-0.006701829731517967,patient12_window16s_stride1s-epo,theta
3024,-0.009017984744983049,patient12_window16s_stride1s-epo,theta
3025,-0.009471472078888994,patient12_window16s_stride1s-epo,theta
3026,-0.010314417556873018,patient12_window16s_stride1s-epo,theta
3027,-0.01111502256890059,patient12_window16s_stride1s-epo,theta
3028,-0.01178497647396881,patient12_window16s_stride1s-epo,theta
3029,-0.011488196402488252,patient12_window16s_stride1s-epo,theta
3030,-0.01081537946702166,patient12_window16s_stride1s-epo,theta
3031,-0.01127384917294791,patient12_window16s_stride1s-epo,theta
3032,-0.010021714595691822,patient12_window16s_stride1s-epo,theta
3033,-0.010223441304799505,patient12_window16s_stride1s-epo,theta
3034,-0.008154943384843011,patient12_window16s_stride1s-epo,theta
3035,-0.008311309580181277,patient12_window16s_stride1s-epo,theta
3036,-0.007690814516398596,patient12_window16s_stride1s-epo,theta
3037,-0.008317179706549124,patient12_window16s_stride1s-epo,theta
3038,-0.00579835869245689,patient12_window16s_stride1s-epo,theta
3039,-0.008083172578491893,patient12_window16s_stride1s-epo,theta
3040,-0.004895556955704544,patient12_window16s_stride1s-epo,theta
3041,-0.004190942333630267,patient12_window16s_stride1s-epo,theta
3042,-0.0022598978367677825,patient12_window16s_stride1s-epo,theta
3043,-0.0018647109308088533,patient12_window16s_stride1s-epo,theta
3044,-0.0019556387387881066,patient12_window16s_stride1s-epo,theta
3045,-0.001566896403786233,patient12_window16s_stride1s-epo,theta
3046,-0.0011275299438283613,patient12_window16s_stride1s-epo,theta
3047,-0.001934592992097029,patient12_window16s_stride1s-epo,theta
3048,-0.0015924353601036946,patient12_window16s_stride1s-epo,theta
3049,-0.0009353888426940046,patient12_window16s_stride1s-epo,theta
3050,-0.0024331497289169363,patient12_window16s_stride1s-epo,theta
3051,-0.0024486914700073852,patient12_window16s_stride1s-epo,theta
3052,-0.0022052703260460717,patient12_window16s_stride1s-epo,theta
3053,-0.0017749901494428357,patient12_window16s_stride1s-epo,theta
3054,-0.003318967975934815,patient12_window16s_stride1s-epo,theta
3055,-0.004104997024456034,patient12_window16s_stride1s-epo,theta
3056,-0.004248598840724877,patient12_window16s_stride1s-epo,theta
3057,-0.0034223382525637707,patient12_window16s_stride1s-epo,theta
3058,-0.0032427659310765313,patient12_window16s_stride1s-epo,theta
3059,-0.0042399980194083855,patient12_window16s_stride1s-epo,theta
3060,-0.0028717913614163698,patient12_window16s_stride1s-epo,theta
3061,-0.002126904141664878,patient12_window16s_stride1s-epo,theta
3062,-0.002539599287214391,patient12_window16s_stride1s-epo,theta
3063,-0.002149237065080186,patient12_window16s_stride1s-epo,theta
3064,-0.003538986803764326,patient12_window16s_stride1s-epo,theta
3065,-0.00584058679492669,patient12_window16s_stride1s-epo,theta
3066,-0.004888524186182207,patient12_window16s_stride1s-epo,theta
3067,-0.00420460894284269,patient12_window16s_stride1s-epo,theta
3068,-0.002810893950484136,patient12_window16s_stride1s-epo,theta
3069,-0.002649399810951984,patient12_window16s_stride1s-epo,theta
3070,-0.004466813112289982,patient12_window16s_stride1s-epo,theta
3071,-0.0028704769662064016,patient12_window16s_stride1s-epo,theta
3072,-0.004009400305186862,patient12_window16s_stride1s-epo,theta
3073,-0.004019035478149902,patient12_window16s_stride1s-epo,theta
3074,-0.00456121538445331,patient12_window16s_stride1s-epo,theta
3075,-0.00491805385686994,patient12_window16s_stride1s-epo,theta
3076,-0.005245795208141328,patient12_window16s_stride1s-epo,theta
3077,-0.005342243746805064,patient12_window16s_stride1s-epo,theta
3078,-0.0040993117634078174,patient12_window16s_stride1s-epo,theta
3079,-0.0033758262387632992,patient12_window16s_stride1s-epo,theta
3080,-0.002581247331429371,patient12_window16s_stride1s-epo,theta
3081,-0.002199974559573762,patient12_window16s_stride1s-epo,theta
3082,-0.002646235377787051,patient12_window16s_stride1s-epo,theta
3083,-0.0016695004687854592,patient12_window16s_stride1s-epo,theta
3084,-0.0018451976496543013,patient12_window16s_stride1s-epo,theta
3085,-0.0038537431844691585,patient12_window16s_stride1s-epo,theta
3086,-0.003384413354508769,patient12_window16s_stride1s-epo,theta
3087,-0.0027217300727012087,patient12_window16s_stride1s-epo,theta
3088,-0.0024245745015370177,patient12_window16s_stride1s-epo,theta
3089,-0.0015917621495203603,patient12_window16s_stride1s-epo,theta
3090,-0.0020194214074335756,patient12_window16s_stride1s-epo,theta
3091,-0.0017679494376197796,patient12_window16s_stride1s-epo,theta
3092,-0.0031585235218330797,patient12_window16s_stride1s-epo,theta
3093,-0.0014924779557712593,patient12_window16s_stride1s-epo,theta
3094,-0.0012103167065696076,patient12_window16s_stride1s-epo,theta
3095,-0.0015109987594759328,patient12_window16s_stride1s-epo,theta
3096,-0.0024654382268428842,patient12_window16s_stride1s-epo,theta
3097,-0.0019439962012555998,patient12_window16s_stride1s-epo,theta
3098,-0.00041295828275510926,patient12_window16s_stride1s-epo,theta
3099,-0.0006866674818547468,patient12_window16s_stride1s-epo,theta
3100,-0.0007903009867890888,patient12_window16s_stride1s-epo,theta
3101,0.0004843904530750226,patient12_window16s_stride1s-epo,theta
3102,0.0011352820082893569,patient12_window16s_stride1s-epo,theta
3103,0.0004973355904492228,patient12_window16s_stride1s-epo,theta
3104,0.0005443132648158444,patient12_window16s_stride1s-epo,theta
3105,-0.0002945043028049204,patient12_window16s_stride1s-epo,theta
3106,-0.0005256731004109804,patient12_window16s_stride1s-epo,theta
3107,-0.003319088587260874,patient12_window16s_stride1s-epo,theta
3108,-0.001644329405432658,patient12_window16s_stride1s-epo,theta
3109,-0.003204120401447572,patient12_window16s_stride1s-epo,theta
3110,-0.003983777766695498,patient12_window16s_stride1s-epo,theta
3111,-0.0031969542277221004,patient12_window16s_stride1s-epo,theta
3112,-0.003964671362835242,patient12_window16s_stride1s-epo,theta
3113,-0.0040183243282671515,patient12_window16s_stride1s-epo,theta
3114,-0.0034477928102190124,patient12_window16s_stride1s-epo,theta
3115,-0.003717460963970677,patient12_window16s_stride1s-epo,theta
3116,-0.0038046279995108336,patient12_window16s_stride1s-epo,theta
3117,-0.003742001572765229,patient12_window16s_stride1s-epo,theta
3118,-0.005101544754461285,patient12_window16s_stride1s-epo,theta
3119,-0.0038375646324955706,patient12_window16s_stride1s-epo,theta
3120,-0.0032297074548182387,patient12_window16s_stride1s-epo,theta
3121,-0.003666777611775582,patient12_window16s_stride1s-epo,theta
3122,-0.00374853307941467,patient12_window16s_stride1s-epo,theta
3123,-0.003246542923865845,patient12_window16s_stride1s-epo,theta
3124,-0.002609859134570689,patient12_window16s_stride1s-epo,theta
3125,-0.0034501705269288745,patient12_window16s_stride1s-epo,theta
3126,-0.003674204922159,patient12_window16s_stride1s-epo,theta
3127,-0.0022939345455693897,patient12_window16s_stride1s-epo,theta
3128,-0.0022892091613387787,patient12_window16s_stride1s-epo,theta
3129,-0.0041889800856718794,patient12_window16s_stride1s-epo,theta
3130,-0.0025401000949631975,patient12_window16s_stride1s-epo,theta
3131,-0.0021823034484639257,patient12_window16s_stride1s-epo,theta
3132,-0.0012842931218243448,patient12_window16s_stride1s-epo,theta
3133,-0.0012401791418475815,patient12_window16s_stride1s-epo,theta
3134,0.0001548877736923377,patient12_window16s_stride1s-epo,theta
3135,-0.00030190187289362303,patient12_window16s_stride1s-epo,theta
3136,0.0009448842610204879,patient12_window16s_stride1s-epo,theta
3137,0.00012959587330220015,patient12_window16s_stride1s-epo,theta
3138,-0.001053400300678033,patient12_window16s_stride1s-epo,theta
3139,-0.000591831706377853,patient12_window16s_stride1s-epo,theta
3140,-0.0011684446579191094,patient12_window16s_stride1s-epo,theta
3141,-0.0016785846116272097,patient12_window16s_stride1s-epo,theta
3142,0.0009332913162825614,patient12_window16s_stride1s-epo,theta
3143,-0.0006779696744064578,patient12_window16s_stride1s-epo,theta
3144,-0.0012884506880452384,patient12_window16s_stride1s-epo,theta
3145,-0.00018388816001382998,patient12_window16s_stride1s-epo,theta
3146,-0.0007484324623039963,patient12_window16s_stride1s-epo,theta
3147,-0.0010614865790511705,patient12_window16s_stride1s-epo,theta
3148,-0.0015874032707750365,patient12_window16s_stride1s-epo,theta
3149,-0.0031189788181168257,patient12_window16s_stride1s-epo,theta
3150,-0.0024819866884008626,patient12_window16s_stride1s-epo,theta
3151,-0.001710779738081383,patient12_window16s_stride1s-epo,theta
3152,-0.0020468744134706975,patient12_window16s_stride1s-epo,theta
3153,-0.002340549742542076,patient12_window16s_stride1s-epo,theta
3154,-0.002017101693722096,patient12_window16s_stride1s-epo,theta
3155,-0.0013527970567674542,patient12_window16s_stride1s-epo,theta
3156,-0.00032048053854132324,patient12_window16s_stride1s-epo,theta
3157,-0.0006230250628087087,patient12_window16s_stride1s-epo,theta
3158,0.000552068299766352,patient12_window16s_stride1s-epo,theta
3159,0.0005568434310579323,patient12_window16s_stride1s-epo,theta
3160,-0.00017295165305948224,patient12_window16s_stride1s-epo,theta
3161,1.2018667711185936e-05,patient12_window16s_stride1s-epo,theta
3162,-0.0024829962844386635,patient12_window16s_stride1s-epo,theta
3163,-0.0032939724880275455,patient12_window16s_stride1s-epo,theta
3164,-0.0024587350778768626,patient12_window16s_stride1s-epo,theta
3165,-0.00396871173381975,patient12_window16s_stride1s-epo,theta
3166,-0.0034090994776991863,patient12_window16s_stride1s-epo,theta
3167,-0.0019832699172477324,patient12_window16s_stride1s-epo,theta
3168,-0.0016050200896250777,patient12_window16s_stride1s-epo,theta
3169,-0.0018760684513043709,patient12_window16s_stride1s-epo,theta
3170,-0.0023043154340065416,patient12_window16s_stride1s-epo,theta
3171,-0.002101942329134558,patient12_window16s_stride1s-epo,theta
3172,-0.003688798749821262,patient12_window16s_stride1s-epo,theta
3173,-0.005280026728161762,patient12_window16s_stride1s-epo,theta
3174,-0.003156392659545803,patient12_window16s_stride1s-epo,theta
3175,-0.0036191743031230425,patient12_window16s_stride1s-epo,theta
3176,-0.0026647663493542004,patient12_window16s_stride1s-epo,theta
3177,-0.004187360900110101,patient12_window16s_stride1s-epo,theta
3178,-0.0029186169538051475,patient12_window16s_stride1s-epo,theta
3179,-0.001762153606351006,patient12_window16s_stride1s-epo,theta
3180,-0.0023915234328607286,patient12_window16s_stride1s-epo,theta
3181,-0.002609306638815263,patient12_window16s_stride1s-epo,theta
3182,-0.0032459574003305563,patient12_window16s_stride1s-epo,theta
3183,-0.0023919672929843872,patient12_window16s_stride1s-epo,theta
3184,-0.002781355631170013,patient12_window16s_stride1s-epo,theta
3185,-0.003956735191637554,patient12_window16s_stride1s-epo,theta
3186,-0.004700395310023445,patient12_window16s_stride1s-epo,theta
3187,-0.005722869964037448,patient12_window16s_stride1s-epo,theta
3188,-0.005886388459472474,patient12_window16s_stride1s-epo,theta
3189,-0.004658962764607899,patient12_window16s_stride1s-epo,theta
3190,-0.005813198939412392,patient12_window16s_stride1s-epo,theta
3191,-0.007188010580703833,patient12_window16s_stride1s-epo,theta
3192,-0.007315963130336027,patient12_window16s_stride1s-epo,theta
3193,-0.004495288954134444,patient12_window16s_stride1s-epo,theta
3194,-0.0036703362181023155,patient12_window16s_stride1s-epo,theta
3195,-0.0037023668053538625,patient12_window16s_stride1s-epo,theta
3196,-0.003142440559763606,patient12_window16s_stride1s-epo,theta
3197,-0.0046822434942890585,patient12_window16s_stride1s-epo,theta
3198,-0.0032631206342367083,patient12_window16s_stride1s-epo,theta
3199,-0.004071812287484046,patient12_window16s_stride1s-epo,theta
3200,-0.0032205998544657223,patient12_window16s_stride1s-epo,theta
3201,-0.0024926541779651543,patient12_window16s_stride1s-epo,theta
3202,-0.003369196588275254,patient12_window16s_stride1s-epo,theta
3203,-0.0025969604134255197,patient12_window16s_stride1s-epo,theta
3204,-0.004271976786996621,patient12_window16s_stride1s-epo,theta
3205,-0.003894521107819066,patient12_window16s_stride1s-epo,theta
3206,-0.004291590092829829,patient12_window16s_stride1s-epo,theta
3207,-0.0033506754421716765,patient12_window16s_stride1s-epo,theta
3208,-0.0030843368558481662,patient12_window16s_stride1s-epo,theta
3209,-0.003379156861639456,patient12_window16s_stride1s-epo,theta
3210,-0.0029230597383145067,patient12_window16s_stride1s-epo,theta
3211,-0.0028200203977595353,patient12_window16s_stride1s-epo,theta
3212,-0.0023550884365215207,patient12_window16s_stride1s-epo,theta
3213,-0.002958569995178948,patient12_window16s_stride1s-epo,theta
3214,-0.00300494338056659,patient12_window16s_stride1s-epo,theta
3215,-0.0017043414452712611,patient12_window16s_stride1s-epo,theta
3216,-0.0005680653966624835,patient12_window16s_stride1s-epo,theta
3217,0.00047503510746719124,patient12_window16s_stride1s-epo,theta
3218,0.0007347821359849883,patient12_window16s_stride1s-epo,theta
3219,0.001219313815662957,patient12_window16s_stride1s-epo,theta
3220,0.0021353040357380186,patient12_window16s_stride1s-epo,theta
3221,0.004617114889565617,patient12_window16s_stride1s-epo,theta
3222,0.004851941869321519,patient12_window16s_stride1s-epo,theta
3223,0.0027253075933189592,patient12_window16s_stride1s-epo,theta
3224,0.005156054634440233,patient12_window16s_stride1s-epo,theta
3225,0.00340845294494902,patient12_window16s_stride1s-epo,theta
3226,0.0031613261860480297,patient12_window16s_stride1s-epo,theta
3227,0.002839222505443366,patient12_window16s_stride1s-epo,theta
3228,0.0038430684226958304,patient12_window16s_stride1s-epo,theta
3229,0.0014179417023600436,patient12_window16s_stride1s-epo,theta
3230,-0.0003153868977865563,patient12_window16s_stride1s-epo,theta
3231,-0.0004925301071203071,patient12_window16s_stride1s-epo,theta
3232,-0.00048792965737888143,patient12_window16s_stride1s-epo,theta
3233,-0.0006079400477232366,patient12_window16s_stride1s-epo,theta
3234,-0.0013147781096733342,patient12_window16s_stride1s-epo,theta
3235,-0.0015377843109293215,patient12_window16s_stride1s-epo,theta
3236,0.001377389998323457,patient12_window16s_stride1s-epo,theta
3237,-0.00035430940180530655,patient12_window16s_stride1s-epo,theta
3238,-0.001967658555176648,patient12_window16s_stride1s-epo,theta
3239,-0.0023033132241335095,patient12_window16s_stride1s-epo,theta
3240,-0.0018848834041991372,patient12_window16s_stride1s-epo,theta
3241,-0.0022971432067645445,patient12_window16s_stride1s-epo,theta
3242,-0.0025738591540401964,patient12_window16s_stride1s-epo,theta
3243,-0.004351828288018458,patient12_window16s_stride1s-epo,theta
3244,-0.003443551923005152,patient12_window16s_stride1s-epo,theta
3245,-0.004377756192382198,patient12_window16s_stride1s-epo,theta
3246,-0.005934635066821985,patient12_window16s_stride1s-epo,theta
3247,-0.006185668749836057,patient12_window16s_stride1s-epo,theta
3248,-0.0069080332323278515,patient12_window16s_stride1s-epo,theta
3249,-0.00484305868751551,patient12_window16s_stride1s-epo,theta
3250,-0.005039526628422698,patient12_window16s_stride1s-epo,theta
3251,-0.006103935469168872,patient12_window16s_stride1s-epo,theta
3252,-0.006558485000852088,patient12_window16s_stride1s-epo,theta
3253,-0.005464422977795432,patient12_window16s_stride1s-epo,theta
3254,-0.0064929701424682965,patient12_window16s_stride1s-epo,theta
3255,-0.00372899558980503,patient12_window16s_stride1s-epo,theta
3256,-0.005233971915954408,patient12_window16s_stride1s-epo,theta
3257,-0.004316624922967209,patient12_window16s_stride1s-epo,theta
3258,-0.002703510797084229,patient12_window16s_stride1s-epo,theta
3259,-0.0040018164449451546,patient12_window16s_stride1s-epo,theta
3260,-0.003233930392311298,patient12_window16s_stride1s-epo,theta
3261,-0.0022914222716759716,patient12_window16s_stride1s-epo,theta
3262,-0.001807918393530181,patient12_window16s_stride1s-epo,theta
3263,-0.0008012775312559249,patient12_window16s_stride1s-epo,theta
3264,-0.0006450904815952944,patient12_window16s_stride1s-epo,theta
3265,-0.0016089643609705328,patient12_window16s_stride1s-epo,theta
3266,-0.0007451193812017978,patient12_window16s_stride1s-epo,theta
3267,0.001038747203845363,patient12_window16s_stride1s-epo,theta
3268,0.0010258590515853667,patient12_window16s_stride1s-epo,theta
3269,0.002391335338302986,patient12_window16s_stride1s-epo,theta
3270,0.0026588017308379337,patient12_window16s_stride1s-epo,theta
3271,0.001985983578715932,patient12_window16s_stride1s-epo,theta
3272,0.0012896412508343058,patient12_window16s_stride1s-epo,theta
3273,-0.0018884347125774782,patient12_window16s_stride1s-epo,theta
3274,-0.0005757529541414401,patient12_window16s_stride1s-epo,theta
3275,-0.0012908923605654903,patient12_window16s_stride1s-epo,theta
3276,-0.0008755479324997431,patient12_window16s_stride1s-epo,theta
3277,-0.0006430732007268098,patient12_window16s_stride1s-epo,theta
3278,-0.0001332872225525214,patient12_window16s_stride1s-epo,theta
3279,8.770951451545907e-05,patient12_window16s_stride1s-epo,theta
3280,-0.0026665368707612653,patient12_window16s_stride1s-epo,theta
3281,-0.002842011553786674,patient12_window16s_stride1s-epo,theta
3282,-0.005837364561337309,patient12_window16s_stride1s-epo,theta
3283,-0.004866667070420067,patient12_window16s_stride1s-epo,theta
3284,-0.00343603559722197,patient12_window16s_stride1s-epo,theta
3285,-0.005015891414458164,patient12_window16s_stride1s-epo,theta
3286,-0.0038482535862792663,patient12_window16s_stride1s-epo,theta
3287,-0.0019050364205810003,patient12_window16s_stride1s-epo,theta
3288,-0.002461899922248663,patient12_window16s_stride1s-epo,theta
3289,-0.001257446708499661,patient12_window16s_stride1s-epo,theta
3290,-0.001754757688792006,patient12_window16s_stride1s-epo,theta
3291,-0.0032947841505214133,patient12_window16s_stride1s-epo,theta
3292,-0.0048529140561561065,patient12_window16s_stride1s-epo,theta
3293,-0.003238914599525078,patient12_window16s_stride1s-epo,theta
3294,-0.0019822318713904052,patient12_window16s_stride1s-epo,theta
3295,-0.004014032322518311,patient12_window16s_stride1s-epo,theta
3296,-0.002953371360575068,patient12_window16s_stride1s-epo,theta
3297,-0.0033210432405503605,patient12_window16s_stride1s-epo,theta
3298,0.000579008204363228,patient12_window16s_stride1s-epo,theta
3299,7.529301424517952e-05,patient12_window16s_stride1s-epo,theta
3300,-0.0004191144036349858,patient12_window16s_stride1s-epo,theta
3301,0.0003408625297733628,patient12_window16s_stride1s-epo,theta
3302,0.0007919012768694387,patient12_window16s_stride1s-epo,theta
3303,-0.00018443126411267065,patient12_window16s_stride1s-epo,theta
3304,0.0002595081053327846,patient12_window16s_stride1s-epo,theta
3305,-0.0005776639986297819,patient12_window16s_stride1s-epo,theta
3306,0.0010406942537132566,patient12_window16s_stride1s-epo,theta
3307,0.0006054482588016978,patient12_window16s_stride1s-epo,theta
3308,0.00012521093777018445,patient12_window16s_stride1s-epo,theta
3309,-0.0012813201343054798,patient12_window16s_stride1s-epo,theta
3310,-0.0017456330805434037,patient12_window16s_stride1s-epo,theta
3311,-0.0017126855512170974,patient12_window16s_stride1s-epo,theta
3312,-0.002162844980499989,patient12_window16s_stride1s-epo,theta
3313,-0.002354734859819814,patient12_window16s_stride1s-epo,theta
3314,-0.002112257402324382,patient12_window16s_stride1s-epo,theta
3315,-0.0013238616621406936,patient12_window16s_stride1s-epo,theta
3316,-0.002460846298837527,patient12_window16s_stride1s-epo,theta
3317,-0.001972560763081912,patient12_window16s_stride1s-epo,theta
3318,-0.0014969161879533452,patient12_window16s_stride1s-epo,theta
3319,-0.0016972919646454064,patient12_window16s_stride1s-epo,theta
3320,-0.0015945395756577618,patient12_window16s_stride1s-epo,theta
3321,-0.0011772766253145151,patient12_window16s_stride1s-epo,theta
3322,-0.0005139221527098828,patient12_window16s_stride1s-epo,theta
3323,-0.0004162327930315676,patient12_window16s_stride1s-epo,theta
3324,-0.0009592500282304276,patient12_window16s_stride1s-epo,theta
3325,4.020396999610752e-05,patient12_window16s_stride1s-epo,theta
3326,-0.0002215466898221091,patient12_window16s_stride1s-epo,theta
3327,-0.00012012714370867663,patient12_window16s_stride1s-epo,theta
3328,-0.0008334773909763615,patient12_window16s_stride1s-epo,theta
3329,-0.000711220135935728,patient12_window16s_stride1s-epo,theta
3330,-0.002127744579472555,patient12_window16s_stride1s-epo,theta
3331,-0.004020191317963214,patient12_window16s_stride1s-epo,theta
3332,-0.0032869779975620377,patient12_window16s_stride1s-epo,theta
3333,-0.003674959895652512,patient12_window16s_stride1s-epo,theta
3334,-0.003985222852367136,patient12_window16s_stride1s-epo,theta
3335,-0.0033194765250846216,patient12_window16s_stride1s-epo,theta
3336,-0.004458087079960292,patient12_window16s_stride1s-epo,theta
3337,-0.00517429375601352,patient12_window16s_stride1s-epo,theta
3338,-0.004122558202748719,patient12_window16s_stride1s-epo,theta
3339,-0.0033515787773722343,patient12_window16s_stride1s-epo,theta
3340,-0.0019667777626828906,patient12_window16s_stride1s-epo,theta
3341,-0.0022203277110323387,patient12_window16s_stride1s-epo,theta
3342,-0.004726239178092263,patient12_window16s_stride1s-epo,theta
3343,-0.004372779782159509,patient12_window16s_stride1s-epo,theta
3344,-0.0034965484698536585,patient12_window16s_stride1s-epo,theta
3345,-0.0042919169402663195,patient12_window16s_stride1s-epo,theta
3346,-0.003636873886061501,patient12_window16s_stride1s-epo,theta
3347,-0.00299697551364764,patient12_window16s_stride1s-epo,theta
3348,-0.004074997580043055,patient12_window16s_stride1s-epo,theta
3349,-0.0029580870746929258,patient12_window16s_stride1s-epo,theta
3350,-0.003179305812842641,patient12_window16s_stride1s-epo,theta
3351,-0.0033925070217982966,patient12_window16s_stride1s-epo,theta
3352,-0.003545804954300797,patient12_window16s_stride1s-epo,theta
3353,-0.002367823103434595,patient12_window16s_stride1s-epo,theta
3354,-0.002275785774496008,patient12_window16s_stride1s-epo,theta
3355,-0.0015680541659784473,patient12_window16s_stride1s-epo,theta
3356,-0.0024117630742730993,patient12_window16s_stride1s-epo,theta
3357,-0.0031192651179083124,patient12_window16s_stride1s-epo,theta
3358,-0.001820134653033403,patient12_window16s_stride1s-epo,theta
3359,-0.0016243410764048133,patient12_window16s_stride1s-epo,theta
3360,-0.002424680542930694,patient12_window16s_stride1s-epo,theta
3361,-0.0011414572111371056,patient12_window16s_stride1s-epo,theta
3362,-0.0018405725333168125,patient12_window16s_stride1s-epo,theta
3363,-0.00320435214274009,patient12_window16s_stride1s-epo,theta
3364,-0.003627391797266212,patient12_window16s_stride1s-epo,theta
3365,-0.004625912600632749,patient12_window16s_stride1s-epo,theta
3366,-0.004609412459922209,patient12_window16s_stride1s-epo,theta
3367,-0.0033450747362897978,patient12_window16s_stride1s-epo,theta
3368,-0.004930994034625896,patient12_window16s_stride1s-epo,theta
3369,-0.0036578004612365213,patient12_window16s_stride1s-epo,theta
3370,-0.004839922409042089,patient12_window16s_stride1s-epo,theta
3371,-0.005805514808045364,patient12_window16s_stride1s-epo,theta
3372,-0.00328171486516792,patient12_window16s_stride1s-epo,theta
3373,-0.003010742116865709,patient12_window16s_stride1s-epo,theta
3374,-0.0037948525859853345,patient12_window16s_stride1s-epo,theta
3375,-0.00511464276137696,patient12_window16s_stride1s-epo,theta
3376,-0.005609268881570955,patient12_window16s_stride1s-epo,theta
3377,-0.006296628983000438,patient12_window16s_stride1s-epo,theta
3378,-0.0050920335544558165,patient12_window16s_stride1s-epo,theta
3379,-0.005280553688017235,patient12_window16s_stride1s-epo,theta
3380,-0.0041162393682848235,patient12_window16s_stride1s-epo,theta
3381,-0.0033154050511877277,patient12_window16s_stride1s-epo,theta
3382,-0.003824178697525769,patient12_window16s_stride1s-epo,theta
3383,-0.0036661461505173455,patient12_window16s_stride1s-epo,theta
3384,-0.00420235803424455,patient12_window16s_stride1s-epo,theta
3385,-0.0048776706879500725,patient12_window16s_stride1s-epo,theta
3386,-0.004651939178387268,patient12_window16s_stride1s-epo,theta
3387,-0.003995968673449565,patient12_window16s_stride1s-epo,theta
3388,-0.0037750585795042237,patient12_window16s_stride1s-epo,theta
3389,-0.004156392358886177,patient12_window16s_stride1s-epo,theta
3390,-0.00470429766608829,patient12_window16s_stride1s-epo,theta
3391,-0.002534276297210698,patient12_window16s_stride1s-epo,theta
3392,-0.001134803844241369,patient12_window16s_stride1s-epo,theta
3393,0.00025636997608637524,patient12_window16s_stride1s-epo,theta
3394,-0.0006193873500312332,patient12_window16s_stride1s-epo,theta
3395,-0.0008685855765437293,patient12_window16s_stride1s-epo,theta
3396,-0.001945409450369657,patient12_window16s_stride1s-epo,theta
3397,-0.0018416834812070165,patient12_window16s_stride1s-epo,theta
3398,0.0005182902367894325,patient12_window16s_stride1s-epo,theta
3399,-0.00036923054652009325,patient12_window16s_stride1s-epo,theta
3400,-0.00033887099248477407,patient12_window16s_stride1s-epo,theta
3401,-0.0016678184657371918,patient12_window16s_stride1s-epo,theta
3402,-0.0020015157697748378,patient12_window16s_stride1s-epo,theta
3403,-0.002078977149252567,patient12_window16s_stride1s-epo,theta
3404,-0.002187684492840082,patient12_window16s_stride1s-epo,theta
3405,-0.0026732835742271483,patient12_window16s_stride1s-epo,theta
3406,-0.0031985084986842893,patient12_window16s_stride1s-epo,theta
3407,-0.00367474123283788,patient12_window16s_stride1s-epo,theta
3408,-0.0057003334194611795,patient12_window16s_stride1s-epo,theta
3409,-0.004287493768621175,patient12_window16s_stride1s-epo,theta
3410,-0.0061777277235201015,patient12_window16s_stride1s-epo,theta
3411,-0.005816607088238762,patient12_window16s_stride1s-epo,theta
3412,-0.004840285230681413,patient12_window16s_stride1s-epo,theta
3413,-0.005885813317744365,patient12_window16s_stride1s-epo,theta
3414,-0.005327319011174769,patient12_window16s_stride1s-epo,theta
3415,-0.0039381888639458806,patient12_window16s_stride1s-epo,theta
3416,-0.004165913303861454,patient12_window16s_stride1s-epo,theta
3417,-0.004667076464748192,patient12_window16s_stride1s-epo,theta
3418,-0.0048453649914375,patient12_window16s_stride1s-epo,theta
3419,-0.004241449715983718,patient12_window16s_stride1s-epo,theta
3420,-0.0051969566442553366,patient12_window16s_stride1s-epo,theta
3421,-0.005092605143845915,patient12_window16s_stride1s-epo,theta
3422,-0.00420076404819867,patient12_window16s_stride1s-epo,theta
3423,-0.0027510445897121604,patient12_window16s_stride1s-epo,theta
3424,-0.003967167035691081,patient12_window16s_stride1s-epo,theta
3425,-0.004288294789619274,patient12_window16s_stride1s-epo,theta
3426,-0.004085007417936171,patient12_window16s_stride1s-epo,theta
3427,-0.002321907647569145,patient12_window16s_stride1s-epo,theta
3428,-0.0020685262464548294,patient12_window16s_stride1s-epo,theta
3429,-0.0032052647719200836,patient12_window16s_stride1s-epo,theta
3430,-0.0026609410651571297,patient12_window16s_stride1s-epo,theta
3431,-0.0038088021369325053,patient12_window16s_stride1s-epo,theta
3432,-0.0033773704327840497,patient12_window16s_stride1s-epo,theta
3433,-0.003128089938046592,patient12_window16s_stride1s-epo,theta
3434,-0.0041626026419069,patient12_window16s_stride1s-epo,theta
3435,-0.004880223326329014,patient12_window16s_stride1s-epo,theta
3436,-0.0036904017374296424,patient12_window16s_stride1s-epo,theta
3437,-0.0040476714860909375,patient12_window16s_stride1s-epo,theta
3438,-0.006500214028682686,patient12_window16s_stride1s-epo,theta
3439,-0.006424922306244959,patient12_window16s_stride1s-epo,theta
3440,-0.0072950019830201,patient12_window16s_stride1s-epo,theta
3441,-0.006156058827616318,patient12_window16s_stride1s-epo,theta
3442,-0.006764882700424739,patient12_window16s_stride1s-epo,theta
3443,-0.007041506068918735,patient12_window16s_stride1s-epo,theta
3444,-0.006345820366991516,patient12_window16s_stride1s-epo,theta
3445,-0.007935377105416525,patient12_window16s_stride1s-epo,theta
3446,-0.00829379007438482,patient12_window16s_stride1s-epo,theta
3447,-0.008441315057330997,patient12_window16s_stride1s-epo,theta
3448,-0.00832839883295764,patient12_window16s_stride1s-epo,theta
3449,-0.0054274436789436475,patient12_window16s_stride1s-epo,theta
3450,-0.006986084417992318,patient12_window16s_stride1s-epo,theta
3451,-0.008357140942345997,patient12_window16s_stride1s-epo,theta
3452,-0.008156646420316318,patient12_window16s_stride1s-epo,theta
3453,-0.005798380861422894,patient12_window16s_stride1s-epo,theta
3454,-0.005069637930257056,patient12_window16s_stride1s-epo,theta
3455,-0.00614614669467312,patient12_window16s_stride1s-epo,theta
3456,-0.006516466080251172,patient12_window16s_stride1s-epo,theta
3457,-0.005721793532653624,patient12_window16s_stride1s-epo,theta
3458,-0.00589311930023245,patient12_window16s_stride1s-epo,theta
3459,-0.004979936266789653,patient12_window16s_stride1s-epo,theta
3460,-0.005954449602430224,patient12_window16s_stride1s-epo,theta
3461,-0.006412671119603407,patient12_window16s_stride1s-epo,theta
3462,-0.0035158680107933104,patient12_window16s_stride1s-epo,theta
3463,-0.004461341217635401,patient12_window16s_stride1s-epo,theta
3464,-0.002735979671431373,patient12_window16s_stride1s-epo,theta
3465,-0.0029895301676818617,patient12_window16s_stride1s-epo,theta
3466,-0.0029719937453502095,patient12_window16s_stride1s-epo,theta
3467,-0.0011514292828856295,patient12_window16s_stride1s-epo,theta
3468,-0.0012304952461690804,patient12_window16s_stride1s-epo,theta
3469,-0.0034785329351487908,patient12_window16s_stride1s-epo,theta
3470,-0.004743641885292045,patient12_window16s_stride1s-epo,theta
3471,-0.003478672109642942,patient12_window16s_stride1s-epo,theta
3472,-0.0010618191537534675,patient12_window16s_stride1s-epo,theta
3473,-0.002436930439127114,patient12_window16s_stride1s-epo,theta
3474,-0.0007377751643297255,patient12_window16s_stride1s-epo,theta
3475,-0.002336635153126426,patient12_window16s_stride1s-epo,theta
3476,-0.0010052783869194926,patient12_window16s_stride1s-epo,theta
3477,-0.0006580076522184648,patient12_window16s_stride1s-epo,theta
3478,-0.002093619111573,patient12_window16s_stride1s-epo,theta
3479,-0.002133535640644751,patient12_window16s_stride1s-epo,theta
3480,-0.0030244254936076654,patient12_window16s_stride1s-epo,theta
3481,-0.003429647366195976,patient12_window16s_stride1s-epo,theta
3482,-0.0032521968082729054,patient12_window16s_stride1s-epo,theta
3483,-0.003320799887517121,patient12_window16s_stride1s-epo,theta
3484,-0.002729905514842219,patient12_window16s_stride1s-epo,theta
3485,-0.0018746018913176283,patient12_window16s_stride1s-epo,theta
3486,-0.0009969581725921771,patient12_window16s_stride1s-epo,theta
3487,-0.0014748378770973315,patient12_window16s_stride1s-epo,theta
3488,-0.0010924559278714559,patient12_window16s_stride1s-epo,theta
3489,-0.0011064634824116835,patient12_window16s_stride1s-epo,theta
3490,-0.001828703367337862,patient12_window16s_stride1s-epo,theta
3491,-0.0011266052615404656,patient12_window16s_stride1s-epo,theta
3492,-0.0012598864291193817,patient12_window16s_stride1s-epo,theta
3493,-0.0009197715153626178,patient12_window16s_stride1s-epo,theta
3494,0.0007828926818741687,patient12_window16s_stride1s-epo,theta
3495,-0.000365267179876433,patient12_window16s_stride1s-epo,theta
3496,0.0005110792914504966,patient12_window16s_stride1s-epo,theta
3497,0.0010642330102289353,patient12_window16s_stride1s-epo,theta
3498,0.0008160023770893986,patient12_window16s_stride1s-epo,theta
3499,0.001838502170097521,patient12_window16s_stride1s-epo,theta
3500,0.0017046615142602619,patient12_window16s_stride1s-epo,theta
3501,0.0018066830003969957,patient12_window16s_stride1s-epo,theta
3502,0.0008742882667379616,patient12_window16s_stride1s-epo,theta
3503,0.0007046279207944664,patient12_window16s_stride1s-epo,theta
3504,-0.0005186662533019765,patient12_window16s_stride1s-epo,theta
3505,0.00030708054458569506,patient12_window16s_stride1s-epo,theta
3506,0.0008761828399054054,patient12_window16s_stride1s-epo,theta
3507,0.0008744464521072176,patient12_window16s_stride1s-epo,theta
3508,0.00038482127697957896,patient12_window16s_stride1s-epo,theta
3509,-0.0015058449192644054,patient12_window16s_stride1s-epo,theta
3510,-0.0013620806612388247,patient12_window16s_stride1s-epo,theta
3511,-7.80060064855152e-06,patient12_window16s_stride1s-epo,theta
3512,-0.0017512531297266022,patient12_window16s_stride1s-epo,theta
3513,-0.0017985126868073945,patient12_window16s_stride1s-epo,theta
3514,-0.0010319467896067434,patient12_window16s_stride1s-epo,theta
3515,-0.001282385989331616,patient12_window16s_stride1s-epo,theta
3516,-0.0026691542420690002,patient12_window16s_stride1s-epo,theta
3517,-0.0038593646054043023,patient12_window16s_stride1s-epo,theta
3518,-0.004502099518251915,patient12_window16s_stride1s-epo,theta
3519,-0.0027000567173697462,patient12_window16s_stride1s-epo,theta
3520,-0.0027033180504177946,patient12_window16s_stride1s-epo,theta
3521,-0.0032344992486732357,patient12_window16s_stride1s-epo,theta
3522,-0.004123999848570782,patient12_window16s_stride1s-epo,theta
3523,-0.003997795255138888,patient12_window16s_stride1s-epo,theta
3524,-0.0019637441059462287,patient12_window16s_stride1s-epo,theta
3525,-0.0017264743007862876,patient12_window16s_stride1s-epo,theta
3526,-0.002527510959760161,patient12_window16s_stride1s-epo,theta
3527,-0.004095882949703592,patient12_window16s_stride1s-epo,theta
3528,-0.00516756913573661,patient12_window16s_stride1s-epo,theta
3529,-0.004946178110638434,patient12_window16s_stride1s-epo,theta
3530,-0.0045006268464476765,patient12_window16s_stride1s-epo,theta
3531,-0.006103448601733841,patient12_window16s_stride1s-epo,theta
3532,-0.005256299541317212,patient12_window16s_stride1s-epo,theta
3533,-0.00508018977594599,patient12_window16s_stride1s-epo,theta
3534,-0.003319576585949718,patient12_window16s_stride1s-epo,theta
3535,-0.0022968048434390096,patient12_window16s_stride1s-epo,theta
3536,-0.0038524287949506237,patient12_window16s_stride1s-epo,theta
3537,-0.004176750254274914,patient12_window16s_stride1s-epo,theta
3538,-0.0022032578039634467,patient12_window16s_stride1s-epo,theta
3539,-0.0024078020892311616,patient12_window16s_stride1s-epo,theta
3540,-0.0038319834996571253,patient12_window16s_stride1s-epo,theta
3541,-0.002337133346508458,patient12_window16s_stride1s-epo,theta
3542,-0.001946099337185125,patient12_window16s_stride1s-epo,theta
3543,-0.00237565163845415,patient12_window16s_stride1s-epo,theta
3544,-0.002621776120212144,patient12_window16s_stride1s-epo,theta
3545,-0.0013534672245339853,patient12_window16s_stride1s-epo,theta
3546,-0.0009107133590284082,patient12_window16s_stride1s-epo,theta
3547,-0.00042828753462264153,patient12_window16s_stride1s-epo,theta
3548,0.0003813342208870533,patient12_window16s_stride1s-epo,theta
3549,0.0001534040634323398,patient12_window16s_stride1s-epo,theta
3550,-0.002019391651792325,patient12_window16s_stride1s-epo,theta
3551,-0.0011170686693080625,patient12_window16s_stride1s-epo,theta
3552,-0.0017894494111801453,patient12_window16s_stride1s-epo,theta
3553,-0.003683372555623501,patient12_window16s_stride1s-epo,theta
3554,-0.002476122387201193,patient12_window16s_stride1s-epo,theta
3555,-0.002791577423356446,patient12_window16s_stride1s-epo,theta
3556,-0.0035983188028664457,patient12_window16s_stride1s-epo,theta
3557,-0.0037024228044646155,patient12_window16s_stride1s-epo,theta
3558,-0.003416599451642984,patient12_window16s_stride1s-epo,theta
3559,-0.002615235920331895,patient12_window16s_stride1s-epo,theta
3560,-0.0022734989594701952,patient12_window16s_stride1s-epo,theta
3561,-0.004166311961949471,patient12_window16s_stride1s-epo,theta
3562,-0.004354143875779241,patient12_window16s_stride1s-epo,theta
3563,-0.0044719006540407105,patient12_window16s_stride1s-epo,theta
3564,-0.005304206051847921,patient12_window16s_stride1s-epo,theta
3565,-0.004435099075475653,patient12_window16s_stride1s-epo,theta
3566,-0.005035053202104253,patient12_window16s_stride1s-epo,theta
3567,-0.003662903123865289,patient12_window16s_stride1s-epo,theta
3568,-0.0040738537237633415,patient12_window16s_stride1s-epo,theta
3569,-0.004079445849339315,patient12_window16s_stride1s-epo,theta
3570,-0.0036254625863173986,patient12_window16s_stride1s-epo,theta
3571,-0.004189761924868379,patient12_window16s_stride1s-epo,theta
3572,-0.0036699501775229928,patient12_window16s_stride1s-epo,theta
3573,-0.0021993286886224698,patient12_window16s_stride1s-epo,theta
3574,-0.0019481202767866565,patient12_window16s_stride1s-epo,theta
3575,-0.0020018554917690017,patient12_window16s_stride1s-epo,theta
3576,-0.0027073538343075796,patient12_window16s_stride1s-epo,theta
3577,-0.004353888200373668,patient12_window16s_stride1s-epo,theta
3578,-0.0028761163827463426,patient12_window16s_stride1s-epo,theta
3579,-0.001218261163754586,patient12_window16s_stride1s-epo,theta
3580,0.0005676000329519963,patient12_window16s_stride1s-epo,theta
3581,0.0020143937765684785,patient12_window16s_stride1s-epo,theta
3582,0.0017582017747081774,patient12_window16s_stride1s-epo,theta
3583,0.0008507398211022018,patient12_window16s_stride1s-epo,theta
3584,0.00201386381201192,patient12_window16s_stride1s-epo,theta
3585,0.0022909402759132623,patient12_window16s_stride1s-epo,theta
3586,0.0005206148990137531,patient12_window16s_stride1s-epo,theta
3587,0.0008759931380890972,patient12_window16s_stride1s-epo,theta
3588,-0.0003767521759316041,patient12_window16s_stride1s-epo,theta
3589,-0.001317689444165296,patient12_window16s_stride1s-epo,theta
3590,-0.0009561825141174251,patient12_window16s_stride1s-epo,theta
3591,-0.0010847572716355532,patient12_window16s_stride1s-epo,theta
3592,-0.0016374600950776867,patient12_window16s_stride1s-epo,theta
3593,-0.002390241042968788,patient12_window16s_stride1s-epo,theta
3594,-0.002311989420074526,patient12_window16s_stride1s-epo,theta
3595,-0.0026326325561771948,patient12_window16s_stride1s-epo,theta
3596,-0.005025236708677674,patient12_window16s_stride1s-epo,theta
3597,-0.006039847125869026,patient12_window16s_stride1s-epo,theta
3598,-0.006441283808187264,patient12_window16s_stride1s-epo,theta
3599,-0.006269989243072223,patient12_window16s_stride1s-epo,theta
3600,-0.005832482635000512,patient12_window16s_stride1s-epo,theta
3601,-0.006638732646769859,patient12_window16s_stride1s-epo,theta
3602,-0.006949803074366741,patient12_window16s_stride1s-epo,theta
3603,-0.008531879743820353,patient12_window16s_stride1s-epo,theta
3604,-0.008827962719423653,patient12_window16s_stride1s-epo,theta
3605,-0.008272936722016675,patient12_window16s_stride1s-epo,theta
3606,-0.007992970322559875,patient12_window16s_stride1s-epo,theta
3607,-0.007514488272308621,patient12_window16s_stride1s-epo,theta
3608,-0.007200196556900676,patient12_window16s_stride1s-epo,theta
3609,-0.005098313529210057,patient12_window16s_stride1s-epo,theta
3610,-0.006576401956038734,patient12_window16s_stride1s-epo,theta
3611,-0.00474750296666777,patient12_window16s_stride1s-epo,theta
3612,-0.0034776413704264127,patient12_window16s_stride1s-epo,theta
3613,-0.004998693786906136,patient12_window16s_stride1s-epo,theta
3614,-0.002491561446040702,patient12_window16s_stride1s-epo,theta
3615,-0.0006248795178732391,patient12_window16s_stride1s-epo,theta
3616,-0.0017876590876111965,patient12_window16s_stride1s-epo,theta
3617,-0.0019522565290972741,patient12_window16s_stride1s-epo,theta
3618,-0.0007066630846113367,patient12_window16s_stride1s-epo,theta
3619,0.00012309652621026457,patient12_window16s_stride1s-epo,theta
3620,-0.0003619325898149602,patient12_window16s_stride1s-epo,theta
3621,-0.0013066540607459098,patient12_window16s_stride1s-epo,theta
3622,6.567684515533772e-05,patient12_window16s_stride1s-epo,theta
3623,0.00021248057908792854,patient12_window16s_stride1s-epo,theta
3624,0.0003467819944660941,patient12_window16s_stride1s-epo,theta
3625,-0.0006741189278955062,patient12_window16s_stride1s-epo,theta
3626,0.0002732414477615219,patient12_window16s_stride1s-epo,theta
3627,-0.0019335778539763737,patient12_window16s_stride1s-epo,theta
3628,-0.0027686412089148226,patient12_window16s_stride1s-epo,theta
3629,-0.0022909657583526886,patient12_window16s_stride1s-epo,theta
3630,-0.0031894939619542826,patient12_window16s_stride1s-epo,theta
3631,-0.004352713153544563,patient12_window16s_stride1s-epo,theta
3632,-0.005222432501578596,patient12_window16s_stride1s-epo,theta
3633,-0.004467754484074684,patient12_window16s_stride1s-epo,theta
3634,-0.0034265267060687747,patient12_window16s_stride1s-epo,theta
3635,-0.0037807175693263836,patient12_window16s_stride1s-epo,theta
3636,-0.0032538222136973727,patient12_window16s_stride1s-epo,theta
3637,-0.0031128627513632976,patient12_window16s_stride1s-epo,theta
3638,-0.004410264019642274,patient12_window16s_stride1s-epo,theta
3639,-0.005919739060870582,patient12_window16s_stride1s-epo,theta
3640,-0.004520182335025428,patient12_window16s_stride1s-epo,theta
3641,-0.0030082800243697036,patient12_window16s_stride1s-epo,theta
3642,-0.003822997784811927,patient12_window16s_stride1s-epo,theta
3643,-0.0039749057494908495,patient12_window16s_stride1s-epo,theta
3644,-0.003952187766609325,patient12_window16s_stride1s-epo,theta
3645,-0.004797468180064312,patient12_window16s_stride1s-epo,theta
3646,-0.003058038952413134,patient12_window16s_stride1s-epo,theta
3647,-0.0024810169713926585,patient12_window16s_stride1s-epo,theta
3648,-0.0016886551230804907,patient12_window16s_stride1s-epo,theta
3649,-0.0014556244632047126,patient12_window16s_stride1s-epo,theta
3650,-0.0024664572708629597,patient12_window16s_stride1s-epo,theta
3651,-0.002733872603377347,patient12_window16s_stride1s-epo,theta
3652,-0.0032406589996459225,patient12_window16s_stride1s-epo,theta
3653,-0.002966361199644141,patient12_window16s_stride1s-epo,theta
3654,-0.003226744051974489,patient12_window16s_stride1s-epo,theta
3655,-0.003092762735246069,patient12_window16s_stride1s-epo,theta
3656,-0.0029225178171967624,patient12_window16s_stride1s-epo,theta
3657,-0.004504796915751088,patient12_window16s_stride1s-epo,theta
3658,-0.005429981415320238,patient12_window16s_stride1s-epo,theta
3659,-0.003148497952219819,patient12_window16s_stride1s-epo,theta
3660,-0.003070488536588999,patient12_window16s_stride1s-epo,theta
3661,-0.0033593662738684612,patient12_window16s_stride1s-epo,theta
3662,-0.0025368758638401948,patient12_window16s_stride1s-epo,theta
3663,-0.002590927079580038,patient12_window16s_stride1s-epo,theta
3664,-0.00326386666711546,patient12_window16s_stride1s-epo,theta
3665,-0.0034042689552124354,patient12_window16s_stride1s-epo,theta
3666,-0.0015987251256886588,patient12_window16s_stride1s-epo,theta
3667,-0.0016231460763106553,patient12_window16s_stride1s-epo,theta
3668,-0.002645909747783562,patient12_window16s_stride1s-epo,theta
3669,-0.001358068621929268,patient12_window16s_stride1s-epo,theta
3670,-0.002878973622806331,patient12_window16s_stride1s-epo,theta
3671,-0.003148128308370734,patient12_window16s_stride1s-epo,theta
3672,-0.0023955547587156804,patient12_window16s_stride1s-epo,theta
3673,-0.002879131826556385,patient12_window16s_stride1s-epo,theta
3674,-0.0015701108588119532,patient12_window16s_stride1s-epo,theta
3675,-0.002110983804672336,patient12_window16s_stride1s-epo,theta
3676,-0.0006341529962669128,patient12_window16s_stride1s-epo,theta
3677,-0.00035312833216933845,patient12_window16s_stride1s-epo,theta
3678,-7.483373040300076e-06,patient12_window16s_stride1s-epo,theta
3679,-2.879456149043105e-05,patient12_window16s_stride1s-epo,theta
3680,-0.0017421807668033483,patient12_window16s_stride1s-epo,theta
3681,-0.002658515458423204,patient12_window16s_stride1s-epo,theta
3682,-0.0017283340496007241,patient12_window16s_stride1s-epo,theta
3683,-0.002329721480234323,patient12_window16s_stride1s-epo,theta
3684,0.0002764759340652459,patient12_window16s_stride1s-epo,theta
3685,-0.0006304097818715929,patient12_window16s_stride1s-epo,theta
3686,-0.0008471281594121421,patient12_window16s_stride1s-epo,theta
3687,-0.00043193304412033956,patient12_window16s_stride1s-epo,theta
3688,1.1586797545817278e-05,patient12_window16s_stride1s-epo,theta
3689,-0.00020671077408220071,patient12_window16s_stride1s-epo,theta
3690,-0.002190784491534716,patient12_window16s_stride1s-epo,theta
3691,-0.0012650695008506784,patient12_window16s_stride1s-epo,theta
3692,-0.002170583162347506,patient12_window16s_stride1s-epo,theta
3693,-0.003943918160316303,patient12_window16s_stride1s-epo,theta
3694,-0.004770595161767263,patient12_window16s_stride1s-epo,theta
3695,-0.005529475494244738,patient12_window16s_stride1s-epo,theta
3696,-0.0033046251365371035,patient12_window16s_stride1s-epo,theta
3697,-0.004818619953320526,patient12_window16s_stride1s-epo,theta
3698,-0.005043408805657291,patient12_window16s_stride1s-epo,theta
3699,-0.0038525301392616914,patient12_window16s_stride1s-epo,theta
3700,-0.0016989197489867623,patient12_window16s_stride1s-epo,theta
3701,-0.0015498524849098573,patient12_window16s_stride1s-epo,theta
3702,-0.0014078821918263127,patient12_window16s_stride1s-epo,theta
3703,-0.001322857052892265,patient12_window16s_stride1s-epo,theta
3704,-0.0021062659595872135,patient12_window16s_stride1s-epo,theta
3705,-0.002045213670865468,patient12_window16s_stride1s-epo,theta
3706,-0.0019150877916077045,patient12_window16s_stride1s-epo,theta
3707,-0.003310654918857676,patient12_window16s_stride1s-epo,theta
3708,-0.002727285214342376,patient12_window16s_stride1s-epo,theta
3709,-0.0032038659722385503,patient12_window16s_stride1s-epo,theta
3710,-0.0027624310049576242,patient12_window16s_stride1s-epo,theta
3711,-0.003701002434527142,patient12_window16s_stride1s-epo,theta
3712,-0.004009896987908804,patient12_window16s_stride1s-epo,theta
3713,-0.00477672478687575,patient12_window16s_stride1s-epo,theta
3714,-0.004012075830152938,patient12_window16s_stride1s-epo,theta
3715,-0.0034567018978066363,patient12_window16s_stride1s-epo,theta
3716,-0.004391217660802003,patient12_window16s_stride1s-epo,theta
3717,-0.003224731302890039,patient12_window16s_stride1s-epo,theta
3718,-0.00423948874386642,patient12_window16s_stride1s-epo,theta
3719,-0.004261502907841173,patient12_window16s_stride1s-epo,theta
3720,-0.003837393301373124,patient12_window16s_stride1s-epo,theta
3721,-0.0017891312391099176,patient12_window16s_stride1s-epo,theta
3722,-0.0035308835795939304,patient12_window16s_stride1s-epo,theta
3723,-0.001890742584458552,patient12_window16s_stride1s-epo,theta
3724,-0.0012924707431771593,patient12_window16s_stride1s-epo,theta
3725,-0.003337243219259677,patient12_window16s_stride1s-epo,theta
3726,-0.004104194463776382,patient12_window16s_stride1s-epo,theta
3727,-0.004822745039289049,patient12_window16s_stride1s-epo,theta
3728,-0.004056369375261365,patient12_window16s_stride1s-epo,theta
3729,-0.0037756020527443257,patient12_window16s_stride1s-epo,theta
3730,-0.004804193545686941,patient12_window16s_stride1s-epo,theta
3731,-0.004003271287577793,patient12_window16s_stride1s-epo,theta
3732,-0.0050575880395471355,patient12_window16s_stride1s-epo,theta
3733,-0.005233325417502229,patient12_window16s_stride1s-epo,theta
3734,-0.004247371033500315,patient12_window16s_stride1s-epo,theta
3735,-0.004522102628866933,patient12_window16s_stride1s-epo,theta
3736,-0.004769395956432737,patient12_window16s_stride1s-epo,theta
3737,-0.005096904627765726,patient12_window16s_stride1s-epo,theta
3738,-0.003650640720211802,patient12_window16s_stride1s-epo,theta
3739,-0.004031377170096434,patient12_window16s_stride1s-epo,theta
3740,-0.0045246266197213015,patient12_window16s_stride1s-epo,theta
3741,-0.005087101120442074,patient12_window16s_stride1s-epo,theta
3742,-0.004834412095010727,patient12_window16s_stride1s-epo,theta
3743,-0.0061913629270922725,patient12_window16s_stride1s-epo,theta
3744,-0.005634219398017754,patient12_window16s_stride1s-epo,theta
3745,-0.008012667097488312,patient12_window16s_stride1s-epo,theta
3746,-0.00714882354114041,patient12_window16s_stride1s-epo,theta
3747,-0.0064865276441131246,patient12_window16s_stride1s-epo,theta
3748,-0.005947835742400077,patient12_window16s_stride1s-epo,theta
3749,-0.005275903746957958,patient12_window16s_stride1s-epo,theta
3750,-0.0038141400781979257,patient12_window16s_stride1s-epo,theta
3751,-0.0038684384746043815,patient12_window16s_stride1s-epo,theta
3752,-0.003481189721539066,patient12_window16s_stride1s-epo,theta
3753,-0.003715554327394271,patient12_window16s_stride1s-epo,theta
3754,-0.004064157622278307,patient12_window16s_stride1s-epo,theta
3755,-0.0014445591641113124,patient12_window16s_stride1s-epo,theta
3756,-3.390537388536799e-05,patient12_window16s_stride1s-epo,theta
3757,-0.0011518368403441498,patient12_window16s_stride1s-epo,theta
3758,-0.0013171065576858597,patient12_window16s_stride1s-epo,theta
3759,-0.001274505863586289,patient12_window16s_stride1s-epo,theta
3760,-0.00010773086993923693,patient12_window16s_stride1s-epo,theta
3761,0.0012725228477663102,patient12_window16s_stride1s-epo,theta
3762,-0.00045858845252908686,patient12_window16s_stride1s-epo,theta
3763,0.0004064081000664779,patient12_window16s_stride1s-epo,theta
3764,0.0008458272489381223,patient12_window16s_stride1s-epo,theta
3765,0.0005445273631016741,patient12_window16s_stride1s-epo,theta
3766,-0.00016421931265913953,patient12_window16s_stride1s-epo,theta
3767,-0.0009991003791777787,patient12_window16s_stride1s-epo,theta
3768,-0.0014245134772200665,patient12_window16s_stride1s-epo,theta
3769,-0.0024651533130250723,patient12_window16s_stride1s-epo,theta
3770,-0.0013994125290723498,patient12_window16s_stride1s-epo,theta
3771,-0.0009723410402842427,patient12_window16s_stride1s-epo,theta
3772,-0.0028634135680482235,patient12_window16s_stride1s-epo,theta
3773,-0.002270092670145522,patient12_window16s_stride1s-epo,theta
3774,-0.002652685725807384,patient12_window16s_stride1s-epo,theta
3775,-0.0031407175775441066,patient12_window16s_stride1s-epo,theta
3776,-0.0043485689404958935,patient12_window16s_stride1s-epo,theta
3777,-0.005724930333314237,patient12_window16s_stride1s-epo,theta
3778,-0.005876022096197641,patient12_window16s_stride1s-epo,theta
3779,-0.00681000598568311,patient12_window16s_stride1s-epo,theta
3780,-0.007143579860209323,patient12_window16s_stride1s-epo,theta
3781,-0.007187874790258025,patient12_window16s_stride1s-epo,theta
3782,-0.006232372260817828,patient12_window16s_stride1s-epo,theta
3783,-0.0059759163931244865,patient12_window16s_stride1s-epo,theta
3784,-0.006413883380889714,patient12_window16s_stride1s-epo,theta
3785,-0.0054305677136228135,patient12_window16s_stride1s-epo,theta
3786,-0.005914021304975698,patient12_window16s_stride1s-epo,theta
3787,-0.005485354177161265,patient12_window16s_stride1s-epo,theta
3788,-0.00692551678024469,patient12_window16s_stride1s-epo,theta
3789,-0.006289975466912358,patient12_window16s_stride1s-epo,theta
3790,-0.005131490629324935,patient12_window16s_stride1s-epo,theta
3791,-0.004661884968895227,patient12_window16s_stride1s-epo,theta
3792,-0.0039036041136657922,patient12_window16s_stride1s-epo,theta
3793,-0.005130029359478199,patient12_window16s_stride1s-epo,theta
3794,-0.004119702510214022,patient12_window16s_stride1s-epo,theta
3795,-0.0033538885909968597,patient12_window16s_stride1s-epo,theta
3796,-0.003337263562184308,patient12_window16s_stride1s-epo,theta
3797,-0.004335597326293166,patient12_window16s_stride1s-epo,theta
3798,-0.004090718039838256,patient12_window16s_stride1s-epo,theta
3799,-0.00435606921196122,patient12_window16s_stride1s-epo,theta
3800,-0.004539196505021856,patient12_window16s_stride1s-epo,theta
3801,-0.003955836986295722,patient12_window16s_stride1s-epo,theta
3802,-0.004216659237435935,patient12_window16s_stride1s-epo,theta
3803,-0.002958449717853866,patient12_window16s_stride1s-epo,theta
3804,-0.002906125177628527,patient12_window16s_stride1s-epo,theta
3805,-0.002866366135194016,patient12_window16s_stride1s-epo,theta
3806,-0.0029800340783004654,patient12_window16s_stride1s-epo,theta
3807,-0.0034292536489692656,patient12_window16s_stride1s-epo,theta
3808,-0.0025052442084609167,patient12_window16s_stride1s-epo,theta
3809,-0.003829025111285414,patient12_window16s_stride1s-epo,theta
3810,-0.004071185113757963,patient12_window16s_stride1s-epo,theta
3811,-0.003359739757471242,patient12_window16s_stride1s-epo,theta
3812,-0.0034714717465807415,patient12_window16s_stride1s-epo,theta
3813,-0.0033411202884552874,patient12_window16s_stride1s-epo,theta
3814,-0.0031906094360236773,patient12_window16s_stride1s-epo,theta
3815,-0.0053295778646286545,patient12_window16s_stride1s-epo,theta
3816,-0.003939928694832074,patient12_window16s_stride1s-epo,theta
3817,-0.0044206060211492825,patient12_window16s_stride1s-epo,theta
3818,-0.004009503766070173,patient12_window16s_stride1s-epo,theta
3819,-0.0026215445970814905,patient12_window16s_stride1s-epo,theta
3820,-0.001006094309136507,patient12_window16s_stride1s-epo,theta
3821,-0.001316303477921217,patient12_window16s_stride1s-epo,theta
3822,-0.0026543682261897625,patient12_window16s_stride1s-epo,theta
3823,-0.0018770342018575232,patient12_window16s_stride1s-epo,theta
3824,-0.0030978854747986118,patient12_window16s_stride1s-epo,theta
3825,-0.003668225051940261,patient12_window16s_stride1s-epo,theta
3826,-0.0033161156220115062,patient12_window16s_stride1s-epo,theta
3827,-0.0046259404562142125,patient12_window16s_stride1s-epo,theta
3828,-0.004925797420897118,patient12_window16s_stride1s-epo,theta
3829,-0.004371435813372565,patient12_window16s_stride1s-epo,theta
3830,-0.003605847113360481,patient12_window16s_stride1s-epo,theta
3831,-0.0028588406402176433,patient12_window16s_stride1s-epo,theta
3832,-0.0037264267171466707,patient12_window16s_stride1s-epo,theta
3833,-0.0037641142573713927,patient12_window16s_stride1s-epo,theta
3834,-0.0038023148977151936,patient12_window16s_stride1s-epo,theta
3835,-0.004468514996352608,patient12_window16s_stride1s-epo,theta
3836,-0.004417029892365051,patient12_window16s_stride1s-epo,theta
3837,-0.006389922357035917,patient12_window16s_stride1s-epo,theta
3838,-0.005490004154456932,patient12_window16s_stride1s-epo,theta
3839,-0.006534035804372513,patient12_window16s_stride1s-epo,theta
3840,-0.007210987559708815,patient12_window16s_stride1s-epo,theta
3841,-0.0069674636884423675,patient12_window16s_stride1s-epo,theta
3842,-0.007158375222239145,patient12_window16s_stride1s-epo,theta
3843,-0.005716228431383408,patient12_window16s_stride1s-epo,theta
3844,-0.004346925977641504,patient12_window16s_stride1s-epo,theta
3845,-0.0034359155616350795,patient12_window16s_stride1s-epo,theta
3846,-0.004778719729566076,patient12_window16s_stride1s-epo,theta
3847,-0.005598730110068045,patient12_window16s_stride1s-epo,theta
3848,-0.0053453577475606915,patient12_window16s_stride1s-epo,theta
3849,-0.005453044823993444,patient12_window16s_stride1s-epo,theta
3850,-0.005396706405948099,patient12_window16s_stride1s-epo,theta
3851,-0.0058587566314388054,patient12_window16s_stride1s-epo,theta
3852,-0.005373054651603399,patient12_window16s_stride1s-epo,theta
3853,-0.0040782173027678935,patient12_window16s_stride1s-epo,theta
3854,-0.004442920335313581,patient12_window16s_stride1s-epo,theta
3855,-0.0034103300387594024,patient12_window16s_stride1s-epo,theta
3856,-0.0022695342120022137,patient12_window16s_stride1s-epo,theta
3857,-0.00200144628353393,patient12_window16s_stride1s-epo,theta
3858,-0.002157617729486901,patient12_window16s_stride1s-epo,theta
3859,-0.0038352484689065302,patient12_window16s_stride1s-epo,theta
3860,-0.008255336802667317,patient12_window16s_stride1s-epo,theta
3861,-0.0073661572955626515,patient12_window16s_stride1s-epo,theta
3862,-0.005756490767727519,patient12_window16s_stride1s-epo,theta
3863,-0.006026230649062903,patient12_window16s_stride1s-epo,theta
3864,-0.004349471849575514,patient12_window16s_stride1s-epo,theta
3865,-0.004137064442215147,patient12_window16s_stride1s-epo,theta
3866,-0.003406640732231417,patient12_window16s_stride1s-epo,theta
3867,-0.003999159963349343,patient12_window16s_stride1s-epo,theta
3868,-0.0039281714999860875,patient12_window16s_stride1s-epo,theta
3869,-0.0036471326309258003,patient12_window16s_stride1s-epo,theta
3870,-0.0028809278859195145,patient12_window16s_stride1s-epo,theta
3871,-0.003593391753931839,patient12_window16s_stride1s-epo,theta
3872,-0.004728070302093423,patient12_window16s_stride1s-epo,theta
3873,-0.00535875442459928,patient12_window16s_stride1s-epo,theta
3874,-0.004838860312135817,patient12_window16s_stride1s-epo,theta
3875,-0.003899509875547094,patient12_window16s_stride1s-epo,theta
3876,-0.0030867180553520094,patient12_window16s_stride1s-epo,theta
3877,-0.001967541544425399,patient12_window16s_stride1s-epo,theta
3878,-0.0028340496831418876,patient12_window16s_stride1s-epo,theta
3879,-0.003820999154917738,patient12_window16s_stride1s-epo,theta
3880,-0.0033146457505239613,patient12_window16s_stride1s-epo,theta
3881,-0.0023860962173126144,patient12_window16s_stride1s-epo,theta
3882,-0.0010645809105531221,patient12_window16s_stride1s-epo,theta
3883,-0.0021042576674523564,patient12_window16s_stride1s-epo,theta
3884,-0.001258029855846779,patient12_window16s_stride1s-epo,theta
3885,-0.0023612527587099784,patient12_window16s_stride1s-epo,theta
3886,-0.002856480225383631,patient12_window16s_stride1s-epo,theta
3887,-0.0030357399414862535,patient12_window16s_stride1s-epo,theta
3888,-0.004162743718659555,patient12_window16s_stride1s-epo,theta
3889,-0.003270939639540323,patient12_window16s_stride1s-epo,theta
3890,-0.004097176240748681,patient12_window16s_stride1s-epo,theta
3891,-0.004073449071926839,patient12_window16s_stride1s-epo,theta
3892,-0.003892608098435498,patient12_window16s_stride1s-epo,theta
3893,-0.004049943543325794,patient12_window16s_stride1s-epo,theta
3894,-0.004357141924286278,patient12_window16s_stride1s-epo,theta
3895,-0.0027459481980020425,patient12_window16s_stride1s-epo,theta
3896,-0.003499438745625825,patient12_window16s_stride1s-epo,theta
3897,-0.004337667159863301,patient12_window16s_stride1s-epo,theta
3898,-0.005879274673105777,patient12_window16s_stride1s-epo,theta
3899,-0.004223997035886064,patient12_window16s_stride1s-epo,theta
3900,-0.0028560508951622782,patient12_window16s_stride1s-epo,theta
3901,-0.004022416684574384,patient12_window16s_stride1s-epo,theta
3902,-0.0045421727287129465,patient12_window16s_stride1s-epo,theta
3903,-0.004721553478973233,patient12_window16s_stride1s-epo,theta
3904,-0.0039210633699157515,patient12_window16s_stride1s-epo,theta
3905,-0.004697696492256231,patient12_window16s_stride1s-epo,theta
3906,-0.003920995041589259,patient12_window16s_stride1s-epo,theta
3907,-0.0037425197178655206,patient12_window16s_stride1s-epo,theta
3908,-0.00325324399989488,patient12_window16s_stride1s-epo,theta
3909,-0.0028234839807383047,patient12_window16s_stride1s-epo,theta
3910,-0.0028720038317071104,patient12_window16s_stride1s-epo,theta
3911,-0.002154642304774848,patient12_window16s_stride1s-epo,theta
3912,-0.00021644457884353651,patient12_window16s_stride1s-epo,theta
3913,-0.0007323828775751965,patient12_window16s_stride1s-epo,theta
3914,-0.0005799459215368416,patient12_window16s_stride1s-epo,theta
3915,-0.0004067088506443803,patient12_window16s_stride1s-epo,theta
3916,-0.0007784709267954569,patient12_window16s_stride1s-epo,theta
3917,0.0006760406838092395,patient12_window16s_stride1s-epo,theta
3918,0.0006673318382746449,patient12_window16s_stride1s-epo,theta
3919,0.0012600896738024676,patient12_window16s_stride1s-epo,theta
3920,0.0004697972233550229,patient12_window16s_stride1s-epo,theta
3921,0.0005893107935556664,patient12_window16s_stride1s-epo,theta
3922,0.00011588313439445428,patient12_window16s_stride1s-epo,theta
3923,2.774092696251245e-05,patient12_window16s_stride1s-epo,theta
3924,-0.00023755584738601343,patient12_window16s_stride1s-epo,theta
3925,-0.0012692747212437907,patient12_window16s_stride1s-epo,theta
3926,-0.0026313852169349192,patient12_window16s_stride1s-epo,theta
3927,-0.003935422152017254,patient12_window16s_stride1s-epo,theta
3928,-0.005103386409454163,patient12_window16s_stride1s-epo,theta
3929,-0.0036568001763258276,patient12_window16s_stride1s-epo,theta
3930,-0.003950269953168524,patient12_window16s_stride1s-epo,theta
3931,-0.005302941237569318,patient12_window16s_stride1s-epo,theta
3932,-0.005202665039055288,patient12_window16s_stride1s-epo,theta
3933,-0.004522999381144491,patient12_window16s_stride1s-epo,theta
3934,-0.004309172948431327,patient12_window16s_stride1s-epo,theta
3935,-0.004374200058093319,patient12_window16s_stride1s-epo,theta
3936,-0.004160367193122288,patient12_window16s_stride1s-epo,theta
3937,-0.002860119772627553,patient12_window16s_stride1s-epo,theta
3938,-0.0037826077778515903,patient12_window16s_stride1s-epo,theta
3939,-0.003610289495987579,patient12_window16s_stride1s-epo,theta
3940,-0.003011037841254415,patient12_window16s_stride1s-epo,theta
3941,-0.0017024320237602566,patient12_window16s_stride1s-epo,theta
3942,-0.002385208715130288,patient12_window16s_stride1s-epo,theta
3943,-0.0027045437170562566,patient12_window16s_stride1s-epo,theta
3944,-0.0026097808136339436,patient12_window16s_stride1s-epo,theta
3945,-0.0018378088710584988,patient12_window16s_stride1s-epo,theta
3946,-0.0015378026325515624,patient12_window16s_stride1s-epo,theta
3947,-0.0006771027754999394,patient12_window16s_stride1s-epo,theta
3948,-0.0031508838915009687,patient12_window16s_stride1s-epo,theta
3949,-0.0024934914970058328,patient12_window16s_stride1s-epo,theta
3950,-0.003155603735880421,patient12_window16s_stride1s-epo,theta
3951,-0.0035862628547974874,patient12_window16s_stride1s-epo,theta
3952,-0.0037353320790050356,patient12_window16s_stride1s-epo,theta
3953,-0.0022920906331829853,patient12_window16s_stride1s-epo,theta
3954,-0.0017015378832527953,patient12_window16s_stride1s-epo,theta
3955,-0.0018939050584951163,patient12_window16s_stride1s-epo,theta
3956,-0.0014195921693616732,patient12_window16s_stride1s-epo,theta
3957,-0.002125236894962631,patient12_window16s_stride1s-epo,theta
3958,-0.0010093807055389138,patient12_window16s_stride1s-epo,theta
3959,-0.0004235633680184893,patient12_window16s_stride1s-epo,theta
3960,-0.0024701992689362927,patient12_window16s_stride1s-epo,theta
3961,-0.0026200913732444034,patient12_window16s_stride1s-epo,theta
3962,-0.0051430340914210265,patient12_window16s_stride1s-epo,theta
3963,-0.005256111179009016,patient12_window16s_stride1s-epo,theta
3964,-0.0035482743265423927,patient12_window16s_stride1s-epo,theta
3965,-0.0033688553502625434,patient12_window16s_stride1s-epo,theta
3966,-0.0034646140376778894,patient12_window16s_stride1s-epo,theta
3967,-0.004737072388156428,patient12_window16s_stride1s-epo,theta
3968,-0.006003023142904118,patient12_window16s_stride1s-epo,theta
3969,-0.006510660456419863,patient12_window16s_stride1s-epo,theta
3970,-0.0060417149214550036,patient12_window16s_stride1s-epo,theta
3971,-0.0073567661713509905,patient12_window16s_stride1s-epo,theta
3972,-0.00795936488899824,patient12_window16s_stride1s-epo,theta
3973,-0.009736081152961693,patient12_window16s_stride1s-epo,theta
3974,-0.009868204388108563,patient12_window16s_stride1s-epo,theta
3975,-0.011852044354561837,patient12_window16s_stride1s-epo,theta
3976,-0.009486905736129337,patient12_window16s_stride1s-epo,theta
3977,-0.00833151155874236,patient12_window16s_stride1s-epo,theta
3978,-0.00861680654231725,patient12_window16s_stride1s-epo,theta
3979,-0.008126207759684721,patient12_window16s_stride1s-epo,theta
3980,-0.009778267784878544,patient12_window16s_stride1s-epo,theta
3981,-0.008945645048982731,patient12_window16s_stride1s-epo,theta
3982,-0.008560402108310975,patient12_window16s_stride1s-epo,theta
3983,-0.00846856516148686,patient12_window16s_stride1s-epo,theta
3984,-0.0099990457593796,patient12_window16s_stride1s-epo,theta
3985,-0.011815753564644437,patient12_window16s_stride1s-epo,theta
3986,-0.009883271646490069,patient12_window16s_stride1s-epo,theta
3987,-0.00943080051028265,patient12_window16s_stride1s-epo,theta
3988,-0.008780863653707092,patient12_window16s_stride1s-epo,theta
3989,-0.007983811969333865,patient12_window16s_stride1s-epo,theta
3990,-0.008901314005024061,patient12_window16s_stride1s-epo,theta
3991,-0.008319642846442647,patient12_window16s_stride1s-epo,theta
3992,-0.008580876339415946,patient12_window16s_stride1s-epo,theta
3993,-0.009033850469335756,patient12_window16s_stride1s-epo,theta
3994,-0.00883305298737244,patient12_window16s_stride1s-epo,theta
3995,-0.006176897359797065,patient12_window16s_stride1s-epo,theta
3996,-0.00629758345608192,patient12_window16s_stride1s-epo,theta
3997,-0.0071604487177008005,patient12_window16s_stride1s-epo,theta
3998,-0.006523620869503667,patient12_window16s_stride1s-epo,theta
3999,-0.005618887454686608,patient12_window16s_stride1s-epo,theta
4000,-0.004906609980675557,patient12_window16s_stride1s-epo,theta
4001,-0.005395499458607998,patient12_window16s_stride1s-epo,theta
4002,-0.00404483999735605,patient12_window16s_stride1s-epo,theta
4003,-0.00425432193995761,patient12_window16s_stride1s-epo,theta
4004,-0.003215988610236706,patient12_window16s_stride1s-epo,theta
4005,-0.0016688177235755128,patient12_window16s_stride1s-epo,theta
4006,-0.0011139541337982053,patient12_window16s_stride1s-epo,theta
4007,-0.0020361359913017344,patient12_window16s_stride1s-epo,theta
4008,-0.0012440095749526921,patient12_window16s_stride1s-epo,theta
4009,-0.0016348784060488029,patient12_window16s_stride1s-epo,theta
4010,-0.001708589772721984,patient12_window16s_stride1s-epo,theta
4011,-0.0016099281317207255,patient12_window16s_stride1s-epo,theta
4012,-0.0014952914407954205,patient12_window16s_stride1s-epo,theta
4013,0.0005351442509930593,patient12_window16s_stride1s-epo,theta
4014,-0.0004206260892139427,patient12_window16s_stride1s-epo,theta
4015,0.001101196730305606,patient12_window16s_stride1s-epo,theta
4016,0.0005873031467473541,patient12_window16s_stride1s-epo,theta
4017,0.0008612921741425102,patient12_window16s_stride1s-epo,theta
4018,-0.0016128462695370975,patient12_window16s_stride1s-epo,theta
4019,-0.0008622950704475757,patient12_window16s_stride1s-epo,theta
4020,-0.0005965249787262839,patient12_window16s_stride1s-epo,theta
4021,-0.001609462967416444,patient12_window16s_stride1s-epo,theta
4022,-0.002124996441832249,patient12_window16s_stride1s-epo,theta
4023,-0.003015806526750053,patient12_window16s_stride1s-epo,theta
4024,-0.0043081846565679914,patient12_window16s_stride1s-epo,theta
4025,-0.004202629371175007,patient12_window16s_stride1s-epo,theta
4026,-0.0024373019225022827,patient12_window16s_stride1s-epo,theta
4027,-0.0007505102957861122,patient12_window16s_stride1s-epo,theta
4028,-0.004336254272272786,patient12_window16s_stride1s-epo,theta
4029,-0.004432981529813978,patient12_window16s_stride1s-epo,theta
4030,-0.004093430458973697,patient12_window16s_stride1s-epo,theta
4031,-0.005131851762128162,patient12_window16s_stride1s-epo,theta
4032,-0.00434281804740666,patient12_window16s_stride1s-epo,theta
4033,-0.0040072688319237985,patient12_window16s_stride1s-epo,theta
4034,-0.002013263355551957,patient12_window16s_stride1s-epo,theta
4035,-0.004821244188080855,patient12_window16s_stride1s-epo,theta
4036,-0.0039019250420665474,patient12_window16s_stride1s-epo,theta
4037,-0.004538724188413798,patient12_window16s_stride1s-epo,theta
4038,-0.004038083344594984,patient12_window16s_stride1s-epo,theta
4039,-0.0039427568768564125,patient12_window16s_stride1s-epo,theta
4040,-0.0036753661286077688,patient12_window16s_stride1s-epo,theta
4041,-0.00357737859365966,patient12_window16s_stride1s-epo,theta
4042,-0.003972113240287212,patient12_window16s_stride1s-epo,theta
4043,-0.005233089433914699,patient12_window16s_stride1s-epo,theta
4044,-0.004827150382934557,patient12_window16s_stride1s-epo,theta
4045,-0.0056480549811432435,patient12_window16s_stride1s-epo,theta
4046,-0.0062472531864884535,patient12_window16s_stride1s-epo,theta
4047,-0.006707977544517157,patient12_window16s_stride1s-epo,theta
4048,-0.006424631974104756,patient12_window16s_stride1s-epo,theta
4049,-0.007956116706151659,patient12_window16s_stride1s-epo,theta
4050,-0.006383736474045802,patient12_window16s_stride1s-epo,theta
4051,-0.005411699573000063,patient12_window16s_stride1s-epo,theta
4052,-0.005418889957887872,patient12_window16s_stride1s-epo,theta
4053,-0.005603146979693092,patient12_window16s_stride1s-epo,theta
4054,-0.006450215144830764,patient12_window16s_stride1s-epo,theta
4055,-0.00612147068415706,patient12_window16s_stride1s-epo,theta
4056,-0.005853769342439431,patient12_window16s_stride1s-epo,theta
4057,-0.0053376985102925245,patient12_window16s_stride1s-epo,theta
4058,-0.003898540370469148,patient12_window16s_stride1s-epo,theta
4059,-0.003720939829044985,patient12_window16s_stride1s-epo,theta
4060,-0.0038441239750771033,patient12_window16s_stride1s-epo,theta
4061,-0.0017728603307306844,patient12_window16s_stride1s-epo,theta
4062,-0.00245974098728158,patient12_window16s_stride1s-epo,theta
4063,-0.00347753869078218,patient12_window16s_stride1s-epo,theta
4064,-0.0033708861983773497,patient12_window16s_stride1s-epo,theta
4065,-0.0038047249090502394,patient12_window16s_stride1s-epo,theta
4066,-0.0034768575214566325,patient12_window16s_stride1s-epo,theta
4067,-0.00302801303793871,patient12_window16s_stride1s-epo,theta
4068,-0.004830552421247598,patient12_window16s_stride1s-epo,theta
4069,-0.005112142023792027,patient12_window16s_stride1s-epo,theta
4070,-0.0035039190630911272,patient12_window16s_stride1s-epo,theta
4071,-0.003539350470384342,patient12_window16s_stride1s-epo,theta
4072,-0.0027954665861848246,patient12_window16s_stride1s-epo,theta
4073,-0.0016475839775313065,patient12_window16s_stride1s-epo,theta
4074,-0.0013206075943417114,patient12_window16s_stride1s-epo,theta
4075,-0.0036892017244208684,patient12_window16s_stride1s-epo,theta
4076,-0.0030538263129452382,patient12_window16s_stride1s-epo,theta
4077,-0.004558308306882352,patient12_window16s_stride1s-epo,theta
4078,-0.0044211911551515866,patient12_window16s_stride1s-epo,theta
4079,-0.005775266923979791,patient12_window16s_stride1s-epo,theta
4080,-0.004759340331824251,patient12_window16s_stride1s-epo,theta
4081,-0.004303318305869952,patient12_window16s_stride1s-epo,theta
4082,-0.0054185586593094495,patient12_window16s_stride1s-epo,theta
4083,-0.0058546328469493494,patient12_window16s_stride1s-epo,theta
4084,-0.00653696250308368,patient12_window16s_stride1s-epo,theta
4085,-0.005631747422763488,patient12_window16s_stride1s-epo,theta
4086,-0.005273622281621832,patient12_window16s_stride1s-epo,theta
4087,-0.007183692679149687,patient12_window16s_stride1s-epo,theta
4088,-0.006811068933145631,patient12_window16s_stride1s-epo,theta
4089,-0.005979682657901708,patient12_window16s_stride1s-epo,theta
4090,-0.005068063552114582,patient12_window16s_stride1s-epo,theta
4091,-0.004532684717995329,patient12_window16s_stride1s-epo,theta
4092,-0.003895326964301963,patient12_window16s_stride1s-epo,theta
4093,-0.0031241822565021772,patient12_window16s_stride1s-epo,theta
4094,-0.0025041219192181536,patient12_window16s_stride1s-epo,theta
4095,-0.0023794986950892074,patient12_window16s_stride1s-epo,theta
4096,-0.0035922687339911834,patient12_window16s_stride1s-epo,theta
4097,-0.003437244394279097,patient12_window16s_stride1s-epo,theta
4098,-0.0047158492509520545,patient12_window16s_stride1s-epo,theta
4099,-0.00440366167659,patient12_window16s_stride1s-epo,theta
4100,-0.006129170809604062,patient12_window16s_stride1s-epo,theta
4101,-0.006124360546814448,patient12_window16s_stride1s-epo,theta
4102,-0.006091418524732364,patient12_window16s_stride1s-epo,theta
4103,-0.00505352387456104,patient12_window16s_stride1s-epo,theta
4104,-0.004805149307404736,patient12_window16s_stride1s-epo,theta
4105,-0.005021719982091716,patient12_window16s_stride1s-epo,theta
4106,-0.006361964241880887,patient12_window16s_stride1s-epo,theta
4107,-0.00687316336503251,patient12_window16s_stride1s-epo,theta
4108,-0.007468648709133654,patient12_window16s_stride1s-epo,theta
4109,-0.007803548536680742,patient12_window16s_stride1s-epo,theta
4110,-0.009390389709094832,patient12_window16s_stride1s-epo,theta
4111,-0.01070108912129278,patient12_window16s_stride1s-epo,theta
4112,-0.008864245705928843,patient12_window16s_stride1s-epo,theta
4113,-0.00877415235239349,patient12_window16s_stride1s-epo,theta
4114,-0.009420809108207787,patient12_window16s_stride1s-epo,theta
4115,-0.010451418830112063,patient12_window16s_stride1s-epo,theta
4116,-0.008603318329405439,patient12_window16s_stride1s-epo,theta
4117,-0.007987420941015327,patient12_window16s_stride1s-epo,theta
4118,-0.008377070989157704,patient12_window16s_stride1s-epo,theta
4119,-0.009311918955999384,patient12_window16s_stride1s-epo,theta
4120,-0.009775033619138168,patient12_window16s_stride1s-epo,theta
4121,-0.009789039061688598,patient12_window16s_stride1s-epo,theta
4122,-0.008986545331725621,patient12_window16s_stride1s-epo,theta
4123,-0.008586874027164123,patient12_window16s_stride1s-epo,theta
4124,-0.008740810915943795,patient12_window16s_stride1s-epo,theta
4125,-0.009467788373476562,patient12_window16s_stride1s-epo,theta
4126,-0.008046543181502826,patient12_window16s_stride1s-epo,theta
4127,-0.006706469638334882,patient12_window16s_stride1s-epo,theta
4128,-0.005561303787236619,patient12_window16s_stride1s-epo,theta
4129,-0.005105165085210994,patient12_window16s_stride1s-epo,theta
4130,-0.005596299141411858,patient12_window16s_stride1s-epo,theta
4131,-0.005859695072189272,patient12_window16s_stride1s-epo,theta
4132,-0.0053971712591663725,patient12_window16s_stride1s-epo,theta
4133,-0.0049721881359544515,patient12_window16s_stride1s-epo,theta
4134,-0.0058434090813748,patient12_window16s_stride1s-epo,theta
4135,-0.005500618428139891,patient12_window16s_stride1s-epo,theta
4136,-0.00573428252211208,patient12_window16s_stride1s-epo,theta
4137,-0.007295250754939448,patient12_window16s_stride1s-epo,theta
4138,-0.008367282474567634,patient12_window16s_stride1s-epo,theta
4139,-0.006103906963707828,patient12_window16s_stride1s-epo,theta
4140,-0.00639069481893586,patient12_window16s_stride1s-epo,theta
4141,-0.004331260442989717,patient12_window16s_stride1s-epo,theta
4142,-0.004697144793975481,patient12_window16s_stride1s-epo,theta
4143,-0.005520780516075573,patient12_window16s_stride1s-epo,theta
4144,-0.005399636985219796,patient12_window16s_stride1s-epo,theta
4145,-0.006369848819843789,patient12_window16s_stride1s-epo,theta
4146,-0.004048012253684568,patient12_window16s_stride1s-epo,theta
4147,-0.005403564063524793,patient12_window16s_stride1s-epo,theta
4148,-0.00727479274962675,patient12_window16s_stride1s-epo,theta
4149,-0.00785045085534714,patient12_window16s_stride1s-epo,theta
4150,-0.007136792071243659,patient12_window16s_stride1s-epo,theta
4151,-0.007007546602011802,patient12_window16s_stride1s-epo,theta
4152,-0.008170351247194231,patient12_window16s_stride1s-epo,theta
4153,-0.005904222702502629,patient12_window16s_stride1s-epo,theta
4154,-0.007084236111632223,patient12_window16s_stride1s-epo,theta
4155,-0.008117134608265273,patient12_window16s_stride1s-epo,theta
4156,-0.007900408087915367,patient12_window16s_stride1s-epo,theta
4157,-0.007911357004140118,patient12_window16s_stride1s-epo,theta
4158,-0.010778529592598677,patient12_window16s_stride1s-epo,theta
4159,-0.010716314742287647,patient12_window16s_stride1s-epo,theta
4160,-0.011171046088885436,patient12_window16s_stride1s-epo,theta
4161,-0.011594329294263375,patient12_window16s_stride1s-epo,theta
4162,-0.010131160298317465,patient12_window16s_stride1s-epo,theta
4163,-0.009674908848711111,patient12_window16s_stride1s-epo,theta
4164,-0.0077648863753473655,patient12_window16s_stride1s-epo,theta
4165,-0.008850428739432273,patient12_window16s_stride1s-epo,theta
4166,-0.008477875530259398,patient12_window16s_stride1s-epo,theta
4167,-0.008181391311051,patient12_window16s_stride1s-epo,theta
4168,-0.008385762622802355,patient12_window16s_stride1s-epo,theta
4169,-0.007664961758661489,patient12_window16s_stride1s-epo,theta
4170,-0.007420164025974359,patient12_window16s_stride1s-epo,theta
4171,-0.007823766711884339,patient12_window16s_stride1s-epo,theta
4172,-0.006788190111550582,patient12_window16s_stride1s-epo,theta
4173,-0.006602937878711304,patient12_window16s_stride1s-epo,theta
4174,-0.0038004708693340494,patient12_window16s_stride1s-epo,theta
4175,-0.0028649470526893777,patient12_window16s_stride1s-epo,theta
4176,-0.0033771240407842102,patient12_window16s_stride1s-epo,theta
4177,-0.003620729079471882,patient12_window16s_stride1s-epo,theta
4178,-0.0036248426700502016,patient12_window16s_stride1s-epo,theta
4179,-0.003221469508553612,patient12_window16s_stride1s-epo,theta
4180,-0.005002419688526189,patient12_window16s_stride1s-epo,theta
4181,-0.00370680827889797,patient12_window16s_stride1s-epo,theta
4182,-0.0033559275765334346,patient12_window16s_stride1s-epo,theta
4183,-0.0029762913215943608,patient12_window16s_stride1s-epo,theta
4184,-0.00519985046964972,patient12_window16s_stride1s-epo,theta
4185,-0.0046449821144069914,patient12_window16s_stride1s-epo,theta
4186,-0.006833893337171292,patient12_window16s_stride1s-epo,theta
4187,-0.005723228885331266,patient12_window16s_stride1s-epo,theta
4188,-0.007039947481188822,patient12_window16s_stride1s-epo,theta
4189,-0.007888703576062271,patient12_window16s_stride1s-epo,theta
4190,-0.007748960805967084,patient12_window16s_stride1s-epo,theta
4191,-0.007110290680281684,patient12_window16s_stride1s-epo,theta
4192,-0.008406391430305284,patient12_window16s_stride1s-epo,theta
4193,-0.007001898221123597,patient12_window16s_stride1s-epo,theta
4194,-0.007060427863982833,patient12_window16s_stride1s-epo,theta
4195,-0.005986501862157489,patient12_window16s_stride1s-epo,theta
4196,-0.004074225711377139,patient12_window16s_stride1s-epo,theta
4197,-0.0059700581070590295,patient12_window16s_stride1s-epo,theta
4198,-0.006710528343540278,patient12_window16s_stride1s-epo,theta
4199,-0.006256181693215774,patient12_window16s_stride1s-epo,theta
4200,-0.004626256310368695,patient12_window16s_stride1s-epo,theta
4201,-0.004113446232740512,patient12_window16s_stride1s-epo,theta
4202,-0.004358827554567222,patient12_window16s_stride1s-epo,theta
4203,-0.0036839762588337477,patient12_window16s_stride1s-epo,theta
4204,-0.0031900861929985516,patient12_window16s_stride1s-epo,theta
4205,-0.003645254037359905,patient12_window16s_stride1s-epo,theta
4206,-0.0024883175680029497,patient12_window16s_stride1s-epo,theta
4207,-0.002557836349200428,patient12_window16s_stride1s-epo,theta
4208,-0.0009641824644541823,patient12_window16s_stride1s-epo,theta
4209,-0.001308258989469557,patient12_window16s_stride1s-epo,theta
4210,-0.003019147957578006,patient12_window16s_stride1s-epo,theta
4211,-0.0045096788360273875,patient12_window16s_stride1s-epo,theta
4212,-0.0036658805718566656,patient12_window16s_stride1s-epo,theta
4213,-0.0033594457616089994,patient12_window16s_stride1s-epo,theta
4214,-0.0013879840271513626,patient12_window16s_stride1s-epo,theta
4215,-0.0009869187439504716,patient12_window16s_stride1s-epo,theta
4216,-0.00196152748123032,patient12_window16s_stride1s-epo,theta
4217,-0.0026647035330687016,patient12_window16s_stride1s-epo,theta
4218,-0.0036228780334973372,patient12_window16s_stride1s-epo,theta
4219,-0.0037653185730012867,patient12_window16s_stride1s-epo,theta
4220,-0.0031820746012870093,patient12_window16s_stride1s-epo,theta
4221,-0.005590233775770259,patient12_window16s_stride1s-epo,theta
4222,-0.004356347688929173,patient12_window16s_stride1s-epo,theta
4223,-0.0053155185016876055,patient12_window16s_stride1s-epo,theta
4224,-0.005802112039468319,patient12_window16s_stride1s-epo,theta
4225,-0.005834725528106494,patient12_window16s_stride1s-epo,theta
4226,-0.005303129035798818,patient12_window16s_stride1s-epo,theta
4227,-0.005456422534999232,patient12_window16s_stride1s-epo,theta
4228,-0.004699005055013103,patient12_window16s_stride1s-epo,theta
4229,-0.006010186111554521,patient12_window16s_stride1s-epo,theta
4230,-0.005010791192005814,patient12_window16s_stride1s-epo,theta
4231,-0.005617092502171265,patient12_window16s_stride1s-epo,theta
4232,-0.00584323974055989,patient12_window16s_stride1s-epo,theta
4233,-0.006249254382435333,patient12_window16s_stride1s-epo,theta
4234,-0.005161480277808137,patient12_window16s_stride1s-epo,theta
4235,-0.006941734910702612,patient12_window16s_stride1s-epo,theta
4236,-0.005482966871267445,patient12_window16s_stride1s-epo,theta
4237,-0.005149987720918007,patient12_window16s_stride1s-epo,theta
4238,-0.0038957536691904874,patient12_window16s_stride1s-epo,theta
4239,-0.0034405566174576644,patient12_window16s_stride1s-epo,theta
4240,-0.004593661734937204,patient12_window16s_stride1s-epo,theta
4241,-0.003743676484060716,patient12_window16s_stride1s-epo,theta
4242,-0.003515187608536442,patient12_window16s_stride1s-epo,theta
4243,-0.0040916603025700875,patient12_window16s_stride1s-epo,theta
4244,-0.0040313031573256716,patient12_window16s_stride1s-epo,theta
4245,-0.003473528147616079,patient12_window16s_stride1s-epo,theta
4246,-0.004956131628938597,patient12_window16s_stride1s-epo,theta
4247,-0.00505211362304225,patient12_window16s_stride1s-epo,theta
4248,-0.005910307792513059,patient12_window16s_stride1s-epo,theta
4249,-0.006367846111550111,patient12_window16s_stride1s-epo,theta
4250,-0.0053892315492834195,patient12_window16s_stride1s-epo,theta
4251,-0.0059085054326172455,patient12_window16s_stride1s-epo,theta
4252,-0.006048930072799579,patient12_window16s_stride1s-epo,theta
4253,-0.004668157828116381,patient12_window16s_stride1s-epo,theta
4254,-0.0059214974065494854,patient12_window16s_stride1s-epo,theta
4255,-0.005481298293557464,patient12_window16s_stride1s-epo,theta
4256,-0.005372665844461182,patient12_window16s_stride1s-epo,theta
4257,-0.0030462697670534697,patient12_window16s_stride1s-epo,theta
4258,-0.0032918455776835107,patient12_window16s_stride1s-epo,theta
4259,-0.0016180848263997233,patient12_window16s_stride1s-epo,theta
4260,-0.00311429800601367,patient12_window16s_stride1s-epo,theta
4261,-0.002295432417615105,patient12_window16s_stride1s-epo,theta
4262,-0.0018375455312032176,patient12_window16s_stride1s-epo,theta
4263,-0.0019903977628829565,patient12_window16s_stride1s-epo,theta
4264,-0.0021415624581467957,patient12_window16s_stride1s-epo,theta
4265,-0.0028694758014921077,patient12_window16s_stride1s-epo,theta
4266,-0.0023207139980759234,patient12_window16s_stride1s-epo,theta
4267,-0.0033832936922956335,patient12_window16s_stride1s-epo,theta
4268,-0.0024369233011465,patient12_window16s_stride1s-epo,theta
4269,-0.0014944945993592585,patient12_window16s_stride1s-epo,theta
4270,-0.0011723932865899177,patient12_window16s_stride1s-epo,theta
4271,-0.0033335978416323803,patient12_window16s_stride1s-epo,theta
4272,-0.0014338319581400994,patient12_window16s_stride1s-epo,theta
4273,-0.0028090176345541883,patient12_window16s_stride1s-epo,theta
4274,-0.0019683918896213756,patient12_window16s_stride1s-epo,theta
4275,-0.0014161145965975847,patient12_window16s_stride1s-epo,theta
4276,-0.0024302876093957133,patient12_window16s_stride1s-epo,theta
4277,-0.0033910257418483993,patient12_window16s_stride1s-epo,theta
4278,-0.003405394147103445,patient12_window16s_stride1s-epo,theta
4279,-0.0039005441234246565,patient12_window16s_stride1s-epo,theta
4280,-0.0035273181500456888,patient12_window16s_stride1s-epo,theta
4281,-0.00105979931277746,patient12_window16s_stride1s-epo,theta
4282,-0.0013601328036474997,patient12_window16s_stride1s-epo,theta
4283,-0.0018234858430483684,patient12_window16s_stride1s-epo,theta
4284,-0.0011407044160443365,patient12_window16s_stride1s-epo,theta
4285,-0.002458706911913734,patient12_window16s_stride1s-epo,theta
4286,-0.0034564399926465587,patient12_window16s_stride1s-epo,theta
4287,-0.0017157097603187452,patient12_window16s_stride1s-epo,theta
4288,-0.0011107099820720622,patient12_window16s_stride1s-epo,theta
4289,0.0013628231116318717,patient12_window16s_stride1s-epo,theta
4290,5.217434888180808e-05,patient12_window16s_stride1s-epo,theta
4291,0.0017307221195706028,patient12_window16s_stride1s-epo,theta
4292,0.001994840426461893,patient12_window16s_stride1s-epo,theta
4293,0.0042143038034664826,patient12_window16s_stride1s-epo,theta
4294,0.0035909560823516548,patient12_window16s_stride1s-epo,theta
4295,0.002698405883184289,patient12_window16s_stride1s-epo,theta
4296,0.0006365167366202007,patient12_window16s_stride1s-epo,theta
4297,0.0006382839067317263,patient12_window16s_stride1s-epo,theta
4298,0.0018520157153338488,patient12_window16s_stride1s-epo,theta
4299,0.0025401995305995373,patient12_window16s_stride1s-epo,theta
4300,0.0010441527189961526,patient12_window16s_stride1s-epo,theta
4301,0.002206532296276375,patient12_window16s_stride1s-epo,theta
4302,0.0016494457843668207,patient12_window16s_stride1s-epo,theta
4303,-0.0006268558337133683,patient12_window16s_stride1s-epo,theta
4304,-0.0016600098855972826,patient12_window16s_stride1s-epo,theta
4305,-0.0026750366073026214,patient12_window16s_stride1s-epo,theta
4306,-0.00369778050759369,patient12_window16s_stride1s-epo,theta
4307,-0.00375929259227847,patient12_window16s_stride1s-epo,theta
4308,-0.0053144154311303435,patient12_window16s_stride1s-epo,theta
4309,-0.004198477551902584,patient12_window16s_stride1s-epo,theta
4310,-0.005145748196101539,patient12_window16s_stride1s-epo,theta
4311,-0.005030386494286003,patient12_window16s_stride1s-epo,theta
4312,-0.0028731254558978553,patient12_window16s_stride1s-epo,theta
4313,-0.003130415445134253,patient12_window16s_stride1s-epo,theta
4314,-0.0029967445481117907,patient12_window16s_stride1s-epo,theta
4315,-0.0034235656908988563,patient12_window16s_stride1s-epo,theta
4316,-0.0026868432646259643,patient12_window16s_stride1s-epo,theta
4317,-0.0029363576548259787,patient12_window16s_stride1s-epo,theta
4318,-0.0014339387523704225,patient12_window16s_stride1s-epo,theta
4319,-0.0015887314651575302,patient12_window16s_stride1s-epo,theta
4320,-0.0022153244768695402,patient12_window16s_stride1s-epo,theta
4321,-0.0012938023938850525,patient12_window16s_stride1s-epo,theta
4322,-3.116585884914068e-05,patient12_window16s_stride1s-epo,theta
4323,-0.0005759782361752717,patient12_window16s_stride1s-epo,theta
4324,-0.00027971825334987844,patient12_window16s_stride1s-epo,theta
4325,-0.0002737810959925223,patient12_window16s_stride1s-epo,theta
4326,0.0005673031922958245,patient12_window16s_stride1s-epo,theta
4327,0.0003897280981148465,patient12_window16s_stride1s-epo,theta
4328,0.0002736966093277384,patient12_window16s_stride1s-epo,theta
4329,0.0003789486145548968,patient12_window16s_stride1s-epo,theta
4330,-0.0006973050754349092,patient12_window16s_stride1s-epo,theta
4331,-0.0009376726548819212,patient12_window16s_stride1s-epo,theta
4332,0.0005949739325455821,patient12_window16s_stride1s-epo,theta
4333,0.0005657403819643563,patient12_window16s_stride1s-epo,theta
4334,-0.0006818420120239198,patient12_window16s_stride1s-epo,theta
4335,-0.0005143231676884958,patient12_window16s_stride1s-epo,theta
4336,0.00015945856332784676,patient12_window16s_stride1s-epo,theta
4337,-0.004459536019921209,patient12_window16s_stride1s-epo,theta
4338,-0.003831756512211426,patient12_window16s_stride1s-epo,theta
4339,-0.0029398631592862465,patient12_window16s_stride1s-epo,theta
4340,-0.00045333533164272025,patient12_window16s_stride1s-epo,theta
4341,-0.0016765140408969896,patient12_window16s_stride1s-epo,theta
4342,-0.002515593224559508,patient12_window16s_stride1s-epo,theta
4343,-0.0021232084903093505,patient12_window16s_stride1s-epo,theta
4344,-0.0026004966352007565,patient12_window16s_stride1s-epo,theta
4345,-0.0020494181663547723,patient12_window16s_stride1s-epo,theta
4346,-0.002296014948170041,patient12_window16s_stride1s-epo,theta
4347,-0.0010370953692146751,patient12_window16s_stride1s-epo,theta
4348,-0.00185425362671325,patient12_window16s_stride1s-epo,theta
4349,-0.002122255911361366,patient12_window16s_stride1s-epo,theta
4350,-0.000900433774497664,patient12_window16s_stride1s-epo,theta
4351,-0.0016242228359098967,patient12_window16s_stride1s-epo,theta
4352,-0.0012630010271100442,patient12_window16s_stride1s-epo,theta
4353,0.0008549882626590757,patient12_window16s_stride1s-epo,theta
4354,-0.0006812247023700557,patient12_window16s_stride1s-epo,theta
4355,-0.0007186152125716485,patient12_window16s_stride1s-epo,theta
4356,-5.990921632387976e-05,patient12_window16s_stride1s-epo,theta
4357,-0.00022199590523122768,patient12_window16s_stride1s-epo,theta
4358,-0.0014285739066055032,patient12_window16s_stride1s-epo,theta
4359,0.0009054788366331932,patient12_window16s_stride1s-epo,theta
4360,0.0016095430174296605,patient12_window16s_stride1s-epo,theta
4361,-0.0011834976008092794,patient12_window16s_stride1s-epo,theta
4362,-0.001963418054125012,patient12_window16s_stride1s-epo,theta
4363,-0.0019494468517530315,patient12_window16s_stride1s-epo,theta
4364,-0.0009536656045196545,patient12_window16s_stride1s-epo,theta
4365,-0.0032872598070468073,patient12_window16s_stride1s-epo,theta
4366,-0.0038872860550734703,patient12_window16s_stride1s-epo,theta
4367,-0.0037312973881002917,patient12_window16s_stride1s-epo,theta
4368,-0.004130436290756346,patient12_window16s_stride1s-epo,theta
4369,-0.005021358767056383,patient12_window16s_stride1s-epo,theta
4370,-0.004029601550039113,patient12_window16s_stride1s-epo,theta
4371,-0.0037728509658805183,patient12_window16s_stride1s-epo,theta
4372,-0.0052979063158366015,patient12_window16s_stride1s-epo,theta
4373,-0.004819061984426809,patient12_window16s_stride1s-epo,theta
4374,-0.0031460417018863897,patient12_window16s_stride1s-epo,theta
4375,-0.005640207161773172,patient12_window16s_stride1s-epo,theta
4376,-0.004101846851798681,patient12_window16s_stride1s-epo,theta
4377,-0.005222984083354732,patient12_window16s_stride1s-epo,theta
4378,-0.006507976191713128,patient12_window16s_stride1s-epo,theta
4379,-0.006673280605097142,patient12_window16s_stride1s-epo,theta
4380,-0.006720258271596882,patient12_window16s_stride1s-epo,theta
4381,-0.005672103222271244,patient12_window16s_stride1s-epo,theta
4382,-0.005240035989404964,patient12_window16s_stride1s-epo,theta
4383,-0.004221687527694461,patient12_window16s_stride1s-epo,theta
4384,-0.00396962721153444,patient12_window16s_stride1s-epo,theta
4385,-0.004092905430830125,patient12_window16s_stride1s-epo,theta
4386,-0.004405810166021749,patient12_window16s_stride1s-epo,theta
4387,-0.0040193199224697555,patient12_window16s_stride1s-epo,theta
4388,-0.005547336080203572,patient12_window16s_stride1s-epo,theta
4389,-0.0048601426299388194,patient12_window16s_stride1s-epo,theta
4390,-0.004373941273368996,patient12_window16s_stride1s-epo,theta
4391,-0.004532415084865967,patient12_window16s_stride1s-epo,theta
4392,-0.006540870970968122,patient12_window16s_stride1s-epo,theta
4393,-0.004334362423598399,patient12_window16s_stride1s-epo,theta
4394,-0.00391438769893156,patient12_window16s_stride1s-epo,theta
4395,-0.004326481443046674,patient12_window16s_stride1s-epo,theta
4396,-0.005652253849758956,patient12_window16s_stride1s-epo,theta
4397,-0.0037813568073091284,patient12_window16s_stride1s-epo,theta
4398,-0.004896970281691759,patient12_window16s_stride1s-epo,theta
4399,-0.0035807173328835044,patient12_window16s_stride1s-epo,theta
4400,-0.0025103319233099053,patient12_window16s_stride1s-epo,theta
4401,-0.003007006070464908,patient12_window16s_stride1s-epo,theta
4402,-0.003968845780855511,patient12_window16s_stride1s-epo,theta
4403,-0.0028754849117331657,patient12_window16s_stride1s-epo,theta
4404,-0.0022603423275184644,patient12_window16s_stride1s-epo,theta
4405,-0.0013249413362554664,patient12_window16s_stride1s-epo,theta
4406,-0.0020289307063623484,patient12_window16s_stride1s-epo,theta
4407,-0.0035251258602640493,patient12_window16s_stride1s-epo,theta
4408,-0.002352451795661781,patient12_window16s_stride1s-epo,theta
4409,-0.0042636750195217035,patient12_window16s_stride1s-epo,theta
4410,-0.002905796937296627,patient12_window16s_stride1s-epo,theta
4411,-0.0021771447402456163,patient12_window16s_stride1s-epo,theta
4412,-0.002542977912917693,patient12_window16s_stride1s-epo,theta
4413,-0.001818566845961903,patient12_window16s_stride1s-epo,theta
4414,-0.0007051839563723273,patient12_window16s_stride1s-epo,theta
4415,-0.0013614783526911995,patient12_window16s_stride1s-epo,theta
4416,-0.0025207233107935358,patient12_window16s_stride1s-epo,theta
4417,-0.0038625845410862687,patient12_window16s_stride1s-epo,theta
4418,-0.00365108478019812,patient12_window16s_stride1s-epo,theta
4419,-0.005296301878975909,patient12_window16s_stride1s-epo,theta
4420,-0.0044941812221738625,patient12_window16s_stride1s-epo,theta
4421,-0.005981436195508774,patient12_window16s_stride1s-epo,theta
4422,-0.006376971151121189,patient12_window16s_stride1s-epo,theta
4423,-0.0031658424976076286,patient12_window16s_stride1s-epo,theta
4424,-0.0019349202266542365,patient12_window16s_stride1s-epo,theta
4425,-0.0008651733474926008,patient12_window16s_stride1s-epo,theta
4426,-0.002986987192419379,patient12_window16s_stride1s-epo,theta
4427,-0.0036878712561912285,patient12_window16s_stride1s-epo,theta
4428,-0.005373120123887379,patient12_window16s_stride1s-epo,theta
4429,-0.006448937175151242,patient12_window16s_stride1s-epo,theta
4430,-0.005866629156778232,patient12_window16s_stride1s-epo,theta
4431,-0.00592015425565228,patient12_window16s_stride1s-epo,theta
4432,-0.005762570794211122,patient12_window16s_stride1s-epo,theta
4433,-0.0043306406761951625,patient12_window16s_stride1s-epo,theta
4434,-0.0049200050004223695,patient12_window16s_stride1s-epo,theta
4435,-0.005031027580051475,patient12_window16s_stride1s-epo,theta
4436,-0.0048240354837849695,patient12_window16s_stride1s-epo,theta
4437,-0.004806186480829022,patient12_window16s_stride1s-epo,theta
4438,-0.00349867786792862,patient12_window16s_stride1s-epo,theta
4439,-0.004228390626553192,patient12_window16s_stride1s-epo,theta
4440,-0.004097856152508082,patient12_window16s_stride1s-epo,theta
4441,-0.004325781374521499,patient12_window16s_stride1s-epo,theta
4442,-0.0045151249202925155,patient12_window16s_stride1s-epo,theta
4443,-0.004739967480099441,patient12_window16s_stride1s-epo,theta
4444,-0.004665996707027422,patient12_window16s_stride1s-epo,theta
4445,-0.0030747709900109856,patient12_window16s_stride1s-epo,theta
4446,-0.003414218634938419,patient12_window16s_stride1s-epo,theta
4447,-0.003976236754713208,patient12_window16s_stride1s-epo,theta
4448,-0.005030829737682933,patient12_window16s_stride1s-epo,theta
4449,-0.005141385701941893,patient12_window16s_stride1s-epo,theta
4450,-0.004034341964212441,patient12_window16s_stride1s-epo,theta
4451,-0.002423397919359241,patient12_window16s_stride1s-epo,theta
4452,-0.005096303580472173,patient12_window16s_stride1s-epo,theta
4453,-0.003493103892102167,patient12_window16s_stride1s-epo,theta
4454,-0.004283789532701774,patient12_window16s_stride1s-epo,theta
4455,-0.004010634366338434,patient12_window16s_stride1s-epo,theta
4456,-0.0036855669515733773,patient12_window16s_stride1s-epo,theta
4457,-0.0025965076618255705,patient12_window16s_stride1s-epo,theta
4458,-0.002519011356233752,patient12_window16s_stride1s-epo,theta
4459,-0.002997124990837448,patient12_window16s_stride1s-epo,theta
4460,-0.0017468274500690032,patient12_window16s_stride1s-epo,theta
4461,-0.0033261233925738843,patient12_window16s_stride1s-epo,theta
4462,-0.0025753179371895097,patient12_window16s_stride1s-epo,theta
4463,-0.002164062272447886,patient12_window16s_stride1s-epo,theta
4464,-0.0023122333445738307,patient12_window16s_stride1s-epo,theta
4465,-0.0019479460446006497,patient12_window16s_stride1s-epo,theta
4466,-0.0009638212784886617,patient12_window16s_stride1s-epo,theta
4467,-0.0021657918403991893,patient12_window16s_stride1s-epo,theta
4468,8.545323217973506e-05,patient12_window16s_stride1s-epo,theta
4469,-0.001288307483808062,patient12_window16s_stride1s-epo,theta
4470,-0.0019299781038435624,patient12_window16s_stride1s-epo,theta
4471,-0.004760179682615588,patient12_window16s_stride1s-epo,theta
4472,-0.004986802130321407,patient12_window16s_stride1s-epo,theta
4473,-0.005150989874082322,patient12_window16s_stride1s-epo,theta
4474,-0.003961481218157252,patient12_window16s_stride1s-epo,theta
4475,-0.0028258536832824464,patient12_window16s_stride1s-epo,theta
4476,-0.003807844831493357,patient12_window16s_stride1s-epo,theta
4477,-0.004973672171324127,patient12_window16s_stride1s-epo,theta
4478,-0.006657840022929342,patient12_window16s_stride1s-epo,theta
4479,-0.005939342231076003,patient12_window16s_stride1s-epo,theta
4480,-0.005935214071920381,patient12_window16s_stride1s-epo,theta
4481,-0.005644812624147249,patient12_window16s_stride1s-epo,theta
4482,-0.004933916322403203,patient12_window16s_stride1s-epo,theta
4483,-0.006422269285380944,patient12_window16s_stride1s-epo,theta
4484,-0.005980361388957672,patient12_window16s_stride1s-epo,theta
4485,-0.004511650935035443,patient12_window16s_stride1s-epo,theta
4486,-0.0026824678778909175,patient12_window16s_stride1s-epo,theta
4487,-0.0020222950111729128,patient12_window16s_stride1s-epo,theta
4488,-0.003558798300572701,patient12_window16s_stride1s-epo,theta
4489,-0.00403355115891426,patient12_window16s_stride1s-epo,theta
4490,-0.004565077792767146,patient12_window16s_stride1s-epo,theta
4491,-0.004118592842451374,patient12_window16s_stride1s-epo,theta
4492,-0.003325452147855786,patient12_window16s_stride1s-epo,theta
4493,-3.69618977139487e-05,patient12_window16s_stride1s-epo,theta
4494,0.00023177282313548652,patient12_window16s_stride1s-epo,theta
4495,0.00036071012478490754,patient12_window16s_stride1s-epo,theta
4496,0.0008025858004809942,patient12_window16s_stride1s-epo,theta
4497,-0.00038161317585396983,patient12_window16s_stride1s-epo,theta
4498,-0.0018824368420095443,patient12_window16s_stride1s-epo,theta
4499,-0.0015318456507610577,patient12_window16s_stride1s-epo,theta
4500,-9.665334433967996e-05,patient12_window16s_stride1s-epo,theta
4501,-0.000693158980918978,patient12_window16s_stride1s-epo,theta
4502,-0.0029035711173954204,patient12_window16s_stride1s-epo,theta
4503,-0.003686504599792122,patient12_window16s_stride1s-epo,theta
4504,-0.004027933917916361,patient12_window16s_stride1s-epo,theta
4505,-0.001793155953297641,patient12_window16s_stride1s-epo,theta
4506,-0.0023644620858322713,patient12_window16s_stride1s-epo,theta
4507,-0.0038553631280604157,patient12_window16s_stride1s-epo,theta
4508,-0.004507661364133891,patient12_window16s_stride1s-epo,theta
4509,-0.007411673360198963,patient12_window16s_stride1s-epo,theta
4510,-0.006935669187219538,patient12_window16s_stride1s-epo,theta
4511,-0.0063640938627290925,patient12_window16s_stride1s-epo,theta
4512,-0.006774033631353822,patient12_window16s_stride1s-epo,theta
4513,-0.006662820819486993,patient12_window16s_stride1s-epo,theta
4514,-0.004324568978185853,patient12_window16s_stride1s-epo,theta
4515,-0.003407626260980712,patient12_window16s_stride1s-epo,theta
4516,-0.003273090357300525,patient12_window16s_stride1s-epo,theta
4517,-0.0043545294321426994,patient12_window16s_stride1s-epo,theta
4518,-0.0036978824990728954,patient12_window16s_stride1s-epo,theta
4519,-0.0038554499641207216,patient12_window16s_stride1s-epo,theta
4520,-0.00353004766193791,patient12_window16s_stride1s-epo,theta
4521,-0.004307962755427283,patient12_window16s_stride1s-epo,theta
4522,-0.005852159945300552,patient12_window16s_stride1s-epo,theta
4523,-0.004397193931558208,patient12_window16s_stride1s-epo,theta
4524,-0.003714674276811616,patient12_window16s_stride1s-epo,theta
4525,-0.002936535036047435,patient12_window16s_stride1s-epo,theta
4526,-0.0033897395433216335,patient12_window16s_stride1s-epo,theta
4527,-0.0028930567312154655,patient12_window16s_stride1s-epo,theta
4528,-0.004153292702083364,patient12_window16s_stride1s-epo,theta
4529,-0.002943367778088507,patient12_window16s_stride1s-epo,theta
4530,-0.002689869431187148,patient12_window16s_stride1s-epo,theta
4531,-0.002513095765107588,patient12_window16s_stride1s-epo,theta
4532,-0.003282732327379948,patient12_window16s_stride1s-epo,theta
4533,-0.0029251597446344146,patient12_window16s_stride1s-epo,theta
4534,-0.005464569577079702,patient12_window16s_stride1s-epo,theta
4535,-0.005729878682220864,patient12_window16s_stride1s-epo,theta
4536,-0.0058788379413670915,patient12_window16s_stride1s-epo,theta
4537,-0.003307862227104208,patient12_window16s_stride1s-epo,theta
4538,-0.0031912191564109167,patient12_window16s_stride1s-epo,theta
4539,-0.0036233106904542075,patient12_window16s_stride1s-epo,theta
4540,-0.0016491284892117802,patient12_window16s_stride1s-epo,theta
4541,-0.003807497019113315,patient12_window16s_stride1s-epo,theta
4542,-0.003053180321601382,patient12_window16s_stride1s-epo,theta
4543,-0.002642880190587727,patient12_window16s_stride1s-epo,theta
4544,-0.0028360228526024813,patient12_window16s_stride1s-epo,theta
4545,-0.0009718310631693057,patient12_window16s_stride1s-epo,theta
4546,-0.0015716794166793489,patient12_window16s_stride1s-epo,theta
4547,-0.00039189064901817155,patient12_window16s_stride1s-epo,theta
4548,-0.0008795872866853007,patient12_window16s_stride1s-epo,theta
4549,-0.000647436178364551,patient12_window16s_stride1s-epo,theta
4550,0.0009981563158162176,patient12_window16s_stride1s-epo,theta
4551,0.0003573614628099572,patient12_window16s_stride1s-epo,theta
4552,0.0011621565226403708,patient12_window16s_stride1s-epo,theta
4553,0.00015192788672993603,patient12_window16s_stride1s-epo,theta
4554,0.00030759471782769194,patient12_window16s_stride1s-epo,theta
4555,0.0004481037083431427,patient12_window16s_stride1s-epo,theta
4556,-0.0010659880484411998,patient12_window16s_stride1s-epo,theta
4557,0.0002647684183840572,patient12_window16s_stride1s-epo,theta
4558,-0.0010243637689733782,patient12_window16s_stride1s-epo,theta
4559,-0.0019833283871286984,patient12_window16s_stride1s-epo,theta
4560,-0.003682219550597575,patient12_window16s_stride1s-epo,theta
4561,-0.0026213830845636,patient12_window16s_stride1s-epo,theta
4562,-0.004106738495559665,patient12_window16s_stride1s-epo,theta
4563,-0.002996866881759688,patient12_window16s_stride1s-epo,theta
4564,-0.005844524669694149,patient12_window16s_stride1s-epo,theta
4565,-0.005892265931121362,patient12_window16s_stride1s-epo,theta
4566,-0.005169062623033036,patient12_window16s_stride1s-epo,theta
4567,-0.00661542274544174,patient12_window16s_stride1s-epo,theta
4568,-0.005872577028584748,patient12_window16s_stride1s-epo,theta
4569,-0.005409111806955144,patient12_window16s_stride1s-epo,theta
4570,-0.0044475242189186606,patient12_window16s_stride1s-epo,theta
4571,-0.004800582160377857,patient12_window16s_stride1s-epo,theta
4572,-0.002757886559691086,patient12_window16s_stride1s-epo,theta
4573,-0.003284801019412769,patient12_window16s_stride1s-epo,theta
4574,-0.004482450389114927,patient12_window16s_stride1s-epo,theta
4575,-0.0036411008835209586,patient12_window16s_stride1s-epo,theta
4576,-0.004823328020776253,patient12_window16s_stride1s-epo,theta
4577,-0.004917409592051083,patient12_window16s_stride1s-epo,theta
4578,-0.0034184979210462856,patient12_window16s_stride1s-epo,theta
4579,-0.0038121563177474257,patient12_window16s_stride1s-epo,theta
4580,-0.003849784846587595,patient12_window16s_stride1s-epo,theta
4581,-0.0032549680320065567,patient12_window16s_stride1s-epo,theta
4582,-0.004342428489356347,patient12_window16s_stride1s-epo,theta
4583,-0.003342380915062954,patient12_window16s_stride1s-epo,theta
4584,-0.003948966147038764,patient12_window16s_stride1s-epo,theta
4585,-0.003926143838837951,patient12_window16s_stride1s-epo,theta
4586,-0.004217780359916658,patient12_window16s_stride1s-epo,theta
4587,-0.0041062686485419065,patient12_window16s_stride1s-epo,theta
4588,-0.004795505312417016,patient12_window16s_stride1s-epo,theta
4589,-0.005098077878717301,patient12_window16s_stride1s-epo,theta
4590,-0.005111310632644402,patient12_window16s_stride1s-epo,theta
4591,-0.003550553723071566,patient12_window16s_stride1s-epo,theta
4592,-0.0020488927172006765,patient12_window16s_stride1s-epo,theta
4593,-0.0028385716292320877,patient12_window16s_stride1s-epo,theta
4594,-0.0023513138665861824,patient12_window16s_stride1s-epo,theta
4595,-0.0013217991118854916,patient12_window16s_stride1s-epo,theta
4596,-0.0017611748248537546,patient12_window16s_stride1s-epo,theta
4597,-0.0007149820746209927,patient12_window16s_stride1s-epo,theta
4598,-0.0009735681287943376,patient12_window16s_stride1s-epo,theta
4599,-0.002178219514375707,patient12_window16s_stride1s-epo,theta
4600,-0.003666135739272207,patient12_window16s_stride1s-epo,theta
4601,-0.004097741557142083,patient12_window16s_stride1s-epo,theta
4602,-0.004291899723650221,patient12_window16s_stride1s-epo,theta
4603,-0.004691939684284981,patient12_window16s_stride1s-epo,theta
4604,-0.003305553719612952,patient12_window16s_stride1s-epo,theta
4605,-0.0025544168216187282,patient12_window16s_stride1s-epo,theta
4606,-0.0037457563085433712,patient12_window16s_stride1s-epo,theta
4607,-0.002227154023355522,patient12_window16s_stride1s-epo,theta
4608,-0.002373459641649263,patient12_window16s_stride1s-epo,theta
4609,-0.003412902939954907,patient12_window16s_stride1s-epo,theta
4610,-0.004559280165029176,patient12_window16s_stride1s-epo,theta
4611,-0.0044789181997081755,patient12_window16s_stride1s-epo,theta
4612,-0.004796732405021164,patient12_window16s_stride1s-epo,theta
4613,-0.004430679790315279,patient12_window16s_stride1s-epo,theta
4614,-0.004900830516481061,patient12_window16s_stride1s-epo,theta
4615,-0.004451526900160528,patient12_window16s_stride1s-epo,theta
4616,-0.003339180811571662,patient12_window16s_stride1s-epo,theta
4617,-0.0035726986066683163,patient12_window16s_stride1s-epo,theta
4618,-0.004225308917071806,patient12_window16s_stride1s-epo,theta
4619,-0.0026905215237345665,patient12_window16s_stride1s-epo,theta
4620,-0.002203588515487671,patient12_window16s_stride1s-epo,theta
4621,-0.004400567932321095,patient12_window16s_stride1s-epo,theta
4622,-0.003440451344190034,patient12_window16s_stride1s-epo,theta
4623,-0.003673465857840479,patient12_window16s_stride1s-epo,theta
4624,-0.002574620637627183,patient12_window16s_stride1s-epo,theta
4625,-0.0015002285629775237,patient12_window16s_stride1s-epo,theta
4626,-0.0012367848434739106,patient12_window16s_stride1s-epo,theta
4627,-0.0017703381709614587,patient12_window16s_stride1s-epo,theta
4628,-0.0028386008280033475,patient12_window16s_stride1s-epo,theta
4629,-0.0025086301809145004,patient12_window16s_stride1s-epo,theta
4630,-0.001494953703954555,patient12_window16s_stride1s-epo,theta
4631,-0.001941172691436591,patient12_window16s_stride1s-epo,theta
4632,-0.0018730919617749161,patient12_window16s_stride1s-epo,theta
4633,-0.002013813206644775,patient12_window16s_stride1s-epo,theta
4634,-0.0018484214027871136,patient12_window16s_stride1s-epo,theta
4635,-0.0004420393385099008,patient12_window16s_stride1s-epo,theta
4636,0.0006676987060784282,patient12_window16s_stride1s-epo,theta
4637,0.0011599835915621015,patient12_window16s_stride1s-epo,theta
4638,0.00032735880610925376,patient12_window16s_stride1s-epo,theta
4639,-0.0008567127509347413,patient12_window16s_stride1s-epo,theta
4640,-0.0001768189956119656,patient12_window16s_stride1s-epo,theta
4641,-8.372917073251051e-05,patient12_window16s_stride1s-epo,theta
4642,0.00020382360865890955,patient12_window16s_stride1s-epo,theta
4643,-0.000380843347828756,patient12_window16s_stride1s-epo,theta
4644,0.0011521528568005143,patient12_window16s_stride1s-epo,theta
4645,0.002051609202615583,patient12_window16s_stride1s-epo,theta
4646,0.0009531384762820411,patient12_window16s_stride1s-epo,theta
4647,3.9344277765632226e-05,patient12_window16s_stride1s-epo,theta
4648,-0.00033867011456515544,patient12_window16s_stride1s-epo,theta
4649,-0.0006237311475277708,patient12_window16s_stride1s-epo,theta
4650,-0.0012394377171562317,patient12_window16s_stride1s-epo,theta
4651,-0.0009132119557814875,patient12_window16s_stride1s-epo,theta
4652,-0.002912125074490907,patient12_window16s_stride1s-epo,theta
4653,-0.0034621705854811662,patient12_window16s_stride1s-epo,theta
4654,-0.0044136866358513585,patient12_window16s_stride1s-epo,theta
4655,-0.0037319994957797807,patient12_window16s_stride1s-epo,theta
4656,-0.003658031154082494,patient12_window16s_stride1s-epo,theta
4657,-0.004049990753973115,patient12_window16s_stride1s-epo,theta
4658,-0.0055960592882192675,patient12_window16s_stride1s-epo,theta
4659,-0.006087619576711849,patient12_window16s_stride1s-epo,theta
4660,-0.005087713393813892,patient12_window16s_stride1s-epo,theta
4661,-0.005720125512491581,patient12_window16s_stride1s-epo,theta
4662,-0.004610922582822308,patient12_window16s_stride1s-epo,theta
4663,-0.004415419780340319,patient12_window16s_stride1s-epo,theta
4664,-0.005612305978744183,patient12_window16s_stride1s-epo,theta
4665,-0.004094536296020369,patient12_window16s_stride1s-epo,theta
4666,-0.004073766093503151,patient12_window16s_stride1s-epo,theta
4667,-0.0031768412145234183,patient12_window16s_stride1s-epo,theta
4668,-0.0036897882862644026,patient12_window16s_stride1s-epo,theta
4669,-0.0011883426115528784,patient12_window16s_stride1s-epo,theta
4670,-0.0011948894905511756,patient12_window16s_stride1s-epo,theta
4671,-0.0010028893246884188,patient12_window16s_stride1s-epo,theta
4672,-0.0016632501193387407,patient12_window16s_stride1s-epo,theta
4673,4.895783579233971e-05,patient12_window16s_stride1s-epo,theta
4674,-0.00012864248341000782,patient12_window16s_stride1s-epo,theta
4675,-0.0003122859539531544,patient12_window16s_stride1s-epo,theta
4676,-0.0003184974263655925,patient12_window16s_stride1s-epo,theta
4677,-0.0018343592935854468,patient12_window16s_stride1s-epo,theta
4678,-0.0009309670729057511,patient12_window16s_stride1s-epo,theta
4679,-0.0010568986802827582,patient12_window16s_stride1s-epo,theta
4680,-0.0018379488768817361,patient12_window16s_stride1s-epo,theta
4681,-0.004108196326164068,patient12_window16s_stride1s-epo,theta
4682,-0.004588744977286622,patient12_window16s_stride1s-epo,theta
4683,-0.003036975312095685,patient12_window16s_stride1s-epo,theta
4684,-0.002949280598194093,patient12_window16s_stride1s-epo,theta
4685,-0.002619507350881127,patient12_window16s_stride1s-epo,theta
4686,-0.0055800310162604574,patient12_window16s_stride1s-epo,theta
4687,-0.0061605663629616045,patient12_window16s_stride1s-epo,theta
4688,-0.005383811367002256,patient12_window16s_stride1s-epo,theta
4689,-0.006310141414559984,patient12_window16s_stride1s-epo,theta
4690,-0.006525334289991606,patient12_window16s_stride1s-epo,theta
4691,-0.0051998884618647085,patient12_window16s_stride1s-epo,theta
4692,-0.00611551698882782,patient12_window16s_stride1s-epo,theta
4693,-0.005891916158431696,patient12_window16s_stride1s-epo,theta
4694,-0.004083675822039649,patient12_window16s_stride1s-epo,theta
4695,-0.00457868459552708,patient12_window16s_stride1s-epo,theta
4696,-0.004965857118596101,patient12_window16s_stride1s-epo,theta
4697,-0.00425020671892685,patient12_window16s_stride1s-epo,theta
4698,-0.0034831771518509043,patient12_window16s_stride1s-epo,theta
4699,-0.003651594077284186,patient12_window16s_stride1s-epo,theta
4700,-0.002420547840042069,patient12_window16s_stride1s-epo,theta
4701,-0.0012689406040042911,patient12_window16s_stride1s-epo,theta
4702,-0.000833610056458909,patient12_window16s_stride1s-epo,theta
4703,0.00012855478753234507,patient12_window16s_stride1s-epo,theta
4704,0.00029048236181012055,patient12_window16s_stride1s-epo,theta
4705,-0.0004610394639483485,patient12_window16s_stride1s-epo,theta
4706,-0.0004051800158028024,patient12_window16s_stride1s-epo,theta
4707,-0.0011180320080135728,patient12_window16s_stride1s-epo,theta
4708,-0.0024658133485822276,patient12_window16s_stride1s-epo,theta
4709,-0.0035313848352370295,patient12_window16s_stride1s-epo,theta
4710,-0.0034628123434016704,patient12_window16s_stride1s-epo,theta
4711,-0.0025713496232473605,patient12_window16s_stride1s-epo,theta
4712,-0.0034482523591347816,patient12_window16s_stride1s-epo,theta
4713,-0.004003917824160795,patient12_window16s_stride1s-epo,theta
4714,-0.0041272729047312955,patient12_window16s_stride1s-epo,theta
4715,-0.002876709669798188,patient12_window16s_stride1s-epo,theta
4716,-0.0044906457824349134,patient12_window16s_stride1s-epo,theta
4717,-0.004596498803084544,patient12_window16s_stride1s-epo,theta
4718,-0.005688688110596119,patient12_window16s_stride1s-epo,theta
4719,-0.005710073351758759,patient12_window16s_stride1s-epo,theta
4720,-0.004412553690038449,patient12_window16s_stride1s-epo,theta
4721,-0.00429570919522421,patient12_window16s_stride1s-epo,theta
4722,-0.0035483597453633835,patient12_window16s_stride1s-epo,theta
4723,-0.0036499651248745844,patient12_window16s_stride1s-epo,theta
4724,-0.00245968435866381,patient12_window16s_stride1s-epo,theta
4725,-0.0028334664643587934,patient12_window16s_stride1s-epo,theta
4726,-0.00269265997205447,patient12_window16s_stride1s-epo,theta
4727,-0.004649506266439807,patient12_window16s_stride1s-epo,theta
4728,-0.0038904210246031965,patient12_window16s_stride1s-epo,theta
4729,-0.003140542865864703,patient12_window16s_stride1s-epo,theta
4730,-0.0016776700298180936,patient12_window16s_stride1s-epo,theta
4731,-0.002727598921238418,patient12_window16s_stride1s-epo,theta
4732,-0.002553969838353682,patient12_window16s_stride1s-epo,theta
4733,-0.0010104714469860992,patient12_window16s_stride1s-epo,theta
4734,-0.0004954749481412347,patient12_window16s_stride1s-epo,theta
4735,-0.0018869464518203492,patient12_window16s_stride1s-epo,theta
4736,-0.003365813796634874,patient12_window16s_stride1s-epo,theta
4737,-0.002783943521794662,patient12_window16s_stride1s-epo,theta
4738,-0.0027314951846397983,patient12_window16s_stride1s-epo,theta
4739,-0.0011922416924899286,patient12_window16s_stride1s-epo,theta
4740,-0.0021753420123899543,patient12_window16s_stride1s-epo,theta
4741,-0.001925928691450878,patient12_window16s_stride1s-epo,theta
4742,-0.0036268258120096103,patient12_window16s_stride1s-epo,theta
4743,-0.0025061024416372308,patient12_window16s_stride1s-epo,theta
4744,-0.005256868033075427,patient12_window16s_stride1s-epo,theta
4745,-0.005060682830735829,patient12_window16s_stride1s-epo,theta
4746,-0.0059097833182221214,patient12_window16s_stride1s-epo,theta
4747,-0.0065908921334643135,patient12_window16s_stride1s-epo,theta
4748,-0.008244915878821361,patient12_window16s_stride1s-epo,theta
4749,-0.007641075720084856,patient12_window16s_stride1s-epo,theta
4750,-0.006446185765093235,patient12_window16s_stride1s-epo,theta
4751,-0.007032269962607693,patient12_window16s_stride1s-epo,theta
4752,-0.005316413535047492,patient12_window16s_stride1s-epo,theta
4753,-0.0048576089921134715,patient12_window16s_stride1s-epo,theta
4754,-0.005195864365260322,patient12_window16s_stride1s-epo,theta
4755,-0.0069064756050311255,patient12_window16s_stride1s-epo,theta
4756,-0.006246671489612081,patient12_window16s_stride1s-epo,theta
4757,-0.005710287199879134,patient12_window16s_stride1s-epo,theta
4758,-0.005903823205622055,patient12_window16s_stride1s-epo,theta
4759,-0.005849751125196687,patient12_window16s_stride1s-epo,theta
4760,-0.003554186318302494,patient12_window16s_stride1s-epo,theta
4761,-0.003967893822733876,patient12_window16s_stride1s-epo,theta
4762,-0.0045448980975944095,patient12_window16s_stride1s-epo,theta
4763,-0.004414052057124605,patient12_window16s_stride1s-epo,theta
4764,-0.005409847767043041,patient12_window16s_stride1s-epo,theta
4765,-0.004776405698880087,patient12_window16s_stride1s-epo,theta
4766,-0.004929543633440804,patient12_window16s_stride1s-epo,theta
4767,-0.004043458681253323,patient12_window16s_stride1s-epo,theta
4768,-0.0024195454862674924,patient12_window16s_stride1s-epo,theta
4769,-0.0042025423466476135,patient12_window16s_stride1s-epo,theta
4770,-0.005639035991604055,patient12_window16s_stride1s-epo,theta
4771,-0.004634024055180164,patient12_window16s_stride1s-epo,theta
4772,-0.006200343042822345,patient12_window16s_stride1s-epo,theta
4773,-0.00750180328152468,patient12_window16s_stride1s-epo,theta
4774,-0.00592992420276339,patient12_window16s_stride1s-epo,theta
4775,-0.005171547719613019,patient12_window16s_stride1s-epo,theta
4776,-0.005743113757781503,patient12_window16s_stride1s-epo,theta
4777,-0.004652701557122143,patient12_window16s_stride1s-epo,theta
4778,-0.0034593119328127846,patient12_window16s_stride1s-epo,theta
4779,-0.00396014974961444,patient12_window16s_stride1s-epo,theta
4780,-0.005074935510367389,patient12_window16s_stride1s-epo,theta
4781,-0.00535504130163217,patient12_window16s_stride1s-epo,theta
4782,-0.005516168026301645,patient12_window16s_stride1s-epo,theta
4783,-0.006756714899852704,patient12_window16s_stride1s-epo,theta
4784,-0.006190645231964925,patient12_window16s_stride1s-epo,theta
4785,-0.005457226412707076,patient12_window16s_stride1s-epo,theta
4786,-0.006180597690880356,patient12_window16s_stride1s-epo,theta
4787,-0.005114464890677778,patient12_window16s_stride1s-epo,theta
4788,-0.0046947181880167424,patient12_window16s_stride1s-epo,theta
4789,-0.0023435074325210657,patient12_window16s_stride1s-epo,theta
4790,-0.0025177977541427816,patient12_window16s_stride1s-epo,theta
4791,-0.0019433451236169287,patient12_window16s_stride1s-epo,theta
4792,-0.0015573558197978811,patient12_window16s_stride1s-epo,theta
4793,-0.0008057248074018698,patient12_window16s_stride1s-epo,theta
4794,-0.0009579642448469561,patient12_window16s_stride1s-epo,theta
4795,-0.0018526860119093991,patient12_window16s_stride1s-epo,theta
4796,-0.0012203012541294822,patient12_window16s_stride1s-epo,theta
4797,-0.0008856643617941964,patient12_window16s_stride1s-epo,theta
4798,0.0015710307269864879,patient12_window16s_stride1s-epo,theta
4799,0.0024711483273355205,patient12_window16s_stride1s-epo,theta
4800,0.0003828032681647343,patient12_window16s_stride1s-epo,theta
4801,-9.087729913689869e-05,patient12_window16s_stride1s-epo,theta
4802,0.0017404190273549443,patient12_window16s_stride1s-epo,theta
4803,0.0017163483830727028,patient12_window16s_stride1s-epo,theta
4804,9.776689826620164e-05,patient12_window16s_stride1s-epo,theta
4805,0.0002992492073457941,patient12_window16s_stride1s-epo,theta
4806,0.0011916101098376627,patient12_window16s_stride1s-epo,theta
4807,-0.0010350384739162308,patient12_window16s_stride1s-epo,theta
4808,-0.0025871253616616048,patient12_window16s_stride1s-epo,theta
4809,-0.0032772278050060464,patient12_window16s_stride1s-epo,theta
4810,-0.003437243745974015,patient12_window16s_stride1s-epo,theta
4811,-0.003473712943013114,patient12_window16s_stride1s-epo,theta
4812,-0.00299222772051306,patient12_window16s_stride1s-epo,theta
4813,-0.003503657841011795,patient12_window16s_stride1s-epo,theta
4814,-0.0037434998310210696,patient12_window16s_stride1s-epo,theta
4815,-0.0037993158583857615,patient12_window16s_stride1s-epo,theta
4816,-0.0029998491168235766,patient12_window16s_stride1s-epo,theta
4817,-0.0018953138379925077,patient12_window16s_stride1s-epo,theta
4818,-0.0032700703735405096,patient12_window16s_stride1s-epo,theta
4819,-0.0037333636740114642,patient12_window16s_stride1s-epo,theta
4820,-0.0027509697559524675,patient12_window16s_stride1s-epo,theta
4821,-0.002485221952441302,patient12_window16s_stride1s-epo,theta
4822,-0.002698699384043958,patient12_window16s_stride1s-epo,theta
4823,-0.001006760594583021,patient12_window16s_stride1s-epo,theta
4824,0.00011470755996257701,patient12_window16s_stride1s-epo,theta
4825,-0.0013900237394990753,patient12_window16s_stride1s-epo,theta
4826,-0.0011996612266485622,patient12_window16s_stride1s-epo,theta
4827,-0.0005630434148334851,patient12_window16s_stride1s-epo,theta
4828,-0.0016922798327342187,patient12_window16s_stride1s-epo,theta
4829,-0.00024833422932017105,patient12_window16s_stride1s-epo,theta
4830,-0.001518281063847861,patient12_window16s_stride1s-epo,theta
4831,-0.0015678134832635645,patient12_window16s_stride1s-epo,theta
4832,-0.0016704557847560877,patient12_window16s_stride1s-epo,theta
4833,-0.003910382280265648,patient12_window16s_stride1s-epo,theta
4834,-0.003913312275855278,patient12_window16s_stride1s-epo,theta
4835,-0.003886682941992985,patient12_window16s_stride1s-epo,theta
4836,-0.005024622493914255,patient12_window16s_stride1s-epo,theta
4837,-0.0049339895503780285,patient12_window16s_stride1s-epo,theta
4838,-0.004943123781485989,patient12_window16s_stride1s-epo,theta
4839,-0.0065052638101930505,patient12_window16s_stride1s-epo,theta
4840,-0.004612120446399871,patient12_window16s_stride1s-epo,theta
4841,-0.004422389583001708,patient12_window16s_stride1s-epo,theta
4842,-0.006099720414245208,patient12_window16s_stride1s-epo,theta
4843,-0.005280240643942856,patient12_window16s_stride1s-epo,theta
4844,-0.004026854232011505,patient12_window16s_stride1s-epo,theta
4845,-0.00514826613039571,patient12_window16s_stride1s-epo,theta
4846,-0.00535023695509326,patient12_window16s_stride1s-epo,theta
4847,-0.006610302832798113,patient12_window16s_stride1s-epo,theta
4848,-0.006257518264061671,patient12_window16s_stride1s-epo,theta
4849,-0.0044660571408004605,patient12_window16s_stride1s-epo,theta
4850,-0.0030402024992304323,patient12_window16s_stride1s-epo,theta
4851,-0.003963878356162817,patient12_window16s_stride1s-epo,theta
4852,-0.004280813737394203,patient12_window16s_stride1s-epo,theta
4853,-0.0033334223641001927,patient12_window16s_stride1s-epo,theta
4854,-0.002060575081632846,patient12_window16s_stride1s-epo,theta
4855,-0.001795444209079319,patient12_window16s_stride1s-epo,theta
4856,-0.004833494789416202,patient12_window16s_stride1s-epo,theta
4857,-0.002333699586529965,patient12_window16s_stride1s-epo,theta
4858,-0.0019330668452568357,patient12_window16s_stride1s-epo,theta
4859,-0.0026084961041051287,patient12_window16s_stride1s-epo,theta
4860,-0.0040086434813716345,patient12_window16s_stride1s-epo,theta
4861,-0.0021497827329403332,patient12_window16s_stride1s-epo,theta
4862,-0.0005473927535840691,patient12_window16s_stride1s-epo,theta
4863,-0.0020842043579476738,patient12_window16s_stride1s-epo,theta
4864,-0.0017720084171850875,patient12_window16s_stride1s-epo,theta
4865,-0.003725099957045209,patient12_window16s_stride1s-epo,theta
4866,-0.003035996782753144,patient12_window16s_stride1s-epo,theta
4867,-0.0038487193693357595,patient12_window16s_stride1s-epo,theta
4868,-0.0034936617658262374,patient12_window16s_stride1s-epo,theta
4869,-0.004314433294506152,patient12_window16s_stride1s-epo,theta
4870,-0.005088156344145593,patient12_window16s_stride1s-epo,theta
4871,-0.00497988009667821,patient12_window16s_stride1s-epo,theta
4872,-0.0043472899467404316,patient12_window16s_stride1s-epo,theta
4873,-0.005031144212391642,patient12_window16s_stride1s-epo,theta
4874,-0.005499576489082574,patient12_window16s_stride1s-epo,theta
4875,-0.005581291891306979,patient12_window16s_stride1s-epo,theta
4876,-0.005607623920995059,patient12_window16s_stride1s-epo,theta
4877,-0.005907909532526092,patient12_window16s_stride1s-epo,theta
4878,-0.00699357880063109,patient12_window16s_stride1s-epo,theta
4879,-0.00740102603798665,patient12_window16s_stride1s-epo,theta
4880,-0.0063527744848821555,patient12_window16s_stride1s-epo,theta
4881,-0.006564735405400811,patient12_window16s_stride1s-epo,theta
4882,-0.0059090638393990095,patient12_window16s_stride1s-epo,theta
4883,-0.0061009320746454815,patient12_window16s_stride1s-epo,theta
4884,-0.008664863269894758,patient12_window16s_stride1s-epo,theta
4885,-0.007792240842913034,patient12_window16s_stride1s-epo,theta
4886,-0.00717479249779801,patient12_window16s_stride1s-epo,theta
4887,-0.005159290505466947,patient12_window16s_stride1s-epo,theta
4888,-0.006200822935302758,patient12_window16s_stride1s-epo,theta
4889,-0.007151145778267881,patient12_window16s_stride1s-epo,theta
4890,-0.0081630060860617,patient12_window16s_stride1s-epo,theta
4891,-0.007495910180272204,patient12_window16s_stride1s-epo,theta
4892,-0.00697122429972333,patient12_window16s_stride1s-epo,theta
4893,-0.005791186799083619,patient12_window16s_stride1s-epo,theta
4894,-0.004866479572600238,patient12_window16s_stride1s-epo,theta
4895,-0.003577289960355974,patient12_window16s_stride1s-epo,theta
4896,-0.004413583162506457,patient12_window16s_stride1s-epo,theta
4897,-0.0051243015349946115,patient12_window16s_stride1s-epo,theta
4898,-0.004797012743774002,patient12_window16s_stride1s-epo,theta
4899,-0.005593878581453147,patient12_window16s_stride1s-epo,theta
4900,-0.004450958088177275,patient12_window16s_stride1s-epo,theta
4901,-0.0019282087179990754,patient12_window16s_stride1s-epo,theta
4902,-0.0016346210013952112,patient12_window16s_stride1s-epo,theta
4903,-0.0010170967507290773,patient12_window16s_stride1s-epo,theta
4904,-0.0015765975080597524,patient12_window16s_stride1s-epo,theta
4905,-0.0018662942555256199,patient12_window16s_stride1s-epo,theta
4906,-0.001782940648341144,patient12_window16s_stride1s-epo,theta
4907,-0.0011458089707898553,patient12_window16s_stride1s-epo,theta
4908,-0.0012900467415144041,patient12_window16s_stride1s-epo,theta
4909,-0.0006626429397039638,patient12_window16s_stride1s-epo,theta
4910,-0.000977551758002134,patient12_window16s_stride1s-epo,theta
4911,-0.0010681783916797766,patient12_window16s_stride1s-epo,theta
4912,-0.0017287986355751313,patient12_window16s_stride1s-epo,theta
4913,-0.0024504352712627006,patient12_window16s_stride1s-epo,theta
4914,-0.004136428049179746,patient12_window16s_stride1s-epo,theta
4915,-0.0052865954089060955,patient12_window16s_stride1s-epo,theta
4916,-0.006580799691883455,patient12_window16s_stride1s-epo,theta
4917,-0.007338004436541348,patient12_window16s_stride1s-epo,theta
4918,-0.007928472066812338,patient12_window16s_stride1s-epo,theta
4919,-0.00884883100985017,patient12_window16s_stride1s-epo,theta
4920,-0.00805157914844545,patient12_window16s_stride1s-epo,theta
4921,-0.005328735021729946,patient12_window16s_stride1s-epo,theta
4922,-0.006523044469702575,patient12_window16s_stride1s-epo,theta
4923,-0.005451760518547986,patient12_window16s_stride1s-epo,theta
4924,-0.004402152055276471,patient12_window16s_stride1s-epo,theta
4925,-0.005422449213926917,patient12_window16s_stride1s-epo,theta
4926,-0.004423079489597137,patient12_window16s_stride1s-epo,theta
4927,-0.003470113217185963,patient12_window16s_stride1s-epo,theta
4928,-0.0032643296772293853,patient12_window16s_stride1s-epo,theta
4929,-0.0022454687020344644,patient12_window16s_stride1s-epo,theta
4930,-0.0020790450660830404,patient12_window16s_stride1s-epo,theta
4931,-0.001148563620994175,patient12_window16s_stride1s-epo,theta
4932,0.0007524056840891286,patient12_window16s_stride1s-epo,theta
4933,-5.856462654958276e-05,patient12_window16s_stride1s-epo,theta
4934,0.00019255192541317738,patient12_window16s_stride1s-epo,theta
4935,0.0005130224193720455,patient12_window16s_stride1s-epo,theta
4936,-0.0018703031326930846,patient12_window16s_stride1s-epo,theta
4937,-0.0018089565212226245,patient12_window16s_stride1s-epo,theta
4938,-0.002768916284326604,patient12_window16s_stride1s-epo,theta
4939,-0.0016486258250335698,patient12_window16s_stride1s-epo,theta
4940,-0.0032298270319471604,patient12_window16s_stride1s-epo,theta
4941,-0.00555603444640589,patient12_window16s_stride1s-epo,theta
4942,-0.005655692776327332,patient12_window16s_stride1s-epo,theta
4943,-0.005968055502606252,patient12_window16s_stride1s-epo,theta
4944,-0.005644650224498835,patient12_window16s_stride1s-epo,theta
4945,-0.006447110304921464,patient12_window16s_stride1s-epo,theta
4946,-0.008295105091549064,patient12_window16s_stride1s-epo,theta
4947,-0.007715041514510704,patient12_window16s_stride1s-epo,theta
4948,-0.0082441386624567,patient12_window16s_stride1s-epo,theta
4949,-0.006612532778820226,patient12_window16s_stride1s-epo,theta
4950,-0.006485360269291587,patient12_window16s_stride1s-epo,theta
4951,-0.007661628752682031,patient12_window16s_stride1s-epo,theta
4952,-0.00799144662620226,patient12_window16s_stride1s-epo,theta
4953,-0.006485634029926359,patient12_window16s_stride1s-epo,theta
4954,-0.007011923064820332,patient12_window16s_stride1s-epo,theta
4955,-0.0057824874559442175,patient12_window16s_stride1s-epo,theta
4956,-0.005522024808947289,patient12_window16s_stride1s-epo,theta
4957,-0.003201309331344256,patient12_window16s_stride1s-epo,theta
4958,-0.002627244437382553,patient12_window16s_stride1s-epo,theta
4959,-0.002390807523802618,patient12_window16s_stride1s-epo,theta
4960,-0.0025201907403787837,patient12_window16s_stride1s-epo,theta
4961,-0.0011618069826138217,patient12_window16s_stride1s-epo,theta
4962,0.0003637826766345465,patient12_window16s_stride1s-epo,theta
4963,-0.0008670900340841053,patient12_window16s_stride1s-epo,theta
4964,-0.0013854854087742329,patient12_window16s_stride1s-epo,theta
4965,-0.002016246111088146,patient12_window16s_stride1s-epo,theta
4966,-0.0024843593942667224,patient12_window16s_stride1s-epo,theta
4967,-0.001317591745902,patient12_window16s_stride1s-epo,theta
4968,-0.0015989489414720676,patient12_window16s_stride1s-epo,theta
4969,-0.0022483499310507736,patient12_window16s_stride1s-epo,theta
4970,-0.001288155912332968,patient12_window16s_stride1s-epo,theta
4971,-0.003240810979087705,patient12_window16s_stride1s-epo,theta
4972,-0.0029504882299368315,patient12_window16s_stride1s-epo,theta
4973,-0.0034985130378444693,patient12_window16s_stride1s-epo,theta
4974,-0.004641928009379326,patient12_window16s_stride1s-epo,theta
4975,-0.004589285114217253,patient12_window16s_stride1s-epo,theta
4976,-0.004991537577305658,patient12_window16s_stride1s-epo,theta
4977,-0.004471728486475728,patient12_window16s_stride1s-epo,theta
4978,-0.005665923531342757,patient12_window16s_stride1s-epo,theta
4979,-0.0055283786156286345,patient12_window16s_stride1s-epo,theta
4980,-0.006634498060286077,patient12_window16s_stride1s-epo,theta
4981,-0.0059220636431995535,patient12_window16s_stride1s-epo,theta
4982,-0.006164121553476047,patient12_window16s_stride1s-epo,theta
4983,-0.005605190081002852,patient12_window16s_stride1s-epo,theta
4984,-0.005354621917327003,patient12_window16s_stride1s-epo,theta
4985,-0.005486760528587454,patient12_window16s_stride1s-epo,theta
4986,-0.003102942236750769,patient12_window16s_stride1s-epo,theta
4987,-0.003304413916138191,patient12_window16s_stride1s-epo,theta
4988,-0.002143911481477684,patient12_window16s_stride1s-epo,theta
4989,-0.0018970013285673673,patient12_window16s_stride1s-epo,theta
4990,-0.0008241223588846815,patient12_window16s_stride1s-epo,theta
4991,0.0006459921317994986,patient12_window16s_stride1s-epo,theta
4992,0.0024882079260858912,patient12_window16s_stride1s-epo,theta
4993,-0.0003715118526469872,patient12_window16s_stride1s-epo,theta
4994,0.0002839157221067096,patient12_window16s_stride1s-epo,theta
4995,-0.0016767347055323875,patient12_window16s_stride1s-epo,theta
4996,-0.0030760325717814796,patient12_window16s_stride1s-epo,theta
4997,-0.003636884618073286,patient12_window16s_stride1s-epo,theta
4998,-0.005482857550834544,patient12_window16s_stride1s-epo,theta
4999,-0.005469440743483274,patient12_window16s_stride1s-epo,theta
5000,-0.004485332615839657,patient12_window16s_stride1s-epo,theta
5001,-0.005845555892577494,patient12_window16s_stride1s-epo,theta
5002,-0.005918654016580369,patient12_window16s_stride1s-epo,theta
5003,-0.007884299810530583,patient12_window16s_stride1s-epo,theta
5004,-0.00580362447835836,patient12_window16s_stride1s-epo,theta
5005,-0.003966997588135772,patient12_window16s_stride1s-epo,theta
5006,-0.004358168241197389,patient12_window16s_stride1s-epo,theta
5007,-0.00473318863394014,patient12_window16s_stride1s-epo,theta
5008,-0.003973621901528448,patient12_window16s_stride1s-epo,theta
5009,-0.0036034853553734945,patient12_window16s_stride1s-epo,theta
5010,-0.00324629067161035,patient12_window16s_stride1s-epo,theta
5011,-0.0028736421820020836,patient12_window16s_stride1s-epo,theta
5012,-0.0023206136798205805,patient12_window16s_stride1s-epo,theta
5013,-0.0035224215570302513,patient12_window16s_stride1s-epo,theta
5014,-0.0017142880410694172,patient12_window16s_stride1s-epo,theta
5015,-0.0019652928204847687,patient12_window16s_stride1s-epo,theta
5016,-0.0025877327006744474,patient12_window16s_stride1s-epo,theta
5017,-0.002605003608458916,patient12_window16s_stride1s-epo,theta
5018,-0.0033834781359787986,patient12_window16s_stride1s-epo,theta
5019,-0.0034901529997370057,patient12_window16s_stride1s-epo,theta
5020,-0.003209838799067,patient12_window16s_stride1s-epo,theta
5021,-0.0040392046086745,patient12_window16s_stride1s-epo,theta
5022,-0.003592555881273184,patient12_window16s_stride1s-epo,theta
5023,-0.004453489028453828,patient12_window16s_stride1s-epo,theta
5024,-0.0037603926778001693,patient12_window16s_stride1s-epo,theta
5025,-0.003723264286705142,patient12_window16s_stride1s-epo,theta
5026,-0.003825083902314091,patient12_window16s_stride1s-epo,theta
5027,-0.004966884430719747,patient12_window16s_stride1s-epo,theta
5028,-0.004825429683296431,patient12_window16s_stride1s-epo,theta
5029,-0.003034932017340793,patient12_window16s_stride1s-epo,theta
5030,-0.003284201763179805,patient12_window16s_stride1s-epo,theta
5031,-0.002511951057079847,patient12_window16s_stride1s-epo,theta
5032,-0.0031925004314904684,patient12_window16s_stride1s-epo,theta
5033,-0.002072118287823135,patient12_window16s_stride1s-epo,theta
5034,-0.0003406753777429037,patient12_window16s_stride1s-epo,theta
5035,-2.0414633481123766e-06,patient12_window16s_stride1s-epo,theta
5036,-0.0001467332706163162,patient12_window16s_stride1s-epo,theta
5037,-0.0007975294550263245,patient12_window16s_stride1s-epo,theta
5038,-0.0013859218098498216,patient12_window16s_stride1s-epo,theta
5039,-0.002370931382561859,patient12_window16s_stride1s-epo,theta
5040,-0.003025146379684838,patient12_window16s_stride1s-epo,theta
5041,-0.0033887984612121017,patient12_window16s_stride1s-epo,theta
5042,-0.00267196731867224,patient12_window16s_stride1s-epo,theta
5043,5.967992601143268e-05,patient12_window16s_stride1s-epo,theta
5044,0.0006497598083375968,patient12_window16s_stride1s-epo,theta
5045,-0.0006134358628726548,patient12_window16s_stride1s-epo,theta
5046,-0.002714696310834933,patient12_window16s_stride1s-epo,theta
5047,-0.002410020230824448,patient12_window16s_stride1s-epo,theta
5048,-0.0015812189283237283,patient12_window16s_stride1s-epo,theta
5049,-0.001329043593946128,patient12_window16s_stride1s-epo,theta
5050,-0.0028860750663567045,patient12_window16s_stride1s-epo,theta
5051,-0.0038509997056791674,patient12_window16s_stride1s-epo,theta
5052,-0.002571750508282753,patient12_window16s_stride1s-epo,theta
5053,-0.0028655101095603226,patient12_window16s_stride1s-epo,theta
5054,-0.003593921688775288,patient12_window16s_stride1s-epo,theta
5055,-0.003670888512929457,patient12_window16s_stride1s-epo,theta
5056,-0.004234396832059737,patient12_window16s_stride1s-epo,theta
5057,-0.0036331549812412944,patient12_window16s_stride1s-epo,theta
5058,-0.0036073218758172604,patient12_window16s_stride1s-epo,theta
5059,-0.003899236678588044,patient12_window16s_stride1s-epo,theta
5060,-0.004721406059062667,patient12_window16s_stride1s-epo,theta
5061,-0.003450526671283401,patient12_window16s_stride1s-epo,theta
5062,-0.0016244442156551479,patient12_window16s_stride1s-epo,theta
5063,-0.0032338334698081735,patient12_window16s_stride1s-epo,theta
5064,-0.0037619955243198343,patient12_window16s_stride1s-epo,theta
5065,-0.004910134774227573,patient12_window16s_stride1s-epo,theta
5066,-0.0043719789691344215,patient12_window16s_stride1s-epo,theta
5067,-0.00508152482744862,patient12_window16s_stride1s-epo,theta
5068,-0.004270476415430857,patient12_window16s_stride1s-epo,theta
5069,-0.004533924686582928,patient12_window16s_stride1s-epo,theta
5070,-0.004962251979387105,patient12_window16s_stride1s-epo,theta
5071,-0.005261964232336518,patient12_window16s_stride1s-epo,theta
5072,-0.0046729059843234775,patient12_window16s_stride1s-epo,theta
5073,-0.00450278657883504,patient12_window16s_stride1s-epo,theta
5074,-0.0034650342889328547,patient12_window16s_stride1s-epo,theta
5075,-0.005108143841392722,patient12_window16s_stride1s-epo,theta
5076,-0.005156070646058873,patient12_window16s_stride1s-epo,theta
5077,-0.005700532096696333,patient12_window16s_stride1s-epo,theta
5078,-0.0057925529626056335,patient12_window16s_stride1s-epo,theta
5079,-0.004307587893503765,patient12_window16s_stride1s-epo,theta
5080,-0.004687301009464461,patient12_window16s_stride1s-epo,theta
5081,-0.003983974415452691,patient12_window16s_stride1s-epo,theta
5082,-0.003093790137505079,patient12_window16s_stride1s-epo,theta
5083,-0.004834417581133406,patient12_window16s_stride1s-epo,theta
5084,-0.003960435619119869,patient12_window16s_stride1s-epo,theta
5085,-0.0036885853162781992,patient12_window16s_stride1s-epo,theta
5086,-0.0030196682248345794,patient12_window16s_stride1s-epo,theta
5087,-0.0041019922831766155,patient12_window16s_stride1s-epo,theta
5088,-0.003705842887520317,patient12_window16s_stride1s-epo,theta
5089,-0.004562111617745797,patient12_window16s_stride1s-epo,theta
5090,-0.0032932213596634915,patient12_window16s_stride1s-epo,theta
5091,-0.0020171759878828575,patient12_window16s_stride1s-epo,theta
5092,-0.001072076528629612,patient12_window16s_stride1s-epo,theta
5093,-0.0022227956339485877,patient12_window16s_stride1s-epo,theta
5094,-0.004006000838033985,patient12_window16s_stride1s-epo,theta
5095,-0.0026452729153331332,patient12_window16s_stride1s-epo,theta
5096,-0.0030994267531946488,patient12_window16s_stride1s-epo,theta
5097,-0.005796605956775028,patient12_window16s_stride1s-epo,theta
5098,-0.00405479567867005,patient12_window16s_stride1s-epo,theta
5099,-0.002825571390878646,patient12_window16s_stride1s-epo,theta
5100,-0.0031511313008039965,patient12_window16s_stride1s-epo,theta
5101,-0.003709111016661758,patient12_window16s_stride1s-epo,theta
5102,-0.002231519788951592,patient12_window16s_stride1s-epo,theta
5103,-0.003477891887914204,patient12_window16s_stride1s-epo,theta
5104,-0.005222571207507248,patient12_window16s_stride1s-epo,theta
5105,-0.004530754496683102,patient12_window16s_stride1s-epo,theta
5106,-0.003085175978754472,patient12_window16s_stride1s-epo,theta
5107,-0.004033014372635356,patient12_window16s_stride1s-epo,theta
5108,-0.004835355348017157,patient12_window16s_stride1s-epo,theta
5109,-0.0034404777506068717,patient12_window16s_stride1s-epo,theta
5110,-0.00356432612182899,patient12_window16s_stride1s-epo,theta
5111,-0.004837206450670124,patient12_window16s_stride1s-epo,theta
5112,-0.004996354015613699,patient12_window16s_stride1s-epo,theta
5113,-0.003338929013726335,patient12_window16s_stride1s-epo,theta
5114,-0.005991534361039634,patient12_window16s_stride1s-epo,theta
5115,-0.00546714925309715,patient12_window16s_stride1s-epo,theta
5116,-0.005052520633611832,patient12_window16s_stride1s-epo,theta
5117,-0.00495908848875189,patient12_window16s_stride1s-epo,theta
5118,-0.004870756649984772,patient12_window16s_stride1s-epo,theta
5119,-0.003978234972060153,patient12_window16s_stride1s-epo,theta
5120,-0.00446652290958947,patient12_window16s_stride1s-epo,theta
5121,-0.005912378182295229,patient12_window16s_stride1s-epo,theta
5122,-0.007380906345107357,patient12_window16s_stride1s-epo,theta
5123,-0.00551059047285746,patient12_window16s_stride1s-epo,theta
5124,-0.005179348543044477,patient12_window16s_stride1s-epo,theta
5125,-0.006428606023504954,patient12_window16s_stride1s-epo,theta
5126,-0.0062883801072087745,patient12_window16s_stride1s-epo,theta
5127,-0.006201296859005809,patient12_window16s_stride1s-epo,theta
5128,-0.0055852839071245655,patient12_window16s_stride1s-epo,theta
5129,-0.004295418964825743,patient12_window16s_stride1s-epo,theta
5130,-0.004683219038477984,patient12_window16s_stride1s-epo,theta
5131,-0.0044577101449396585,patient12_window16s_stride1s-epo,theta
5132,-0.006299570990059402,patient12_window16s_stride1s-epo,theta
5133,-0.004471723144400856,patient12_window16s_stride1s-epo,theta
5134,-0.005977920170822995,patient12_window16s_stride1s-epo,theta
5135,-0.006740515314878266,patient12_window16s_stride1s-epo,theta
5136,-0.0064728665492842265,patient12_window16s_stride1s-epo,theta
5137,-0.005938275942274287,patient12_window16s_stride1s-epo,theta
5138,-0.005066949722780415,patient12_window16s_stride1s-epo,theta
5139,-0.005436725849849208,patient12_window16s_stride1s-epo,theta
5140,-0.004855623254632309,patient12_window16s_stride1s-epo,theta
5141,-0.003584532287521816,patient12_window16s_stride1s-epo,theta
5142,-0.0020968015051438336,patient12_window16s_stride1s-epo,theta
5143,-0.0034444380988480406,patient12_window16s_stride1s-epo,theta
5144,-0.003767500362039818,patient12_window16s_stride1s-epo,theta
5145,-0.004683433261654229,patient12_window16s_stride1s-epo,theta
5146,-0.0041527240664993945,patient12_window16s_stride1s-epo,theta
5147,-0.0054314438851617705,patient12_window16s_stride1s-epo,theta
5148,-0.004644701396923342,patient12_window16s_stride1s-epo,theta
5149,-0.005013343614951005,patient12_window16s_stride1s-epo,theta
5150,-0.004489799362048092,patient12_window16s_stride1s-epo,theta
5151,-0.003519709755447004,patient12_window16s_stride1s-epo,theta
5152,-0.0052843941684643896,patient12_window16s_stride1s-epo,theta
5153,-0.006417448834386744,patient12_window16s_stride1s-epo,theta
5154,-0.006486850822482632,patient12_window16s_stride1s-epo,theta
5155,-0.004644811941126022,patient12_window16s_stride1s-epo,theta
5156,-0.004897765773631635,patient12_window16s_stride1s-epo,theta
5157,-0.00528681587074365,patient12_window16s_stride1s-epo,theta
5158,-0.004260634628304558,patient12_window16s_stride1s-epo,theta
5159,-0.003237776080701823,patient12_window16s_stride1s-epo,theta
5160,-0.00421795409532252,patient12_window16s_stride1s-epo,theta
5161,-0.004739319931288736,patient12_window16s_stride1s-epo,theta
5162,-0.003023788615839858,patient12_window16s_stride1s-epo,theta
5163,-0.0029363372644205994,patient12_window16s_stride1s-epo,theta
5164,-0.0028479784942881115,patient12_window16s_stride1s-epo,theta
5165,-0.0016744508278255024,patient12_window16s_stride1s-epo,theta
5166,-0.00284915672882672,patient12_window16s_stride1s-epo,theta
5167,-0.0032458517168417558,patient12_window16s_stride1s-epo,theta
5168,-0.000688235891956021,patient12_window16s_stride1s-epo,theta
5169,-0.00012504933235168704,patient12_window16s_stride1s-epo,theta
5170,-0.00023448099947185,patient12_window16s_stride1s-epo,theta
5171,0.00033183772537359265,patient12_window16s_stride1s-epo,theta
5172,-0.0002238958960677213,patient12_window16s_stride1s-epo,theta
5173,-0.0005190051172958675,patient12_window16s_stride1s-epo,theta
5174,8.96485103881957e-05,patient12_window16s_stride1s-epo,theta
5175,-0.0004063036648142666,patient12_window16s_stride1s-epo,theta
5176,-0.0006693250597445659,patient12_window16s_stride1s-epo,theta
5177,-1.15946703866367e-05,patient12_window16s_stride1s-epo,theta
5178,-0.0014762751295158564,patient12_window16s_stride1s-epo,theta
5179,-0.00165959395017772,patient12_window16s_stride1s-epo,theta
5180,-0.0010509884159253507,patient12_window16s_stride1s-epo,theta
5181,-0.0006965710424195117,patient12_window16s_stride1s-epo,theta
5182,0.0015133481751807211,patient12_window16s_stride1s-epo,theta
5183,0.0007466347139894806,patient12_window16s_stride1s-epo,theta
5184,-0.0008645681117194229,patient12_window16s_stride1s-epo,theta
5185,-0.001751640435711568,patient12_window16s_stride1s-epo,theta
5186,-0.0002661302134554575,patient12_window16s_stride1s-epo,theta
5187,-5.167867714467951e-05,patient12_window16s_stride1s-epo,theta
5188,0.0003295150119568772,patient12_window16s_stride1s-epo,theta
5189,-0.0010440014535774223,patient12_window16s_stride1s-epo,theta
5190,-0.0013125234393560462,patient12_window16s_stride1s-epo,theta
5191,-0.0006174871568221152,patient12_window16s_stride1s-epo,theta
5192,-0.0003647668003909859,patient12_window16s_stride1s-epo,theta
5193,0.00016137797538020364,patient12_window16s_stride1s-epo,theta
5194,0.001661782912265258,patient12_window16s_stride1s-epo,theta
5195,0.0039288190017277205,patient12_window16s_stride1s-epo,theta
5196,0.0021435113022127204,patient12_window16s_stride1s-epo,theta
5197,0.002884403320033955,patient12_window16s_stride1s-epo,theta
5198,3.857752684524144e-05,patient12_window16s_stride1s-epo,theta
5199,0.0007832379983043864,patient12_window16s_stride1s-epo,theta
5200,0.001273610443464249,patient12_window16s_stride1s-epo,theta
5201,0.0005593770398484931,patient12_window16s_stride1s-epo,theta
5202,0.0013737535452876546,patient12_window16s_stride1s-epo,theta
5203,0.0010403026090405028,patient12_window16s_stride1s-epo,theta
5204,0.00030029206140990696,patient12_window16s_stride1s-epo,theta
5205,0.0008213826064183982,patient12_window16s_stride1s-epo,theta
5206,0.0005018138117020489,patient12_window16s_stride1s-epo,theta
5207,1.4206907006604221e-05,patient12_window16s_stride1s-epo,theta
5208,-0.002666898394363295,patient12_window16s_stride1s-epo,theta
5209,-0.0036721249305512594,patient12_window16s_stride1s-epo,theta
5210,-0.005047080376087197,patient12_window16s_stride1s-epo,theta
5211,-0.004839935249552033,patient12_window16s_stride1s-epo,theta
5212,-0.003938277077893737,patient12_window16s_stride1s-epo,theta
5213,-0.005502978641248178,patient12_window16s_stride1s-epo,theta
5214,-0.003681753064993405,patient12_window16s_stride1s-epo,theta
5215,-0.003541382436962846,patient12_window16s_stride1s-epo,theta
5216,-0.004056244783099011,patient12_window16s_stride1s-epo,theta
5217,-0.005171745435616327,patient12_window16s_stride1s-epo,theta
5218,-0.003541144427226375,patient12_window16s_stride1s-epo,theta
5219,-0.0039706323650041675,patient12_window16s_stride1s-epo,theta
5220,-0.004994773244486431,patient12_window16s_stride1s-epo,theta
5221,-0.005385069324026421,patient12_window16s_stride1s-epo,theta
5222,-0.004790216337533243,patient12_window16s_stride1s-epo,theta
5223,-0.004332836191931602,patient12_window16s_stride1s-epo,theta
5224,-0.0034766797684421336,patient12_window16s_stride1s-epo,theta
5225,-0.0026348222418068976,patient12_window16s_stride1s-epo,theta
5226,-0.0032555706578511917,patient12_window16s_stride1s-epo,theta
5227,-0.003722132716332069,patient12_window16s_stride1s-epo,theta
5228,-0.0032771709217181855,patient12_window16s_stride1s-epo,theta
5229,0.0006265047392477996,patient12_window16s_stride1s-epo,theta
5230,-0.0006235680511509843,patient12_window16s_stride1s-epo,theta
5231,-0.0001461260722080795,patient12_window16s_stride1s-epo,theta
5232,-0.0013183316071979268,patient12_window16s_stride1s-epo,theta
5233,-0.0005751995559745765,patient12_window16s_stride1s-epo,theta
5234,-0.0015235990107260473,patient12_window16s_stride1s-epo,theta
5235,-0.0005905703703515583,patient12_window16s_stride1s-epo,theta
5236,-0.0007467120335328219,patient12_window16s_stride1s-epo,theta
5237,0.0014555917668666425,patient12_window16s_stride1s-epo,theta
5238,0.00022954377682803776,patient12_window16s_stride1s-epo,theta
5239,0.00017209599041777574,patient12_window16s_stride1s-epo,theta
5240,0.00048335986801965387,patient12_window16s_stride1s-epo,theta
5241,-0.00037999863276274123,patient12_window16s_stride1s-epo,theta
5242,0.00031844268893151,patient12_window16s_stride1s-epo,theta
5243,-0.0004259021950576048,patient12_window16s_stride1s-epo,theta
5244,-0.002882925253256028,patient12_window16s_stride1s-epo,theta
5245,-0.0024398574785011538,patient12_window16s_stride1s-epo,theta
5246,-0.00286813743141789,patient12_window16s_stride1s-epo,theta
5247,-0.0031578208982837876,patient12_window16s_stride1s-epo,theta
5248,-0.0024014454905596384,patient12_window16s_stride1s-epo,theta
5249,-0.0008534711817907136,patient12_window16s_stride1s-epo,theta
5250,-0.0014092824083266234,patient12_window16s_stride1s-epo,theta
5251,0.00020020741939200408,patient12_window16s_stride1s-epo,theta
5252,-0.0005904273772547319,patient12_window16s_stride1s-epo,theta
5253,-0.0016348606920693095,patient12_window16s_stride1s-epo,theta
5254,0.0002469580607409936,patient12_window16s_stride1s-epo,theta
5255,0.0005723782830885046,patient12_window16s_stride1s-epo,theta
5256,-0.00015645070342431167,patient12_window16s_stride1s-epo,theta
5257,0.0009109594321273336,patient12_window16s_stride1s-epo,theta
5258,0.00030449919846770935,patient12_window16s_stride1s-epo,theta
5259,0.0003911733254775019,patient12_window16s_stride1s-epo,theta
5260,3.549295989023347e-05,patient12_window16s_stride1s-epo,theta
5261,-2.9361382812793203e-05,patient12_window16s_stride1s-epo,theta
5262,-0.0005715033953319251,patient12_window16s_stride1s-epo,theta
5263,-0.001374051528825586,patient12_window16s_stride1s-epo,theta
5264,-0.0002824984254844656,patient12_window16s_stride1s-epo,theta
5265,-0.00028355323629129016,patient12_window16s_stride1s-epo,theta
5266,-3.5764827339062736e-05,patient12_window16s_stride1s-epo,theta
5267,0.0010425293965943849,patient12_window16s_stride1s-epo,theta
5268,0.0012781113097806195,patient12_window16s_stride1s-epo,theta
5269,0.002196434394812902,patient12_window16s_stride1s-epo,theta
5270,0.0008253807145842374,patient12_window16s_stride1s-epo,theta
5271,0.00012247864492931777,patient12_window16s_stride1s-epo,theta
5272,-2.1610852809971273e-05,patient12_window16s_stride1s-epo,theta
5273,-0.002774279684798446,patient12_window16s_stride1s-epo,theta
5274,-0.003344009549327884,patient12_window16s_stride1s-epo,theta
5275,-0.0024891021707544336,patient12_window16s_stride1s-epo,theta
5276,-0.001972766265989074,patient12_window16s_stride1s-epo,theta
5277,-0.004239846581913755,patient12_window16s_stride1s-epo,theta
5278,-0.003388154425190482,patient12_window16s_stride1s-epo,theta
5279,-0.0029354045531587215,patient12_window16s_stride1s-epo,theta
5280,-0.0025585878636710797,patient12_window16s_stride1s-epo,theta
5281,-0.004221333246414567,patient12_window16s_stride1s-epo,theta
5282,-0.0020489652868783607,patient12_window16s_stride1s-epo,theta
5283,-0.0022825355571038032,patient12_window16s_stride1s-epo,theta
5284,-0.0030490922217511545,patient12_window16s_stride1s-epo,theta
5285,-0.002510963746093626,patient12_window16s_stride1s-epo,theta
5286,-0.002288467487154807,patient12_window16s_stride1s-epo,theta
5287,-0.0043150785815767425,patient12_window16s_stride1s-epo,theta
5288,-0.003846075219543856,patient12_window16s_stride1s-epo,theta
5289,-0.004426286530583554,patient12_window16s_stride1s-epo,theta
5290,-0.005012005105982454,patient12_window16s_stride1s-epo,theta
5291,-0.006017303322746796,patient12_window16s_stride1s-epo,theta
5292,-0.006493255293072461,patient12_window16s_stride1s-epo,theta
5293,-0.005242453457817049,patient12_window16s_stride1s-epo,theta
5294,-0.004655484574995967,patient12_window16s_stride1s-epo,theta
5295,-0.004503888234899517,patient12_window16s_stride1s-epo,theta
5296,-0.004543250085551614,patient12_window16s_stride1s-epo,theta
5297,-0.002874602402174249,patient12_window16s_stride1s-epo,theta
5298,-0.0037950006443593816,patient12_window16s_stride1s-epo,theta
5299,-0.003459703808622783,patient12_window16s_stride1s-epo,theta
5300,-0.002379189160329485,patient12_window16s_stride1s-epo,theta
5301,-0.00037909049471841283,patient12_window16s_stride1s-epo,theta
5302,-0.0012577633756118913,patient12_window16s_stride1s-epo,theta
5303,-0.0024849880760583216,patient12_window16s_stride1s-epo,theta
5304,-0.0015953048787057703,patient12_window16s_stride1s-epo,theta
5305,-0.001181141951991884,patient12_window16s_stride1s-epo,theta
5306,-0.0012722832136158558,patient12_window16s_stride1s-epo,theta
5307,-0.0004563421388954271,patient12_window16s_stride1s-epo,theta
5308,-0.001311936234233581,patient12_window16s_stride1s-epo,theta
5309,-0.0035217113088623865,patient12_window16s_stride1s-epo,theta
5310,-0.0031498824467048932,patient12_window16s_stride1s-epo,theta
5311,-0.0034780964773413296,patient12_window16s_stride1s-epo,theta
5312,-0.0028028183206682865,patient12_window16s_stride1s-epo,theta
5313,-0.004379560534176473,patient12_window16s_stride1s-epo,theta
5314,-0.005034522321651564,patient12_window16s_stride1s-epo,theta
5315,-0.004778064833686142,patient12_window16s_stride1s-epo,theta
5316,-0.005999507042546514,patient12_window16s_stride1s-epo,theta
5317,-0.006343541242139047,patient12_window16s_stride1s-epo,theta
5318,-0.003564331881535094,patient12_window16s_stride1s-epo,theta
5319,-0.003600267233083355,patient12_window16s_stride1s-epo,theta
5320,-0.004515619053602226,patient12_window16s_stride1s-epo,theta
5321,-0.0047849590548403485,patient12_window16s_stride1s-epo,theta
5322,-0.003096477572617142,patient12_window16s_stride1s-epo,theta
5323,-0.004189685462321871,patient12_window16s_stride1s-epo,theta
5324,-0.005125552018305472,patient12_window16s_stride1s-epo,theta
5325,-0.0039558175018762345,patient12_window16s_stride1s-epo,theta
5326,-0.004375437550611125,patient12_window16s_stride1s-epo,theta
5327,-0.004631940909844856,patient12_window16s_stride1s-epo,theta
5328,-0.004131006059402217,patient12_window16s_stride1s-epo,theta
5329,-0.00551137057536517,patient12_window16s_stride1s-epo,theta
5330,-0.005074046810305181,patient12_window16s_stride1s-epo,theta
5331,-0.005161981491074682,patient12_window16s_stride1s-epo,theta
5332,-0.006154342205713676,patient12_window16s_stride1s-epo,theta
5333,-0.005761164054836814,patient12_window16s_stride1s-epo,theta
5334,-0.0056211506231454425,patient12_window16s_stride1s-epo,theta
5335,-0.006111162810635124,patient12_window16s_stride1s-epo,theta
5336,-0.005352998513906674,patient12_window16s_stride1s-epo,theta
5337,-0.005544845870032198,patient12_window16s_stride1s-epo,theta
5338,-0.004833821804460381,patient12_window16s_stride1s-epo,theta
5339,-0.004413762437111085,patient12_window16s_stride1s-epo,theta
5340,-0.004130191551707465,patient12_window16s_stride1s-epo,theta
5341,-0.003996307578537888,patient12_window16s_stride1s-epo,theta
5342,-0.0033293453739156793,patient12_window16s_stride1s-epo,theta
5343,-0.002870929786777099,patient12_window16s_stride1s-epo,theta
5344,-0.0009571771628764385,patient12_window16s_stride1s-epo,theta
5345,-0.00017932113026343911,patient12_window16s_stride1s-epo,theta
5346,-0.0015609687770196086,patient12_window16s_stride1s-epo,theta
5347,-0.0011736016725777945,patient12_window16s_stride1s-epo,theta
5348,0.0002670777975171396,patient12_window16s_stride1s-epo,theta
5349,-0.0006379798792586335,patient12_window16s_stride1s-epo,theta
5350,-0.0004718307578862652,patient12_window16s_stride1s-epo,theta
5351,-0.0018669578392310148,patient12_window16s_stride1s-epo,theta
5352,-0.000781549505370309,patient12_window16s_stride1s-epo,theta
5353,-0.0017486726428881116,patient12_window16s_stride1s-epo,theta
5354,-0.0014078362317701066,patient12_window16s_stride1s-epo,theta
5355,-0.0010420539649712579,patient12_window16s_stride1s-epo,theta
5356,-0.0006786956867405036,patient12_window16s_stride1s-epo,theta
5357,-0.001949621220670936,patient12_window16s_stride1s-epo,theta
5358,-0.0022366949586001745,patient12_window16s_stride1s-epo,theta
5359,-0.0021198701828583745,patient12_window16s_stride1s-epo,theta
5360,-0.0022455695751613363,patient12_window16s_stride1s-epo,theta
5361,-0.003007969575276016,patient12_window16s_stride1s-epo,theta
5362,-0.002666949114830258,patient12_window16s_stride1s-epo,theta
5363,-0.002979406173664504,patient12_window16s_stride1s-epo,theta
5364,-0.003860604664175071,patient12_window16s_stride1s-epo,theta
5365,-0.0037159205455603262,patient12_window16s_stride1s-epo,theta
5366,-0.0051487572298560816,patient12_window16s_stride1s-epo,theta
5367,-0.003550289711518762,patient12_window16s_stride1s-epo,theta
5368,-0.005499674707260348,patient12_window16s_stride1s-epo,theta
5369,-0.003968634134820179,patient12_window16s_stride1s-epo,theta
5370,-0.005453431998999771,patient12_window16s_stride1s-epo,theta
5371,-0.0061052559991667385,patient12_window16s_stride1s-epo,theta
5372,-0.005894555244895282,patient12_window16s_stride1s-epo,theta
5373,-0.006511432489220585,patient12_window16s_stride1s-epo,theta
5374,-0.006315691109759001,patient12_window16s_stride1s-epo,theta
5375,-0.004312438396785288,patient12_window16s_stride1s-epo,theta
5376,-0.005205264470095819,patient12_window16s_stride1s-epo,theta
5377,-0.00469051252563993,patient12_window16s_stride1s-epo,theta
5378,-0.005581119128775999,patient12_window16s_stride1s-epo,theta
5379,-0.004729371626399957,patient12_window16s_stride1s-epo,theta
5380,-0.005788697790542842,patient12_window16s_stride1s-epo,theta
5381,-0.005573877644052148,patient12_window16s_stride1s-epo,theta
5382,-0.006238516962045805,patient12_window16s_stride1s-epo,theta
5383,-0.005779170824373926,patient12_window16s_stride1s-epo,theta
5384,-0.005303676176683542,patient12_window16s_stride1s-epo,theta
5385,-0.0031816404910162553,patient12_window16s_stride1s-epo,theta
5386,-0.0039870399368671025,patient12_window16s_stride1s-epo,theta
5387,-0.003370724951405461,patient12_window16s_stride1s-epo,theta
5388,-0.003835416961347487,patient12_window16s_stride1s-epo,theta
5389,-0.0019613844521603743,patient12_window16s_stride1s-epo,theta
5390,-0.004043341563015725,patient12_window16s_stride1s-epo,theta
5391,-0.003946041830685228,patient12_window16s_stride1s-epo,theta
5392,-0.003634174066521257,patient12_window16s_stride1s-epo,theta
5393,-0.002546138403700994,patient12_window16s_stride1s-epo,theta
5394,-0.0035096043811723297,patient12_window16s_stride1s-epo,theta
5395,-0.0031636656326134837,patient12_window16s_stride1s-epo,theta
5396,-0.0017342097414606082,patient12_window16s_stride1s-epo,theta
5397,-0.0015276531835734155,patient12_window16s_stride1s-epo,theta
5398,-0.0010387708207900631,patient12_window16s_stride1s-epo,theta
5399,-0.0018414190488616378,patient12_window16s_stride1s-epo,theta
5400,-0.003892489507651911,patient12_window16s_stride1s-epo,theta
5401,-0.0035621852212197,patient12_window16s_stride1s-epo,theta
5402,-0.003507340915466602,patient12_window16s_stride1s-epo,theta
5403,-0.0028105636516258647,patient12_window16s_stride1s-epo,theta
5404,-0.003100802837001157,patient12_window16s_stride1s-epo,theta
5405,-0.0028672172085280083,patient12_window16s_stride1s-epo,theta
5406,-0.0028840201910258854,patient12_window16s_stride1s-epo,theta
5407,-0.0033487100426409402,patient12_window16s_stride1s-epo,theta
5408,-0.00257892839294047,patient12_window16s_stride1s-epo,theta
5409,-0.0037060446461994437,patient12_window16s_stride1s-epo,theta
5410,-0.0041666338836081574,patient12_window16s_stride1s-epo,theta
5411,-0.004398188686893884,patient12_window16s_stride1s-epo,theta
5412,-0.004350648112105521,patient12_window16s_stride1s-epo,theta
5413,-0.004181761109849547,patient12_window16s_stride1s-epo,theta
5414,-0.004321437023661892,patient12_window16s_stride1s-epo,theta
5415,-0.006250900495033085,patient12_window16s_stride1s-epo,theta
5416,-0.004582249254881553,patient12_window16s_stride1s-epo,theta
5417,-0.00394860300498619,patient12_window16s_stride1s-epo,theta
5418,-0.005305327094509265,patient12_window16s_stride1s-epo,theta
5419,-0.004160146937461096,patient12_window16s_stride1s-epo,theta
5420,-0.005922227108398519,patient12_window16s_stride1s-epo,theta
5421,-0.004159392256222622,patient12_window16s_stride1s-epo,theta
5422,-0.004747777067344798,patient12_window16s_stride1s-epo,theta
5423,-0.004227327090808279,patient12_window16s_stride1s-epo,theta
5424,-0.004596518153834876,patient12_window16s_stride1s-epo,theta
5425,-0.004321318825020423,patient12_window16s_stride1s-epo,theta
5426,-0.00237927894457245,patient12_window16s_stride1s-epo,theta
5427,-0.003080437971048306,patient12_window16s_stride1s-epo,theta
5428,-0.002237362968227649,patient12_window16s_stride1s-epo,theta
5429,-0.002167455059757089,patient12_window16s_stride1s-epo,theta
5430,-0.0022834035837837005,patient12_window16s_stride1s-epo,theta
5431,-0.0021288412839535137,patient12_window16s_stride1s-epo,theta
5432,-0.003515474155826789,patient12_window16s_stride1s-epo,theta
5433,-0.002542824279900669,patient12_window16s_stride1s-epo,theta
5434,-0.002943227496228236,patient12_window16s_stride1s-epo,theta
5435,-0.0028129200728700316,patient12_window16s_stride1s-epo,theta
5436,-0.001896901579179217,patient12_window16s_stride1s-epo,theta
5437,-0.003447942095385711,patient12_window16s_stride1s-epo,theta
5438,-0.002315645491320691,patient12_window16s_stride1s-epo,theta
5439,-0.0025299196018856527,patient12_window16s_stride1s-epo,theta
5440,-0.0022467107217803983,patient12_window16s_stride1s-epo,theta
5441,-0.003128637033479946,patient12_window16s_stride1s-epo,theta
5442,-0.003410078718479087,patient12_window16s_stride1s-epo,theta
5443,-0.0031577763150120847,patient12_window16s_stride1s-epo,theta
5444,-0.002559444113140175,patient12_window16s_stride1s-epo,theta
5445,-0.004438421147942547,patient12_window16s_stride1s-epo,theta
5446,-0.0053628107904061285,patient12_window16s_stride1s-epo,theta
5447,-0.00411984516703454,patient12_window16s_stride1s-epo,theta
5448,-0.006357743223209122,patient12_window16s_stride1s-epo,theta
5449,-0.006188311907956503,patient12_window16s_stride1s-epo,theta
5450,-0.006945976095371224,patient12_window16s_stride1s-epo,theta
5451,-0.0046243441315085764,patient12_window16s_stride1s-epo,theta
5452,-0.005075340589124357,patient12_window16s_stride1s-epo,theta
5453,-0.003122901998470384,patient12_window16s_stride1s-epo,theta
5454,-0.004281912002260751,patient12_window16s_stride1s-epo,theta
5455,-0.003734684744582145,patient12_window16s_stride1s-epo,theta
5456,-0.0031325806791370446,patient12_window16s_stride1s-epo,theta
5457,-0.003160254486193364,patient12_window16s_stride1s-epo,theta
5458,-0.004580065821213945,patient12_window16s_stride1s-epo,theta
5459,-0.004039555266909685,patient12_window16s_stride1s-epo,theta
5460,-0.0049996818464184065,patient12_window16s_stride1s-epo,theta
5461,-0.005737123014669525,patient12_window16s_stride1s-epo,theta
5462,-0.0060559978339334965,patient12_window16s_stride1s-epo,theta
5463,-0.008061155145004616,patient12_window16s_stride1s-epo,theta
5464,-0.007251112844965293,patient12_window16s_stride1s-epo,theta
5465,-0.007764894380275491,patient12_window16s_stride1s-epo,theta
5466,-0.009243676914893405,patient12_window16s_stride1s-epo,theta
5467,-0.010320752270748784,patient12_window16s_stride1s-epo,theta
5468,-0.010523535418847032,patient12_window16s_stride1s-epo,theta
5469,-0.009039821428190278,patient12_window16s_stride1s-epo,theta
5470,-0.008856905624337812,patient12_window16s_stride1s-epo,theta
5471,-0.00964411651772242,patient12_window16s_stride1s-epo,theta
5472,-0.010010270962590575,patient12_window16s_stride1s-epo,theta
5473,-0.0098462939559819,patient12_window16s_stride1s-epo,theta
5474,-0.008411649821722546,patient12_window16s_stride1s-epo,theta
5475,-0.010703447666921325,patient12_window16s_stride1s-epo,theta
5476,-0.01167846327234149,patient12_window16s_stride1s-epo,theta
5477,-0.010956776486281216,patient12_window16s_stride1s-epo,theta
5478,-0.011520923479137631,patient12_window16s_stride1s-epo,theta
5479,-0.011822335895137452,patient12_window16s_stride1s-epo,theta
5480,-0.01102923421190669,patient12_window16s_stride1s-epo,theta
5481,-0.010484731056456443,patient12_window16s_stride1s-epo,theta
5482,-0.010472391422029608,patient12_window16s_stride1s-epo,theta
5483,-0.008264694650584306,patient12_window16s_stride1s-epo,theta
5484,-0.006753550661732618,patient12_window16s_stride1s-epo,theta
5485,-0.006192912168668187,patient12_window16s_stride1s-epo,theta
5486,-0.009199901362835881,patient12_window16s_stride1s-epo,theta
5487,-0.006927535648344226,patient12_window16s_stride1s-epo,theta
5488,-0.0066341723572953025,patient12_window16s_stride1s-epo,theta
5489,-0.0068168529380847115,patient12_window16s_stride1s-epo,theta
5490,-0.006982576408392331,patient12_window16s_stride1s-epo,theta
5491,-0.007770305935163767,patient12_window16s_stride1s-epo,theta
5492,-0.005960985667116319,patient12_window16s_stride1s-epo,theta
5493,-0.006784171362164279,patient12_window16s_stride1s-epo,theta
5494,-0.00708961379160309,patient12_window16s_stride1s-epo,theta
5495,-0.00579858262029884,patient12_window16s_stride1s-epo,theta
5496,-0.0053793000915287985,patient12_window16s_stride1s-epo,theta
5497,-0.004810097491160062,patient12_window16s_stride1s-epo,theta
5498,-0.006757878303530269,patient12_window16s_stride1s-epo,theta
5499,-0.007566413594137345,patient12_window16s_stride1s-epo,theta
